epoch,step,train_loss_epoch,train_loss_step,val_loss_epoch,val_loss_step
0,49,,1605.280029296875,,
0,99,,1127.5283203125,,
,0,,,,2069.873046875
,1,,,,2043.12353515625
,2,,,,2594.934326171875
,3,,,,1754.452880859375
,4,,,,2037.883056640625
,5,,,,2043.6376953125
,6,,,,1803.0687255859375
,7,,,,2110.7607421875
,8,,,,1578.736328125
,9,,,,2026.0189208984375
,10,,,,2326.955078125
,11,,,,1380.703125
,12,,,,1834.12548828125
,13,,,,1628.4246826171875
,14,,,,2736.781005859375
,15,,,,1775.0009765625
,16,,,,1603.78662109375
,17,,,,1701.862548828125
,18,,,,2170.486572265625
,19,,,,2782.700927734375
,20,,,,1740.155517578125
,21,,,,1894.214599609375
,22,,,,1365.665283203125
,23,,,,1778.9974365234375
,24,,,,2241.6044921875
,25,,,,1758.0635986328125
,26,,,,2011.0313720703125
,27,,,,2116.599609375
,28,,,,1765.15869140625
,29,,,,2141.011962890625
,30,,,,2205.97900390625
,31,,,,1404.4140625
0,124,,,1963.9329833984375,
0,124,1972.816162109375,,,
1,149,,1567.716552734375,,
1,199,,2038.7059326171875,,
1,249,,2035.904541015625,,
,32,,,,2067.77099609375
,33,,,,2041.1427001953125
,34,,,,2592.20556640625
,35,,,,1752.583740234375
,36,,,,2034.584228515625
,37,,,,2039.150146484375
,38,,,,1800.50439453125
,39,,,,2107.880126953125
,40,,,,1576.723388671875
,41,,,,2024.239501953125
,42,,,,2323.04248046875
,43,,,,1378.6033935546875
,44,,,,1831.5601806640625
,45,,,,1626.188720703125
,46,,,,2733.6201171875
,47,,,,1773.25732421875
,48,,,,1600.990478515625
,49,,,,1699.222412109375
,50,,,,2167.529541015625
,51,,,,2778.43896484375
,52,,,,1738.25341796875
,53,,,,1890.2716064453125
,54,,,,1363.856201171875
,55,,,,1775.53173828125
,56,,,,2239.311767578125
,57,,,,1756.377197265625
,58,,,,2008.061767578125
,59,,,,2113.036376953125
,60,,,,1763.45703125
,61,,,,2138.002197265625
,62,,,,2202.9541015625
,63,,,,1403.075439453125
1,249,,,1961.2520751953125,
1,249,1953.6131591796875,,,
2,299,,1749.8330078125,,
2,349,,2165.95849609375,,
,64,,,,2067.179931640625
,65,,,,2039.998046875
,66,,,,2591.1943359375
,67,,,,1752.0892333984375
,68,,,,2033.233154296875
,69,,,,2037.749755859375
,70,,,,1800.30419921875
,71,,,,2106.83837890625
,72,,,,1576.416259765625
,73,,,,2023.49755859375
,74,,,,2321.412841796875
,75,,,,1377.904052734375
,76,,,,1830.588623046875
,77,,,,1626.15576171875
,78,,,,2731.93505859375
,79,,,,1772.7384033203125
,80,,,,1600.7186279296875
,81,,,,1698.6876220703125
,82,,,,2166.6552734375
,83,,,,2777.5654296875
,84,,,,1737.6873779296875
,85,,,,1888.5848388671875
,86,,,,1364.0478515625
,87,,,,1774.1328125
,88,,,,2238.29443359375
,89,,,,1755.88134765625
,90,,,,2006.96630859375
,91,,,,2112.116943359375
,92,,,,1763.450439453125
,93,,,,2137.576171875
,94,,,,2202.8125
,95,,,,1402.4730224609375
2,374,,,1960.48095703125,
2,374,1934.87841796875,,,
3,399,,1606.2825927734375,,
3,449,,1897.27294921875,,
3,499,,1237.156494140625,,
,96,,,,2065.1240234375
,97,,,,2037.2607421875
,98,,,,2587.685302734375
,99,,,,1749.748291015625
,100,,,,2030.7550048828125
,101,,,,2034.58056640625
,102,,,,1798.438232421875
,103,,,,2104.091064453125
,104,,,,1575.06982421875
,105,,,,2020.944091796875
,106,,,,2318.443603515625
,107,,,,1376.201416015625
,108,,,,1828.541015625
,109,,,,1623.684326171875
,110,,,,2728.373046875
,111,,,,1770.8505859375
,112,,,,1598.398193359375
,113,,,,1696.641845703125
,114,,,,2164.5654296875
,115,,,,2774.12939453125
,116,,,,1735.28955078125
,117,,,,1885.9422607421875
,118,,,,1362.318603515625
,119,,,,1771.6390380859375
,120,,,,2235.737060546875
,121,,,,1754.001953125
,122,,,,2004.6136474609375
,123,,,,2109.45751953125
,124,,,,1761.839599609375
,125,,,,2133.45849609375
,126,,,,2200.1572265625
,127,,,,1402.1114501953125
3,499,,,1958.0321044921875,
3,499,1918.5128173828125,,,
4,549,,1890.381591796875,,
4,599,,2141.5673828125,,
,128,,,,2062.601318359375
,129,,,,2033.47314453125
,130,,,,2582.96337890625
,131,,,,1747.411376953125
,132,,,,2027.79296875
,133,,,,2031.0953369140625
,134,,,,1795.51416015625
,135,,,,2101.2001953125
,136,,,,1572.8726806640625
,137,,,,2018.2081298828125
,138,,,,2315.13623046875
,139,,,,1373.952880859375
,140,,,,1825.95458984375
,141,,,,1621.124755859375
,142,,,,2725.0927734375
,143,,,,1768.6578369140625
,144,,,,1596.052001953125
,145,,,,1693.849853515625
,146,,,,2161.28955078125
,147,,,,2769.537109375
,148,,,,1732.77783203125
,149,,,,1882.8934326171875
,150,,,,1359.9915771484375
,151,,,,1769.015625
,152,,,,2232.9423828125
,153,,,,1751.79736328125
,154,,,,2001.9208984375
,155,,,,2106.36376953125
,156,,,,1759.5712890625
,157,,,,2130.04052734375
,158,,,,2196.646484375
,159,,,,1399.5322265625
4,624,,,1955.1240234375,
4,624,1904.480224609375,,,
5,649,,1760.75048828125,,
5,699,,1823.9912109375,,
5,749,,1729.03173828125,,
,160,,,,2061.24365234375
,161,,,,2029.828369140625
,162,,,,2579.08544921875
,163,,,,1746.3018798828125
,164,,,,2024.7109375
,165,,,,2028.0244140625
,166,,,,1793.8682861328125
,167,,,,2098.4287109375
,168,,,,1571.8720703125
,169,,,,2016.901123046875
,170,,,,2311.92529296875
,171,,,,1373.210205078125
,172,,,,1823.9073486328125
,173,,,,1619.834716796875
,174,,,,2721.4169921875
,175,,,,1767.707763671875
,176,,,,1594.6424560546875
,177,,,,1692.95458984375
,178,,,,2158.969970703125
,179,,,,2765.74658203125
,180,,,,1730.80810546875
,181,,,,1880.743896484375
,182,,,,1359.1776123046875
,183,,,,1766.74462890625
,184,,,,2230.231201171875
,185,,,,1750.475341796875
,186,,,,1999.8387451171875
,187,,,,2104.263916015625
,188,,,,1758.39306640625
,189,,,,2127.275146484375
,190,,,,2194.05615234375
,191,,,,1398.906005859375
5,749,,,1953.033935546875,
5,749,1890.292724609375,,,
6,799,,1266.11669921875,,
6,849,,1490.85986328125,,
,192,,,,2059.67138671875
,193,,,,2028.2337646484375
,194,,,,2576.78955078125
,195,,,,1744.906005859375
,196,,,,2022.340576171875
,197,,,,2025.91455078125
,198,,,,1792.35302734375
,199,,,,2096.30712890625
,200,,,,1570.7747802734375
,201,,,,2015.546142578125
,202,,,,2309.546875
,203,,,,1372.1768798828125
,204,,,,1821.998779296875
,205,,,,1618.144287109375
,206,,,,2718.677734375
,207,,,,1766.720703125
,208,,,,1593.2921142578125
,209,,,,1691.453125
,210,,,,2157.102294921875
,211,,,,2762.43115234375
,212,,,,1729.6170654296875
,213,,,,1878.74462890625
,214,,,,1358.4002685546875
,215,,,,1765.04833984375
,216,,,,2228.3759765625
,217,,,,1749.232666015625
,218,,,,1997.894775390625
,219,,,,2101.94921875
,220,,,,1757.1455078125
,221,,,,2125.380126953125
,222,,,,2192.0439453125
,223,,,,1396.798095703125
6,874,,,1951.2769775390625,
6,874,1880.16162109375,,,
7,899,,1357.0174560546875,,
7,949,,2043.4344482421875,,
7,999,,1854.5655517578125,,
,224,,,,2057.58251953125
,225,,,,2025.6541748046875
,226,,,,2572.9326171875
,227,,,,1743.17431640625
,228,,,,2019.8482666015625
,229,,,,2022.703369140625
,230,,,,1790.577880859375
,231,,,,2093.9296875
,232,,,,1569.388427734375
,233,,,,2013.275634765625
,234,,,,2306.580322265625
,235,,,,1370.4072265625
,236,,,,1820.1754150390625
,237,,,,1616.3182373046875
,238,,,,2716.327392578125
,239,,,,1764.8519287109375
,240,,,,1591.7225341796875
,241,,,,1689.6500244140625
,242,,,,2154.287841796875
,243,,,,2758.34423828125
,244,,,,1727.84130859375
,245,,,,1876.38818359375
,246,,,,1356.916015625
,247,,,,1762.6246337890625
,248,,,,2225.70361328125
,249,,,,1747.65576171875
,250,,,,1995.59912109375
,251,,,,2099.519775390625
,252,,,,1755.35693359375
,253,,,,2122.7294921875
,254,,,,2189.09423828125
,255,,,,1395.646240234375
7,999,,,1948.994140625,
7,999,1866.6104736328125,,,
8,1049,,2200.45751953125,,
8,1099,,1820.661376953125,,
,256,,,,2054.37841796875
,257,,,,2021.966796875
,258,,,,2569.227783203125
,259,,,,1740.4791259765625
,260,,,,2016.181640625
,261,,,,2018.891845703125
,262,,,,1787.365234375
,263,,,,2090.15478515625
,264,,,,1566.668212890625
,265,,,,2010.0047607421875
,266,,,,2302.83984375
,267,,,,1368.2254638671875
,268,,,,1816.783935546875
,269,,,,1613.5096435546875
,270,,,,2711.87939453125
,271,,,,1762.049072265625
,272,,,,1589.2261962890625
,273,,,,1687.19775390625
,274,,,,2150.4677734375
,275,,,,2754.85302734375
,276,,,,1724.434326171875
,277,,,,1873.2315673828125
,278,,,,1354.3487548828125
,279,,,,1759.65625
,280,,,,2222.24853515625
,281,,,,1744.6971435546875
,282,,,,1992.39599609375
,283,,,,2096.004150390625
,284,,,,1752.4500732421875
,285,,,,2118.91162109375
,286,,,,2185.5078125
,287,,,,1393.32080078125
8,1124,,,1945.745849609375,
8,1124,1860.49267578125,,,
9,1149,,1406.7413330078125,,
9,1199,,2259.75244140625,,
9,1249,,1562.123291015625,,
,288,,,,2052.321044921875
,289,,,,2018.667236328125
,290,,,,2564.859130859375
,291,,,,1738.546875
,292,,,,2013.592529296875
,293,,,,2015.6739501953125
,294,,,,1784.9063720703125
,295,,,,2087.23583984375
,296,,,,1565.35107421875
,297,,,,2008.0853271484375
,298,,,,2299.693359375
,299,,,,1366.522705078125
,300,,,,1814.95166015625
,301,,,,1611.68212890625
,302,,,,2708.6455078125
,303,,,,1760.69287109375
,304,,,,1587.2620849609375
,305,,,,1685.0330810546875
,306,,,,2147.857177734375
,307,,,,2750.979248046875
,308,,,,1722.322265625
,309,,,,1870.7825927734375
,310,,,,1352.6474609375
,311,,,,1757.5401611328125
,312,,,,2219.677490234375
,313,,,,1743.0673828125
,314,,,,1989.940673828125
,315,,,,2093.47998046875
,316,,,,1751.0819091796875
,317,,,,2115.50048828125
,318,,,,2182.298828125
,319,,,,1391.9459228515625
9,1249,,,1943.3243408203125,
9,1249,1850.83984375,,,
10,1299,,2152.677978515625,,
10,1349,,1700.22216796875,,
,320,,,,2050.04541015625
,321,,,,2015.8597412109375
,322,,,,2560.83984375
,323,,,,1736.5455322265625
,324,,,,2010.55615234375
,325,,,,2012.0146484375
,326,,,,1782.323486328125
,327,,,,2084.59375
,328,,,,1563.325439453125
,329,,,,2005.598876953125
,330,,,,2296.00146484375
,331,,,,1364.60888671875
,332,,,,1812.229248046875
,333,,,,1609.34814453125
,334,,,,2704.9228515625
,335,,,,1758.517333984375
,336,,,,1585.599365234375
,337,,,,1683.216796875
,338,,,,2144.899169921875
,339,,,,2746.728271484375
,340,,,,1719.8427734375
,341,,,,1868.286865234375
,342,,,,1350.677490234375
,343,,,,1754.8697509765625
,344,,,,2216.6806640625
,345,,,,1740.80322265625
,346,,,,1987.4381103515625
,347,,,,2090.52783203125
,348,,,,1748.8656005859375
,349,,,,2112.234619140625
,350,,,,2179.529541015625
,351,,,,1389.9521484375
10,1374,,,1940.640625,
10,1374,1840.2625732421875,,,
11,1399,,1693.21875,,
11,1449,,1445.78955078125,,
11,1499,,1495.119384765625,,
,352,,,,2047.782958984375
,353,,,,2011.5322265625
,354,,,,2556.7314453125
,355,,,,1734.074951171875
,356,,,,2007.5810546875
,357,,,,2008.263671875
,358,,,,1779.844482421875
,359,,,,2081.51171875
,360,,,,1561.494873046875
,361,,,,2002.75927734375
,362,,,,2292.3388671875
,363,,,,1362.7900390625
,364,,,,1809.76953125
,365,,,,1606.903564453125
,366,,,,2700.84521484375
,367,,,,1756.10302734375
,368,,,,1583.2335205078125
,369,,,,1680.9024658203125
,370,,,,2141.4443359375
,371,,,,2742.567626953125
,372,,,,1717.002685546875
,373,,,,1865.267578125
,374,,,,1348.667236328125
,375,,,,1752.1602783203125
,376,,,,2213.46826171875
,377,,,,1738.5721435546875
,378,,,,1984.7786865234375
,379,,,,2087.488525390625
,380,,,,1746.9715576171875
,381,,,,2108.29052734375
,382,,,,2176.03759765625
,383,,,,1388.47802734375
11,1499,,,1937.73779296875,
11,1499,1833.0389404296875,,,
12,1549,,1561.3297119140625,,
12,1599,,1606.05419921875,,
,384,,,,2046.138916015625
,385,,,,2009.5150146484375
,386,,,,2553.11962890625
,387,,,,1733.410888671875
,388,,,,2004.60302734375
,389,,,,2005.27001953125
,390,,,,1777.7425537109375
,391,,,,2078.729248046875
,392,,,,1560.2467041015625
,393,,,,2001.29443359375
,394,,,,2289.1162109375
,395,,,,1362.0452880859375
,396,,,,1807.8671875
,397,,,,1605.27294921875
,398,,,,2698.00390625
,399,,,,1755.046875
,400,,,,1582.240966796875
,401,,,,1679.46337890625
,402,,,,2139.246337890625
,403,,,,2738.36767578125
,404,,,,1715.8616943359375
,405,,,,1863.3184814453125
,406,,,,1347.7857666015625
,407,,,,1750.41162109375
,408,,,,2211.15087890625
,409,,,,1737.4417724609375
,410,,,,1982.546630859375
,411,,,,2084.99658203125
,412,,,,1745.9417724609375
,413,,,,2106.16796875
,414,,,,2173.08203125
,415,,,,1387.414794921875
12,1624,,,1935.7537841796875,
12,1624,1827.7584228515625,,,
13,1649,,1716.6275634765625,,
13,1699,,1814.80419921875,,
13,1749,,1671.436767578125,,
,416,,,,2042.822509765625
,417,,,,2005.8079833984375
,418,,,,2547.625
,419,,,,1729.99755859375
,420,,,,2000.7352294921875
,421,,,,2000.876220703125
,422,,,,1773.6480712890625
,423,,,,2074.498046875
,424,,,,1557.9217529296875
,425,,,,1997.618408203125
,426,,,,2284.872314453125
,427,,,,1358.826416015625
,428,,,,1804.9356689453125
,429,,,,1602.3343505859375
,430,,,,2693.75341796875
,431,,,,1752.134521484375
,432,,,,1579.2774658203125
,433,,,,1676.32666015625
,434,,,,2135.13818359375
,435,,,,2733.287841796875
,436,,,,1712.127685546875
,437,,,,1859.798583984375
,438,,,,1344.8779296875
,439,,,,1746.946533203125
,440,,,,2207.40234375
,441,,,,1734.39697265625
,442,,,,1979.147705078125
,443,,,,2080.94775390625
,444,,,,1742.9886474609375
,445,,,,2101.12060546875
,446,,,,2168.531494140625
,447,,,,1384.955078125
13,1749,,,1932.06298828125,
13,1749,1820.3350830078125,,,
14,1799,,1660.286865234375,,
14,1849,,1588.9208984375,,
,448,,,,2039.7738037109375
,449,,,,2002.1468505859375
,450,,,,2543.069091796875
,451,,,,1727.510498046875
,452,,,,1997.3438720703125
,453,,,,1996.8668212890625
,454,,,,1770.9141845703125
,455,,,,2071.10791015625
,456,,,,1555.3179931640625
,457,,,,1994.8751220703125
,458,,,,2280.43994140625
,459,,,,1356.6787109375
,460,,,,1801.8525390625
,461,,,,1599.7979736328125
,462,,,,2689.3759765625
,463,,,,1749.8251953125
,464,,,,1576.680908203125
,465,,,,1673.506103515625
,466,,,,2130.923095703125
,467,,,,2728.08740234375
,468,,,,1709.666748046875
,469,,,,1856.272216796875
,470,,,,1342.697021484375
,471,,,,1743.895751953125
,472,,,,2204.24169921875
,473,,,,1731.593505859375
,474,,,,1975.940673828125
,475,,,,2077.05517578125
,476,,,,1740.7052001953125
,477,,,,2098.00048828125
,478,,,,2164.94482421875
,479,,,,1383.398681640625
14,1874,,,1928.8626708984375,
14,1874,1819.643310546875,,,
15,1899,,1879.574951171875,,
15,1949,,1738.52197265625,,
15,1999,,1799.980224609375,,
,480,,,,2037.23681640625
,481,,,,1998.3597412109375
,482,,,,2538.326171875
,483,,,,1724.8134765625
,484,,,,1993.36328125
,485,,,,1992.6497802734375
,486,,,,1767.6322021484375
,487,,,,2067.548583984375
,488,,,,1553.35107421875
,489,,,,1991.9427490234375
,490,,,,2276.10498046875
,491,,,,1354.697021484375
,492,,,,1799.0086669921875
,493,,,,1597.2763671875
,494,,,,2685.22021484375
,495,,,,1747.47998046875
,496,,,,1574.7208251953125
,497,,,,1670.742919921875
,498,,,,2128.07861328125
,499,,,,2723.291259765625
,500,,,,1706.582763671875
,501,,,,1853.319091796875
,502,,,,1340.6640625
,503,,,,1741.0244140625
,504,,,,2200.619384765625
,505,,,,1729.3134765625
,506,,,,1972.972900390625
,507,,,,2073.82275390625
,508,,,,1738.31298828125
,509,,,,2093.564453125
,510,,,,2160.73779296875
,511,,,,1380.9114990234375
15,1999,,,1925.6964111328125,
15,1999,1810.69482421875,,,
16,2049,,1358.90771484375,,
16,2099,,1516.7314453125,,
,512,,,,2034.251708984375
,513,,,,1994.7738037109375
,514,,,,2533.59912109375
,515,,,,1722.6702880859375
,516,,,,1989.980712890625
,517,,,,1989.0673828125
,518,,,,1764.185302734375
,519,,,,2063.888427734375
,520,,,,1550.906005859375
,521,,,,1989.30859375
,522,,,,2271.8603515625
,523,,,,1353.280029296875
,524,,,,1795.705322265625
,525,,,,1594.2998046875
,526,,,,2681.2001953125
,527,,,,1745.3382568359375
,528,,,,1572.7913818359375
,529,,,,1668.24072265625
,530,,,,2124.881591796875
,531,,,,2718.14208984375
,532,,,,1703.9427490234375
,533,,,,1850.55078125
,534,,,,1338.1978759765625
,535,,,,1738.0413818359375
,536,,,,2197.162109375
,537,,,,1727.0069580078125
,538,,,,1969.98974609375
,539,,,,2070.43994140625
,540,,,,1735.8040771484375
,541,,,,2089.355224609375
,542,,,,2156.54150390625
,543,,,,1379.790771484375
16,2124,,,1922.5714111328125,
16,2124,1805.533203125,,,
17,2149,,1607.3863525390625,,
17,2199,,1487.5574951171875,,
17,2249,,1381.230224609375,,
,544,,,,2030.497314453125
,545,,,,1989.5328369140625
,546,,,,2527.284912109375
,547,,,,1719.29931640625
,548,,,,1985.4176025390625
,549,,,,1983.627685546875
,550,,,,1759.716796875
,551,,,,2059.48681640625
,552,,,,1548.135986328125
,553,,,,1985.33154296875
,554,,,,2267.2216796875
,555,,,,1350.4737548828125
,556,,,,1792.068359375
,557,,,,1591.218994140625
,558,,,,2676.4853515625
,559,,,,1741.9027099609375
,560,,,,1569.466552734375
,561,,,,1664.8187255859375
,562,,,,2120.75439453125
,563,,,,2712.4111328125
,564,,,,1700.08251953125
,565,,,,1846.0933837890625
,566,,,,1334.998046875
,567,,,,1733.982177734375
,568,,,,2192.609375
,569,,,,1723.5137939453125
,570,,,,1966.611083984375
,571,,,,2065.7177734375
,572,,,,1732.5716552734375
,573,,,,2084.48828125
,574,,,,2151.6982421875
,575,,,,1377.340576171875
17,2249,,,1918.4593505859375,
17,2249,1797.934326171875,,,
18,2299,,1799.23583984375,,
18,2349,,2195.7939453125,,
,576,,,,2028.8262939453125
,577,,,,1986.728759765625
,578,,,,2522.5087890625
,579,,,,1717.53564453125
,580,,,,1981.806396484375
,581,,,,1979.7423095703125
,582,,,,1757.2017822265625
,583,,,,2056.59423828125
,584,,,,1546.11279296875
,585,,,,1984.211181640625
,586,,,,2263.41796875
,587,,,,1348.970947265625
,588,,,,1789.037841796875
,589,,,,1588.82568359375
,590,,,,2672.37841796875
,591,,,,1740.7747802734375
,592,,,,1568.107177734375
,593,,,,1662.7962646484375
,594,,,,2117.833984375
,595,,,,2707.510009765625
,596,,,,1697.7626953125
,597,,,,1843.2196044921875
,598,,,,1333.10302734375
,599,,,,1731.60693359375
,600,,,,2189.969482421875
,601,,,,1721.76123046875
,602,,,,1964.113525390625
,603,,,,2063.1357421875
,604,,,,1730.738037109375
,605,,,,2081.039306640625
,606,,,,2148.277099609375
,607,,,,1375.789794921875
18,2374,,,1915.8271484375,
18,2374,1792.4630126953125,,,
19,2399,,1761.095947265625,,
19,2449,,1946.462158203125,,
19,2499,,1578.953125,,
,608,,,,2023.6728515625
,609,,,,1980.759521484375
,610,,,,2515.83544921875
,611,,,,1713.50048828125
,612,,,,1975.9627685546875
,613,,,,1973.482666015625
,614,,,,1752.0162353515625
,615,,,,2050.35498046875
,616,,,,1542.605224609375
,617,,,,1978.814453125
,618,,,,2257.09765625
,619,,,,1345.43359375
,620,,,,1784.99658203125
,621,,,,1584.958251953125
,622,,,,2666.35205078125
,623,,,,1736.65771484375
,624,,,,1563.7568359375
,625,,,,1658.827392578125
,626,,,,2112.14697265625
,627,,,,2700.904296875
,628,,,,1693.722900390625
,629,,,,1838.4678955078125
,630,,,,1329.692138671875
,631,,,,1727.036865234375
,632,,,,2184.74853515625
,633,,,,1717.7381591796875
,634,,,,1959.3223876953125
,635,,,,2057.58642578125
,636,,,,1726.7864990234375
,637,,,,2075.49462890625
,638,,,,2142.128173828125
,639,,,,1372.1790771484375
19,2499,,,1910.8450927734375,
19,2499,1788.6533203125,,,
20,2549,,1958.9581298828125,,
20,2599,,1562.7041015625,,
,640,,,,2020.2706298828125
,641,,,,1976.65087890625
,642,,,,2510.727783203125
,643,,,,1711.43310546875
,644,,,,1972.039794921875
,645,,,,1968.28759765625
,646,,,,1748.9019775390625
,647,,,,2046.4932861328125
,648,,,,1540.333251953125
,649,,,,1975.271484375
,650,,,,2251.06201171875
,651,,,,1343.3214111328125
,652,,,,1781.321533203125
,653,,,,1582.1444091796875
,654,,,,2660.94921875
,655,,,,1734.13525390625
,656,,,,1561.058837890625
,657,,,,1655.3336181640625
,658,,,,2108.13134765625
,659,,,,2694.832763671875
,660,,,,1691.1810302734375
,661,,,,1834.1737060546875
,662,,,,1328.41259765625
,663,,,,1723.24462890625
,664,,,,2180.185546875
,665,,,,1714.50830078125
,666,,,,1956.0067138671875
,667,,,,2053.53662109375
,668,,,,1724.383056640625
,669,,,,2071.8623046875
,670,,,,2137.48779296875
,671,,,,1371.01025390625
20,2624,,,1907.2139892578125,
20,2624,1787.6685791015625,,,
21,2649,,1568.30419921875,,
21,2699,,1847.6116943359375,,
21,2749,,1722.47705078125,,
,672,,,,2017.80126953125
,673,,,,1972.3497314453125
,674,,,,2505.17041015625
,675,,,,1709.466552734375
,676,,,,1967.87841796875
,677,,,,1963.88818359375
,678,,,,1745.636962890625
,679,,,,2043.4947509765625
,680,,,,1538.500244140625
,681,,,,1973.6331787109375
,682,,,,2246.8525390625
,683,,,,1341.73828125
,684,,,,1778.2333984375
,685,,,,1580.195068359375
,686,,,,2655.75537109375
,687,,,,1732.493408203125
,688,,,,1559.65380859375
,689,,,,1652.99951171875
,690,,,,2104.06298828125
,691,,,,2689.046875
,692,,,,1688.276611328125
,693,,,,1831.306396484375
,694,,,,1326.3271484375
,695,,,,1721.2066650390625
,696,,,,2176.348388671875
,697,,,,1712.10791015625
,698,,,,1953.165771484375
,699,,,,2050.495361328125
,700,,,,1722.4051513671875
,701,,,,2067.35693359375
,702,,,,2133.029052734375
,703,,,,1369.477783203125
21,2749,,,1904.1038818359375,
21,2749,1781.3525390625,,,
22,2799,,1644.237060546875,,
22,2849,,1915.2015380859375,,
,704,,,,2012.68603515625
,705,,,,1967.653564453125
,706,,,,2498.076416015625
,707,,,,1705.546875
,708,,,,1962.202880859375
,709,,,,1958.098876953125
,710,,,,1741.1400146484375
,711,,,,2037.545166015625
,712,,,,1535.0526123046875
,713,,,,1968.5926513671875
,714,,,,2240.76171875
,715,,,,1338.22900390625
,716,,,,1773.235107421875
,717,,,,1575.815673828125
,718,,,,2650.56689453125
,719,,,,1728.6448974609375
,720,,,,1556.07958984375
,721,,,,1648.95947265625
,722,,,,2099.046875
,723,,,,2682.515380859375
,724,,,,1684.236328125
,725,,,,1826.4384765625
,726,,,,1322.989990234375
,727,,,,1716.258544921875
,728,,,,2170.73046875
,729,,,,1708.4033203125
,730,,,,1948.50732421875
,731,,,,2045.4202880859375
,732,,,,1717.8355712890625
,733,,,,2062.3046875
,734,,,,2127.337158203125
,735,,,,1366.21875
22,2874,,,1899.2789306640625,
22,2874,1778.2567138671875,,,
23,2899,,2006.7430419921875,,
23,2949,,1922.9306640625,,
23,2999,,2241.973388671875,,
,736,,,,2008.3245849609375
,737,,,,1962.38623046875
,738,,,,2490.4970703125
,739,,,,1701.710693359375
,740,,,,1955.990966796875
,741,,,,1952.3304443359375
,742,,,,1735.2484130859375
,743,,,,2032.468017578125
,744,,,,1531.3211669921875
,745,,,,1964.7720947265625
,746,,,,2235.83642578125
,747,,,,1334.716552734375
,748,,,,1768.1988525390625
,749,,,,1572.00537109375
,750,,,,2645.85498046875
,751,,,,1725.1715087890625
,752,,,,1552.2022705078125
,753,,,,1645.148193359375
,754,,,,2093.608154296875
,755,,,,2675.103515625
,756,,,,1679.631591796875
,757,,,,1820.831298828125
,758,,,,1318.56201171875
,759,,,,1711.734619140625
,760,,,,2166.654052734375
,761,,,,1705.0150146484375
,762,,,,1945.159912109375
,763,,,,2039.2530517578125
,764,,,,1713.427490234375
,765,,,,2056.951171875
,766,,,,2121.81494140625
,767,,,,1363.7408447265625
23,2999,,,1894.49169921875,
23,2999,1774.0023193359375,,,
24,3049,,2141.97705078125,,
24,3099,,1816.251708984375,,
,768,,,,2004.10791015625
,769,,,,1955.892578125
,770,,,,2483.625
,771,,,,1696.9388427734375
,772,,,,1950.7890625
,773,,,,1945.0220947265625
,774,,,,1730.921875
,775,,,,2026.48388671875
,776,,,,1528.432861328125
,777,,,,1959.635986328125
,778,,,,2226.40673828125
,779,,,,1331.1888427734375
,780,,,,1764.54248046875
,781,,,,1568.8133544921875
,782,,,,2637.390625
,783,,,,1721.77734375
,784,,,,1548.6165771484375
,785,,,,1640.072265625
,786,,,,2086.7294921875
,787,,,,2667.13037109375
,788,,,,1675.4296875
,789,,,,1816.46484375
,790,,,,1315.929931640625
,791,,,,1707.6461181640625
,792,,,,2160.791015625
,793,,,,1700.8519287109375
,794,,,,1940.27099609375
,795,,,,2034.1943359375
,796,,,,1710.611328125
,797,,,,2049.9423828125
,798,,,,2114.58935546875
,799,,,,1361.2191162109375
24,3124,,,1889.3294677734375,
24,3124,1770.3072509765625,,,
25,3149,,1523.427490234375,,
25,3199,,2028.89892578125,,
25,3249,,1668.8955078125,,
,800,,,,2000.5947265625
,801,,,,1952.448486328125
,802,,,,2476.01953125
,803,,,,1694.7210693359375
,804,,,,1946.041748046875
,805,,,,1941.5157470703125
,806,,,,1725.9876708984375
,807,,,,2022.081298828125
,808,,,,1525.414794921875
,809,,,,1958.23193359375
,810,,,,2223.358642578125
,811,,,,1328.9267578125
,812,,,,1759.72998046875
,813,,,,1564.6446533203125
,814,,,,2634.3486328125
,815,,,,1719.8720703125
,816,,,,1546.589111328125
,817,,,,1638.060302734375
,818,,,,2082.82958984375
,819,,,,2660.56982421875
,820,,,,1670.7333984375
,821,,,,1812.7164306640625
,822,,,,1311.8387451171875
,823,,,,1704.517822265625
,824,,,,2157.191650390625
,825,,,,1697.9285888671875
,826,,,,1937.17822265625
,827,,,,2030.6607666015625
,828,,,,1706.74462890625
,829,,,,2044.9593505859375
,830,,,,2109.42529296875
,831,,,,1358.052734375
25,3249,,,1885.61279296875,
25,3249,1767.7498779296875,,,
26,3299,,2039.423828125,,
26,3349,,1704.38916015625,,
,832,,,,1996.0416259765625
,833,,,,1946.3128662109375
,834,,,,2468.080810546875
,835,,,,1690.697265625
,836,,,,1938.94140625
,837,,,,1934.050048828125
,838,,,,1720.389892578125
,839,,,,2015.8720703125
,840,,,,1522.0667724609375
,841,,,,1953.614990234375
,842,,,,2215.966796875
,843,,,,1325.8447265625
,844,,,,1754.5543212890625
,845,,,,1560.9049072265625
,846,,,,2627.79248046875
,847,,,,1715.2613525390625
,848,,,,1543.0233154296875
,849,,,,1633.043701171875
,850,,,,2075.572509765625
,851,,,,2652.546630859375
,852,,,,1666.751708984375
,853,,,,1806.5958251953125
,854,,,,1308.351318359375
,855,,,,1698.325439453125
,856,,,,2151.053466796875
,857,,,,1694.566162109375
,858,,,,1931.57177734375
,859,,,,2023.9423828125
,860,,,,1702.5150146484375
,861,,,,2040.6173095703125
,862,,,,2102.96630859375
,863,,,,1355.038818359375
26,3374,,,1880.2110595703125,
26,3374,1759.4344482421875,,,
27,3399,,1784.664794921875,,
27,3449,,1573.1304931640625,,
27,3499,,1624.606689453125,,
,864,,,,1988.513427734375
,865,,,,1937.431396484375
,866,,,,2457.591796875
,867,,,,1683.210205078125
,868,,,,1930.74609375
,869,,,,1923.954345703125
,870,,,,1712.8358154296875
,871,,,,2007.651611328125
,872,,,,1514.80126953125
,873,,,,1945.6312255859375
,874,,,,2204.74267578125
,875,,,,1319.35791015625
,876,,,,1746.298583984375
,877,,,,1554.451416015625
,878,,,,2617.29931640625
,879,,,,1708.521728515625
,880,,,,1535.263671875
,881,,,,1626.1156005859375
,882,,,,2066.483642578125
,883,,,,2641.2919921875
,884,,,,1659.26708984375
,885,,,,1797.221923828125
,886,,,,1303.1204833984375
,887,,,,1690.261474609375
,888,,,,2142.332275390625
,889,,,,1686.004638671875
,890,,,,1924.977294921875
,891,,,,2014.69580078125
,892,,,,1695.24169921875
,893,,,,2030.694580078125
,894,,,,2093.57568359375
,895,,,,1350.309326171875
27,3499,,,1871.9093017578125,
27,3499,1760.8299560546875,,,
28,3549,,1487.316650390625,,
28,3599,,1931.43505859375,,
,896,,,,1983.3909912109375
,897,,,,1930.858154296875
,898,,,,2449.11376953125
,899,,,,1679.7645263671875
,900,,,,1923.1993408203125
,901,,,,1916.305908203125
,902,,,,1707.0806884765625
,903,,,,2000.431640625
,904,,,,1511.8349609375
,905,,,,1941.204833984375
,906,,,,2196.987060546875
,907,,,,1315.6707763671875
,908,,,,1741.27978515625
,909,,,,1551.109619140625
,910,,,,2610.583984375
,911,,,,1705.5205078125
,912,,,,1531.99853515625
,913,,,,1620.9346923828125
,914,,,,2059.574462890625
,915,,,,2632.450927734375
,916,,,,1654.248046875
,917,,,,1791.6759033203125
,918,,,,1298.988525390625
,919,,,,1685.596435546875
,920,,,,2136.79345703125
,921,,,,1681.625
,922,,,,1919.4013671875
,923,,,,2009.33984375
,924,,,,1692.929443359375
,925,,,,2024.730224609375
,926,,,,2086.244384765625
,927,,,,1346.703125
28,3624,,,1866.4813232421875,
28,3624,1760.1680908203125,,,
29,3649,,1973.359619140625,,
29,3699,,1620.5321044921875,,
29,3749,,1220.2022705078125,,
,928,,,,1976.43896484375
,929,,,,1922.1380615234375
,930,,,,2437.970703125
,931,,,,1673.3450927734375
,932,,,,1914.758056640625
,933,,,,1906.9219970703125
,934,,,,1698.872314453125
,935,,,,1991.940673828125
,936,,,,1505.7984619140625
,937,,,,1934.464599609375
,938,,,,2186.959228515625
,939,,,,1309.025634765625
,940,,,,1734.116943359375
,941,,,,1544.68310546875
,942,,,,2600.396240234375
,943,,,,1699.16259765625
,944,,,,1525.3453369140625
,945,,,,1613.9970703125
,946,,,,2050.54052734375
,947,,,,2621.3759765625
,948,,,,1648.0369873046875
,949,,,,1782.4482421875
,950,,,,1293.254638671875
,951,,,,1677.516357421875
,952,,,,2129.835693359375
,953,,,,1675.88525390625
,954,,,,1912.702880859375
,955,,,,2000.8548583984375
,956,,,,1686.02001953125
,957,,,,2016.9466552734375
,958,,,,2076.901123046875
,959,,,,1341.861328125
29,3749,,,1858.6917724609375,
29,3749,1753.1539306640625,,,
30,3799,,1712.4046630859375,,
30,3849,,1434.1669921875,,
,960,,,,1973.367919921875
,961,,,,1918.584716796875
,962,,,,2431.4775390625
,963,,,,1672.52294921875
,964,,,,1910.457763671875
,965,,,,1903.02978515625
,966,,,,1694.844482421875
,967,,,,1987.8123779296875
,968,,,,1504.81787109375
,969,,,,1931.8343505859375
,970,,,,2183.157470703125
,971,,,,1309.288330078125
,972,,,,1729.9951171875
,973,,,,1541.5716552734375
,974,,,,2596.314453125
,975,,,,1697.7109375
,976,,,,1524.60107421875
,977,,,,1612.4464111328125
,978,,,,2045.9306640625
,979,,,,2614.5341796875
,980,,,,1644.7470703125
,981,,,,1780.3438720703125
,982,,,,1290.891357421875
,983,,,,1675.879638671875
,984,,,,2124.38232421875
,985,,,,1673.965087890625
,986,,,,1910.0928955078125
,987,,,,1997.94580078125
,988,,,,1682.42822265625
,989,,,,2010.6123046875
,990,,,,2071.28271484375
,991,,,,1340.905517578125
30,3874,,,1855.4271240234375,
30,3874,1750.1781005859375,,,
31,3899,,1828.480712890625,,
31,3949,,2074.66015625,,
31,3999,,1403.435791015625,,
,992,,,,1969.009521484375
,993,,,,1911.55078125
,994,,,,2421.92529296875
,995,,,,1668.494384765625
,996,,,,1902.599365234375
,997,,,,1895.9404296875
,998,,,,1687.966064453125
,999,,,,1980.8450927734375
,1000,,,,1500.872314453125
,1001,,,,1927.4755859375
,1002,,,,2175.02001953125
,1003,,,,1304.74560546875
,1004,,,,1725.3553466796875
,1005,,,,1538.1947021484375
,1006,,,,2589.31103515625
,1007,,,,1693.8870849609375
,1008,,,,1520.939453125
,1009,,,,1607.9644775390625
,1010,,,,2037.856689453125
,1011,,,,2606.4375
,1012,,,,1640.2781982421875
,1013,,,,1774.676513671875
,1014,,,,1287.70361328125
,1015,,,,1670.906494140625
,1016,,,,2119.304931640625
,1017,,,,1670.16796875
,1018,,,,1904.5611572265625
,1019,,,,1991.58251953125
,1020,,,,1677.69921875
,1021,,,,2004.7216796875
,1022,,,,2063.227294921875
,1023,,,,1336.048828125
31,3999,,,1849.767333984375,
31,3999,1746.28857421875,,,
32,4049,,1593.126708984375,,
32,4099,,1733.92431640625,,
,1024,,,,1962.609130859375
,1025,,,,1903.31396484375
,1026,,,,2413.28173828125
,1027,,,,1661.76513671875
,1028,,,,1894.4066162109375
,1029,,,,1886.178466796875
,1030,,,,1680.7462158203125
,1031,,,,1974.1585693359375
,1032,,,,1494.2344970703125
,1033,,,,1919.105712890625
,1034,,,,2163.734619140625
,1035,,,,1300.5855712890625
,1036,,,,1717.9959716796875
,1037,,,,1532.5908203125
,1038,,,,2579.96923828125
,1039,,,,1688.1201171875
,1040,,,,1513.810546875
,1041,,,,1601.845947265625
,1042,,,,2029.168701171875
,1043,,,,2594.937744140625
,1044,,,,1633.696533203125
,1045,,,,1765.489501953125
,1046,,,,1282.93408203125
,1047,,,,1663.191650390625
,1048,,,,2111.68115234375
,1049,,,,1661.2447509765625
,1050,,,,1898.103759765625
,1051,,,,1983.6309814453125
,1052,,,,1670.85595703125
,1053,,,,1995.885986328125
,1054,,,,2054.66357421875
,1055,,,,1333.7724609375
32,4124,,,1842.1561279296875,
32,4124,1745.665771484375,,,
33,4149,,2225.39013671875,,
33,4199,,1554.7720947265625,,
33,4249,,1692.438232421875,,
,1056,,,,1956.02978515625
,1057,,,,1897.1767578125
,1058,,,,2401.496337890625
,1059,,,,1655.315185546875
,1060,,,,1885.41015625
,1061,,,,1880.06640625
,1062,,,,1673.293212890625
,1063,,,,1964.903564453125
,1064,,,,1490.52490234375
,1065,,,,1915.66552734375
,1066,,,,2158.44873046875
,1067,,,,1294.7685546875
,1068,,,,1710.3990478515625
,1069,,,,1526.450439453125
,1070,,,,2576.220458984375
,1071,,,,1683.792236328125
,1072,,,,1511.0189208984375
,1073,,,,1596.2166748046875
,1074,,,,2021.768310546875
,1075,,,,2585.6123046875
,1076,,,,1627.57177734375
,1077,,,,1760.210205078125
,1078,,,,1275.339599609375
,1079,,,,1657.628662109375
,1080,,,,2106.900146484375
,1081,,,,1659.10205078125
,1082,,,,1892.9893798828125
,1083,,,,1975.921875
,1084,,,,1665.474609375
,1085,,,,1990.4932861328125
,1086,,,,2045.742919921875
,1087,,,,1324.619140625
33,4249,,,1835.939453125,
33,4249,1743.8309326171875,,,
34,4299,,2305.64990234375,,
34,4349,,2205.49609375,,
,1088,,,,1950.5841064453125
,1089,,,,1890.53857421875
,1090,,,,2391.6416015625
,1091,,,,1651.38671875
,1092,,,,1878.2728271484375
,1093,,,,1872.790771484375
,1094,,,,1667.0113525390625
,1095,,,,1959.01123046875
,1096,,,,1485.196044921875
,1097,,,,1911.2149658203125
,1098,,,,2149.4541015625
,1099,,,,1290.3939208984375
,1100,,,,1703.57373046875
,1101,,,,1522.8050537109375
,1102,,,,2567.39892578125
,1103,,,,1679.67919921875
,1104,,,,1507.99365234375
,1105,,,,1591.501708984375
,1106,,,,2014.267578125
,1107,,,,2574.215576171875
,1108,,,,1622.063720703125
,1109,,,,1754.4703369140625
,1110,,,,1271.5556640625
,1111,,,,1652.58203125
,1112,,,,2100.154052734375
,1113,,,,1654.02587890625
,1114,,,,1887.115478515625
,1115,,,,1970.104736328125
,1116,,,,1660.4207763671875
,1117,,,,1982.33056640625
,1118,,,,2038.24755859375
,1119,,,,1322.552978515625
34,4374,,,1829.844482421875,
34,4374,1743.9996337890625,,,
35,4399,,2496.106201171875,,
35,4449,,2569.716796875,,
35,4499,,1782.638916015625,,
,1120,,,,1939.4732666015625
,1121,,,,1878.72802734375
,1122,,,,2376.273193359375
,1123,,,,1642.3336181640625
,1124,,,,1868.793212890625
,1125,,,,1856.7994384765625
,1126,,,,1657.832275390625
,1127,,,,1946.78662109375
,1128,,,,1479.1240234375
,1129,,,,1897.5550537109375
,1130,,,,2131.91259765625
,1131,,,,1283.81689453125
,1132,,,,1695.4554443359375
,1133,,,,1511.8582763671875
,1134,,,,2548.205078125
,1135,,,,1670.557373046875
,1136,,,,1497.9031982421875
,1137,,,,1580.5556640625
,1138,,,,2000.201416015625
,1139,,,,2559.6689453125
,1140,,,,1614.505126953125
,1141,,,,1742.77001953125
,1142,,,,1265.185302734375
,1143,,,,1641.7943115234375
,1144,,,,2086.361083984375
,1145,,,,1643.807861328125
,1146,,,,1876.470703125
,1147,,,,1958.102783203125
,1148,,,,1652.6385498046875
,1149,,,,1969.67138671875
,1150,,,,2023.1484375
,1151,,,,1319.3487548828125
35,4499,,,1818.4996337890625,
35,4499,1740.2001953125,,,
36,4549,,1707.8876953125,,
36,4599,,1555.335693359375,,
,1152,,,,1936.0670166015625
,1153,,,,1870.9310302734375
,1154,,,,2371.378173828125
,1155,,,,1641.769287109375
,1156,,,,1859.68017578125
,1157,,,,1848.32958984375
,1158,,,,1652.8232421875
,1159,,,,1943.036376953125
,1160,,,,1476.336181640625
,1161,,,,1894.4962158203125
,1162,,,,2122.775146484375
,1163,,,,1281.7564697265625
,1164,,,,1692.2724609375
,1165,,,,1510.4962158203125
,1166,,,,2542.78515625
,1167,,,,1669.175048828125
,1168,,,,1495.44189453125
,1169,,,,1578.60888671875
,1170,,,,1995.431884765625
,1171,,,,2549.50390625
,1172,,,,1611.9044189453125
,1173,,,,1736.9779052734375
,1174,,,,1263.897705078125
,1175,,,,1637.6602783203125
,1176,,,,2082.26318359375
,1177,,,,1642.75
,1178,,,,1872.8953857421875
,1179,,,,1953.512451171875
,1180,,,,1649.296875
,1181,,,,1964.147705078125
,1182,,,,2018.40869140625
,1183,,,,1318.90771484375
36,4624,,,1814.289306640625,
36,4624,1739.001708984375,,,
37,4649,,1626.237060546875,,
37,4699,,1604.3603515625,,
37,4749,,2192.126220703125,,
,1184,,,,1929.4508056640625
,1185,,,,1865.8597412109375
,1186,,,,2359.81591796875
,1187,,,,1635.633544921875
,1188,,,,1852.0830078125
,1189,,,,1841.296142578125
,1190,,,,1644.072509765625
,1191,,,,1934.4102783203125
,1192,,,,1469.757080078125
,1193,,,,1891.2703857421875
,1194,,,,2117.91552734375
,1195,,,,1277.721435546875
,1196,,,,1681.53662109375
,1197,,,,1502.8480224609375
,1198,,,,2532.3203125
,1199,,,,1663.49169921875
,1200,,,,1489.98681640625
,1201,,,,1570.784912109375
,1202,,,,1985.625732421875
,1203,,,,2538.61572265625
,1204,,,,1601.7430419921875
,1205,,,,1728.5693359375
,1206,,,,1257.27880859375
,1207,,,,1631.268310546875
,1208,,,,2074.581298828125
,1209,,,,1634.501708984375
,1210,,,,1866.822021484375
,1211,,,,1945.96630859375
,1212,,,,1642.097900390625
,1213,,,,1954.9906005859375
,1214,,,,2007.7275390625
,1215,,,,1312.7939453125
37,4749,,,1806.66357421875,
37,4749,1734.0440673828125,,,
38,4799,,2131.88818359375,,
38,4849,,1286.216064453125,,
,1216,,,,1918.72998046875
,1217,,,,1853.124267578125
,1218,,,,2342.834716796875
,1219,,,,1625.718017578125
,1220,,,,1839.7470703125
,1221,,,,1828.91650390625
,1222,,,,1633.712158203125
,1223,,,,1920.6146240234375
,1224,,,,1460.4736328125
,1225,,,,1879.395751953125
,1226,,,,2101.977783203125
,1227,,,,1267.5098876953125
,1228,,,,1672.206298828125
,1229,,,,1495.968505859375
,1230,,,,2521.3056640625
,1231,,,,1654.739501953125
,1232,,,,1481.84033203125
,1233,,,,1560.14453125
,1234,,,,1973.447021484375
,1235,,,,2523.4287109375
,1236,,,,1593.822998046875
,1237,,,,1719.4327392578125
,1238,,,,1248.27001953125
,1239,,,,1621.1019287109375
,1240,,,,2064.4638671875
,1241,,,,1623.4700927734375
,1242,,,,1856.482177734375
,1243,,,,1934.6640625
,1244,,,,1633.2847900390625
,1245,,,,1944.2640380859375
,1246,,,,1996.0535888671875
,1247,,,,1303.49365234375
38,4874,,,1795.744873046875,
38,4874,1734.0389404296875,,,
39,4899,,2031.49609375,,
39,4949,,1259.7265625,,
39,4999,,2044.788330078125,,
,1248,,,,1915.3828125
,1249,,,,1849.6431884765625
,1250,,,,2337.11767578125
,1251,,,,1624.2552490234375
,1252,,,,1834.273193359375
,1253,,,,1825.48388671875
,1254,,,,1628.5416259765625
,1255,,,,1917.865234375
,1256,,,,1458.2008056640625
,1257,,,,1878.01708984375
,1258,,,,2099.398681640625
,1259,,,,1267.4150390625
,1260,,,,1665.431396484375
,1261,,,,1492.17138671875
,1262,,,,2515.27099609375
,1263,,,,1652.188232421875
,1264,,,,1479.33984375
,1265,,,,1557.67919921875
,1266,,,,1968.070556640625
,1267,,,,2514.978515625
,1268,,,,1588.5263671875
,1269,,,,1713.894287109375
,1270,,,,1245.68017578125
,1271,,,,1619.176513671875
,1272,,,,2060.9306640625
,1273,,,,1619.3125
,1274,,,,1857.069091796875
,1275,,,,1929.5706787109375
,1276,,,,1628.623291015625
,1277,,,,1940.082763671875
,1278,,,,1989.9306640625
,1279,,,,1304.9132080078125
39,4999,,,1791.991943359375,
39,4999,1731.2117919921875,,,
40,5049,,1824.7794189453125,,
40,5099,,1822.82568359375,,
,1280,,,,1905.2376708984375
,1281,,,,1835.022216796875
,1282,,,,2321.70751953125
,1283,,,,1613.3348388671875
,1284,,,,1819.686279296875
,1285,,,,1808.0709228515625
,1286,,,,1617.30224609375
,1287,,,,1904.6708984375
,1288,,,,1449.2020263671875
,1289,,,,1866.7015380859375
,1290,,,,2080.3115234375
,1291,,,,1256.7801513671875
,1292,,,,1656.0126953125
,1293,,,,1486.0771484375
,1294,,,,2499.5830078125
,1295,,,,1642.77685546875
,1296,,,,1468.974365234375
,1297,,,,1546.6212158203125
,1298,,,,1953.58349609375
,1299,,,,2498.62548828125
,1300,,,,1579.820556640625
,1301,,,,1700.399658203125
,1302,,,,1239.5888671875
,1303,,,,1605.699951171875
,1304,,,,2047.678466796875
,1305,,,,1608.977294921875
,1306,,,,1844.6544189453125
,1307,,,,1915.5849609375
,1308,,,,1619.2606201171875
,1309,,,,1928.70166015625
,1310,,,,1976.8607177734375
,1311,,,,1297.36474609375
40,5124,,,1779.8992919921875,
40,5124,1727.6365966796875,,,
41,5149,,1858.768310546875,,
41,5199,,1887.5565185546875,,
41,5249,,1803.0501708984375,,
,1312,,,,1900.669921875
,1313,,,,1835.486328125
,1314,,,,2314.559814453125
,1315,,,,1614.2423095703125
,1316,,,,1818.837890625
,1317,,,,1808.793701171875
,1318,,,,1613.7479248046875
,1319,,,,1899.296142578125
,1320,,,,1447.7169189453125
,1321,,,,1864.4171142578125
,1322,,,,2076.33203125
,1323,,,,1258.104736328125
,1324,,,,1652.1417236328125
,1325,,,,1481.1162109375
,1326,,,,2493.892822265625
,1327,,,,1641.736572265625
,1328,,,,1470.580322265625
,1329,,,,1545.8126220703125
,1330,,,,1949.416015625
,1331,,,,2491.1923828125
,1332,,,,1576.3880615234375
,1333,,,,1702.3873291015625
,1334,,,,1236.510986328125
,1335,,,,1608.482421875
,1336,,,,2040.89013671875
,1337,,,,1606.66455078125
,1338,,,,1841.5882568359375
,1339,,,,1916.3812255859375
,1340,,,,1616.140380859375
,1341,,,,1920.1094970703125
,1342,,,,1969.333984375
,1343,,,,1297.11572265625
41,5249,,,1777.19189453125,
41,5249,1727.014404296875,,,
42,5299,,1941.100341796875,,
42,5349,,1924.049560546875,,
,1344,,,,1894.970458984375
,1345,,,,1822.0018310546875
,1346,,,,2303.73828125
,1347,,,,1605.77392578125
,1348,,,,1804.9013671875
,1349,,,,1792.936767578125
,1350,,,,1603.9234619140625
,1351,,,,1890.50048828125
,1352,,,,1439.6744384765625
,1353,,,,1856.6524658203125
,1354,,,,2061.63818359375
,1355,,,,1248.8853759765625
,1356,,,,1643.2706298828125
,1357,,,,1476.521240234375
,1358,,,,2484.28125
,1359,,,,1633.7286376953125
,1360,,,,1459.753173828125
,1361,,,,1536.88720703125
,1362,,,,1936.58154296875
,1363,,,,2476.3203125
,1364,,,,1569.9298095703125
,1365,,,,1686.2073974609375
,1366,,,,1230.65234375
,1367,,,,1595.16259765625
,1368,,,,2033.8333740234375
,1369,,,,1600.57666015625
,1370,,,,1833.3238525390625
,1371,,,,1901.5694580078125
,1372,,,,1607.058349609375
,1373,,,,1913.7705078125
,1374,,,,1958.280029296875
,1375,,,,1291.802734375
42,5374,,,1767.240234375,
42,5374,1722.3310546875,,,
43,5399,,1437.784423828125,,
43,5449,,1493.569091796875,,
43,5499,,1644.9033203125,,
,1376,,,,1886.356201171875
,1377,,,,1814.588134765625
,1378,,,,2294.3095703125
,1379,,,,1600.6458740234375
,1380,,,,1800.065185546875
,1381,,,,1784.035400390625
,1382,,,,1596.345458984375
,1383,,,,1883.93310546875
,1384,,,,1434.8828125
,1385,,,,1851.3623046875
,1386,,,,2051.42529296875
,1387,,,,1246.057373046875
,1388,,,,1635.96630859375
,1389,,,,1468.6055908203125
,1390,,,,2471.551025390625
,1391,,,,1631.05615234375
,1392,,,,1455.64697265625
,1393,,,,1531.15576171875
,1394,,,,1926.234130859375
,1395,,,,2465.5068359375
,1396,,,,1563.5203857421875
,1397,,,,1679.2269287109375
,1398,,,,1226.39306640625
,1399,,,,1588.98828125
,1400,,,,2024.8837890625
,1401,,,,1594.592041015625
,1402,,,,1827.6610107421875
,1403,,,,1894.6044921875
,1404,,,,1600.759521484375
,1405,,,,1903.596435546875
,1406,,,,1949.3955078125
,1407,,,,1288.01611328125
43,5499,,,1760.17138671875,
43,5499,1721.9447021484375,,,
44,5549,,1825.745361328125,,
44,5599,,1829.7802734375,,
,1408,,,,1878.8843994140625
,1409,,,,1800.1171875
,1410,,,,2280.50146484375
,1411,,,,1591.0125732421875
,1412,,,,1782.994140625
,1413,,,,1769.1719970703125
,1414,,,,1584.463623046875
,1415,,,,1871.361328125
,1416,,,,1427.05859375
,1417,,,,1841.751708984375
,1418,,,,2039.26416015625
,1419,,,,1233.7957763671875
,1420,,,,1626.005615234375
,1421,,,,1465.025146484375
,1422,,,,2463.99267578125
,1423,,,,1620.546142578125
,1424,,,,1445.9041748046875
,1425,,,,1521.6912841796875
,1426,,,,1913.39013671875
,1427,,,,2452.825927734375
,1428,,,,1555.100341796875
,1429,,,,1666.404541015625
,1430,,,,1219.347900390625
,1431,,,,1576.412841796875
,1432,,,,2016.43994140625
,1433,,,,1586.7867431640625
,1434,,,,1818.8427734375
,1435,,,,1879.82568359375
,1436,,,,1593.418212890625
,1437,,,,1896.9571533203125
,1438,,,,1939.257568359375
,1439,,,,1283.0064697265625
44,5624,,,1749.7376708984375,
44,5624,1718.3148193359375,,,
45,5649,,1427.92822265625,,
45,5699,,1925.976806640625,,
45,5749,,1332.65380859375,,
,1440,,,,1867.3724365234375
,1441,,,,1798.1444091796875
,1442,,,,2268.4443359375
,1443,,,,1582.2457275390625
,1444,,,,1780.7626953125
,1445,,,,1766.857666015625
,1446,,,,1576.67919921875
,1447,,,,1861.111083984375
,1448,,,,1420.259521484375
,1449,,,,1836.004150390625
,1450,,,,2033.611572265625
,1451,,,,1230.3056640625
,1452,,,,1617.079345703125
,1453,,,,1453.267578125
,1454,,,,2451.77734375
,1455,,,,1615.0919189453125
,1456,,,,1443.208984375
,1457,,,,1513.1644287109375
,1458,,,,1904.734619140625
,1459,,,,2441.509033203125
,1460,,,,1547.3831787109375
,1461,,,,1664.140380859375
,1462,,,,1210.688232421875
,1463,,,,1574.333740234375
,1464,,,,2008.2752685546875
,1465,,,,1576.7763671875
,1466,,,,1812.373291015625
,1467,,,,1875.6356201171875
,1468,,,,1582.987060546875
,1469,,,,1886.8564453125
,1470,,,,1927.7840576171875
,1471,,,,1272.4376220703125
45,5749,,,1742.3031005859375,
45,5749,1717.003173828125,,,
46,5799,,1587.31396484375,,
46,5849,,1896.3724365234375,,
,1472,,,,1865.875732421875
,1473,,,,1796.0
,1474,,,,2264.61767578125
,1475,,,,1585.487060546875
,1476,,,,1777.2554931640625
,1477,,,,1761.428466796875
,1478,,,,1576.58642578125
,1479,,,,1860.5042724609375
,1480,,,,1423.3857421875
,1481,,,,1835.781005859375
,1482,,,,2027.9625244140625
,1483,,,,1233.04345703125
,1484,,,,1614.79443359375
,1485,,,,1452.076904296875
,1486,,,,2449.70458984375
,1487,,,,1615.1817626953125
,1488,,,,1444.2386474609375
,1489,,,,1512.52880859375
,1490,,,,1902.726318359375
,1491,,,,2434.143798828125
,1492,,,,1547.3447265625
,1493,,,,1661.3680419921875
,1494,,,,1211.1470947265625
,1495,,,,1573.539794921875
,1496,,,,2005.1494140625
,1497,,,,1580.419189453125
,1498,,,,1812.852294921875
,1499,,,,1873.7681884765625
,1500,,,,1584.529296875
,1501,,,,1883.866455078125
,1502,,,,1923.491455078125
,1503,,,,1276.157958984375
46,5874,,,1741.11474609375,
46,5874,1716.263916015625,,,
47,5899,,1418.14306640625,,
47,5949,,1965.5821533203125,,
47,5999,,1679.4970703125,,
,1504,,,,1865.9056396484375
,1505,,,,1785.0721435546875
,1506,,,,2260.103515625
,1507,,,,1583.53662109375
,1508,,,,1767.677490234375
,1509,,,,1750.750732421875
,1510,,,,1570.5833740234375
,1511,,,,1856.0050048828125
,1512,,,,1423.114501953125
,1513,,,,1831.3330078125
,1514,,,,2018.444580078125
,1515,,,,1229.6199951171875
,1516,,,,1615.2464599609375
,1517,,,,1453.7188720703125
,1518,,,,2448.58984375
,1519,,,,1613.344970703125
,1520,,,,1439.62109375
,1521,,,,1511.87353515625
,1522,,,,1897.349853515625
,1523,,,,2426.051025390625
,1524,,,,1547.173828125
,1525,,,,1656.2706298828125
,1526,,,,1210.810302734375
,1527,,,,1565.2259521484375
,1528,,,,2003.041748046875
,1529,,,,1578.762939453125
,1530,,,,1808.0751953125
,1531,,,,1867.3599853515625
,1532,,,,1584.5604248046875
,1533,,,,1881.3487548828125
,1534,,,,1918.6456298828125
,1535,,,,1277.0804443359375
47,5999,,,1737.2313232421875,
47,5999,1715.7532958984375,,,
48,6049,,1666.696044921875,,
48,6099,,1330.6251220703125,,
,1536,,,,1849.775634765625
,1537,,,,1774.340576171875
,1538,,,,2243.293212890625
,1539,,,,1569.0428466796875
,1540,,,,1756.588134765625
,1541,,,,1739.32373046875
,1542,,,,1557.096435546875
,1543,,,,1840.99169921875
,1544,,,,1404.022705078125
,1545,,,,1817.9398193359375
,1546,,,,2000.642333984375
,1547,,,,1215.895263671875
,1548,,,,1598.0106201171875
,1549,,,,1438.987060546875
,1550,,,,2426.2958984375
,1551,,,,1599.900146484375
,1552,,,,1425.198974609375
,1553,,,,1494.442138671875
,1554,,,,1878.63525390625
,1555,,,,2408.3203125
,1556,,,,1529.9312744140625
,1557,,,,1641.22412109375
,1558,,,,1199.075927734375
,1559,,,,1553.058837890625
,1560,,,,1987.3533935546875
,1561,,,,1555.5582275390625
,1562,,,,1795.0931396484375
,1563,,,,1854.74853515625
,1564,,,,1568.1219482421875
,1565,,,,1863.4586181640625
,1566,,,,1903.10888671875
,1567,,,,1263.324462890625
48,6124,,,1721.76953125,
48,6124,1713.0142822265625,,,
49,6149,,1665.246826171875,,
49,6199,,1443.714111328125,,
49,6249,,1467.84814453125,,
,1568,,,,1848.693359375
,1569,,,,1770.141357421875
,1570,,,,2234.74609375
,1571,,,,1566.6627197265625
,1572,,,,1751.2847900390625
,1573,,,,1735.489013671875
,1574,,,,1553.889404296875
,1575,,,,1833.45947265625
,1576,,,,1405.83349609375
,1577,,,,1815.595458984375
,1578,,,,1996.5718994140625
,1579,,,,1213.959716796875
,1580,,,,1599.638671875
,1581,,,,1436.69140625
,1582,,,,2422.869140625
,1583,,,,1597.8994140625
,1584,,,,1426.21142578125
,1585,,,,1492.644287109375
,1586,,,,1875.447021484375
,1587,,,,2402.46142578125
,1588,,,,1530.6982421875
,1589,,,,1642.088134765625
,1590,,,,1196.6551513671875
,1591,,,,1552.1590576171875
,1592,,,,1984.273681640625
,1593,,,,1557.884033203125
,1594,,,,1792.739990234375
,1595,,,,1851.7520751953125
,1596,,,,1566.60302734375
,1597,,,,1863.721435546875
,1598,,,,1898.222412109375
,1599,,,,1255.4146728515625
49,6249,,,1719.3870849609375,
49,6249,1712.1685791015625,,,
50,6299,,1900.24755859375,,
50,6349,,1635.1077880859375,,
,1600,,,,1851.0794677734375
,1601,,,,1770.196533203125
,1602,,,,2236.166015625
,1603,,,,1566.9122314453125
,1604,,,,1746.220947265625
,1605,,,,1737.71142578125
,1606,,,,1549.3116455078125
,1607,,,,1834.0244140625
,1608,,,,1403.372802734375
,1609,,,,1819.4967041015625
,1610,,,,2002.231689453125
,1611,,,,1213.6502685546875
,1612,,,,1595.5206298828125
,1613,,,,1440.497314453125
,1614,,,,2430.2880859375
,1615,,,,1598.2442626953125
,1616,,,,1426.5584716796875
,1617,,,,1494.50048828125
,1618,,,,1873.78369140625
,1619,,,,2403.5009765625
,1620,,,,1527.747314453125
,1621,,,,1639.7008056640625
,1622,,,,1194.628173828125
,1623,,,,1551.414794921875
,1624,,,,1988.826416015625
,1625,,,,1557.52392578125
,1626,,,,1794.36376953125
,1627,,,,1850.068115234375
,1628,,,,1561.647705078125
,1629,,,,1865.2705078125
,1630,,,,1899.1141357421875
,1631,,,,1256.1689453125
50,6374,,,1719.6036376953125,
50,6374,1709.4691162109375,,,
51,6399,,2047.06982421875,,
51,6449,,2148.232421875,,
51,6499,,1938.2239990234375,,
,1632,,,,1839.6092529296875
,1633,,,,1762.0494384765625
,1634,,,,2221.388427734375
,1635,,,,1554.74267578125
,1636,,,,1739.36669921875
,1637,,,,1723.455078125
,1638,,,,1542.4686279296875
,1639,,,,1822.7200927734375
,1640,,,,1396.5390625
,1641,,,,1811.8043212890625
,1642,,,,1986.019775390625
,1643,,,,1204.802734375
,1644,,,,1587.7686767578125
,1645,,,,1431.4898681640625
,1646,,,,2410.27294921875
,1647,,,,1590.158447265625
,1648,,,,1419.330078125
,1649,,,,1481.3665771484375
,1650,,,,1861.7445068359375
,1651,,,,2387.945556640625
,1652,,,,1520.156494140625
,1653,,,,1628.984375
,1654,,,,1188.092529296875
,1655,,,,1542.09033203125
,1656,,,,1976.9930419921875
,1657,,,,1547.7862548828125
,1658,,,,1783.7213134765625
,1659,,,,1840.003662109375
,1660,,,,1558.1915283203125
,1661,,,,1856.059326171875
,1662,,,,1888.0302734375
,1663,,,,1250.71728515625
51,6499,,,1709.37060546875,
51,6499,1707.365478515625,,,
52,6549,,1864.50146484375,,
52,6599,,2016.8885498046875,,
,1664,,,,1835.791748046875
,1665,,,,1758.515625
,1666,,,,2218.16845703125
,1667,,,,1555.718017578125
,1668,,,,1736.696044921875
,1669,,,,1720.060791015625
,1670,,,,1539.70751953125
,1671,,,,1819.3560791015625
,1672,,,,1396.668701171875
,1673,,,,1807.9427490234375
,1674,,,,1983.803955078125
,1675,,,,1207.0855712890625
,1676,,,,1582.16796875
,1677,,,,1426.826416015625
,1678,,,,2408.38818359375
,1679,,,,1588.90673828125
,1680,,,,1417.1287841796875
,1681,,,,1480.1597900390625
,1682,,,,1858.812744140625
,1683,,,,2380.31884765625
,1684,,,,1517.48388671875
,1685,,,,1623.6822509765625
,1686,,,,1185.6162109375
,1687,,,,1540.55126953125
,1688,,,,1973.14453125
,1689,,,,1547.88330078125
,1690,,,,1780.5645751953125
,1691,,,,1835.214599609375
,1692,,,,1555.5269775390625
,1693,,,,1851.2725830078125
,1694,,,,1880.332275390625
,1695,,,,1255.4541015625
52,6624,,,1706.4757080078125,
52,6624,1706.3192138671875,,,
53,6649,,1806.6407470703125,,
53,6699,,1617.5792236328125,,
53,6749,,2061.935546875,,
,1696,,,,1831.179931640625
,1697,,,,1754.4481201171875
,1698,,,,2213.201904296875
,1699,,,,1555.4503173828125
,1700,,,,1735.2490234375
,1701,,,,1716.378173828125
,1702,,,,1535.8682861328125
,1703,,,,1814.553466796875
,1704,,,,1393.2109375
,1705,,,,1799.09521484375
,1706,,,,1973.4346923828125
,1707,,,,1206.80126953125
,1708,,,,1580.867919921875
,1709,,,,1422.6505126953125
,1710,,,,2400.54150390625
,1711,,,,1584.640869140625
,1712,,,,1412.75927734375
,1713,,,,1475.9959716796875
,1714,,,,1853.2333984375
,1715,,,,2375.96923828125
,1716,,,,1515.2904052734375
,1717,,,,1622.781494140625
,1718,,,,1186.7252197265625
,1719,,,,1538.281982421875
,1720,,,,1964.1636962890625
,1721,,,,1539.4512939453125
,1722,,,,1775.89111328125
,1723,,,,1832.81103515625
,1724,,,,1551.4423828125
,1725,,,,1844.00439453125
,1726,,,,1874.627685546875
,1727,,,,1254.173583984375
53,6749,,,1702.225341796875,
53,6749,1705.8292236328125,,,
54,6799,,1901.846435546875,,
54,6849,,1796.6512451171875,,
,1728,,,,1828.57666015625
,1729,,,,1752.557373046875
,1730,,,,2206.119384765625
,1731,,,,1553.2548828125
,1732,,,,1728.7891845703125
,1733,,,,1715.443603515625
,1734,,,,1533.7650146484375
,1735,,,,1812.224365234375
,1736,,,,1393.865966796875
,1737,,,,1798.7802734375
,1738,,,,1975.5693359375
,1739,,,,1201.067138671875
,1740,,,,1580.5185546875
,1741,,,,1421.65234375
,1742,,,,2402.47412109375
,1743,,,,1584.78125
,1744,,,,1413.784423828125
,1745,,,,1476.050537109375
,1746,,,,1851.046875
,1747,,,,2370.728271484375
,1748,,,,1515.85498046875
,1749,,,,1623.854248046875
,1750,,,,1180.5467529296875
,1751,,,,1536.3720703125
,1752,,,,1964.6566162109375
,1753,,,,1543.6463623046875
,1754,,,,1773.8013916015625
,1755,,,,1831.38427734375
,1756,,,,1551.0953369140625
,1757,,,,1845.8719482421875
,1758,,,,1870.135009765625
,1759,,,,1248.039794921875
54,6874,,,1700.808837890625,
54,6874,1703.28173828125,,,
55,6899,,1556.546142578125,,
55,6949,,1461.4052734375,,
55,6999,,1612.78466796875,,
,1760,,,,1822.326904296875
,1761,,,,1742.1097412109375
,1762,,,,2205.1982421875
,1763,,,,1545.700927734375
,1764,,,,1722.918212890625
,1765,,,,1703.7239990234375
,1766,,,,1526.959716796875
,1767,,,,1809.61572265625
,1768,,,,1384.1392822265625
,1769,,,,1791.224365234375
,1770,,,,1963.656982421875
,1771,,,,1196.9705810546875
,1772,,,,1571.580322265625
,1773,,,,1416.856201171875
,1774,,,,2391.31884765625
,1775,,,,1578.98876953125
,1776,,,,1400.54541015625
,1777,,,,1469.02734375
,1778,,,,1842.0164794921875
,1779,,,,2360.06787109375
,1780,,,,1508.773681640625
,1781,,,,1605.7513427734375
,1782,,,,1179.098876953125
,1783,,,,1525.6890869140625
,1784,,,,1959.95361328125
,1785,,,,1532.38916015625
,1786,,,,1771.7664794921875
,1787,,,,1819.019775390625
,1788,,,,1544.8912353515625
,1789,,,,1837.8310546875
,1790,,,,1864.00634765625
,1791,,,,1250.5262451171875
55,6999,,,1693.0157470703125,
55,6999,1701.6217041015625,,,
56,7049,,2156.96728515625,,
56,7099,,1458.9820556640625,,
,1792,,,,1819.3922119140625
,1793,,,,1740.707763671875
,1794,,,,2194.00537109375
,1795,,,,1539.0205078125
,1796,,,,1717.053955078125
,1797,,,,1700.7930908203125
,1798,,,,1522.674560546875
,1799,,,,1799.0850830078125
,1800,,,,1381.3157958984375
,1801,,,,1789.688232421875
,1802,,,,1957.9931640625
,1803,,,,1192.767822265625
,1804,,,,1566.40771484375
,1805,,,,1412.767333984375
,1806,,,,2387.170166015625
,1807,,,,1574.18798828125
,1808,,,,1403.685302734375
,1809,,,,1464.590576171875
,1810,,,,1834.3990478515625
,1811,,,,2354.284423828125
,1812,,,,1504.982177734375
,1813,,,,1606.37353515625
,1814,,,,1173.2359619140625
,1815,,,,1523.52197265625
,1816,,,,1954.90283203125
,1817,,,,1529.554931640625
,1818,,,,1765.4774169921875
,1819,,,,1817.526611328125
,1820,,,,1541.2706298828125
,1821,,,,1834.265869140625
,1822,,,,1858.678466796875
,1823,,,,1237.1197509765625
56,7124,,,1688.673828125,
56,7124,1700.4852294921875,,,
57,7149,,2171.74072265625,,
57,7199,,2053.79931640625,,
57,7249,,1269.7191162109375,,
,1824,,,,1811.0938720703125
,1825,,,,1733.0916748046875
,1826,,,,2188.186767578125
,1827,,,,1531.8935546875
,1828,,,,1711.095947265625
,1829,,,,1692.66552734375
,1830,,,,1514.3046875
,1831,,,,1793.2562255859375
,1832,,,,1370.9755859375
,1833,,,,1781.58544921875
,1834,,,,1949.76025390625
,1835,,,,1188.064453125
,1836,,,,1555.909423828125
,1837,,,,1404.13037109375
,1838,,,,2373.97021484375
,1839,,,,1568.023681640625
,1840,,,,1393.8548583984375
,1841,,,,1454.2147216796875
,1842,,,,1827.32958984375
,1843,,,,2342.738037109375
,1844,,,,1495.708740234375
,1845,,,,1595.6148681640625
,1846,,,,1166.011962890625
,1847,,,,1515.9794921875
,1848,,,,1947.37646484375
,1849,,,,1517.625244140625
,1850,,,,1759.7999267578125
,1851,,,,1807.47607421875
,1852,,,,1532.1654052734375
,1853,,,,1824.201904296875
,1854,,,,1852.385498046875
,1855,,,,1237.7490234375
57,7249,,,1680.317626953125,
57,7249,1701.6104736328125,,,
58,7299,,1922.45068359375,,
58,7349,,1850.39208984375,,
,1856,,,,1813.383056640625
,1857,,,,1735.492919921875
,1858,,,,2185.296630859375
,1859,,,,1532.87451171875
,1860,,,,1711.9385986328125
,1861,,,,1696.4095458984375
,1862,,,,1514.00146484375
,1863,,,,1793.5506591796875
,1864,,,,1374.004638671875
,1865,,,,1782.199462890625
,1866,,,,1948.824951171875
,1867,,,,1187.609130859375
,1868,,,,1558.6630859375
,1869,,,,1404.642822265625
,1870,,,,2374.555908203125
,1871,,,,1567.77880859375
,1872,,,,1399.253173828125
,1873,,,,1455.152099609375
,1874,,,,1827.199462890625
,1875,,,,2343.039794921875
,1876,,,,1499.1812744140625
,1877,,,,1602.928955078125
,1878,,,,1167.2344970703125
,1879,,,,1518.37890625
,1880,,,,1948.332275390625
,1881,,,,1519.1588134765625
,1882,,,,1761.4879150390625
,1883,,,,1809.5242919921875
,1884,,,,1532.475830078125
,1885,,,,1826.627685546875
,1886,,,,1850.695556640625
,1887,,,,1234.113525390625
58,7374,,,1681.61376953125,
58,7374,1699.0606689453125,,,
59,7399,,1242.0760498046875,,
59,7449,,1566.7236328125,,
59,7499,,1642.9208984375,,
,1888,,,,1806.829833984375
,1889,,,,1729.80078125
,1890,,,,2183.515625
,1891,,,,1529.21728515625
,1892,,,,1705.03076171875
,1893,,,,1687.72119140625
,1894,,,,1509.8663330078125
,1895,,,,1789.5382080078125
,1896,,,,1369.3251953125
,1897,,,,1779.53662109375
,1898,,,,1943.916015625
,1899,,,,1185.234130859375
,1900,,,,1553.0013427734375
,1901,,,,1401.824951171875
,1902,,,,2371.168212890625
,1903,,,,1565.794677734375
,1904,,,,1393.73486328125
,1905,,,,1452.789794921875
,1906,,,,1822.698974609375
,1907,,,,2337.79248046875
,1908,,,,1495.1136474609375
,1909,,,,1593.6572265625
,1910,,,,1166.95263671875
,1911,,,,1512.8052978515625
,1912,,,,1943.976806640625
,1913,,,,1513.664306640625
,1914,,,,1754.2222900390625
,1915,,,,1803.3427734375
,1916,,,,1527.773681640625
,1917,,,,1821.927001953125
,1918,,,,1848.0068359375
,1919,,,,1233.3382568359375
59,7499,,,1677.0595703125,
59,7499,1697.37109375,,,
60,7549,,2114.84619140625,,
60,7599,,1468.174072265625,,
,1920,,,,1810.2874755859375
,1921,,,,1730.4837646484375
,1922,,,,2187.2783203125
,1923,,,,1530.517822265625
,1924,,,,1706.0858154296875
,1925,,,,1689.455078125
,1926,,,,1511.6904296875
,1927,,,,1793.45166015625
,1928,,,,1371.26416015625
,1929,,,,1782.068359375
,1930,,,,1946.5992431640625
,1931,,,,1188.72021484375
,1932,,,,1553.943603515625
,1933,,,,1402.78271484375
,1934,,,,2376.43310546875
,1935,,,,1566.4964599609375
,1936,,,,1391.985107421875
,1937,,,,1454.3499755859375
,1938,,,,1825.100830078125
,1939,,,,2337.69775390625
,1940,,,,1494.667236328125
,1941,,,,1593.259521484375
,1942,,,,1167.771484375
,1943,,,,1514.130859375
,1944,,,,1946.875732421875
,1945,,,,1516.46826171875
,1946,,,,1757.210205078125
,1947,,,,1803.39404296875
,1948,,,,1528.593505859375
,1949,,,,1824.553466796875
,1950,,,,1848.6282958984375
,1951,,,,1235.03564453125
60,7624,,,1678.752197265625,
60,7624,1697.9410400390625,,,
61,7649,,1860.600830078125,,
61,7699,,2157.9580078125,,
61,7749,,1536.8370361328125,,
,1952,,,,1807.228271484375
,1953,,,,1724.22900390625
,1954,,,,2174.91796875
,1955,,,,1524.9588623046875
,1956,,,,1697.306884765625
,1957,,,,1682.81494140625
,1958,,,,1508.95556640625
,1959,,,,1783.2490234375
,1960,,,,1370.827392578125
,1961,,,,1778.8917236328125
,1962,,,,1941.159912109375
,1963,,,,1179.9771728515625
,1964,,,,1556.15869140625
,1965,,,,1402.79541015625
,1966,,,,2374.642578125
,1967,,,,1563.586669921875
,1968,,,,1389.9462890625
,1969,,,,1449.972900390625
,1970,,,,1819.09716796875
,1971,,,,2333.99658203125
,1972,,,,1495.651123046875
,1973,,,,1590.06396484375
,1974,,,,1162.3597412109375
,1975,,,,1509.87060546875
,1976,,,,1946.059326171875
,1977,,,,1518.0211181640625
,1978,,,,1751.5758056640625
,1979,,,,1798.143310546875
,1980,,,,1529.15576171875
,1981,,,,1825.9962158203125
,1982,,,,1843.2294921875
,1983,,,,1224.5093994140625
61,7749,,,1674.910888671875,
61,7749,1695.950439453125,,,
62,7799,,1796.079345703125,,
62,7849,,1896.614990234375,,
,1984,,,,1800.2967529296875
,1985,,,,1722.24365234375
,1986,,,,2171.29052734375
,1987,,,,1524.121337890625
,1988,,,,1697.142578125
,1989,,,,1680.260498046875
,1990,,,,1503.1434326171875
,1991,,,,1779.7716064453125
,1992,,,,1365.0162353515625
,1993,,,,1770.0186767578125
,1994,,,,1934.12939453125
,1995,,,,1177.74169921875
,1996,,,,1548.3974609375
,1997,,,,1398.313232421875
,1998,,,,2366.615234375
,1999,,,,1556.8623046875
,2000,,,,1385.9022216796875
,2001,,,,1443.645751953125
,2002,,,,1812.17919921875
,2003,,,,2328.30859375
,2004,,,,1487.580810546875
,2005,,,,1588.250244140625
,2006,,,,1159.2794189453125
,2007,,,,1506.1083984375
,2008,,,,1938.4039306640625
,2009,,,,1507.015380859375
,2010,,,,1749.282470703125
,2011,,,,1793.8260498046875
,2012,,,,1522.791259765625
,2013,,,,1815.046630859375
,2014,,,,1836.6236572265625
,2015,,,,1231.0439453125
62,7874,,,1669.6759033203125,
62,7874,1690.484619140625,,,
63,7899,,1969.588134765625,,
63,7949,,1384.6568603515625,,
63,7999,,1810.141357421875,,
,2016,,,,1796.9595947265625
,2017,,,,1720.8857421875
,2018,,,,2172.07470703125
,2019,,,,1521.0576171875
,2020,,,,1694.611328125
,2021,,,,1678.1739501953125
,2022,,,,1500.3994140625
,2023,,,,1777.776123046875
,2024,,,,1361.61328125
,2025,,,,1771.222412109375
,2026,,,,1935.479248046875
,2027,,,,1176.1220703125
,2028,,,,1542.700439453125
,2029,,,,1394.5140380859375
,2030,,,,2361.69921875
,2031,,,,1556.5233154296875
,2032,,,,1382.193359375
,2033,,,,1442.46240234375
,2034,,,,1809.569580078125
,2035,,,,2322.41162109375
,2036,,,,1484.01220703125
,2037,,,,1581.5067138671875
,2038,,,,1155.2545166015625
,2039,,,,1504.136474609375
,2040,,,,1933.114990234375
,2041,,,,1506.335205078125
,2042,,,,1745.76318359375
,2043,,,,1789.8084716796875
,2044,,,,1517.96240234375
,2045,,,,1812.85107421875
,2046,,,,1836.1297607421875
,2047,,,,1230.091796875
63,7999,,,1666.970947265625,
63,7999,1690.4046630859375,,,
64,8049,,1449.4312744140625,,
64,8099,,2175.73095703125,,
,2048,,,,1798.3734130859375
,2049,,,,1717.593505859375
,2050,,,,2169.033203125
,2051,,,,1519.8475341796875
,2052,,,,1690.2913818359375
,2053,,,,1675.83984375
,2054,,,,1498.784912109375
,2055,,,,1776.458251953125
,2056,,,,1360.38671875
,2057,,,,1768.486572265625
,2058,,,,1933.88525390625
,2059,,,,1173.7744140625
,2060,,,,1543.0640869140625
,2061,,,,1396.8402099609375
,2062,,,,2362.189453125
,2063,,,,1555.551513671875
,2064,,,,1382.865478515625
,2065,,,,1443.656005859375
,2066,,,,1807.5728759765625
,2067,,,,2320.884765625
,2068,,,,1484.5745849609375
,2069,,,,1582.173095703125
,2070,,,,1155.250244140625
,2071,,,,1503.763671875
,2072,,,,1934.390625
,2073,,,,1508.221435546875
,2074,,,,1745.2115478515625
,2075,,,,1788.587890625
,2076,,,,1520.64111328125
,2077,,,,1814.9697265625
,2078,,,,1836.2119140625
,2079,,,,1230.28271484375
64,8124,,,1666.4620361328125,
64,8124,1688.2984619140625,,,
65,8149,,1193.8868408203125,,
65,8199,,1894.80224609375,,
65,8249,,1874.6319580078125,,
,2080,,,,1794.158203125
,2081,,,,1718.8770751953125
,2082,,,,2167.05322265625
,2083,,,,1519.56591796875
,2084,,,,1692.6688232421875
,2085,,,,1676.469482421875
,2086,,,,1497.3214111328125
,2087,,,,1774.46337890625
,2088,,,,1360.9227294921875
,2089,,,,1768.96435546875
,2090,,,,1931.692138671875
,2091,,,,1173.681884765625
,2092,,,,1543.7498779296875
,2093,,,,1391.437744140625
,2094,,,,2359.279052734375
,2095,,,,1553.952880859375
,2096,,,,1384.3914794921875
,2097,,,,1442.2257080078125
,2098,,,,1805.383056640625
,2099,,,,2319.060546875
,2100,,,,1485.426025390625
,2101,,,,1584.6812744140625
,2102,,,,1155.2978515625
,2103,,,,1504.3035888671875
,2104,,,,1931.3353271484375
,2105,,,,1504.71435546875
,2106,,,,1744.076904296875
,2107,,,,1791.2010498046875
,2108,,,,1517.6268310546875
,2109,,,,1812.1082763671875
,2110,,,,1833.805908203125
,2111,,,,1225.0731201171875
65,8249,,,1665.477294921875,
65,8249,1688.781494140625,,,
66,8299,,1606.89892578125,,
66,8349,,1328.466064453125,,
,2112,,,,1794.484619140625
,2113,,,,1722.641357421875
,2114,,,,2168.53125
,2115,,,,1521.008544921875
,2116,,,,1695.852783203125
,2117,,,,1680.3028564453125
,2118,,,,1499.398193359375
,2119,,,,1774.933349609375
,2120,,,,1364.096435546875
,2121,,,,1771.6983642578125
,2122,,,,1938.509521484375
,2123,,,,1178.4027099609375
,2124,,,,1541.768310546875
,2125,,,,1391.1673583984375
,2126,,,,2364.343994140625
,2127,,,,1555.568359375
,2128,,,,1387.4404296875
,2129,,,,1442.935791015625
,2130,,,,1808.680419921875
,2131,,,,2321.855224609375
,2132,,,,1485.167724609375
,2133,,,,1588.0166015625
,2134,,,,1153.839599609375
,2135,,,,1509.32666015625
,2136,,,,1933.7783203125
,2137,,,,1507.52783203125
,2138,,,,1745.5634765625
,2139,,,,1792.550537109375
,2140,,,,1518.5345458984375
,2141,,,,1813.68603515625
,2142,,,,1832.753173828125
,2143,,,,1229.708984375
66,8374,,,1667.5772705078125,
66,8374,1686.011474609375,,,
67,8399,,1418.1102294921875,,
67,8449,,1358.3819580078125,,
67,8499,,1584.2813720703125,,
,2144,,,,1791.748046875
,2145,,,,1715.231689453125
,2146,,,,2165.0
,2147,,,,1516.845458984375
,2148,,,,1687.07861328125
,2149,,,,1672.162841796875
,2150,,,,1492.541748046875
,2151,,,,1769.2548828125
,2152,,,,1358.1917724609375
,2153,,,,1766.024169921875
,2154,,,,1928.6885986328125
,2155,,,,1172.21435546875
,2156,,,,1537.7528076171875
,2157,,,,1388.044677734375
,2158,,,,2356.000732421875
,2159,,,,1552.6396484375
,2160,,,,1381.577392578125
,2161,,,,1439.21875
,2162,,,,1801.077880859375
,2163,,,,2315.861572265625
,2164,,,,1480.962890625
,2165,,,,1576.33447265625
,2166,,,,1152.533447265625
,2167,,,,1500.558349609375
,2168,,,,1930.188720703125
,2169,,,,1502.7266845703125
,2170,,,,1739.111572265625
,2171,,,,1783.3936767578125
,2172,,,,1513.337646484375
,2173,,,,1811.24951171875
,2174,,,,1829.79248046875
,2175,,,,1222.9404296875
67,8499,,,1661.85888671875,
67,8499,1685.6256103515625,,,
68,8549,,1454.30859375,,
68,8599,,1543.852294921875,,
,2176,,,,1790.69384765625
,2177,,,,1716.3336181640625
,2178,,,,2163.0908203125
,2179,,,,1517.331298828125
,2180,,,,1688.779052734375
,2181,,,,1673.252197265625
,2182,,,,1496.4287109375
,2183,,,,1768.6494140625
,2184,,,,1357.8284912109375
,2185,,,,1766.7255859375
,2186,,,,1926.0703125
,2187,,,,1172.766357421875
,2188,,,,1537.536865234375
,2189,,,,1389.613525390625
,2190,,,,2353.1201171875
,2191,,,,1548.6337890625
,2192,,,,1383.0179443359375
,2193,,,,1437.5625
,2194,,,,1803.0032958984375
,2195,,,,2313.527099609375
,2196,,,,1480.271484375
,2197,,,,1580.9659423828125
,2198,,,,1152.340087890625
,2199,,,,1502.7191162109375
,2200,,,,1928.0054931640625
,2201,,,,1497.4078369140625
,2202,,,,1740.576904296875
,2203,,,,1788.2288818359375
,2204,,,,1516.388427734375
,2205,,,,1805.053466796875
,2206,,,,1828.240478515625
,2207,,,,1228.72509765625
68,8624,,,1661.8028564453125,
68,8624,1685.903564453125,,,
69,8649,,1017.44970703125,,
69,8699,,1538.58056640625,,
69,8749,,1548.13525390625,,
,2208,,,,1790.98291015625
,2209,,,,1717.03662109375
,2210,,,,2159.2294921875
,2211,,,,1513.431640625
,2212,,,,1687.97216796875
,2213,,,,1673.593994140625
,2214,,,,1493.67626953125
,2215,,,,1765.5645751953125
,2216,,,,1358.0146484375
,2217,,,,1768.8255615234375
,2218,,,,1927.9403076171875
,2219,,,,1171.13818359375
,2220,,,,1535.93505859375
,2221,,,,1385.5087890625
,2222,,,,2351.9873046875
,2223,,,,1549.972412109375
,2224,,,,1384.778076171875
,2225,,,,1436.846435546875
,2226,,,,1798.1441650390625
,2227,,,,2313.6318359375
,2228,,,,1477.5057373046875
,2229,,,,1580.41015625
,2230,,,,1148.0367431640625
,2231,,,,1502.528564453125
,2232,,,,1929.40576171875
,2233,,,,1501.59765625
,2234,,,,1739.597900390625
,2235,,,,1786.32763671875
,2236,,,,1513.01806640625
,2237,,,,1807.8701171875
,2238,,,,1826.66845703125
,2239,,,,1217.484375
69,8749,,,1660.849365234375,
69,8749,1683.1209716796875,,,
70,8799,,1874.1104736328125,,
70,8849,,1629.192626953125,,
,2240,,,,1785.5906982421875
,2241,,,,1716.3724365234375
,2242,,,,2156.681884765625
,2243,,,,1511.03271484375
,2244,,,,1686.5682373046875
,2245,,,,1671.10595703125
,2246,,,,1490.3194580078125
,2247,,,,1762.8486328125
,2248,,,,1353.3380126953125
,2249,,,,1764.2540283203125
,2250,,,,1922.7548828125
,2251,,,,1170.2884521484375
,2252,,,,1531.2073974609375
,2253,,,,1381.707763671875
,2254,,,,2347.041015625
,2255,,,,1545.441162109375
,2256,,,,1379.50634765625
,2257,,,,1432.5791015625
,2258,,,,1797.1802978515625
,2259,,,,2310.0078125
,2260,,,,1474.004150390625
,2261,,,,1577.4931640625
,2262,,,,1146.91845703125
,2263,,,,1498.890380859375
,2264,,,,1925.602783203125
,2265,,,,1494.1114501953125
,2266,,,,1738.0966796875
,2267,,,,1782.507080078125
,2268,,,,1508.709228515625
,2269,,,,1803.5814208984375
,2270,,,,1821.38623046875
,2271,,,,1219.7874755859375
70,8874,,,1657.346435546875,
70,8874,1683.4632568359375,,,
71,8899,,1671.576171875,,
71,8949,,1470.260009765625,,
71,8999,,1270.6094970703125,,
,2272,,,,1782.0350341796875
,2273,,,,1704.2269287109375
,2274,,,,2152.554443359375
,2275,,,,1509.9732666015625
,2276,,,,1678.941650390625
,2277,,,,1660.1676025390625
,2278,,,,1488.112060546875
,2279,,,,1758.4578857421875
,2280,,,,1351.9005126953125
,2281,,,,1756.285888671875
,2282,,,,1911.205810546875
,2283,,,,1162.4288330078125
,2284,,,,1532.1351318359375
,2285,,,,1383.22412109375
,2286,,,,2344.587890625
,2287,,,,1540.51806640625
,2288,,,,1371.27099609375
,2289,,,,1428.6767578125
,2290,,,,1791.82763671875
,2291,,,,2300.472900390625
,2292,,,,1474.02880859375
,2293,,,,1569.5732421875
,2294,,,,1145.60205078125
,2295,,,,1489.7470703125
,2296,,,,1922.50146484375
,2297,,,,1495.09619140625
,2298,,,,1733.445068359375
,2299,,,,1773.701904296875
,2300,,,,1509.02783203125
,2301,,,,1798.33642578125
,2302,,,,1816.0875244140625
,2303,,,,1224.0389404296875
71,8999,,,1652.5489501953125,
71,8999,1682.095458984375,,,
72,9049,,1763.517333984375,,
72,9099,,1972.176513671875,,
,2304,,,,1778.055908203125
,2305,,,,1704.3453369140625
,2306,,,,2150.2001953125
,2307,,,,1510.00146484375
,2308,,,,1680.883056640625
,2309,,,,1661.6326904296875
,2310,,,,1488.126220703125
,2311,,,,1757.3636474609375
,2312,,,,1352.758544921875
,2313,,,,1754.1689453125
,2314,,,,1911.68505859375
,2315,,,,1164.179931640625
,2316,,,,1533.34716796875
,2317,,,,1378.560546875
,2318,,,,2344.04833984375
,2319,,,,1540.206298828125
,2320,,,,1369.708251953125
,2321,,,,1427.8109130859375
,2322,,,,1791.16162109375
,2323,,,,2301.859130859375
,2324,,,,1476.756103515625
,2325,,,,1569.807861328125
,2326,,,,1146.525146484375
,2327,,,,1491.9713134765625
,2328,,,,1920.214111328125
,2329,,,,1493.5516357421875
,2330,,,,1729.3267822265625
,2331,,,,1773.188232421875
,2332,,,,1505.87939453125
,2333,,,,1800.42578125
,2334,,,,1812.29736328125
,2335,,,,1218.185302734375
72,9124,,,1651.9871826171875,
72,9124,1679.61962890625,,,
73,9149,,1261.7861328125,,
73,9199,,1685.247802734375,,
73,9249,,1393.124755859375,,
,2336,,,,1783.1331787109375
,2337,,,,1708.0489501953125
,2338,,,,2154.30615234375
,2339,,,,1506.5147705078125
,2340,,,,1678.968017578125
,2341,,,,1663.912109375
,2342,,,,1484.77783203125
,2343,,,,1759.027099609375
,2344,,,,1348.00341796875
,2345,,,,1761.475341796875
,2346,,,,1916.270263671875
,2347,,,,1164.718017578125
,2348,,,,1526.5333251953125
,2349,,,,1379.1207275390625
,2350,,,,2344.58447265625
,2351,,,,1542.901611328125
,2352,,,,1372.33203125
,2353,,,,1430.4857177734375
,2354,,,,1790.896240234375
,2355,,,,2305.02197265625
,2356,,,,1471.612060546875
,2357,,,,1570.695556640625
,2358,,,,1145.620361328125
,2359,,,,1492.12890625
,2360,,,,1920.5809326171875
,2361,,,,1487.74560546875
,2362,,,,1730.523681640625
,2363,,,,1775.34423828125
,2364,,,,1501.1820068359375
,2365,,,,1799.7564697265625
,2366,,,,1816.18505859375
,2367,,,,1213.015625
73,9249,,,1652.34130859375,
73,9249,1679.3778076171875,,,
74,9299,,1419.593994140625,,
74,9349,,1157.1827392578125,,
,2368,,,,1783.7265625
,2369,,,,1708.558349609375
,2370,,,,2153.33740234375
,2371,,,,1506.11474609375
,2372,,,,1677.5535888671875
,2373,,,,1664.53564453125
,2374,,,,1485.363525390625
,2375,,,,1759.4716796875
,2376,,,,1347.800048828125
,2377,,,,1760.1912841796875
,2378,,,,1918.922607421875
,2379,,,,1163.948974609375
,2380,,,,1525.87646484375
,2381,,,,1379.3123779296875
,2382,,,,2346.113037109375
,2383,,,,1544.180419921875
,2384,,,,1372.001953125
,2385,,,,1428.8082275390625
,2386,,,,1791.3779296875
,2387,,,,2304.46240234375
,2388,,,,1469.23193359375
,2389,,,,1569.77685546875
,2390,,,,1141.3564453125
,2391,,,,1492.66455078125
,2392,,,,1922.1229248046875
,2393,,,,1489.7109375
,2394,,,,1732.6591796875
,2395,,,,1774.0252685546875
,2396,,,,1503.214599609375
,2397,,,,1799.97412109375
,2398,,,,1815.5350341796875
,2399,,,,1215.485595703125
74,9374,,,1652.3453369140625,
74,9374,1677.947265625,,,
75,9399,,1553.4052734375,,
75,9449,,1809.8018798828125,,
75,9499,,1439.720458984375,,
,2400,,,,1781.873291015625
,2401,,,,1708.1414794921875
,2402,,,,2148.900390625
,2403,,,,1503.823486328125
,2404,,,,1676.92822265625
,2405,,,,1662.0611572265625
,2406,,,,1483.1478271484375
,2407,,,,1756.5303955078125
,2408,,,,1347.0186767578125
,2409,,,,1757.2529296875
,2410,,,,1917.3331298828125
,2411,,,,1161.891845703125
,2412,,,,1527.1103515625
,2413,,,,1376.908447265625
,2414,,,,2342.2255859375
,2415,,,,1541.44189453125
,2416,,,,1370.285888671875
,2417,,,,1425.907958984375
,2418,,,,1788.9488525390625
,2419,,,,2302.208251953125
,2420,,,,1470.6385498046875
,2421,,,,1570.202880859375
,2422,,,,1138.5650634765625
,2423,,,,1491.24755859375
,2424,,,,1921.4293212890625
,2425,,,,1490.09033203125
,2426,,,,1729.409912109375
,2427,,,,1772.831787109375
,2428,,,,1502.7236328125
,2429,,,,1796.6575927734375
,2430,,,,1813.6119384765625
,2431,,,,1214.6832275390625
75,9499,,,1650.592529296875,
75,9499,1673.5628662109375,,,
76,9549,,1401.208251953125,,
76,9599,,2214.94189453125,,
,2432,,,,1785.67333984375
,2433,,,,1709.3343505859375
,2434,,,,2148.82275390625
,2435,,,,1508.97900390625
,2436,,,,1677.3282470703125
,2437,,,,1664.0791015625
,2438,,,,1486.737548828125
,2439,,,,1757.5953369140625
,2440,,,,1351.690673828125
,2441,,,,1761.30712890625
,2442,,,,1916.72216796875
,2443,,,,1165.427001953125
,2444,,,,1531.13525390625
,2445,,,,1381.91015625
,2446,,,,2344.171142578125
,2447,,,,1543.749267578125
,2448,,,,1376.4656982421875
,2449,,,,1429.8681640625
,2450,,,,1789.680908203125
,2451,,,,2300.929931640625
,2452,,,,1473.244384765625
,2453,,,,1574.2333984375
,2454,,,,1143.58740234375
,2455,,,,1494.2615966796875
,2456,,,,1924.9794921875
,2457,,,,1495.5693359375
,2458,,,,1732.1864013671875
,2459,,,,1778.6075439453125
,2460,,,,1507.7261962890625
,2461,,,,1798.7078857421875
,2462,,,,1815.306884765625
,2463,,,,1217.8876953125
76,9624,,,1653.583984375,
76,9624,1672.676025390625,,,
77,9649,,1679.7144775390625,,
77,9699,,1146.1158447265625,,
77,9749,,1366.9195556640625,,
,2464,,,,1781.77734375
,2465,,,,1707.75244140625
,2466,,,,2143.77685546875
,2467,,,,1506.0
,2468,,,,1676.830078125
,2469,,,,1662.748291015625
,2470,,,,1485.0869140625
,2471,,,,1753.6656494140625
,2472,,,,1349.44091796875
,2473,,,,1757.13232421875
,2474,,,,1913.823486328125
,2475,,,,1162.507080078125
,2476,,,,1528.706787109375
,2477,,,,1378.4171142578125
,2478,,,,2341.41796875
,2479,,,,1539.8099365234375
,2480,,,,1374.43115234375
,2481,,,,1426.4813232421875
,2482,,,,1784.924072265625
,2483,,,,2298.88818359375
,2484,,,,1472.6021728515625
,2485,,,,1576.287353515625
,2486,,,,1138.9154052734375
,2487,,,,1492.933349609375
,2488,,,,1922.1038818359375
,2489,,,,1494.085693359375
,2490,,,,1731.708984375
,2491,,,,1776.293701171875
,2492,,,,1505.6036376953125
,2493,,,,1798.76806640625
,2494,,,,1811.17236328125
,2495,,,,1211.321044921875
77,9749,,,1651.101806640625,
77,9749,1675.3653564453125,,,
78,9799,,1910.516845703125,,
78,9849,,1462.956787109375,,
,2496,,,,1778.570068359375
,2497,,,,1702.0029296875
,2498,,,,2148.688720703125
,2499,,,,1505.7984619140625
,2500,,,,1673.55078125
,2501,,,,1657.97998046875
,2502,,,,1484.440185546875
,2503,,,,1754.350830078125
,2504,,,,1349.798583984375
,2505,,,,1755.606689453125
,2506,,,,1908.7529296875
,2507,,,,1159.8497314453125
,2508,,,,1529.098388671875
,2509,,,,1378.167724609375
,2510,,,,2343.253173828125
,2511,,,,1540.8115234375
,2512,,,,1370.135498046875
,2513,,,,1425.574462890625
,2514,,,,1785.718505859375
,2515,,,,2297.93017578125
,2516,,,,1472.271728515625
,2517,,,,1570.50048828125
,2518,,,,1142.187744140625
,2519,,,,1488.0028076171875
,2520,,,,1921.519287109375
,2521,,,,1489.444580078125
,2522,,,,1728.806640625
,2523,,,,1772.9281005859375
,2524,,,,1504.32275390625
,2525,,,,1798.077392578125
,2526,,,,1810.08251953125
,2527,,,,1213.13623046875
78,9874,,,1649.648681640625,
78,9874,1670.021240234375,,,
79,9899,,1437.8994140625,,
79,9949,,1670.664794921875,,
79,9999,,2323.044921875,,
,2528,,,,1776.3204345703125
,2529,,,,1702.39013671875
,2530,,,,2143.144287109375
,2531,,,,1499.37109375
,2532,,,,1673.025146484375
,2533,,,,1657.252197265625
,2534,,,,1479.428466796875
,2535,,,,1750.902099609375
,2536,,,,1341.396240234375
,2537,,,,1752.2193603515625
,2538,,,,1906.87744140625
,2539,,,,1157.4337158203125
,2540,,,,1521.29443359375
,2541,,,,1371.16259765625
,2542,,,,2335.66064453125
,2543,,,,1537.036376953125
,2544,,,,1367.0927734375
,2545,,,,1418.964111328125
,2546,,,,1781.4990234375
,2547,,,,2292.227783203125
,2548,,,,1464.810546875
,2549,,,,1565.31396484375
,2550,,,,1136.204345703125
,2551,,,,1486.61669921875
,2552,,,,1916.25634765625
,2553,,,,1481.9609375
,2554,,,,1725.30712890625
,2555,,,,1770.02978515625
,2556,,,,1498.140869140625
,2557,,,,1790.93359375
,2558,,,,1807.0826416015625
,2559,,,,1210.51904296875
79,9999,,,1645.1195068359375,
79,9999,1669.646240234375,,,
80,10049,,2082.9638671875,,
80,10099,,2001.329833984375,,
,2560,,,,1773.6959228515625
,2561,,,,1702.8502197265625
,2562,,,,2144.6845703125
,2563,,,,1498.66796875
,2564,,,,1670.37158203125
,2565,,,,1657.353759765625
,2566,,,,1477.81494140625
,2567,,,,1751.3671875
,2568,,,,1338.8460693359375
,2569,,,,1753.4320068359375
,2570,,,,1908.1300048828125
,2571,,,,1158.0013427734375
,2572,,,,1518.8822021484375
,2573,,,,1371.738037109375
,2574,,,,2339.739501953125
,2575,,,,1535.724609375
,2576,,,,1365.32373046875
,2577,,,,1420.258056640625
,2578,,,,1782.34423828125
,2579,,,,2293.4111328125
,2580,,,,1462.469970703125
,2581,,,,1564.6102294921875
,2582,,,,1134.65234375
,2583,,,,1485.458740234375
,2584,,,,1918.9188232421875
,2585,,,,1480.44482421875
,2586,,,,1725.50390625
,2587,,,,1770.1119384765625
,2588,,,,1495.025146484375
,2589,,,,1791.6026611328125
,2590,,,,1807.489990234375
,2591,,,,1207.748046875
80,10124,,,1644.827392578125,
80,10124,1670.1864013671875,,,
81,10149,,1925.892578125,,
81,10199,,2182.91015625,,
81,10249,,1897.4434814453125,,
,2592,,,,1772.39501953125
,2593,,,,1700.20751953125
,2594,,,,2140.57861328125
,2595,,,,1498.07861328125
,2596,,,,1671.157470703125
,2597,,,,1654.90380859375
,2598,,,,1477.984619140625
,2599,,,,1748.1151123046875
,2600,,,,1340.60595703125
,2601,,,,1749.4730224609375
,2602,,,,1904.5850830078125
,2603,,,,1156.8154296875
,2604,,,,1519.345947265625
,2605,,,,1370.3994140625
,2606,,,,2331.7294921875
,2607,,,,1532.8046875
,2608,,,,1362.796875
,2609,,,,1416.369140625
,2610,,,,1778.8876953125
,2611,,,,2289.28662109375
,2612,,,,1462.645263671875
,2613,,,,1562.7935791015625
,2614,,,,1134.013671875
,2615,,,,1484.841552734375
,2616,,,,1911.9046630859375
,2617,,,,1479.49169921875
,2618,,,,1723.251708984375
,2619,,,,1766.459716796875
,2620,,,,1497.821533203125
,2621,,,,1789.416259765625
,2622,,,,1803.266357421875
,2623,,,,1212.634033203125
81,10249,,,1642.7386474609375,
81,10249,1667.9454345703125,,,
82,10299,,1600.9443359375,,
82,10349,,1743.098388671875,,
,2624,,,,1772.6962890625
,2625,,,,1698.166015625
,2626,,,,2137.81103515625
,2627,,,,1497.30029296875
,2628,,,,1665.7637939453125
,2629,,,,1653.376708984375
,2630,,,,1475.716796875
,2631,,,,1746.2818603515625
,2632,,,,1340.31396484375
,2633,,,,1748.533935546875
,2634,,,,1905.4237060546875
,2635,,,,1153.199951171875
,2636,,,,1521.79638671875
,2637,,,,1374.52734375
,2638,,,,2336.17138671875
,2639,,,,1532.458740234375
,2640,,,,1363.0185546875
,2641,,,,1417.5928955078125
,2642,,,,1776.8006591796875
,2643,,,,2289.16796875
,2644,,,,1463.809814453125
,2645,,,,1560.989990234375
,2646,,,,1132.2796630859375
,2647,,,,1482.61279296875
,2648,,,,1914.005126953125
,2649,,,,1483.83349609375
,2650,,,,1722.622802734375
,2651,,,,1764.1146240234375
,2652,,,,1495.995849609375
,2653,,,,1791.4337158203125
,2654,,,,1804.3441162109375
,2655,,,,1208.532958984375
82,10374,,,1642.377197265625,
82,10374,1668.8519287109375,,,
83,10399,,2011.803466796875,,
83,10449,,2118.399658203125,,
83,10499,,1664.2113037109375,,
,2656,,,,1769.6634521484375
,2657,,,,1698.275390625
,2658,,,,2136.775390625
,2659,,,,1493.239013671875
,2660,,,,1663.578369140625
,2661,,,,1651.5511474609375
,2662,,,,1473.0408935546875
,2663,,,,1744.763427734375
,2664,,,,1335.947998046875
,2665,,,,1745.9931640625
,2666,,,,1899.821044921875
,2667,,,,1150.27783203125
,2668,,,,1513.932861328125
,2669,,,,1371.647216796875
,2670,,,,2328.62451171875
,2671,,,,1530.4759521484375
,2672,,,,1359.358642578125
,2673,,,,1412.91748046875
,2674,,,,1777.107421875
,2675,,,,2285.11962890625
,2676,,,,1456.6546630859375
,2677,,,,1557.4920654296875
,2678,,,,1129.75439453125
,2679,,,,1479.3084716796875
,2680,,,,1908.9853515625
,2681,,,,1473.03076171875
,2682,,,,1721.61083984375
,2683,,,,1763.1539306640625
,2684,,,,1494.8997802734375
,2685,,,,1786.3076171875
,2686,,,,1801.683837890625
,2687,,,,1208.7623291015625
83,10499,,,1638.9498291015625,
83,10499,1667.9158935546875,,,
84,10549,,1381.550048828125,,
84,10599,,2006.2486572265625,,
,2688,,,,1767.690185546875
,2689,,,,1695.7637939453125
,2690,,,,2135.530517578125
,2691,,,,1495.399658203125
,2692,,,,1663.2705078125
,2693,,,,1651.37109375
,2694,,,,1473.436279296875
,2695,,,,1743.5267333984375
,2696,,,,1339.2440185546875
,2697,,,,1740.9378662109375
,2698,,,,1899.0303955078125
,2699,,,,1150.127685546875
,2700,,,,1515.915771484375
,2701,,,,1370.95751953125
,2702,,,,2329.139404296875
,2703,,,,1529.75439453125
,2704,,,,1360.6761474609375
,2705,,,,1414.19091796875
,2706,,,,1776.42822265625
,2707,,,,2283.271240234375
,2708,,,,1459.4715576171875
,2709,,,,1559.0166015625
,2710,,,,1129.5361328125
,2711,,,,1479.9580078125
,2712,,,,1909.385498046875
,2713,,,,1477.3128662109375
,2714,,,,1721.076904296875
,2715,,,,1763.1231689453125
,2716,,,,1494.2978515625
,2717,,,,1787.182861328125
,2718,,,,1799.4110107421875
,2719,,,,1207.87939453125
84,10624,,,1638.9569091796875,
84,10624,1666.4234619140625,,,
85,10649,,1850.0819091796875,,
85,10699,,2319.90673828125,,
85,10749,,1812.90625,,
,2720,,,,1766.36083984375
,2721,,,,1697.009521484375
,2722,,,,2135.4521484375
,2723,,,,1496.601806640625
,2724,,,,1665.1585693359375
,2725,,,,1653.6097412109375
,2726,,,,1472.5833740234375
,2727,,,,1741.91943359375
,2728,,,,1339.235107421875
,2729,,,,1742.145263671875
,2730,,,,1901.70654296875
,2731,,,,1152.8585205078125
,2732,,,,1516.6771240234375
,2733,,,,1367.6177978515625
,2734,,,,2330.94384765625
,2735,,,,1529.709716796875
,2736,,,,1360.44970703125
,2737,,,,1414.760498046875
,2738,,,,1774.147216796875
,2739,,,,2284.882568359375
,2740,,,,1460.66455078125
,2741,,,,1561.4683837890625
,2742,,,,1130.024169921875
,2743,,,,1481.56201171875
,2744,,,,1908.0869140625
,2745,,,,1479.3489990234375
,2746,,,,1719.448486328125
,2747,,,,1763.164794921875
,2748,,,,1491.841064453125
,2749,,,,1787.17919921875
,2750,,,,1798.57470703125
,2751,,,,1204.3255615234375
85,10749,,,1639.240478515625,
85,10749,1664.798095703125,,,
86,10799,,1489.6134033203125,,
86,10849,,1199.278564453125,,
,2752,,,,1763.7386474609375
,2753,,,,1691.22998046875
,2754,,,,2130.978759765625
,2755,,,,1493.89111328125
,2756,,,,1661.18505859375
,2757,,,,1648.6260986328125
,2758,,,,1471.00927734375
,2759,,,,1738.3038330078125
,2760,,,,1335.394287109375
,2761,,,,1739.2252197265625
,2762,,,,1895.7562255859375
,2763,,,,1149.742919921875
,2764,,,,1513.5863037109375
,2765,,,,1365.434326171875
,2766,,,,2327.1513671875
,2767,,,,1525.64892578125
,2768,,,,1358.0977783203125
,2769,,,,1411.2967529296875
,2770,,,,1769.761962890625
,2771,,,,2280.17919921875
,2772,,,,1458.4111328125
,2773,,,,1558.984375
,2774,,,,1126.8204345703125
,2775,,,,1477.6854248046875
,2776,,,,1905.4268798828125
,2777,,,,1473.89306640625
,2778,,,,1713.875
,2779,,,,1758.3330078125
,2780,,,,1489.991943359375
,2781,,,,1784.585205078125
,2782,,,,1794.534912109375
,2783,,,,1203.130615234375
86,10874,,,1635.6337890625,
86,10874,1663.5540771484375,,,
87,10899,,1381.9554443359375,,
87,10949,,2138.56103515625,,
87,10999,,1364.815673828125,,
,2784,,,,1764.8985595703125
,2785,,,,1694.5850830078125
,2786,,,,2132.3701171875
,2787,,,,1494.6070556640625
,2788,,,,1663.647705078125
,2789,,,,1650.1295166015625
,2790,,,,1473.1796875
,2791,,,,1741.226318359375
,2792,,,,1335.263916015625
,2793,,,,1740.4920654296875
,2794,,,,1896.9110107421875
,2795,,,,1151.707763671875
,2796,,,,1514.6278076171875
,2797,,,,1368.126953125
,2798,,,,2328.548095703125
,2799,,,,1527.119873046875
,2800,,,,1359.2205810546875
,2801,,,,1410.7384033203125
,2802,,,,1772.091064453125
,2803,,,,2281.18896484375
,2804,,,,1456.3760986328125
,2805,,,,1559.894287109375
,2806,,,,1129.521728515625
,2807,,,,1479.2960205078125
,2808,,,,1906.4110107421875
,2809,,,,1473.267333984375
,2810,,,,1717.228515625
,2811,,,,1762.0537109375
,2812,,,,1491.44091796875
,2813,,,,1781.09130859375
,2814,,,,1794.235595703125
,2815,,,,1208.4305419921875
87,10999,,,1636.915283203125,
87,10999,1662.114501953125,,,
88,11049,,1691.375,,
88,11099,,1803.1473388671875,,
,2816,,,,1765.819580078125
,2817,,,,1692.7135009765625
,2818,,,,2133.69384765625
,2819,,,,1493.062744140625
,2820,,,,1661.88232421875
,2821,,,,1649.7540283203125
,2822,,,,1471.7952880859375
,2823,,,,1742.7021484375
,2824,,,,1334.8477783203125
,2825,,,,1740.460205078125
,2826,,,,1898.5634765625
,2827,,,,1151.413330078125
,2828,,,,1511.4031982421875
,2829,,,,1367.87158203125
,2830,,,,2326.95849609375
,2831,,,,1529.3419189453125
,2832,,,,1357.651611328125
,2833,,,,1411.70849609375
,2834,,,,1772.219482421875
,2835,,,,2279.30517578125
,2836,,,,1456.719970703125
,2837,,,,1557.1629638671875
,2838,,,,1127.236572265625
,2839,,,,1478.10400390625
,2840,,,,1905.3873291015625
,2841,,,,1473.7490234375
,2842,,,,1717.305419921875
,2843,,,,1760.113037109375
,2844,,,,1491.11328125
,2845,,,,1783.887451171875
,2846,,,,1797.3994140625
,2847,,,,1207.754638671875
88,11124,,,1636.5850830078125,
88,11124,1661.9967041015625,,,
89,11149,,1487.748291015625,,
89,11199,,1562.759765625,,
89,11249,,1891.9075927734375,,
,2848,,,,1762.154296875
,2849,,,,1688.8359375
,2850,,,,2128.891845703125
,2851,,,,1491.5804443359375
,2852,,,,1658.2777099609375
,2853,,,,1646.913818359375
,2854,,,,1469.59814453125
,2855,,,,1738.424560546875
,2856,,,,1332.111328125
,2857,,,,1736.049072265625
,2858,,,,1894.134765625
,2859,,,,1147.09326171875
,2860,,,,1510.7869873046875
,2861,,,,1366.0526123046875
,2862,,,,2323.49609375
,2863,,,,1522.55517578125
,2864,,,,1355.162841796875
,2865,,,,1409.299072265625
,2866,,,,1769.2412109375
,2867,,,,2275.593505859375
,2868,,,,1454.5760498046875
,2869,,,,1556.0867919921875
,2870,,,,1125.17041015625
,2871,,,,1476.005859375
,2872,,,,1903.314208984375
,2873,,,,1471.2760009765625
,2874,,,,1714.7105712890625
,2875,,,,1758.5078125
,2876,,,,1487.0684814453125
,2877,,,,1781.197509765625
,2878,,,,1792.482666015625
,2879,,,,1205.861328125
89,11249,,,1633.5399169921875,
89,11249,1659.720947265625,,,
90,11299,,1963.1358642578125,,
90,11349,,1372.841064453125,,
,2880,,,,1764.45849609375
,2881,,,,1693.664794921875
,2882,,,,2133.591796875
,2883,,,,1496.8206787109375
,2884,,,,1661.2955322265625
,2885,,,,1651.0799560546875
,2886,,,,1472.519287109375
,2887,,,,1741.447998046875
,2888,,,,1334.9130859375
,2889,,,,1741.7119140625
,2890,,,,1898.58251953125
,2891,,,,1154.09375
,2892,,,,1512.0985107421875
,2893,,,,1362.1982421875
,2894,,,,2327.041748046875
,2895,,,,1530.421630859375
,2896,,,,1358.893310546875
,2897,,,,1413.842529296875
,2898,,,,1774.7763671875
,2899,,,,2279.22412109375
,2900,,,,1458.2501220703125
,2901,,,,1559.02978515625
,2902,,,,1126.171875
,2903,,,,1478.9111328125
,2904,,,,1907.67919921875
,2905,,,,1476.2373046875
,2906,,,,1716.931884765625
,2907,,,,1759.297119140625
,2908,,,,1486.412109375
,2909,,,,1786.2353515625
,2910,,,,1794.3876953125
,2911,,,,1199.386962890625
90,11374,,,1636.865966796875,
90,11374,1658.36669921875,,,
91,11399,,1370.615234375,,
91,11449,,1184.0775146484375,,
91,11499,,1624.164306640625,,
,2912,,,,1767.793701171875
,2913,,,,1692.0677490234375
,2914,,,,2134.285400390625
,2915,,,,1495.925537109375
,2916,,,,1658.396240234375
,2917,,,,1649.7142333984375
,2918,,,,1472.4532470703125
,2919,,,,1741.866455078125
,2920,,,,1337.1700439453125
,2921,,,,1742.41748046875
,2922,,,,1898.00830078125
,2923,,,,1150.028564453125
,2924,,,,1514.490966796875
,2925,,,,1368.3057861328125
,2926,,,,2330.25146484375
,2927,,,,1531.494873046875
,2928,,,,1361.776611328125
,2929,,,,1415.912353515625
,2930,,,,1771.0205078125
,2931,,,,2278.358642578125
,2932,,,,1459.531494140625
,2933,,,,1560.3804931640625
,2934,,,,1125.97607421875
,2935,,,,1479.31396484375
,2936,,,,1908.09765625
,2937,,,,1478.2476806640625
,2938,,,,1718.58203125
,2939,,,,1760.172607421875
,2940,,,,1491.23828125
,2941,,,,1785.4248046875
,2942,,,,1796.59375
,2943,,,,1205.260009765625
91,11499,,,1637.6514892578125,
91,11499,1655.4693603515625,,,
92,11549,,1497.072509765625,,
92,11599,,1528.7978515625,,
,2944,,,,1761.267333984375
,2945,,,,1686.76904296875
,2946,,,,2131.471435546875
,2947,,,,1494.45556640625
,2948,,,,1656.813720703125
,2949,,,,1644.30517578125
,2950,,,,1470.868896484375
,2951,,,,1737.47607421875
,2952,,,,1331.244384765625
,2953,,,,1735.320068359375
,2954,,,,1888.7349853515625
,2955,,,,1146.95458984375
,2956,,,,1510.0191650390625
,2957,,,,1365.6025390625
,2958,,,,2322.8427734375
,2959,,,,1523.3895263671875
,2960,,,,1354.7354736328125
,2961,,,,1409.4371337890625
,2962,,,,1766.6983642578125
,2963,,,,2273.978515625
,2964,,,,1454.9686279296875
,2965,,,,1553.7484130859375
,2966,,,,1127.751953125
,2967,,,,1472.954833984375
,2968,,,,1902.78271484375
,2969,,,,1469.58203125
,2970,,,,1714.29052734375
,2971,,,,1753.726806640625
,2972,,,,1487.757080078125
,2973,,,,1778.955322265625
,2974,,,,1787.63525390625
,2975,,,,1209.8511962890625
92,11624,,,1632.608154296875,
92,11624,1655.5682373046875,,,
93,11649,,1507.4453125,,
93,11699,,1272.9140625,,
93,11749,,2051.820068359375,,
,2976,,,,1757.017822265625
,2977,,,,1684.6204833984375
,2978,,,,2124.680908203125
,2979,,,,1485.503662109375
,2980,,,,1652.21435546875
,2981,,,,1640.9859619140625
,2982,,,,1465.0928955078125
,2983,,,,1732.254150390625
,2984,,,,1326.4609375
,2985,,,,1733.0787353515625
,2986,,,,1889.59033203125
,2987,,,,1141.630126953125
,2988,,,,1502.18408203125
,2989,,,,1359.1123046875
,2990,,,,2318.9638671875
,2991,,,,1521.1014404296875
,2992,,,,1349.486083984375
,2993,,,,1401.7777099609375
,2994,,,,1761.5211181640625
,2995,,,,2270.61865234375
,2996,,,,1447.05126953125
,2997,,,,1548.719970703125
,2998,,,,1116.49853515625
,2999,,,,1469.362548828125
,3000,,,,1900.203857421875
,3001,,,,1464.8846435546875
,3002,,,,1711.1663818359375
,3003,,,,1749.5078125
,3004,,,,1482.194580078125
,3005,,,,1777.39208984375
,3006,,,,1787.1837158203125
,3007,,,,1201.563720703125
93,11749,,,1627.9183349609375,
93,11749,1659.65869140625,,,
94,11799,,1807.2103271484375,,
94,11849,,1550.1962890625,,
,3008,,,,1759.6658935546875
,3009,,,,1684.4627685546875
,3010,,,,2128.408935546875
,3011,,,,1488.834228515625
,3012,,,,1652.578857421875
,3013,,,,1641.093017578125
,3014,,,,1465.5772705078125
,3015,,,,1735.190673828125
,3016,,,,1328.29248046875
,3017,,,,1733.1513671875
,3018,,,,1888.3448486328125
,3019,,,,1143.8922119140625
,3020,,,,1506.362060546875
,3021,,,,1360.5411376953125
,3022,,,,2319.20068359375
,3023,,,,1524.6796875
,3024,,,,1351.273193359375
,3025,,,,1406.2239990234375
,3026,,,,1763.442626953125
,3027,,,,2269.640380859375
,3028,,,,1450.4918212890625
,3029,,,,1550.87451171875
,3030,,,,1121.7451171875
,3031,,,,1470.9117431640625
,3032,,,,1899.8994140625
,3033,,,,1464.578369140625
,3034,,,,1711.124755859375
,3035,,,,1751.72119140625
,3036,,,,1483.970947265625
,3037,,,,1776.0830078125
,3038,,,,1790.1947021484375
,3039,,,,1201.5804443359375
94,11874,,,1629.5311279296875,
94,11874,1657.908447265625,,,
95,11899,,1739.660888671875,,
95,11949,,1959.8892822265625,,
95,11999,,1738.3492431640625,,
,3040,,,,1757.929443359375
,3041,,,,1683.3369140625
,3042,,,,2125.353271484375
,3043,,,,1486.962158203125
,3044,,,,1650.51904296875
,3045,,,,1640.433349609375
,3046,,,,1464.248291015625
,3047,,,,1733.1658935546875
,3048,,,,1327.31103515625
,3049,,,,1732.499755859375
,3050,,,,1889.712890625
,3051,,,,1143.3853759765625
,3052,,,,1505.8092041015625
,3053,,,,1360.018798828125
,3054,,,,2320.89990234375
,3055,,,,1522.9132080078125
,3056,,,,1348.6915283203125
,3057,,,,1404.416015625
,3058,,,,1763.015380859375
,3059,,,,2269.8486328125
,3060,,,,1448.45751953125
,3061,,,,1548.572509765625
,3062,,,,1118.9564208984375
,3063,,,,1469.50927734375
,3064,,,,1901.9771728515625
,3065,,,,1464.4429931640625
,3066,,,,1709.779296875
,3067,,,,1749.681396484375
,3068,,,,1483.8006591796875
,3069,,,,1777.3037109375
,3070,,,,1788.1351318359375
,3071,,,,1200.203369140625
95,11999,,,1628.516357421875,
95,11999,1655.4886474609375,,,
96,12049,,1620.7879638671875,,
96,12099,,2107.6904296875,,
,3072,,,,1760.0731201171875
,3073,,,,1687.09912109375
,3074,,,,2128.07958984375
,3075,,,,1485.865478515625
,3076,,,,1652.52197265625
,3077,,,,1645.509033203125
,3078,,,,1464.162353515625
,3079,,,,1735.08740234375
,3080,,,,1327.8525390625
,3081,,,,1734.22314453125
,3082,,,,1895.655029296875
,3083,,,,1144.2314453125
,3084,,,,1505.714111328125
,3085,,,,1361.557861328125
,3086,,,,2327.36572265625
,3087,,,,1524.49169921875
,3088,,,,1352.2659912109375
,3089,,,,1407.80615234375
,3090,,,,1765.337158203125
,3091,,,,2274.89306640625
,3092,,,,1449.72998046875
,3093,,,,1554.341796875
,3094,,,,1119.48974609375
,3095,,,,1473.31591796875
,3096,,,,1904.3839111328125
,3097,,,,1464.79248046875
,3098,,,,1712.198974609375
,3099,,,,1755.2578125
,3100,,,,1482.600830078125
,3101,,,,1777.92919921875
,3102,,,,1791.913818359375
,3103,,,,1196.595458984375
96,12124,,,1630.876708984375,
96,12124,1650.5377197265625,,,
97,12149,,1291.8323974609375,,
97,12199,,1549.021728515625,,
97,12249,,2023.636474609375,,
,3104,,,,1761.896484375
,3105,,,,1688.3531494140625
,3106,,,,2130.49755859375
,3107,,,,1489.2481689453125
,3108,,,,1653.5255126953125
,3109,,,,1644.2135009765625
,3110,,,,1467.7108154296875
,3111,,,,1738.0634765625
,3112,,,,1332.904052734375
,3113,,,,1738.4072265625
,3114,,,,1895.5029296875
,3115,,,,1146.489013671875
,3116,,,,1509.46923828125
,3117,,,,1363.1075439453125
,3118,,,,2326.164794921875
,3119,,,,1528.7008056640625
,3120,,,,1355.5865478515625
,3121,,,,1409.510009765625
,3122,,,,1765.864013671875
,3123,,,,2273.2861328125
,3124,,,,1453.6744384765625
,3125,,,,1553.2191162109375
,3126,,,,1122.97509765625
,3127,,,,1473.469482421875
,3128,,,,1904.8135986328125
,3129,,,,1469.578857421875
,3130,,,,1713.576416015625
,3131,,,,1754.6650390625
,3132,,,,1489.279541015625
,3133,,,,1780.557373046875
,3134,,,,1791.970703125
,3135,,,,1200.896728515625
97,12249,,,1632.84814453125,
97,12249,1652.2138671875,,,
98,12299,,1342.418212890625,,
98,12349,,1692.66943359375,,
,3136,,,,1755.3837890625
,3137,,,,1684.6297607421875
,3138,,,,2122.924072265625
,3139,,,,1486.0400390625
,3140,,,,1650.03759765625
,3141,,,,1640.0406494140625
,3142,,,,1463.730224609375
,3143,,,,1732.33740234375
,3144,,,,1326.5469970703125
,3145,,,,1731.69189453125
,3146,,,,1887.697021484375
,3147,,,,1141.8304443359375
,3148,,,,1505.11962890625
,3149,,,,1356.865234375
,3150,,,,2318.35205078125
,3151,,,,1520.48583984375
,3152,,,,1348.9920654296875
,3153,,,,1403.650634765625
,3154,,,,1762.1474609375
,3155,,,,2264.8642578125
,3156,,,,1450.10302734375
,3157,,,,1549.45849609375
,3158,,,,1117.837890625
,3159,,,,1469.082763671875
,3160,,,,1899.343017578125
,3161,,,,1462.481201171875
,3162,,,,1709.630126953125
,3163,,,,1750.039306640625
,3164,,,,1483.0709228515625
,3165,,,,1773.1943359375
,3166,,,,1785.3607177734375
,3167,,,,1198.5513916015625
98,12374,,,1627.283203125,
98,12374,1652.1824951171875,,,
99,12399,,1560.721435546875,,
99,12449,,2069.1005859375,,
99,12499,,1458.824951171875,,
,3168,,,,1754.362548828125
,3169,,,,1686.59423828125
,3170,,,,2122.921142578125
,3171,,,,1486.7808837890625
,3172,,,,1652.0439453125
,3173,,,,1642.2086181640625
,3174,,,,1464.3262939453125
,3175,,,,1731.4171142578125
,3176,,,,1329.5513916015625
,3177,,,,1732.785400390625
,3178,,,,1892.0908203125
,3179,,,,1144.3502197265625
,3180,,,,1503.1728515625
,3181,,,,1355.21142578125
,3182,,,,2320.88427734375
,3183,,,,1522.472412109375
,3184,,,,1351.928955078125
,3185,,,,1403.7213134765625
,3186,,,,1763.03125
,3187,,,,2268.546875
,3188,,,,1449.6927490234375
,3189,,,,1551.272216796875
,3190,,,,1116.464111328125
,3191,,,,1472.745361328125
,3192,,,,1901.1224365234375
,3193,,,,1466.2359619140625
,3194,,,,1709.186279296875
,3195,,,,1751.5438232421875
,3196,,,,1482.585205078125
,3197,,,,1778.3656005859375
,3198,,,,1785.037841796875
,3199,,,,1197.503662109375
99,12499,,,1628.5450439453125,
99,12499,1654.0640869140625,,,
