epoch,step,train_loss_epoch,train_loss_step,val_loss_epoch,val_loss_step
0,49,,2970.029296875,,
0,99,,2236.9775390625,,
0,149,,3193.00048828125,,
0,199,,2235.88818359375,,
0,249,,2823.0693359375,,
,0,,,,2365.09912109375
,1,,,,2877.716796875
,2,,,,2371.799560546875
,3,,,,2142.94580078125
,4,,,,1918.74853515625
,5,,,,2082.39208984375
,6,,,,2133.337890625
,7,,,,2560.201171875
,8,,,,2344.08984375
,9,,,,3073.46435546875
,10,,,,2517.05078125
,11,,,,2956.12841796875
,12,,,,2312.088134765625
,13,,,,2324.197509765625
,14,,,,2235.484375
,15,,,,2386.22119140625
,16,,,,2333.11474609375
,17,,,,2568.9697265625
,18,,,,2833.1943359375
,19,,,,2603.24462890625
,20,,,,3216.02392578125
,21,,,,2528.8017578125
,22,,,,2603.43994140625
,23,,,,2254.16845703125
,24,,,,2258.185791015625
,25,,,,3140.06103515625
,26,,,,3539.818359375
,27,,,,2714.97998046875
,28,,,,3015.38525390625
,29,,,,2196.7119140625
,30,,,,2558.61279296875
,31,,,,2290.317626953125
,32,,,,2141.212646484375
,33,,,,1970.6387939453125
,34,,,,1444.5802001953125
,35,,,,1800.373046875
,36,,,,2896.56201171875
,37,,,,2085.95263671875
,38,,,,2455.53515625
,39,,,,2668.0029296875
,40,,,,2818.678955078125
,41,,,,2654.551513671875
,42,,,,2051.2568359375
,43,,,,2208.646728515625
,44,,,,2640.351806640625
,45,,,,2656.090576171875
,46,,,,2186.366455078125
,47,,,,2511.2900390625
,48,,,,2729.244384765625
,49,,,,2097.962646484375
,50,,,,2190.8076171875
,51,,,,2679.91162109375
,52,,,,2594.751708984375
,53,,,,2566.95947265625
,54,,,,2239.0205078125
,55,,,,2611.99658203125
,56,,,,2478.322998046875
,57,,,,2289.885009765625
,58,,,,2595.43994140625
,59,,,,2560.9970703125
,60,,,,2745.78466796875
,61,,,,2717.364990234375
,62,,,,2629.11865234375
0,249,,,2477.74560546875,
0,249,2551.30908203125,,,
1,299,,2206.7431640625,,
1,349,,2689.058837890625,,
1,399,,2550.378662109375,,
1,449,,2101.159912109375,,
1,499,,2429.114990234375,,
,63,,,,2360.5966796875
,64,,,,2874.421875
,65,,,,2370.16357421875
,66,,,,2139.746337890625
,67,,,,1916.162841796875
,68,,,,2079.626953125
,69,,,,2131.40966796875
,70,,,,2558.03173828125
,71,,,,2341.447509765625
,72,,,,3068.90380859375
,73,,,,2512.861328125
,74,,,,2952.08154296875
,75,,,,2309.8525390625
,76,,,,2320.93798828125
,77,,,,2232.234375
,78,,,,2383.525146484375
,79,,,,2330.90576171875
,80,,,,2565.221435546875
,81,,,,2830.57568359375
,82,,,,2600.85693359375
,83,,,,3212.13037109375
,84,,,,2525.92724609375
,85,,,,2601.15771484375
,86,,,,2251.2109375
,87,,,,2255.83544921875
,88,,,,3135.348388671875
,89,,,,3534.75146484375
,90,,,,2709.9228515625
,91,,,,3009.869873046875
,92,,,,2193.112060546875
,93,,,,2554.3681640625
,94,,,,2287.052734375
,95,,,,2138.07470703125
,96,,,,1968.180908203125
,97,,,,1443.6639404296875
,98,,,,1798.5487060546875
,99,,,,2892.341064453125
,100,,,,2084.13232421875
,101,,,,2452.060546875
,102,,,,2664.52490234375
,103,,,,2814.591064453125
,104,,,,2651.5966796875
,105,,,,2049.614501953125
,106,,,,2205.999267578125
,107,,,,2637.115966796875
,108,,,,2651.72314453125
,109,,,,2183.832763671875
,110,,,,2508.396240234375
,111,,,,2725.02001953125
,112,,,,2096.32763671875
,113,,,,2187.9482421875
,114,,,,2677.14013671875
,115,,,,2590.666748046875
,116,,,,2563.996337890625
,117,,,,2235.457275390625
,118,,,,2609.649169921875
,119,,,,2475.53955078125
,120,,,,2287.06591796875
,121,,,,2592.7705078125
,122,,,,2558.07177734375
,123,,,,2743.4736328125
,124,,,,2714.2861328125
,125,,,,2625.275634765625
1,499,,,2474.63525390625,
1,499,2507.364990234375,,,
2,549,,2328.2509765625,,
2,599,,3166.678466796875,,
2,649,,2133.711669921875,,
2,699,,1942.2718505859375,,
2,749,,2788.466796875,,
,126,,,,2352.9873046875
,127,,,,2866.73291015625
,128,,,,2363.45166015625
,129,,,,2132.985595703125
,130,,,,1911.4254150390625
,131,,,,2074.005126953125
,132,,,,2125.513671875
,133,,,,2552.1513671875
,134,,,,2335.08056640625
,135,,,,3060.38525390625
,136,,,,2506.0166015625
,137,,,,2945.4296875
,138,,,,2302.628662109375
,139,,,,2314.078857421875
,140,,,,2226.294189453125
,141,,,,2378.08203125
,142,,,,2324.59912109375
,143,,,,2557.27685546875
,144,,,,2823.799560546875
,145,,,,2593.8818359375
,146,,,,3201.86572265625
,147,,,,2519.83740234375
,148,,,,2594.647216796875
,149,,,,2245.1015625
,150,,,,2249.68896484375
,151,,,,3127.621826171875
,152,,,,3524.163330078125
,153,,,,2702.751953125
,154,,,,3002.3662109375
,155,,,,2187.770263671875
,156,,,,2547.385009765625
,157,,,,2280.617919921875
,158,,,,2133.3037109375
,159,,,,1963.6319580078125
,160,,,,1439.069091796875
,161,,,,1792.8038330078125
,162,,,,2884.1240234375
,163,,,,2078.944580078125
,164,,,,2446.2021484375
,165,,,,2657.93505859375
,166,,,,2807.81787109375
,167,,,,2644.62890625
,168,,,,2042.84814453125
,169,,,,2201.05224609375
,170,,,,2629.7080078125
,171,,,,2644.74609375
,172,,,,2179.02978515625
,173,,,,2502.21923828125
,174,,,,2718.92578125
,175,,,,2090.58984375
,176,,,,2182.091064453125
,177,,,,2670.00341796875
,178,,,,2583.6591796875
,179,,,,2558.643310546875
,180,,,,2228.97119140625
,181,,,,2603.324462890625
,182,,,,2468.45263671875
,183,,,,2281.31298828125
,184,,,,2585.43701171875
,185,,,,2551.316162109375
,186,,,,2735.388427734375
,187,,,,2706.55615234375
,188,,,,2619.50927734375
2,749,,,2468.050048828125,
2,749,2473.27099609375,,,
3,799,,3067.60498046875,,
3,849,,2124.584716796875,,
3,899,,2723.77783203125,,
3,949,,1965.921142578125,,
3,999,,3329.23876953125,,
,189,,,,2346.956298828125
,190,,,,2859.257568359375
,191,,,,2358.513427734375
,192,,,,2127.359619140625
,193,,,,1908.5657958984375
,194,,,,2069.153076171875
,195,,,,2118.73681640625
,196,,,,2546.13720703125
,197,,,,2329.2158203125
,198,,,,3051.36962890625
,199,,,,2500.2998046875
,200,,,,2935.93212890625
,201,,,,2297.05615234375
,202,,,,2307.637939453125
,203,,,,2221.5380859375
,204,,,,2370.775390625
,205,,,,2318.19091796875
,206,,,,2551.236083984375
,207,,,,2816.29931640625
,208,,,,2589.251708984375
,209,,,,3193.3984375
,210,,,,2514.177978515625
,211,,,,2587.932861328125
,212,,,,2240.04931640625
,213,,,,2245.40185546875
,214,,,,3118.87353515625
,215,,,,3514.0634765625
,216,,,,2695.23486328125
,217,,,,2993.989013671875
,218,,,,2181.308349609375
,219,,,,2540.534912109375
,220,,,,2275.186279296875
,221,,,,2129.09814453125
,222,,,,1959.346435546875
,223,,,,1436.2388916015625
,224,,,,1788.79638671875
,225,,,,2875.83154296875
,226,,,,2072.96337890625
,227,,,,2439.04052734375
,228,,,,2650.511962890625
,229,,,,2800.344970703125
,230,,,,2636.6591796875
,231,,,,2038.1842041015625
,232,,,,2196.70263671875
,233,,,,2623.641845703125
,234,,,,2637.82080078125
,235,,,,2173.649169921875
,236,,,,2496.919189453125
,237,,,,2712.284912109375
,238,,,,2085.97021484375
,239,,,,2177.21240234375
,240,,,,2662.236572265625
,241,,,,2577.298828125
,242,,,,2551.69287109375
,243,,,,2225.2490234375
,244,,,,2595.193359375
,245,,,,2461.60986328125
,246,,,,2275.8095703125
,247,,,,2578.250732421875
,248,,,,2544.568115234375
,249,,,,2729.543701171875
,250,,,,2700.599853515625
,251,,,,2613.45654296875
3,999,,,2461.81787109375,
3,999,2445.48486328125,,,
4,1049,,2599.71337890625,,
4,1099,,2255.211181640625,,
4,1149,,2682.97412109375,,
4,1199,,1873.32666015625,,
4,1249,,2209.7763671875,,
,252,,,,2338.291748046875
,253,,,,2852.078369140625
,254,,,,2352.52587890625
,255,,,,2120.8447265625
,256,,,,1902.9908447265625
,257,,,,2062.991943359375
,258,,,,2114.244140625
,259,,,,2540.120361328125
,260,,,,2323.836669921875
,261,,,,3043.32421875
,262,,,,2492.4287109375
,263,,,,2928.397216796875
,264,,,,2290.86376953125
,265,,,,2301.50048828125
,266,,,,2214.95947265625
,267,,,,2365.183349609375
,268,,,,2311.9921875
,269,,,,2542.95703125
,270,,,,2809.82763671875
,271,,,,2583.22607421875
,272,,,,3182.60107421875
,273,,,,2506.94970703125
,274,,,,2582.140625
,275,,,,2234.17431640625
,276,,,,2239.3046875
,277,,,,3110.48388671875
,278,,,,3503.8642578125
,279,,,,2686.40283203125
,280,,,,2984.662109375
,281,,,,2175.73583984375
,282,,,,2533.06494140625
,283,,,,2269.964111328125
,284,,,,2123.267578125
,285,,,,1953.75341796875
,286,,,,1433.584716796875
,287,,,,1784.318115234375
,288,,,,2867.2939453125
,289,,,,2067.796630859375
,290,,,,2432.13037109375
,291,,,,2643.4853515625
,292,,,,2792.696533203125
,293,,,,2628.954345703125
,294,,,,2032.7386474609375
,295,,,,2191.0966796875
,296,,,,2616.890869140625
,297,,,,2630.52587890625
,298,,,,2168.76025390625
,299,,,,2490.24560546875
,300,,,,2704.480224609375
,301,,,,2080.59716796875
,302,,,,2171.697021484375
,303,,,,2655.0390625
,304,,,,2569.70751953125
,305,,,,2545.202392578125
,306,,,,2219.0068359375
,307,,,,2589.775390625
,308,,,,2455.26708984375
,309,,,,2269.3349609375
,310,,,,2571.580322265625
,311,,,,2537.292236328125
,312,,,,2722.60546875
,313,,,,2693.183837890625
,314,,,,2606.557373046875
4,1249,,,2455.16015625,
4,1249,2422.92041015625,,,
5,1299,,2159.77587890625,,
5,1349,,2428.2626953125,,
5,1399,,2390.7578125,,
5,1449,,2111.624755859375,,
5,1499,,1860.072021484375,,
,315,,,,2331.126220703125
,316,,,,2843.699951171875
,317,,,,2346.76025390625
,318,,,,2113.56640625
,319,,,,1900.134765625
,320,,,,2058.2685546875
,321,,,,2107.4453125
,322,,,,2533.662109375
,323,,,,2317.64404296875
,324,,,,3033.779296875
,325,,,,2486.24169921875
,326,,,,2918.17919921875
,327,,,,2284.3779296875
,328,,,,2294.52392578125
,329,,,,2210.08740234375
,330,,,,2356.9375
,331,,,,2305.049072265625
,332,,,,2535.7333984375
,333,,,,2801.092041015625
,334,,,,2577.18017578125
,335,,,,3172.108642578125
,336,,,,2501.14013671875
,337,,,,2575.493408203125
,338,,,,2228.548095703125
,339,,,,2234.199951171875
,340,,,,3100.05029296875
,341,,,,3490.906494140625
,342,,,,2678.58203125
,343,,,,2975.6533203125
,344,,,,2169.684326171875
,345,,,,2525.38671875
,346,,,,2264.279296875
,347,,,,2120.22705078125
,348,,,,1949.1070556640625
,349,,,,1430.550537109375
,350,,,,1779.7520751953125
,351,,,,2858.6015625
,352,,,,2061.482666015625
,353,,,,2425.08349609375
,354,,,,2636.51171875
,355,,,,2785.251953125
,356,,,,2620.59619140625
,357,,,,2026.43212890625
,358,,,,2185.911865234375
,359,,,,2609.257568359375
,360,,,,2622.939453125
,361,,,,2162.61474609375
,362,,,,2484.42822265625
,363,,,,2698.1669921875
,364,,,,2076.411865234375
,365,,,,2165.484130859375
,366,,,,2647.3544921875
,367,,,,2562.55029296875
,368,,,,2537.77685546875
,369,,,,2214.176025390625
,370,,,,2580.6171875
,371,,,,2447.581298828125
,372,,,,2263.677490234375
,373,,,,2563.374267578125
,374,,,,2530.123046875
,375,,,,2714.1572265625
,376,,,,2685.378173828125
,377,,,,2600.076171875
5,1499,,,2448.27392578125,
5,1499,2400.864501953125,,,
6,1549,,2533.3984375,,
6,1599,,2206.465576171875,,
6,1649,,2199.656982421875,,
6,1699,,2128.312255859375,,
6,1749,,2814.1884765625,,
,378,,,,2324.118896484375
,379,,,,2834.632568359375
,380,,,,2340.4365234375
,381,,,,2107.0234375
,382,,,,1896.548583984375
,383,,,,2052.17822265625
,384,,,,2101.111328125
,385,,,,2527.17724609375
,386,,,,2310.79443359375
,387,,,,3022.330322265625
,388,,,,2479.35302734375
,389,,,,2908.501953125
,390,,,,2277.81640625
,391,,,,2286.822021484375
,392,,,,2204.947265625
,393,,,,2349.544677734375
,394,,,,2298.93359375
,395,,,,2528.170654296875
,396,,,,2792.96240234375
,397,,,,2570.640380859375
,398,,,,3162.689453125
,399,,,,2494.640625
,400,,,,2567.8251953125
,401,,,,2222.541259765625
,402,,,,2228.60595703125
,403,,,,3090.5634765625
,404,,,,3478.263916015625
,405,,,,2670.4990234375
,406,,,,2966.251708984375
,407,,,,2163.592041015625
,408,,,,2517.7099609375
,409,,,,2258.23779296875
,410,,,,2115.9052734375
,411,,,,1943.8917236328125
,412,,,,1427.6551513671875
,413,,,,1774.832763671875
,414,,,,2850.15234375
,415,,,,2056.185546875
,416,,,,2418.2470703125
,417,,,,2628.34033203125
,418,,,,2777.71484375
,419,,,,2611.28076171875
,420,,,,2020.439697265625
,421,,,,2180.460205078125
,422,,,,2602.26220703125
,423,,,,2614.79150390625
,424,,,,2156.72412109375
,425,,,,2477.929443359375
,426,,,,2690.96923828125
,427,,,,2070.527587890625
,428,,,,2158.8125
,429,,,,2638.87841796875
,430,,,,2554.31396484375
,431,,,,2531.076171875
,432,,,,2208.61572265625
,433,,,,2571.706298828125
,434,,,,2440.780517578125
,435,,,,2256.87646484375
,436,,,,2555.6123046875
,437,,,,2521.7021484375
,438,,,,2706.084228515625
,439,,,,2678.1650390625
,440,,,,2593.5986328125
6,1749,,,2441.1708984375,
6,1749,2384.39013671875,,,
7,1799,,2500.832275390625,,
7,1849,,1967.9974365234375,,
7,1899,,2189.429931640625,,
7,1949,,2279.8603515625,,
7,1999,,2540.708984375,,
,441,,,,2315.396484375
,442,,,,2826.75830078125
,443,,,,2334.39599609375
,444,,,,2099.9296875
,445,,,,1892.435546875
,446,,,,2046.5770263671875
,447,,,,2093.678466796875
,448,,,,2520.3310546875
,449,,,,2304.186279296875
,450,,,,3012.719970703125
,451,,,,2471.0361328125
,452,,,,2897.81884765625
,453,,,,2270.031494140625
,454,,,,2278.1201171875
,455,,,,2198.28662109375
,456,,,,2342.88623046875
,457,,,,2291.7177734375
,458,,,,2519.7392578125
,459,,,,2784.95166015625
,460,,,,2564.7255859375
,461,,,,3151.185791015625
,462,,,,2487.060546875
,463,,,,2560.9609375
,464,,,,2215.710205078125
,465,,,,2224.066650390625
,466,,,,3080.99951171875
,467,,,,3464.00830078125
,468,,,,2661.52197265625
,469,,,,2955.8115234375
,470,,,,2156.9541015625
,471,,,,2510.131103515625
,472,,,,2251.52587890625
,473,,,,2111.675048828125
,474,,,,1939.359375
,475,,,,1424.508544921875
,476,,,,1770.0521240234375
,477,,,,2839.689208984375
,478,,,,2050.33056640625
,479,,,,2409.912353515625
,480,,,,2620.824951171875
,481,,,,2768.78955078125
,482,,,,2602.98779296875
,483,,,,2015.598388671875
,484,,,,2175.77197265625
,485,,,,2595.112548828125
,486,,,,2605.7001953125
,487,,,,2150.72705078125
,488,,,,2472.1376953125
,489,,,,2683.7880859375
,490,,,,2065.46630859375
,491,,,,2152.71533203125
,492,,,,2630.610595703125
,493,,,,2546.482421875
,494,,,,2523.95361328125
,495,,,,2202.2998046875
,496,,,,2563.25048828125
,497,,,,2432.3427734375
,498,,,,2250.1650390625
,499,,,,2546.65966796875
,500,,,,2515.1416015625
,501,,,,2697.59228515625
,502,,,,2669.95166015625
,503,,,,2587.37353515625
7,1999,,,2433.8076171875,
7,1999,2371.155517578125,,,
8,2049,,2366.388671875,,
8,2099,,1724.758056640625,,
8,2149,,1901.0748291015625,,
8,2199,,2089.702880859375,,
8,2249,,2090.68701171875,,
,504,,,,2304.89306640625
,505,,,,2815.9326171875
,506,,,,2327.474609375
,507,,,,2089.69873046875
,508,,,,1884.817138671875
,509,,,,2039.412353515625
,510,,,,2086.012939453125
,511,,,,2512.3349609375
,512,,,,2296.345703125
,513,,,,2999.550048828125
,514,,,,2460.631103515625
,515,,,,2886.818603515625
,516,,,,2261.59619140625
,517,,,,2268.68896484375
,518,,,,2189.869384765625
,519,,,,2332.778564453125
,520,,,,2281.359130859375
,521,,,,2509.07177734375
,522,,,,2774.552734375
,523,,,,2555.762451171875
,524,,,,3136.963134765625
,525,,,,2478.622802734375
,526,,,,2552.218994140625
,527,,,,2206.71435546875
,528,,,,2215.37451171875
,529,,,,3067.906494140625
,530,,,,3449.741943359375
,531,,,,2648.56689453125
,532,,,,2942.557373046875
,533,,,,2148.04443359375
,534,,,,2498.97900390625
,535,,,,2244.1533203125
,536,,,,2102.7587890625
,537,,,,1931.292724609375
,538,,,,1419.1796875
,539,,,,1763.337158203125
,540,,,,2827.31689453125
,541,,,,2041.37939453125
,542,,,,2400.153564453125
,543,,,,2611.5380859375
,544,,,,2759.48974609375
,545,,,,2592.14453125
,546,,,,2006.2210693359375
,547,,,,2168.424072265625
,548,,,,2584.615234375
,549,,,,2596.069091796875
,550,,,,2143.38525390625
,551,,,,2463.11669921875
,552,,,,2673.76953125
,553,,,,2058.92626953125
,554,,,,2144.083251953125
,555,,,,2619.64453125
,556,,,,2536.854736328125
,557,,,,2512.8388671875
,558,,,,2194.26513671875
,559,,,,2554.396728515625
,560,,,,2423.16943359375
,561,,,,2242.45654296875
,562,,,,2535.963623046875
,563,,,,2506.224609375
,564,,,,2688.257568359375
,565,,,,2658.76708984375
,566,,,,2577.38671875
8,2249,,,2424.258544921875,
8,2249,2357.672119140625,,,
9,2299,,2376.306884765625,,
9,2349,,2397.109375,,
9,2399,,2035.6856689453125,,
9,2449,,2538.11767578125,,
9,2499,,2526.5771484375,,
,567,,,,2295.636962890625
,568,,,,2804.47998046875
,569,,,,2319.644287109375
,570,,,,2081.62060546875
,571,,,,1881.4276123046875
,572,,,,2032.8804931640625
,573,,,,2077.8994140625
,574,,,,2503.798095703125
,575,,,,2289.33154296875
,576,,,,2989.32861328125
,577,,,,2454.1650390625
,578,,,,2875.188232421875
,579,,,,2251.98583984375
,580,,,,2260.435546875
,581,,,,2183.8349609375
,582,,,,2323.921142578125
,583,,,,2273.162109375
,584,,,,2499.31982421875
,585,,,,2766.5576171875
,586,,,,2549.14794921875
,587,,,,3124.288330078125
,588,,,,2469.6943359375
,589,,,,2543.73486328125
,590,,,,2199.6845703125
,591,,,,2208.459228515625
,592,,,,3056.74609375
,593,,,,3433.401123046875
,594,,,,2639.95068359375
,595,,,,2934.46240234375
,596,,,,2140.19482421875
,597,,,,2489.076171875
,598,,,,2236.769287109375
,599,,,,2100.97265625
,600,,,,1925.43994140625
,601,,,,1415.2452392578125
,602,,,,1757.29931640625
,603,,,,2815.9130859375
,604,,,,2033.7412109375
,605,,,,2391.896484375
,606,,,,2602.5478515625
,607,,,,2750.05908203125
,608,,,,2582.540771484375
,609,,,,2000.960693359375
,610,,,,2163.33740234375
,611,,,,2574.84130859375
,612,,,,2586.52734375
,613,,,,2136.4208984375
,614,,,,2455.69482421875
,615,,,,2668.416259765625
,616,,,,2052.851806640625
,617,,,,2137.457275390625
,618,,,,2609.841796875
,619,,,,2526.436767578125
,620,,,,2503.615478515625
,621,,,,2187.060546875
,622,,,,2542.495361328125
,623,,,,2414.6494140625
,624,,,,2234.0078125
,625,,,,2526.1552734375
,626,,,,2497.39453125
,627,,,,2676.760009765625
,628,,,,2649.36572265625
,629,,,,2567.155517578125
9,2499,,,2415.89990234375,
9,2499,2343.8291015625,,,
10,2549,,2040.9085693359375,,
10,2599,,1940.2861328125,,
10,2649,,1844.699951171875,,
10,2699,,2768.306884765625,,
10,2749,,2169.744140625,,
,630,,,,2281.8134765625
,631,,,,2790.493408203125
,632,,,,2309.107421875
,633,,,,2068.82666015625
,634,,,,1870.6781005859375
,635,,,,2021.1845703125
,636,,,,2067.193359375
,637,,,,2491.28076171875
,638,,,,2276.29248046875
,639,,,,2971.18408203125
,640,,,,2438.14990234375
,641,,,,2857.542724609375
,642,,,,2240.320556640625
,643,,,,2246.225830078125
,644,,,,2172.44580078125
,645,,,,2312.09912109375
,646,,,,2261.59912109375
,647,,,,2485.31201171875
,648,,,,2751.8134765625
,649,,,,2538.356201171875
,650,,,,3106.64892578125
,651,,,,2455.79541015625
,652,,,,2532.151611328125
,653,,,,2187.7138671875
,654,,,,2197.609375
,655,,,,3039.723876953125
,656,,,,3412.54345703125
,657,,,,2623.12548828125
,658,,,,2912.5634765625
,659,,,,2129.12548828125
,660,,,,2476.64404296875
,661,,,,2225.218017578125
,662,,,,2089.771240234375
,663,,,,1915.609130859375
,664,,,,1409.085205078125
,665,,,,1748.0750732421875
,666,,,,2799.177734375
,667,,,,2024.111328125
,668,,,,2377.52587890625
,669,,,,2586.5283203125
,670,,,,2736.5087890625
,671,,,,2567.21484375
,672,,,,1988.452880859375
,673,,,,2153.0732421875
,674,,,,2562.181640625
,675,,,,2569.382080078125
,676,,,,2125.64111328125
,677,,,,2443.3466796875
,678,,,,2653.80224609375
,679,,,,2041.04345703125
,680,,,,2124.73291015625
,681,,,,2596.4462890625
,682,,,,2511.72216796875
,683,,,,2492.35546875
,684,,,,2175.929443359375
,685,,,,2529.38525390625
,686,,,,2400.2705078125
,687,,,,2222.6962890625
,688,,,,2511.588623046875
,689,,,,2483.48681640625
,690,,,,2665.3544921875
,691,,,,2635.4814453125
,692,,,,2554.4814453125
10,2749,,,2402.68798828125,
10,2749,2334.1142578125,,,
11,2799,,1540.39013671875,,
11,2849,,1956.9559326171875,,
11,2899,,2339.587158203125,,
11,2949,,2293.80126953125,,
11,2999,,2489.901123046875,,
,693,,,,2278.794921875
,694,,,,2784.58544921875
,695,,,,2309.2568359375
,696,,,,2066.747314453125
,697,,,,1875.141845703125
,698,,,,2021.3714599609375
,699,,,,2065.179931640625
,700,,,,2489.59130859375
,701,,,,2276.29541015625
,702,,,,2964.693359375
,703,,,,2436.274658203125
,704,,,,2853.14453125
,705,,,,2238.52001953125
,706,,,,2243.427001953125
,707,,,,2171.77685546875
,708,,,,2309.44091796875
,709,,,,2258.536865234375
,710,,,,2481.98291015625
,711,,,,2748.384521484375
,712,,,,2535.11328125
,713,,,,3099.66943359375
,714,,,,2452.723876953125
,715,,,,2529.45947265625
,716,,,,2184.7978515625
,717,,,,2197.385498046875
,718,,,,3033.433837890625
,719,,,,3402.86669921875
,720,,,,2622.23486328125
,721,,,,2911.609130859375
,722,,,,2128.6767578125
,723,,,,2473.482421875
,724,,,,2225.54248046875
,725,,,,2094.55810546875
,726,,,,1915.9150390625
,727,,,,1410.02978515625
,728,,,,1748.302490234375
,729,,,,2795.642333984375
,730,,,,2024.430908203125
,731,,,,2375.341064453125
,732,,,,2586.505859375
,733,,,,2732.923828125
,734,,,,2561.58984375
,735,,,,1990.186767578125
,736,,,,2153.994140625
,737,,,,2558.481201171875
,738,,,,2567.9794921875
,739,,,,2123.06787109375
,740,,,,2443.080078125
,741,,,,2655.662109375
,742,,,,2044.283447265625
,743,,,,2124.3583984375
,744,,,,2590.43115234375
,745,,,,2510.082275390625
,746,,,,2488.30078125
,747,,,,2176.0341796875
,748,,,,2523.0498046875
,749,,,,2398.6943359375
,750,,,,2220.68212890625
,751,,,,2507.94287109375
,752,,,,2483.00048828125
,753,,,,2658.0771484375
,754,,,,2630.259033203125
,755,,,,2554.489501953125
11,2999,,,2400.644287109375,
11,2999,2323.547119140625,,,
12,3049,,2670.18212890625,,
12,3099,,2212.91845703125,,
12,3149,,2649.0927734375,,
12,3199,,2363.5986328125,,
12,3249,,2163.53173828125,,
,756,,,,2258.629638671875
,757,,,,2765.24462890625
,758,,,,2294.372314453125
,759,,,,2048.62255859375
,760,,,,1863.0194091796875
,761,,,,2008.4801025390625
,762,,,,2050.63525390625
,763,,,,2474.40234375
,764,,,,2259.663330078125
,765,,,,2943.974609375
,766,,,,2415.71533203125
,767,,,,2830.80615234375
,768,,,,2221.34814453125
,769,,,,2225.05126953125
,770,,,,2156.875
,771,,,,2291.208984375
,772,,,,2242.37841796875
,773,,,,2463.19921875
,774,,,,2728.57470703125
,775,,,,2520.60595703125
,776,,,,3074.9033203125
,777,,,,2437.81298828125
,778,,,,2514.189208984375
,779,,,,2168.492919921875
,780,,,,2184.202392578125
,781,,,,3012.852783203125
,782,,,,3375.49267578125
,783,,,,2599.400390625
,784,,,,2887.052734375
,785,,,,2114.232421875
,786,,,,2454.764892578125
,787,,,,2211.978515625
,788,,,,2079.67431640625
,789,,,,1902.8216552734375
,790,,,,1401.587646484375
,791,,,,1735.300537109375
,792,,,,2773.58984375
,793,,,,2011.473876953125
,794,,,,2357.969482421875
,795,,,,2568.239990234375
,796,,,,2715.460205078125
,797,,,,2542.89501953125
,798,,,,1971.8433837890625
,799,,,,2138.649658203125
,800,,,,2542.73974609375
,801,,,,2547.85302734375
,802,,,,2109.296875
,803,,,,2429.2744140625
,804,,,,2635.198486328125
,805,,,,2030.0322265625
,806,,,,2109.00634765625
,807,,,,2572.72705078125
,808,,,,2491.50048828125
,809,,,,2470.89697265625
,810,,,,2160.246826171875
,811,,,,2505.9970703125
,812,,,,2380.935791015625
,813,,,,2204.3154296875
,814,,,,2488.053955078125
,815,,,,2465.616455078125
,816,,,,2640.32421875
,817,,,,2612.6708984375
,818,,,,2540.15869140625
12,3249,,,2383.430908203125,
12,3249,2314.53271484375,,,
13,3299,,2138.418701171875,,
13,3349,,2241.689697265625,,
13,3399,,2933.3759765625,,
13,3449,,1839.6689453125,,
13,3499,,2091.21484375,,
,819,,,,2253.58154296875
,820,,,,2752.9794921875
,821,,,,2286.93408203125
,822,,,,2045.8995361328125
,823,,,,1865.2501220703125
,824,,,,2004.0328369140625
,825,,,,2044.818359375
,826,,,,2467.95751953125
,827,,,,2254.10986328125
,828,,,,2936.251953125
,829,,,,2413.2294921875
,830,,,,2815.7802734375
,831,,,,2216.810302734375
,832,,,,2218.045654296875
,833,,,,2153.4365234375
,834,,,,2282.6591796875
,835,,,,2236.1630859375
,836,,,,2458.37451171875
,837,,,,2725.481689453125
,838,,,,2517.8720703125
,839,,,,3064.15380859375
,840,,,,2430.125244140625
,841,,,,2503.3671875
,842,,,,2165.933837890625
,843,,,,2181.42626953125
,844,,,,3000.119140625
,845,,,,3356.975830078125
,846,,,,2597.69482421875
,847,,,,2880.30322265625
,848,,,,2110.43017578125
,849,,,,2448.689453125
,850,,,,2204.82666015625
,851,,,,2083.3173828125
,852,,,,1901.810791015625
,853,,,,1399.6815185546875
,854,,,,1731.5794677734375
,855,,,,2766.208984375
,856,,,,2003.900390625
,857,,,,2350.84619140625
,858,,,,2561.6025390625
,859,,,,2707.599853515625
,860,,,,2533.96484375
,861,,,,1971.975341796875
,862,,,,2138.32958984375
,863,,,,2535.39697265625
,864,,,,2539.462890625
,865,,,,2105.04541015625
,866,,,,2425.34521484375
,867,,,,2635.78857421875
,868,,,,2026.306640625
,869,,,,2105.451171875
,870,,,,2564.808837890625
,871,,,,2486.9296875
,872,,,,2467.20458984375
,873,,,,2159.072021484375
,874,,,,2494.257568359375
,875,,,,2373.971923828125
,876,,,,2197.64453125
,877,,,,2479.74072265625
,878,,,,2461.1142578125
,879,,,,2630.173583984375
,880,,,,2605.773681640625
,881,,,,2535.736328125
13,3499,,,2377.694091796875,
13,3499,2303.294677734375,,,
14,3549,,2257.254150390625,,
14,3599,,2572.978515625,,
14,3649,,2164.071044921875,,
14,3699,,2466.490966796875,,
14,3749,,2459.97607421875,,
,882,,,,2226.249755859375
,883,,,,2729.21337890625
,884,,,,2269.212158203125
,885,,,,2018.467041015625
,886,,,,1845.9283447265625
,887,,,,1982.5015869140625
,888,,,,2021.4453125
,889,,,,2446.43017578125
,890,,,,2231.396484375
,891,,,,2902.9130859375
,892,,,,2385.1328125
,893,,,,2787.35302734375
,894,,,,2191.68603515625
,895,,,,2190.81103515625
,896,,,,2131.47314453125
,897,,,,2258.94140625
,898,,,,2212.7333984375
,899,,,,2430.179443359375
,900,,,,2697.15966796875
,901,,,,2494.7021484375
,902,,,,3032.20458984375
,903,,,,2407.837646484375
,904,,,,2482.894287109375
,905,,,,2140.50390625
,906,,,,2160.2431640625
,907,,,,2973.62548828125
,908,,,,3321.2880859375
,909,,,,2565.7734375
,910,,,,2845.89208984375
,911,,,,2085.2666015625
,912,,,,2423.224609375
,913,,,,2184.402587890625
,914,,,,2060.73095703125
,915,,,,1881.326171875
,916,,,,1385.221435546875
,917,,,,1713.097412109375
,918,,,,2734.7294921875
,919,,,,1985.7154541015625
,920,,,,2324.45947265625
,921,,,,2535.91748046875
,922,,,,2681.7158203125
,923,,,,2507.30029296875
,924,,,,1949.28076171875
,925,,,,2117.92724609375
,926,,,,2510.341796875
,927,,,,2509.755859375
,928,,,,2082.6240234375
,929,,,,2401.36962890625
,930,,,,2608.6044921875
,931,,,,2005.825927734375
,932,,,,2081.188720703125
,933,,,,2539.14892578125
,934,,,,2458.44580078125
,935,,,,2441.607421875
,936,,,,2132.81005859375
,937,,,,2469.75537109375
,938,,,,2349.276123046875
,939,,,,2176.604736328125
,940,,,,2454.371337890625
,941,,,,2432.48193359375
,942,,,,2605.741943359375
,943,,,,2578.500732421875
,944,,,,2509.8203125
14,3749,,,2352.76611328125,
14,3749,2299.9716796875,,,
15,3799,,3321.194580078125,,
15,3849,,1916.922119140625,,
15,3899,,2579.8056640625,,
15,3949,,1867.074951171875,,
15,3999,,2161.355712890625,,
,945,,,,2217.186279296875
,946,,,,2714.301513671875
,947,,,,2259.696533203125
,948,,,,2009.6502685546875
,949,,,,1840.443603515625
,950,,,,1979.831787109375
,951,,,,2015.443359375
,952,,,,2439.432373046875
,953,,,,2224.51171875
,954,,,,2889.35986328125
,955,,,,2377.615234375
,956,,,,2776.056396484375
,957,,,,2179.50146484375
,958,,,,2181.47705078125
,959,,,,2125.601806640625
,960,,,,2253.70703125
,961,,,,2200.02294921875
,962,,,,2412.568359375
,963,,,,2688.22607421875
,964,,,,2489.095703125
,965,,,,3016.6455078125
,966,,,,2393.60498046875
,967,,,,2475.32373046875
,968,,,,2132.78515625
,969,,,,2153.271240234375
,970,,,,2955.3291015625
,971,,,,3302.2333984375
,972,,,,2551.233154296875
,973,,,,2835.1015625
,974,,,,2077.188720703125
,975,,,,2409.9814453125
,976,,,,2179.619140625
,977,,,,2060.3330078125
,978,,,,1875.1094970703125
,979,,,,1385.20263671875
,980,,,,1708.253662109375
,981,,,,2718.889892578125
,982,,,,1978.2978515625
,983,,,,2318.012939453125
,984,,,,2524.5498046875
,985,,,,2670.318603515625
,986,,,,2492.702392578125
,987,,,,1941.458251953125
,988,,,,2113.461181640625
,989,,,,2500.365966796875
,990,,,,2502.14111328125
,991,,,,2077.83544921875
,992,,,,2396.0615234375
,993,,,,2599.8115234375
,994,,,,2002.0330810546875
,995,,,,2077.379150390625
,996,,,,2527.9443359375
,997,,,,2448.88427734375
,998,,,,2429.620361328125
,999,,,,2128.3330078125
,1000,,,,2459.7890625
,1001,,,,2338.87890625
,1002,,,,2166.349609375
,1003,,,,2438.3974609375
,1004,,,,2423.20654296875
,1005,,,,2592.16064453125
,1006,,,,2564.047607421875
,1007,,,,2499.84130859375
15,3999,,,2343.452392578125,
15,3999,2289.716796875,,,
16,4049,,1969.1778564453125,,
16,4099,,2414.00439453125,,
16,4149,,2300.19677734375,,
16,4199,,1884.1397705078125,,
16,4249,,1994.2281494140625,,
,1008,,,,2196.486083984375
,1009,,,,2697.57177734375
,1010,,,,2247.325439453125
,1011,,,,1990.97119140625
,1012,,,,1835.5921630859375
,1013,,,,1964.608154296875
,1014,,,,1997.3387451171875
,1015,,,,2420.17919921875
,1016,,,,2209.38671875
,1017,,,,2861.378173828125
,1018,,,,2355.08056640625
,1019,,,,2753.50341796875
,1020,,,,2165.552734375
,1021,,,,2162.946533203125
,1022,,,,2110.386474609375
,1023,,,,2231.181396484375
,1024,,,,2185.536865234375
,1025,,,,2402.58740234375
,1026,,,,2667.9970703125
,1027,,,,2472.62451171875
,1028,,,,2988.9208984375
,1029,,,,2382.49658203125
,1030,,,,2457.85546875
,1031,,,,2112.7392578125
,1032,,,,2137.67919921875
,1033,,,,2936.10205078125
,1034,,,,3264.661376953125
,1035,,,,2536.66015625
,1036,,,,2808.75
,1037,,,,2065.225830078125
,1038,,,,2396.07666015625
,1039,,,,2166.157958984375
,1040,,,,2046.800537109375
,1041,,,,1864.5487060546875
,1042,,,,1374.291015625
,1043,,,,1695.2879638671875
,1044,,,,2698.805908203125
,1045,,,,1965.302490234375
,1046,,,,2297.02587890625
,1047,,,,2509.930908203125
,1048,,,,2653.547119140625
,1049,,,,2475.6171875
,1050,,,,1927.005615234375
,1051,,,,2103.146484375
,1052,,,,2482.227294921875
,1053,,,,2478.406982421875
,1054,,,,2060.32421875
,1055,,,,2379.41357421875
,1056,,,,2585.28662109375
,1057,,,,1988.359375
,1058,,,,2055.86328125
,1059,,,,2505.97412109375
,1060,,,,2431.424560546875
,1061,,,,2410.461669921875
,1062,,,,2110.8623046875
,1063,,,,2436.04833984375
,1064,,,,2320.453125
,1065,,,,2152.65087890625
,1066,,,,2420.6181640625
,1067,,,,2412.69091796875
,1068,,,,2575.7666015625
,1069,,,,2545.673828125
,1070,,,,2483.88232421875
16,4249,,,2326.19677734375,
16,4249,2282.77783203125,,,
17,4299,,1808.86669921875,,
17,4349,,1708.2314453125,,
17,4399,,2587.3115234375,,
17,4449,,2424.5859375,,
17,4499,,2353.61376953125,,
,1071,,,,2177.180908203125
,1072,,,,2670.444580078125
,1073,,,,2230.25732421875
,1074,,,,1971.8006591796875
,1075,,,,1822.8916015625
,1076,,,,1950.383544921875
,1077,,,,1980.118896484375
,1078,,,,2402.00341796875
,1079,,,,2192.668212890625
,1080,,,,2832.494873046875
,1081,,,,2335.651611328125
,1082,,,,2727.080078125
,1083,,,,2143.41845703125
,1084,,,,2142.387451171875
,1085,,,,2096.267333984375
,1086,,,,2210.44140625
,1087,,,,2162.637939453125
,1088,,,,2374.08740234375
,1089,,,,2646.83837890625
,1090,,,,2455.79345703125
,1091,,,,2962.342041015625
,1092,,,,2359.733154296875
,1093,,,,2439.028076171875
,1094,,,,2095.198974609375
,1095,,,,2123.14794921875
,1096,,,,2909.9990234375
,1097,,,,3235.130126953125
,1098,,,,2510.737548828125
,1099,,,,2786.349365234375
,1100,,,,2045.7591552734375
,1101,,,,2373.12744140625
,1102,,,,2147.05908203125
,1103,,,,2037.4771728515625
,1104,,,,1851.3533935546875
,1105,,,,1365.009033203125
,1106,,,,1683.05517578125
,1107,,,,2671.44384765625
,1108,,,,1945.8841552734375
,1109,,,,2277.455810546875
,1110,,,,2488.204345703125
,1111,,,,2634.89453125
,1112,,,,2451.671630859375
,1113,,,,1909.8604736328125
,1114,,,,2087.73974609375
,1115,,,,2461.15478515625
,1116,,,,2456.166748046875
,1117,,,,2041.6572265625
,1118,,,,2360.727294921875
,1119,,,,2569.0087890625
,1120,,,,1974.2857666015625
,1121,,,,2041.543212890625
,1122,,,,2484.0927734375
,1123,,,,2407.15869140625
,1124,,,,2387.98779296875
,1125,,,,2093.116455078125
,1126,,,,2411.71728515625
,1127,,,,2302.27880859375
,1128,,,,2132.72412109375
,1129,,,,2395.306640625
,1130,,,,2390.044189453125
,1131,,,,2546.3505859375
,1132,,,,2522.982421875
,1133,,,,2462.86865234375
17,4499,,,2306.02001953125,
17,4499,2278.362548828125,,,
18,4549,,2224.61767578125,,
18,4599,,2398.761962890625,,
18,4649,,2196.14208984375,,
18,4699,,1807.150634765625,,
18,4749,,1749.9161376953125,,
,1134,,,,2154.752197265625
,1135,,,,2652.68798828125
,1136,,,,2216.956298828125
,1137,,,,1950.3787841796875
,1138,,,,1814.309814453125
,1139,,,,1932.8267822265625
,1140,,,,1957.404052734375
,1141,,,,2383.70703125
,1142,,,,2176.4560546875
,1143,,,,2807.01953125
,1144,,,,2309.06201171875
,1145,,,,2705.326171875
,1146,,,,2127.60986328125
,1147,,,,2124.00634765625
,1148,,,,2079.5947265625
,1149,,,,2191.055908203125
,1150,,,,2146.8232421875
,1151,,,,2358.86279296875
,1152,,,,2625.654296875
,1153,,,,2438.007568359375
,1154,,,,2935.54150390625
,1155,,,,2343.842529296875
,1156,,,,2426.86328125
,1157,,,,2076.012939453125
,1158,,,,2109.353759765625
,1159,,,,2889.437744140625
,1160,,,,3200.79052734375
,1161,,,,2490.907470703125
,1162,,,,2759.2255859375
,1163,,,,2029.1231689453125
,1164,,,,2355.94873046875
,1165,,,,2136.106201171875
,1166,,,,2024.211181640625
,1167,,,,1836.8623046875
,1168,,,,1353.2388916015625
,1169,,,,1669.5
,1170,,,,2650.9521484375
,1171,,,,1937.6407470703125
,1172,,,,2259.683837890625
,1173,,,,2477.88427734375
,1174,,,,2613.129638671875
,1175,,,,2428.59375
,1176,,,,1892.51513671875
,1177,,,,2073.9462890625
,1178,,,,2444.24755859375
,1179,,,,2433.10302734375
,1180,,,,2025.1158447265625
,1181,,,,2347.650146484375
,1182,,,,2550.02099609375
,1183,,,,1960.4056396484375
,1184,,,,2021.7113037109375
,1185,,,,2461.1162109375
,1186,,,,2384.771240234375
,1187,,,,2369.15283203125
,1188,,,,2077.6650390625
,1189,,,,2390.02197265625
,1190,,,,2278.82861328125
,1191,,,,2116.072998046875
,1192,,,,2375.922119140625
,1193,,,,2375.884765625
,1194,,,,2527.3955078125
,1195,,,,2500.2314453125
,1196,,,,2447.55029296875
18,4749,,,2287.791015625,
18,4749,2272.142333984375,,,
19,4799,,1953.914794921875,,
19,4849,,2048.05078125,,
19,4899,,2434.70654296875,,
19,4949,,2144.46826171875,,
19,4999,,1979.048828125,,
,1197,,,,2145.416015625
,1198,,,,2633.2880859375
,1199,,,,2207.3984375
,1200,,,,1942.93505859375
,1201,,,,1813.597412109375
,1202,,,,1927.748046875
,1203,,,,1952.300537109375
,1204,,,,2378.275390625
,1205,,,,2169.18359375
,1206,,,,2795.612060546875
,1207,,,,2306.794921875
,1208,,,,2688.46337890625
,1209,,,,2113.78076171875
,1210,,,,2111.908203125
,1211,,,,2076.97900390625
,1212,,,,2178.4462890625
,1213,,,,2131.24560546875
,1214,,,,2343.939697265625
,1215,,,,2616.9130859375
,1216,,,,2432.828125
,1217,,,,2918.155517578125
,1218,,,,2330.6533203125
,1219,,,,2411.0595703125
,1220,,,,2072.84814453125
,1221,,,,2106.718994140625
,1222,,,,2869.60888671875
,1223,,,,3179.8173828125
,1224,,,,2481.9384765625
,1225,,,,2751.26025390625
,1226,,,,2021.767822265625
,1227,,,,2339.44140625
,1228,,,,2125.3740234375
,1229,,,,2027.161376953125
,1230,,,,1833.87060546875
,1231,,,,1353.865478515625
,1232,,,,1664.8934326171875
,1233,,,,2637.626220703125
,1234,,,,1923.727294921875
,1235,,,,2248.817626953125
,1236,,,,2462.36181640625
,1237,,,,2605.404296875
,1238,,,,2415.4716796875
,1239,,,,1885.77587890625
,1240,,,,2069.616943359375
,1241,,,,2429.7431640625
,1242,,,,2424.146728515625
,1243,,,,2019.21484375
,1244,,,,2340.080078125
,1245,,,,2545.37451171875
,1246,,,,1954.8101806640625
,1247,,,,2020.4718017578125
,1248,,,,2451.1103515625
,1249,,,,2377.7431640625
,1250,,,,2355.212646484375
,1251,,,,2072.54541015625
,1252,,,,2373.980712890625
,1253,,,,2270.31005859375
,1254,,,,2104.69873046875
,1255,,,,2357.7958984375
,1256,,,,2364.655517578125
,1257,,,,2511.3701171875
,1258,,,,2486.326171875
,1259,,,,2435.939453125
19,4999,,,2278.109619140625,
19,4999,2265.7001953125,,,
20,5049,,1892.9576416015625,,
20,5099,,2279.54443359375,,
20,5149,,2212.743408203125,,
20,5199,,2345.15234375,,
20,5249,,1663.123046875,,
,1260,,,,2114.2001953125
,1261,,,,2608.478515625
,1262,,,,2183.48291015625
,1263,,,,1913.96484375
,1264,,,,1794.343994140625
,1265,,,,1906.29345703125
,1266,,,,1921.474853515625
,1267,,,,2345.22119140625
,1268,,,,2145.4111328125
,1269,,,,2752.27490234375
,1270,,,,2272.471435546875
,1271,,,,2647.24658203125
,1272,,,,2087.568359375
,1273,,,,2078.6630859375
,1274,,,,2051.2041015625
,1275,,,,2142.06689453125
,1276,,,,2104.98681640625
,1277,,,,2320.91259765625
,1278,,,,2589.612060546875
,1279,,,,2404.994140625
,1280,,,,2877.81884765625
,1281,,,,2307.3408203125
,1282,,,,2384.87744140625
,1283,,,,2037.364501953125
,1284,,,,2075.849609375
,1285,,,,2839.191162109375
,1286,,,,3132.65478515625
,1287,,,,2445.236572265625
,1288,,,,2705.943603515625
,1289,,,,1995.221435546875
,1290,,,,2312.20263671875
,1291,,,,2105.23193359375
,1292,,,,1998.994384765625
,1293,,,,1810.37451171875
,1294,,,,1337.1011962890625
,1295,,,,1645.555908203125
,1296,,,,2601.6689453125
,1297,,,,1899.776611328125
,1298,,,,2214.482177734375
,1299,,,,2435.4755859375
,1300,,,,2575.0478515625
,1301,,,,2382.38427734375
,1302,,,,1863.8704833984375
,1303,,,,2046.73974609375
,1304,,,,2400.9150390625
,1305,,,,2386.253173828125
,1306,,,,1993.8880615234375
,1307,,,,2309.226806640625
,1308,,,,2514.751953125
,1309,,,,1927.699462890625
,1310,,,,1988.8701171875
,1311,,,,2412.8662109375
,1312,,,,2343.01416015625
,1313,,,,2322.51416015625
,1314,,,,2048.325927734375
,1315,,,,2344.37646484375
,1316,,,,2242.152099609375
,1317,,,,2082.016845703125
,1318,,,,2327.08154296875
,1319,,,,2339.17138671875
,1320,,,,2484.68896484375
,1321,,,,2458.3408203125
,1322,,,,2407.175537109375
20,5249,,,2248.720458984375,
20,5249,2259.50244140625,,,
21,5299,,2513.171630859375,,
21,5349,,2189.91552734375,,
21,5399,,2375.353515625,,
21,5449,,1833.6478271484375,,
21,5499,,2669.3447265625,,
,1323,,,,2093.338134765625
,1324,,,,2586.5224609375
,1325,,,,2172.05908203125
,1326,,,,1894.252197265625
,1327,,,,1778.8408203125
,1328,,,,1893.730712890625
,1329,,,,1904.2769775390625
,1330,,,,2337.4873046875
,1331,,,,2128.1669921875
,1332,,,,2728.74853515625
,1333,,,,2255.878173828125
,1334,,,,2626.07421875
,1335,,,,2065.5517578125
,1336,,,,2060.03857421875
,1337,,,,2034.049072265625
,1338,,,,2126.37451171875
,1339,,,,2082.913818359375
,1340,,,,2294.659912109375
,1341,,,,2572.16748046875
,1342,,,,2394.1005859375
,1343,,,,2853.578369140625
,1344,,,,2285.40576171875
,1345,,,,2368.64453125
,1346,,,,2020.98291015625
,1347,,,,2062.1943359375
,1348,,,,2816.55810546875
,1349,,,,3103.705322265625
,1350,,,,2420.15576171875
,1351,,,,2685.4345703125
,1352,,,,1976.9083251953125
,1353,,,,2292.9228515625
,1354,,,,2091.665771484375
,1355,,,,1988.4189453125
,1356,,,,1793.075439453125
,1357,,,,1327.94091796875
,1358,,,,1633.0390625
,1359,,,,2572.17529296875
,1360,,,,1886.0794677734375
,1361,,,,2196.5712890625
,1362,,,,2412.06494140625
,1363,,,,2553.16259765625
,1364,,,,2362.43798828125
,1365,,,,1850.842041015625
,1366,,,,2035.341552734375
,1367,,,,2378.869140625
,1368,,,,2366.89306640625
,1369,,,,1977.86181640625
,1370,,,,2295.73193359375
,1371,,,,2494.36376953125
,1372,,,,1915.388671875
,1373,,,,1973.252685546875
,1374,,,,2395.905029296875
,1375,,,,2325.189697265625
,1376,,,,2303.451171875
,1377,,,,2031.08447265625
,1378,,,,2324.9560546875
,1379,,,,2225.329345703125
,1380,,,,2063.3193359375
,1381,,,,2303.923583984375
,1382,,,,2317.49462890625
,1383,,,,2465.66259765625
,1384,,,,2434.232421875
,1385,,,,2387.767578125
21,5499,,,2230.4853515625,
21,5499,2255.1005859375,,,
22,5549,,1794.7530517578125,,
22,5599,,2267.74755859375,,
22,5649,,2433.91064453125,,
22,5699,,2121.062744140625,,
22,5749,,2006.2510986328125,,
,1386,,,,2079.82861328125
,1387,,,,2570.316162109375
,1388,,,,2167.33251953125
,1389,,,,1884.6663818359375
,1390,,,,1777.2188720703125
,1391,,,,1883.5301513671875
,1392,,,,1895.28759765625
,1393,,,,2326.775390625
,1394,,,,2121.00830078125
,1395,,,,2713.66796875
,1396,,,,2239.466796875
,1397,,,,2622.984375
,1398,,,,2059.88330078125
,1399,,,,2049.2373046875
,1400,,,,2023.12158203125
,1401,,,,2126.6552734375
,1402,,,,2075.32177734375
,1403,,,,2281.6923828125
,1404,,,,2557.4169921875
,1405,,,,2384.54931640625
,1406,,,,2836.1845703125
,1407,,,,2271.108642578125
,1408,,,,2364.16259765625
,1409,,,,2008.2452392578125
,1410,,,,2061.29541015625
,1411,,,,2799.592529296875
,1412,,,,3083.64111328125
,1413,,,,2408.17333984375
,1414,,,,2674.096435546875
,1415,,,,1968.234375
,1416,,,,2287.33935546875
,1417,,,,2081.70751953125
,1418,,,,1991.362548828125
,1419,,,,1788.4344482421875
,1420,,,,1327.696533203125
,1421,,,,1624.088134765625
,1422,,,,2558.638671875
,1423,,,,1886.708984375
,1424,,,,2189.412353515625
,1425,,,,2406.007568359375
,1426,,,,2544.016357421875
,1427,,,,2351.97705078125
,1428,,,,1842.080078125
,1429,,,,2027.265869140625
,1430,,,,2372.817138671875
,1431,,,,2355.3466796875
,1432,,,,1966.996826171875
,1433,,,,2292.3251953125
,1434,,,,2492.23046875
,1435,,,,1914.938232421875
,1436,,,,1967.1822509765625
,1437,,,,2386.5380859375
,1438,,,,2314.90380859375
,1439,,,,2293.734375
,1440,,,,2016.1661376953125
,1441,,,,2314.56103515625
,1442,,,,2211.7080078125
,1443,,,,2053.4130859375
,1444,,,,2296.011474609375
,1445,,,,2308.36767578125
,1446,,,,2446.1591796875
,1447,,,,2417.52099609375
,1448,,,,2387.25732421875
22,5749,,,2221.375732421875,
22,5749,2247.340087890625,,,
23,5799,,2330.548583984375,,
23,5849,,2233.843505859375,,
23,5899,,2392.53955078125,,
23,5949,,2090.47705078125,,
23,5999,,2304.97119140625,,
,1449,,,,2066.2333984375
,1450,,,,2551.137939453125
,1451,,,,2143.26318359375
,1452,,,,1867.38623046875
,1453,,,,1768.391357421875
,1454,,,,1868.40185546875
,1455,,,,1877.5015869140625
,1456,,,,2309.386474609375
,1457,,,,2107.72607421875
,1458,,,,2690.6787109375
,1459,,,,2220.5361328125
,1460,,,,2587.418701171875
,1461,,,,2039.4007568359375
,1462,,,,2032.1104736328125
,1463,,,,2011.3653564453125
,1464,,,,2098.518310546875
,1465,,,,2054.18505859375
,1466,,,,2268.863037109375
,1467,,,,2545.580078125
,1468,,,,2365.888671875
,1469,,,,2809.00732421875
,1470,,,,2259.43115234375
,1471,,,,2342.2431640625
,1472,,,,1991.9013671875
,1473,,,,2041.688720703125
,1474,,,,2779.28466796875
,1475,,,,3049.822265625
,1476,,,,2400.334716796875
,1477,,,,2646.43017578125
,1478,,,,1955.6029052734375
,1479,,,,2268.31982421875
,1480,,,,2067.275390625
,1481,,,,1969.556640625
,1482,,,,1777.0198974609375
,1483,,,,1314.796630859375
,1484,,,,1612.83447265625
,1485,,,,2537.2666015625
,1486,,,,1868.128173828125
,1487,,,,2170.67333984375
,1488,,,,2388.5439453125
,1489,,,,2525.84716796875
,1490,,,,2329.92919921875
,1491,,,,1824.0909423828125
,1492,,,,2016.5433349609375
,1493,,,,2352.10498046875
,1494,,,,2332.730224609375
,1495,,,,1955.1956787109375
,1496,,,,2269.099853515625
,1497,,,,2470.34423828125
,1498,,,,1897.06298828125
,1499,,,,1948.6842041015625
,1500,,,,2362.046875
,1501,,,,2298.467041015625
,1502,,,,2278.785400390625
,1503,,,,2009.7479248046875
,1504,,,,2293.6767578125
,1505,,,,2190.55322265625
,1506,,,,2038.3564453125
,1507,,,,2271.09423828125
,1508,,,,2292.966796875
,1509,,,,2432.158935546875
,1510,,,,2401.81201171875
,1511,,,,2362.65234375
23,5999,,,2203.148193359375,
23,5999,2242.12109375,,,
24,6049,,1909.12451171875,,
24,6099,,2428.70947265625,,
24,6149,,1902.8134765625,,
24,6199,,2006.859619140625,,
24,6249,,2181.75537109375,,
,1512,,,,2050.537109375
,1513,,,,2533.5126953125
,1514,,,,2127.0283203125
,1515,,,,1851.65380859375
,1516,,,,1761.734619140625
,1517,,,,1863.1998291015625
,1518,,,,1866.1468505859375
,1519,,,,2292.0166015625
,1520,,,,2093.1142578125
,1521,,,,2665.743896484375
,1522,,,,2205.81640625
,1523,,,,2565.8154296875
,1524,,,,2022.26220703125
,1525,,,,2015.98828125
,1526,,,,2002.294189453125
,1527,,,,2086.24072265625
,1528,,,,2038.865234375
,1529,,,,2247.677978515625
,1530,,,,2528.416015625
,1531,,,,2356.9892578125
,1532,,,,2788.29150390625
,1533,,,,2242.24365234375
,1534,,,,2328.53857421875
,1535,,,,1979.3062744140625
,1536,,,,2028.320068359375
,1537,,,,2756.02587890625
,1538,,,,3026.374267578125
,1539,,,,2379.966552734375
,1540,,,,2629.431884765625
,1541,,,,1944.02783203125
,1542,,,,2252.005126953125
,1543,,,,2052.684326171875
,1544,,,,1969.82373046875
,1545,,,,1767.5833740234375
,1546,,,,1307.102783203125
,1547,,,,1601.107666015625
,1548,,,,2520.29736328125
,1549,,,,1847.76953125
,1550,,,,2150.952880859375
,1551,,,,2370.9296875
,1552,,,,2509.73681640625
,1553,,,,2312.287109375
,1554,,,,1812.533447265625
,1555,,,,2005.197998046875
,1556,,,,2335.51953125
,1557,,,,2319.60205078125
,1558,,,,1941.8609619140625
,1559,,,,2258.498779296875
,1560,,,,2460.956298828125
,1561,,,,1888.519775390625
,1562,,,,1941.7791748046875
,1563,,,,2347.046142578125
,1564,,,,2277.97412109375
,1565,,,,2253.093505859375
,1566,,,,1990.8421630859375
,1567,,,,2270.895751953125
,1568,,,,2176.477783203125
,1569,,,,2019.5985107421875
,1570,,,,2247.98095703125
,1571,,,,2277.1181640625
,1572,,,,2408.65380859375
,1573,,,,2383.85205078125
,1574,,,,2346.909423828125
24,6249,,,2187.701171875,
24,6249,2239.39599609375,,,
25,6299,,2845.7392578125,,
25,6349,,2112.30419921875,,
25,6399,,3605.12451171875,,
25,6449,,2396.20849609375,,
25,6499,,2456.384033203125,,
,1575,,,,2054.384765625
,1576,,,,2525.453125
,1577,,,,2130.9951171875
,1578,,,,1856.266845703125
,1579,,,,1760.1014404296875
,1580,,,,1865.3828125
,1581,,,,1869.2103271484375
,1582,,,,2293.006591796875
,1583,,,,2101.347900390625
,1584,,,,2679.79931640625
,1585,,,,2205.03564453125
,1586,,,,2573.589111328125
,1587,,,,2027.299560546875
,1588,,,,2021.16455078125
,1589,,,,2010.427490234375
,1590,,,,2093.22998046875
,1591,,,,2037.111083984375
,1592,,,,2241.88134765625
,1593,,,,2526.069091796875
,1594,,,,2362.0146484375
,1595,,,,2783.63037109375
,1596,,,,2236.42919921875
,1597,,,,2332.0771484375
,1598,,,,1978.7734375
,1599,,,,2037.8818359375
,1600,,,,2753.09033203125
,1601,,,,3025.0537109375
,1602,,,,2382.968505859375
,1603,,,,2637.42724609375
,1604,,,,1943.944091796875
,1605,,,,2251.18310546875
,1606,,,,2061.1298828125
,1607,,,,1982.5028076171875
,1608,,,,1773.6025390625
,1609,,,,1310.451171875
,1610,,,,1604.2647705078125
,1611,,,,2527.4072265625
,1612,,,,1858.53564453125
,1613,,,,2159.07421875
,1614,,,,2373.4443359375
,1615,,,,2513.467041015625
,1616,,,,2311.576171875
,1617,,,,1809.235107421875
,1618,,,,2006.256591796875
,1619,,,,2334.994140625
,1620,,,,2326.3486328125
,1621,,,,1943.686279296875
,1622,,,,2268.33154296875
,1623,,,,2469.2431640625
,1624,,,,1896.98681640625
,1625,,,,1946.646728515625
,1626,,,,2346.173583984375
,1627,,,,2285.55859375
,1628,,,,2252.383544921875
,1629,,,,1996.2633056640625
,1630,,,,2273.57177734375
,1631,,,,2179.864990234375
,1632,,,,2019.856689453125
,1633,,,,2247.7958984375
,1634,,,,2277.6181640625
,1635,,,,2401.816650390625
,1636,,,,2379.46923828125
,1637,,,,2346.65185546875
25,6499,,,2190.513916015625,
25,6499,2233.619140625,,,
26,6549,,2051.12255859375,,
26,6599,,1807.969970703125,,
26,6649,,2444.58740234375,,
26,6699,,2036.0025634765625,,
26,6749,,2558.9208984375,,
,1638,,,,2020.609375
,1639,,,,2503.37744140625
,1640,,,,2111.5966796875
,1641,,,,1824.70654296875
,1642,,,,1739.7293701171875
,1643,,,,1838.2366943359375
,1644,,,,1832.384521484375
,1645,,,,2262.239013671875
,1646,,,,2067.24853515625
,1647,,,,2629.21533203125
,1648,,,,2174.41650390625
,1649,,,,2531.31201171875
,1650,,,,1996.5133056640625
,1651,,,,1985.2720947265625
,1652,,,,1975.730712890625
,1653,,,,2056.1337890625
,1654,,,,2008.70068359375
,1655,,,,2217.6591796875
,1656,,,,2493.14697265625
,1657,,,,2334.571533203125
,1658,,,,2748.73876953125
,1659,,,,2216.97021484375
,1660,,,,2301.592041015625
,1661,,,,1947.17236328125
,1662,,,,2001.6951904296875
,1663,,,,2718.61669921875
,1664,,,,2979.90966796875
,1665,,,,2342.95166015625
,1666,,,,2588.57763671875
,1667,,,,1919.5537109375
,1668,,,,2218.45947265625
,1669,,,,2035.548583984375
,1670,,,,1940.28759765625
,1671,,,,1743.473876953125
,1672,,,,1289.092041015625
,1673,,,,1583.4248046875
,1674,,,,2485.25244140625
,1675,,,,1831.33935546875
,1676,,,,2121.4892578125
,1677,,,,2345.080078125
,1678,,,,2481.052001953125
,1679,,,,2282.1796875
,1680,,,,1785.461181640625
,1681,,,,1983.990478515625
,1682,,,,2306.73291015625
,1683,,,,2286.771484375
,1684,,,,1917.867431640625
,1685,,,,2233.81884765625
,1686,,,,2430.48681640625
,1687,,,,1864.1123046875
,1688,,,,1909.363525390625
,1689,,,,2312.7177734375
,1690,,,,2243.83935546875
,1691,,,,2218.89306640625
,1692,,,,1969.2637939453125
,1693,,,,2243.342529296875
,1694,,,,2142.790283203125
,1695,,,,1997.228759765625
,1696,,,,2213.030517578125
,1697,,,,2249.3095703125
,1698,,,,2384.039306640625
,1699,,,,2353.804931640625
,1700,,,,2318.4970703125
26,6749,,,2158.90234375,
26,6749,2229.836669921875,,,
27,6799,,1719.4844970703125,,
27,6849,,2140.076904296875,,
27,6899,,2137.46435546875,,
27,6949,,1733.92919921875,,
27,6999,,2369.083984375,,
,1701,,,,2010.72998046875
,1702,,,,2486.06396484375
,1703,,,,2094.541015625
,1704,,,,1813.4544677734375
,1705,,,,1731.706787109375
,1706,,,,1831.388916015625
,1707,,,,1829.155517578125
,1708,,,,2251.483642578125
,1709,,,,2054.6552734375
,1710,,,,2616.2373046875
,1711,,,,2162.3115234375
,1712,,,,2509.63720703125
,1713,,,,1981.8658447265625
,1714,,,,1967.43408203125
,1715,,,,1965.9091796875
,1716,,,,2047.88525390625
,1717,,,,1997.48779296875
,1718,,,,2201.97216796875
,1719,,,,2488.026123046875
,1720,,,,2331.228759765625
,1721,,,,2738.13330078125
,1722,,,,2201.75732421875
,1723,,,,2281.041015625
,1724,,,,1941.1668701171875
,1725,,,,1992.8984375
,1726,,,,2702.67431640625
,1727,,,,2967.8017578125
,1728,,,,2326.41796875
,1729,,,,2576.826904296875
,1730,,,,1906.730224609375
,1731,,,,2204.291015625
,1732,,,,2020.631591796875
,1733,,,,1942.85009765625
,1734,,,,1736.88330078125
,1735,,,,1287.7760009765625
,1736,,,,1569.13818359375
,1737,,,,2468.20166015625
,1738,,,,1815.680419921875
,1739,,,,2108.21533203125
,1740,,,,2323.28662109375
,1741,,,,2465.486328125
,1742,,,,2270.48681640625
,1743,,,,1778.6312255859375
,1744,,,,1974.56494140625
,1745,,,,2291.81005859375
,1746,,,,2273.0390625
,1747,,,,1907.2501220703125
,1748,,,,2227.135009765625
,1749,,,,2418.711181640625
,1750,,,,1855.272705078125
,1751,,,,1904.4844970703125
,1752,,,,2304.478515625
,1753,,,,2233.53759765625
,1754,,,,2210.43115234375
,1755,,,,1957.1070556640625
,1756,,,,2228.407958984375
,1757,,,,2133.54736328125
,1758,,,,1986.6845703125
,1759,,,,2199.410400390625
,1760,,,,2234.96728515625
,1761,,,,2363.061767578125
,1762,,,,2337.4306640625
,1763,,,,2301.72314453125
27,6999,,,2147.078369140625,
27,6999,2223.772216796875,,,
28,7049,,2090.9111328125,,
28,7099,,2656.85888671875,,
28,7149,,2226.16357421875,,
28,7199,,2259.41943359375,,
28,7249,,2788.56884765625,,
,1764,,,,2016.7666015625
,1765,,,,2489.8212890625
,1766,,,,2108.714599609375
,1767,,,,1820.396484375
,1768,,,,1740.32080078125
,1769,,,,1842.9840087890625
,1770,,,,1835.7823486328125
,1771,,,,2259.807861328125
,1772,,,,2067.199951171875
,1773,,,,2629.8095703125
,1774,,,,2161.41064453125
,1775,,,,2533.66064453125
,1776,,,,1997.59033203125
,1777,,,,1985.598388671875
,1778,,,,1973.7886962890625
,1779,,,,2056.956787109375
,1780,,,,2002.5240478515625
,1781,,,,2210.859130859375
,1782,,,,2492.445068359375
,1783,,,,2329.96728515625
,1784,,,,2736.111328125
,1785,,,,2204.09765625
,1786,,,,2304.39501953125
,1787,,,,1942.05712890625
,1788,,,,2006.9283447265625
,1789,,,,2712.570068359375
,1790,,,,2972.00048828125
,1791,,,,2336.1806640625
,1792,,,,2584.28076171875
,1793,,,,1919.144775390625
,1794,,,,2224.7705078125
,1795,,,,2035.287353515625
,1796,,,,1944.189453125
,1797,,,,1745.718017578125
,1798,,,,1289.6676025390625
,1799,,,,1581.91064453125
,1800,,,,2480.05322265625
,1801,,,,1834.7705078125
,1802,,,,2126.425537109375
,1803,,,,2343.88525390625
,1804,,,,2471.6845703125
,1805,,,,2274.69970703125
,1806,,,,1780.06103515625
,1807,,,,1977.121826171875
,1808,,,,2298.4638671875
,1809,,,,2277.96630859375
,1810,,,,1912.471923828125
,1811,,,,2233.28271484375
,1812,,,,2425.46240234375
,1813,,,,1870.55859375
,1814,,,,1909.42236328125
,1815,,,,2305.118408203125
,1816,,,,2245.77685546875
,1817,,,,2219.099609375
,1818,,,,1962.847900390625
,1819,,,,2240.7861328125
,1820,,,,2141.57080078125
,1821,,,,1995.7625732421875
,1822,,,,2207.90966796875
,1823,,,,2248.267822265625
,1824,,,,2367.69873046875
,1825,,,,2339.57080078125
,1826,,,,2317.3720703125
28,7249,,,2155.922607421875,
28,7249,2221.761474609375,,,
29,7299,,1921.491943359375,,
29,7349,,2211.330322265625,,
29,7399,,1818.516845703125,,
29,7449,,2056.8564453125,,
29,7499,,2543.074951171875,,
,1827,,,,1989.910888671875
,1828,,,,2471.84375
,1829,,,,2086.296875
,1830,,,,1797.11376953125
,1831,,,,1717.1285400390625
,1832,,,,1816.77587890625
,1833,,,,1814.4169921875
,1834,,,,2243.26513671875
,1835,,,,2041.664306640625
,1836,,,,2604.5283203125
,1837,,,,2138.46875
,1838,,,,2499.88134765625
,1839,,,,1972.1854248046875
,1840,,,,1952.9517822265625
,1841,,,,1951.2052001953125
,1842,,,,2039.612060546875
,1843,,,,1978.0150146484375
,1844,,,,2182.64111328125
,1845,,,,2474.98974609375
,1846,,,,2316.05712890625
,1847,,,,2713.79248046875
,1848,,,,2181.1845703125
,1849,,,,2275.440185546875
,1850,,,,1925.287353515625
,1851,,,,1986.8250732421875
,1852,,,,2685.51318359375
,1853,,,,2944.5185546875
,1854,,,,2307.074462890625
,1855,,,,2560.47509765625
,1856,,,,1890.3878173828125
,1857,,,,2195.302001953125
,1858,,,,2010.1337890625
,1859,,,,1930.897705078125
,1860,,,,1724.81298828125
,1861,,,,1273.8603515625
,1862,,,,1561.93212890625
,1863,,,,2452.1025390625
,1864,,,,1806.786376953125
,1865,,,,2096.04638671875
,1866,,,,2312.27294921875
,1867,,,,2451.856201171875
,1868,,,,2255.703125
,1869,,,,1762.0924072265625
,1870,,,,1959.2445068359375
,1871,,,,2278.398193359375
,1872,,,,2258.8828125
,1873,,,,1897.2811279296875
,1874,,,,2212.4462890625
,1875,,,,2403.83251953125
,1876,,,,1849.11572265625
,1877,,,,1887.4307861328125
,1878,,,,2286.630859375
,1879,,,,2220.17333984375
,1880,,,,2193.240234375
,1881,,,,1943.008544921875
,1882,,,,2217.763427734375
,1883,,,,2119.571044921875
,1884,,,,1972.52099609375
,1885,,,,2178.6845703125
,1886,,,,2223.2158203125
,1887,,,,2345.46435546875
,1888,,,,2320.56201171875
,1889,,,,2291.614501953125
29,7499,,,2132.90478515625,
29,7499,2218.8662109375,,,
30,7549,,2344.172119140625,,
30,7599,,1802.80810546875,,
30,7649,,2185.4326171875,,
30,7699,,2218.31982421875,,
30,7749,,2043.312255859375,,
,1890,,,,1975.7650146484375
,1891,,,,2454.25830078125
,1892,,,,2059.28271484375
,1893,,,,1779.2427978515625
,1894,,,,1700.723388671875
,1895,,,,1805.31298828125
,1896,,,,1793.695068359375
,1897,,,,2219.25244140625
,1898,,,,2025.025146484375
,1899,,,,2572.361572265625
,1900,,,,2122.188720703125
,1901,,,,2468.36083984375
,1902,,,,1947.4019775390625
,1903,,,,1937.24072265625
,1904,,,,1934.12646484375
,1905,,,,2008.668212890625
,1906,,,,1956.779296875
,1907,,,,2162.822265625
,1908,,,,2455.004638671875
,1909,,,,2294.8154296875
,1910,,,,2693.554931640625
,1911,,,,2169.74267578125
,1912,,,,2254.069580078125
,1913,,,,1900.599853515625
,1914,,,,1958.841064453125
,1915,,,,2661.867919921875
,1916,,,,2910.33447265625
,1917,,,,2283.077880859375
,1918,,,,2527.833984375
,1919,,,,1875.538330078125
,1920,,,,2174.82861328125
,1921,,,,1995.2421875
,1922,,,,1909.4091796875
,1923,,,,1707.6485595703125
,1924,,,,1267.4488525390625
,1925,,,,1545.42919921875
,1926,,,,2426.070068359375
,1927,,,,1783.7275390625
,1928,,,,2072.450927734375
,1929,,,,2288.3828125
,1930,,,,2433.418212890625
,1931,,,,2229.514892578125
,1932,,,,1739.48095703125
,1933,,,,1942.373046875
,1934,,,,2252.95703125
,1935,,,,2231.672607421875
,1936,,,,1880.112548828125
,1937,,,,2184.0302734375
,1938,,,,2375.33447265625
,1939,,,,1826.961669921875
,1940,,,,1867.281005859375
,1941,,,,2264.478759765625
,1942,,,,2196.87548828125
,1943,,,,2167.435791015625
,1944,,,,1926.950927734375
,1945,,,,2193.32275390625
,1946,,,,2098.1337890625
,1947,,,,1953.1473388671875
,1948,,,,2156.189208984375
,1949,,,,2196.6669921875
,1950,,,,2329.1796875
,1951,,,,2303.5595703125
,1952,,,,2269.908203125
30,7749,,,2111.399169921875,
30,7749,2211.83056640625,,,
31,7799,,1636.940673828125,,
31,7849,,3008.25830078125,,
31,7899,,2177.564697265625,,
31,7949,,2620.005859375,,
31,7999,,1924.5760498046875,,
,1953,,,,1979.5322265625
,1954,,,,2453.771484375
,1955,,,,2064.275146484375
,1956,,,,1784.025390625
,1957,,,,1705.9095458984375
,1958,,,,1804.279296875
,1959,,,,1795.8631591796875
,1960,,,,2222.03369140625
,1961,,,,2028.5760498046875
,1962,,,,2577.983642578125
,1963,,,,2123.81494140625
,1964,,,,2473.6455078125
,1965,,,,1955.89208984375
,1966,,,,1940.838623046875
,1967,,,,1940.5194091796875
,1968,,,,2014.47314453125
,1969,,,,1958.69482421875
,1970,,,,2164.864013671875
,1971,,,,2457.42578125
,1972,,,,2298.180908203125
,1973,,,,2692.52978515625
,1974,,,,2168.4140625
,1975,,,,2256.50048828125
,1976,,,,1904.63330078125
,1977,,,,1968.9437255859375
,1978,,,,2662.281005859375
,1979,,,,2917.5
,1980,,,,2292.14892578125
,1981,,,,2536.192138671875
,1982,,,,1876.29931640625
,1983,,,,2180.1591796875
,1984,,,,1995.0965576171875
,1985,,,,1917.65966796875
,1986,,,,1712.4364013671875
,1987,,,,1265.4361572265625
,1988,,,,1548.523681640625
,1989,,,,2433.9189453125
,1990,,,,1790.9393310546875
,1991,,,,2076.06640625
,1992,,,,2292.06396484375
,1993,,,,2433.41845703125
,1994,,,,2232.79345703125
,1995,,,,1747.4630126953125
,1996,,,,1945.5458984375
,1997,,,,2258.071533203125
,1998,,,,2239.74609375
,1999,,,,1878.732177734375
,2000,,,,2195.1455078125
,2001,,,,2383.440185546875
,2002,,,,1830.20458984375
,2003,,,,1874.061767578125
,2004,,,,2265.16259765625
,2005,,,,2201.59033203125
,2006,,,,2170.162353515625
,2007,,,,1925.46533203125
,2008,,,,2192.86376953125
,2009,,,,2102.55908203125
,2010,,,,1955.6708984375
,2011,,,,2156.37548828125
,2012,,,,2200.856689453125
,2013,,,,2328.233642578125
,2014,,,,2303.47802734375
,2015,,,,2275.216552734375
31,7999,,,2115.05615234375,
31,7999,2209.61083984375,,,
32,8049,,2118.67626953125,,
32,8099,,2240.884765625,,
32,8149,,2457.1142578125,,
32,8199,,1894.887451171875,,
32,8249,,2726.265380859375,,
,2016,,,,1980.5791015625
,2017,,,,2453.06689453125
,2018,,,,2063.27734375
,2019,,,,1793.44189453125
,2020,,,,1709.465087890625
,2021,,,,1811.853515625
,2022,,,,1803.33203125
,2023,,,,2223.616455078125
,2024,,,,2031.543701171875
,2025,,,,2582.577880859375
,2026,,,,2126.1103515625
,2027,,,,2481.153564453125
,2028,,,,1956.618408203125
,2029,,,,1946.134033203125
,2030,,,,1940.628173828125
,2031,,,,2026.5648193359375
,2032,,,,1964.170654296875
,2033,,,,2167.9482421875
,2034,,,,2459.529052734375
,2035,,,,2304.475341796875
,2036,,,,2695.60986328125
,2037,,,,2166.42724609375
,2038,,,,2260.819091796875
,2039,,,,1909.571533203125
,2040,,,,1970.2025146484375
,2041,,,,2660.89013671875
,2042,,,,2926.178466796875
,2043,,,,2294.802734375
,2044,,,,2544.623046875
,2045,,,,1883.366455078125
,2046,,,,2186.33740234375
,2047,,,,1996.5758056640625
,2048,,,,1923.5302734375
,2049,,,,1715.6837158203125
,2050,,,,1267.63916015625
,2051,,,,1554.6517333984375
,2052,,,,2443.43310546875
,2053,,,,1790.2415771484375
,2054,,,,2079.11865234375
,2055,,,,2294.143310546875
,2056,,,,2439.99072265625
,2057,,,,2235.166259765625
,2058,,,,1749.763671875
,2059,,,,1947.817626953125
,2060,,,,2259.154052734375
,2061,,,,2250.938720703125
,2062,,,,1881.015869140625
,2063,,,,2204.76416015625
,2064,,,,2391.501220703125
,2065,,,,1835.10546875
,2066,,,,1882.2396240234375
,2067,,,,2270.128173828125
,2068,,,,2206.60400390625
,2069,,,,2175.28515625
,2070,,,,1927.439453125
,2071,,,,2197.514404296875
,2072,,,,2106.7822265625
,2073,,,,1958.68798828125
,2074,,,,2162.83251953125
,2075,,,,2204.76513671875
,2076,,,,2329.41552734375
,2077,,,,2303.427734375
,2078,,,,2278.9072265625
32,8249,,,2119.195556640625,
32,8249,2204.89013671875,,,
33,8299,,2389.203125,,
33,8349,,2244.256591796875,,
33,8399,,2183.80908203125,,
33,8449,,2248.43115234375,,
33,8499,,2428.56787109375,,
,2079,,,,1971.6873779296875
,2080,,,,2449.493896484375
,2081,,,,2060.736572265625
,2082,,,,1779.7568359375
,2083,,,,1700.944091796875
,2084,,,,1802.255126953125
,2085,,,,1793.2325439453125
,2086,,,,2220.47900390625
,2087,,,,2027.1636962890625
,2088,,,,2570.423828125
,2089,,,,2113.4990234375
,2090,,,,2468.2529296875
,2091,,,,1953.671142578125
,2092,,,,1933.829345703125
,2093,,,,1931.224853515625
,2094,,,,2016.2872314453125
,2095,,,,1964.425048828125
,2096,,,,2165.46484375
,2097,,,,2456.8935546875
,2098,,,,2298.814453125
,2099,,,,2687.74072265625
,2100,,,,2163.19970703125
,2101,,,,2254.126220703125
,2102,,,,1899.0135498046875
,2103,,,,1964.062744140625
,2104,,,,2660.875244140625
,2105,,,,2912.43994140625
,2106,,,,2286.380615234375
,2107,,,,2525.73388671875
,2108,,,,1874.1798095703125
,2109,,,,2179.542724609375
,2110,,,,1987.1484375
,2111,,,,1912.76708984375
,2112,,,,1709.9775390625
,2113,,,,1267.729736328125
,2114,,,,1547.9293212890625
,2115,,,,2430.272216796875
,2116,,,,1796.761962890625
,2117,,,,2074.12255859375
,2118,,,,2290.3310546875
,2119,,,,2429.12744140625
,2120,,,,2230.5087890625
,2121,,,,1745.352783203125
,2122,,,,1941.5977783203125
,2123,,,,2260.8642578125
,2124,,,,2227.950927734375
,2125,,,,1872.4974365234375
,2126,,,,2192.70068359375
,2127,,,,2379.6298828125
,2128,,,,1827.4991455078125
,2129,,,,1871.398193359375
,2130,,,,2268.101318359375
,2131,,,,2201.01171875
,2132,,,,2181.57373046875
,2133,,,,1922.5478515625
,2134,,,,2202.72119140625
,2135,,,,2094.712646484375
,2136,,,,1956.6441650390625
,2137,,,,2161.955078125
,2138,,,,2196.323486328125
,2139,,,,2323.760009765625
,2140,,,,2300.615234375
,2141,,,,2282.206787109375
33,8499,,,2112.529052734375,
33,8499,2200.8408203125,,,
34,8549,,2572.83251953125,,
34,8599,,2245.838134765625,,
34,8649,,2000.174560546875,,
34,8699,,2129.986572265625,,
34,8749,,1907.533935546875,,
,2142,,,,1968.857177734375
,2143,,,,2442.015380859375
,2144,,,,2053.3056640625
,2145,,,,1773.217529296875
,2146,,,,1695.0343017578125
,2147,,,,1798.285400390625
,2148,,,,1783.565185546875
,2149,,,,2213.896240234375
,2150,,,,2018.848876953125
,2151,,,,2560.15576171875
,2152,,,,2106.466064453125
,2153,,,,2462.248291015625
,2154,,,,1939.388671875
,2155,,,,1931.31884765625
,2156,,,,1929.0931396484375
,2157,,,,2008.66650390625
,2158,,,,1954.590576171875
,2159,,,,2154.24267578125
,2160,,,,2453.45703125
,2161,,,,2285.0791015625
,2162,,,,2674.72607421875
,2163,,,,2156.650146484375
,2164,,,,2251.93115234375
,2165,,,,1890.5413818359375
,2166,,,,1954.580810546875
,2167,,,,2650.992919921875
,2168,,,,2900.619140625
,2169,,,,2282.642333984375
,2170,,,,2523.8369140625
,2171,,,,1871.81884765625
,2172,,,,2176.317626953125
,2173,,,,1988.205810546875
,2174,,,,1908.9716796875
,2175,,,,1705.92822265625
,2176,,,,1258.36279296875
,2177,,,,1542.01708984375
,2178,,,,2419.63134765625
,2179,,,,1792.5205078125
,2180,,,,2067.406005859375
,2181,,,,2283.20703125
,2182,,,,2423.37841796875
,2183,,,,2224.45654296875
,2184,,,,1733.480224609375
,2185,,,,1938.5780029296875
,2186,,,,2253.427490234375
,2187,,,,2224.3935546875
,2188,,,,1869.8370361328125
,2189,,,,2186.96337890625
,2190,,,,2371.155029296875
,2191,,,,1817.1666259765625
,2192,,,,1867.1734619140625
,2193,,,,2262.28076171875
,2194,,,,2185.32373046875
,2195,,,,2174.345703125
,2196,,,,1918.07568359375
,2197,,,,2187.654052734375
,2198,,,,2087.136474609375
,2199,,,,1945.62158203125
,2200,,,,2151.72314453125
,2201,,,,2189.22705078125
,2202,,,,2321.00439453125
,2203,,,,2293.484130859375
,2204,,,,2267.115234375
34,8749,,,2105.47314453125,
34,8749,2197.474853515625,,,
35,8799,,2096.380615234375,,
35,8849,,2104.541015625,,
35,8899,,1963.71533203125,,
35,8949,,1940.10546875,,
35,8999,,2160.876708984375,,
,2205,,,,1962.6734619140625
,2206,,,,2434.533935546875
,2207,,,,2047.8675537109375
,2208,,,,1767.4111328125
,2209,,,,1687.22705078125
,2210,,,,1790.020751953125
,2211,,,,1786.505615234375
,2212,,,,2207.30908203125
,2213,,,,2012.8070068359375
,2214,,,,2556.19384765625
,2215,,,,2109.60498046875
,2216,,,,2449.33837890625
,2217,,,,1936.2294921875
,2218,,,,1927.1566162109375
,2219,,,,1927.7930908203125
,2220,,,,1996.746337890625
,2221,,,,1947.5009765625
,2222,,,,2154.196533203125
,2223,,,,2442.155517578125
,2224,,,,2286.18212890625
,2225,,,,2662.9228515625
,2226,,,,2149.74658203125
,2227,,,,2241.816162109375
,2228,,,,1886.43896484375
,2229,,,,1952.392578125
,2230,,,,2643.2890625
,2231,,,,2896.617919921875
,2232,,,,2276.9970703125
,2233,,,,2512.1884765625
,2234,,,,1866.4273681640625
,2235,,,,2167.230712890625
,2236,,,,1988.95361328125
,2237,,,,1895.727294921875
,2238,,,,1696.417724609375
,2239,,,,1257.2559814453125
,2240,,,,1533.614990234375
,2241,,,,2413.845947265625
,2242,,,,1779.3663330078125
,2243,,,,2065.839599609375
,2244,,,,2277.33740234375
,2245,,,,2422.02294921875
,2246,,,,2212.60107421875
,2247,,,,1726.42529296875
,2248,,,,1923.85302734375
,2249,,,,2240.59716796875
,2250,,,,2217.0029296875
,2251,,,,1871.948974609375
,2252,,,,2172.63916015625
,2253,,,,2365.196533203125
,2254,,,,1817.0213623046875
,2255,,,,1860.0244140625
,2256,,,,2252.11572265625
,2257,,,,2185.13427734375
,2258,,,,2161.51318359375
,2259,,,,1917.1396484375
,2260,,,,2183.591796875
,2261,,,,2079.02490234375
,2262,,,,1944.0462646484375
,2263,,,,2133.80322265625
,2264,,,,2182.0576171875
,2265,,,,2306.9951171875
,2266,,,,2284.2626953125
,2267,,,,2255.63525390625
35,8999,,,2098.89111328125,
35,8999,2193.57666015625,,,
36,9049,,1938.228515625,,
36,9099,,2295.04638671875,,
36,9149,,2610.25390625,,
36,9199,,2423.24658203125,,
36,9249,,2045.1378173828125,,
,2268,,,,1954.9647216796875
,2269,,,,2433.9248046875
,2270,,,,2051.073486328125
,2271,,,,1770.657958984375
,2272,,,,1686.038330078125
,2273,,,,1791.368408203125
,2274,,,,1782.7442626953125
,2275,,,,2210.78564453125
,2276,,,,2015.084228515625
,2277,,,,2553.080078125
,2278,,,,2095.41015625
,2279,,,,2455.45849609375
,2280,,,,1937.8369140625
,2281,,,,1930.0115966796875
,2282,,,,1915.7816162109375
,2283,,,,1999.5614013671875
,2284,,,,1951.2342529296875
,2285,,,,2154.416748046875
,2286,,,,2437.096923828125
,2287,,,,2281.1181640625
,2288,,,,2665.751953125
,2289,,,,2150.871337890625
,2290,,,,2245.164306640625
,2291,,,,1884.18701171875
,2292,,,,1948.0460205078125
,2293,,,,2642.5966796875
,2294,,,,2896.888671875
,2295,,,,2270.750244140625
,2296,,,,2508.60498046875
,2297,,,,1867.833984375
,2298,,,,2166.6962890625
,2299,,,,1991.1044921875
,2300,,,,1892.748779296875
,2301,,,,1693.439697265625
,2302,,,,1255.983642578125
,2303,,,,1535.597412109375
,2304,,,,2415.359375
,2305,,,,1784.283447265625
,2306,,,,2064.28271484375
,2307,,,,2281.3994140625
,2308,,,,2420.217529296875
,2309,,,,2215.5810546875
,2310,,,,1729.5009765625
,2311,,,,1925.7264404296875
,2312,,,,2248.085205078125
,2313,,,,2219.2392578125
,2314,,,,1867.365234375
,2315,,,,2183.4208984375
,2316,,,,2363.532470703125
,2317,,,,1820.314453125
,2318,,,,1857.664794921875
,2319,,,,2248.54248046875
,2320,,,,2183.12158203125
,2321,,,,2160.04833984375
,2322,,,,1913.052734375
,2323,,,,2187.95556640625
,2324,,,,2076.59765625
,2325,,,,1945.825927734375
,2326,,,,2140.048828125
,2327,,,,2187.612548828125
,2328,,,,2317.9287109375
,2329,,,,2284.94140625
,2330,,,,2262.299560546875
36,9249,,,2099.147216796875,
36,9249,2193.452880859375,,,
37,9299,,2330.67822265625,,
37,9349,,2178.0146484375,,
37,9399,,1952.563232421875,,
37,9449,,2218.59326171875,,
37,9499,,1874.406494140625,,
,2331,,,,1955.1507568359375
,2332,,,,2419.028564453125
,2333,,,,2040.9351806640625
,2334,,,,1761.5740966796875
,2335,,,,1679.842041015625
,2336,,,,1780.05859375
,2337,,,,1772.374755859375
,2338,,,,2192.531005859375
,2339,,,,2007.719482421875
,2340,,,,2540.37158203125
,2341,,,,2090.91357421875
,2342,,,,2442.210693359375
,2343,,,,1923.83447265625
,2344,,,,1922.275634765625
,2345,,,,1914.7822265625
,2346,,,,1987.579345703125
,2347,,,,1939.275634765625
,2348,,,,2145.412109375
,2349,,,,2430.6748046875
,2350,,,,2271.443359375
,2351,,,,2656.2275390625
,2352,,,,2143.264404296875
,2353,,,,2233.54052734375
,2354,,,,1872.637451171875
,2355,,,,1939.674560546875
,2356,,,,2633.110107421875
,2357,,,,2879.56689453125
,2358,,,,2270.9541015625
,2359,,,,2499.86767578125
,2360,,,,1859.64794921875
,2361,,,,2159.6611328125
,2362,,,,1978.051025390625
,2363,,,,1890.5205078125
,2364,,,,1688.637939453125
,2365,,,,1247.4215087890625
,2366,,,,1528.971923828125
,2367,,,,2408.140380859375
,2368,,,,1771.63916015625
,2369,,,,2052.0908203125
,2370,,,,2267.226318359375
,2371,,,,2411.3037109375
,2372,,,,2201.935791015625
,2373,,,,1718.4315185546875
,2374,,,,1918.1929931640625
,2375,,,,2232.9306640625
,2376,,,,2209.62060546875
,2377,,,,1857.3673095703125
,2378,,,,2170.68994140625
,2379,,,,2355.905517578125
,2380,,,,1807.1004638671875
,2381,,,,1846.931396484375
,2382,,,,2237.2734375
,2383,,,,2173.56884765625
,2384,,,,2147.496826171875
,2385,,,,1902.903564453125
,2386,,,,2168.310546875
,2387,,,,2067.404296875
,2388,,,,1935.38330078125
,2389,,,,2125.718017578125
,2390,,,,2175.0302734375
,2391,,,,2301.2265625
,2392,,,,2275.2763671875
,2393,,,,2246.2861328125
37,9499,,,2088.991943359375,
37,9499,2188.994140625,,,
38,9549,,1584.34326171875,,
38,9599,,2209.569580078125,,
38,9649,,1723.08154296875,,
38,9699,,1490.948974609375,,
38,9749,,2005.58935546875,,
,2394,,,,1948.1875
,2395,,,,2428.99560546875
,2396,,,,2044.361572265625
,2397,,,,1764.218505859375
,2398,,,,1674.286865234375
,2399,,,,1787.7080078125
,2400,,,,1774.1983642578125
,2401,,,,2199.045654296875
,2402,,,,2009.572265625
,2403,,,,2545.892578125
,2404,,,,2094.22509765625
,2405,,,,2446.76513671875
,2406,,,,1924.2119140625
,2407,,,,1916.889404296875
,2408,,,,1909.9454345703125
,2409,,,,1997.48388671875
,2410,,,,1937.087646484375
,2411,,,,2142.254638671875
,2412,,,,2430.3134765625
,2413,,,,2278.116943359375
,2414,,,,2658.7373046875
,2415,,,,2137.255859375
,2416,,,,2236.889892578125
,2417,,,,1875.399658203125
,2418,,,,1947.1895751953125
,2419,,,,2634.878662109375
,2420,,,,2889.78369140625
,2421,,,,2254.03515625
,2422,,,,2495.7548828125
,2423,,,,1852.7591552734375
,2424,,,,2152.645751953125
,2425,,,,1980.2025146484375
,2426,,,,1890.777099609375
,2427,,,,1688.061279296875
,2428,,,,1251.221435546875
,2429,,,,1527.831787109375
,2430,,,,2402.564208984375
,2431,,,,1768.898193359375
,2432,,,,2047.76123046875
,2433,,,,2268.78564453125
,2434,,,,2408.90380859375
,2435,,,,2207.9111328125
,2436,,,,1726.13623046875
,2437,,,,1920.694091796875
,2438,,,,2233.22607421875
,2439,,,,2215.38525390625
,2440,,,,1860.458251953125
,2441,,,,2169.05078125
,2442,,,,2357.93212890625
,2443,,,,1812.40673828125
,2444,,,,1853.7193603515625
,2445,,,,2244.572509765625
,2446,,,,2171.39404296875
,2447,,,,2140.081787109375
,2448,,,,1900.300537109375
,2449,,,,2178.040771484375
,2450,,,,2070.30712890625
,2451,,,,1930.66015625
,2452,,,,2124.8125
,2453,,,,2173.79833984375
,2454,,,,2302.369873046875
,2455,,,,2274.38818359375
,2456,,,,2245.74267578125
38,9749,,,2089.83349609375,
38,9749,2183.43701171875,,,
39,9799,,2618.59033203125,,
39,9849,,1631.9708251953125,,
39,9899,,2020.744384765625,,
39,9949,,1516.3134765625,,
39,9999,,1770.70751953125,,
,2457,,,,1951.80029296875
,2458,,,,2425.09912109375
,2459,,,,2041.6343994140625
,2460,,,,1759.774658203125
,2461,,,,1683.22314453125
,2462,,,,1779.527587890625
,2463,,,,1772.8663330078125
,2464,,,,2202.798828125
,2465,,,,2005.5457763671875
,2466,,,,2545.479248046875
,2467,,,,2089.18017578125
,2468,,,,2440.025390625
,2469,,,,1927.54638671875
,2470,,,,1915.78662109375
,2471,,,,1916.4862060546875
,2472,,,,1987.648681640625
,2473,,,,1937.180908203125
,2474,,,,2144.076171875
,2475,,,,2435.37646484375
,2476,,,,2279.30615234375
,2477,,,,2652.16748046875
,2478,,,,2141.552978515625
,2479,,,,2235.5830078125
,2480,,,,1873.07763671875
,2481,,,,1952.498046875
,2482,,,,2632.94482421875
,2483,,,,2880.005126953125
,2484,,,,2263.373779296875
,2485,,,,2499.015625
,2486,,,,1853.86181640625
,2487,,,,2158.9248046875
,2488,,,,1976.8409423828125
,2489,,,,1888.0430908203125
,2490,,,,1691.1822509765625
,2491,,,,1250.59228515625
,2492,,,,1526.7374267578125
,2493,,,,2405.466796875
,2494,,,,1777.52490234375
,2495,,,,2047.564697265625
,2496,,,,2268.26318359375
,2497,,,,2409.97216796875
,2498,,,,2203.490234375
,2499,,,,1721.601318359375
,2500,,,,1920.184814453125
,2501,,,,2237.357421875
,2502,,,,2209.03515625
,2503,,,,1860.9281005859375
,2504,,,,2173.1064453125
,2505,,,,2357.8154296875
,2506,,,,1811.7366943359375
,2507,,,,1848.8184814453125
,2508,,,,2243.776611328125
,2509,,,,2172.66357421875
,2510,,,,2151.056884765625
,2511,,,,1901.1324462890625
,2512,,,,2179.38623046875
,2513,,,,2068.499267578125
,2514,,,,1935.222412109375
,2515,,,,2125.108154296875
,2516,,,,2171.829345703125
,2517,,,,2301.61181640625
,2518,,,,2276.444091796875
,2519,,,,2253.0458984375
39,9999,,,2089.966064453125,
39,9999,2182.606689453125,,,
40,10049,,1610.80810546875,,
40,10099,,2208.447509765625,,
40,10149,,2805.6708984375,,
40,10199,,2116.92822265625,,
40,10249,,2196.91357421875,,
,2520,,,,1944.992431640625
,2521,,,,2413.124267578125
,2522,,,,2033.49609375
,2523,,,,1753.88525390625
,2524,,,,1668.45263671875
,2525,,,,1779.9351806640625
,2526,,,,1769.17333984375
,2527,,,,2192.275390625
,2528,,,,2003.77294921875
,2529,,,,2537.359619140625
,2530,,,,2082.22802734375
,2531,,,,2442.872802734375
,2532,,,,1914.28076171875
,2533,,,,1913.459716796875
,2534,,,,1906.6859130859375
,2535,,,,1986.8470458984375
,2536,,,,1932.16650390625
,2537,,,,2131.105712890625
,2538,,,,2433.43359375
,2539,,,,2273.681640625
,2540,,,,2641.59423828125
,2541,,,,2129.885498046875
,2542,,,,2229.809814453125
,2543,,,,1865.441162109375
,2544,,,,1936.21484375
,2545,,,,2622.55224609375
,2546,,,,2875.865234375
,2547,,,,2254.396240234375
,2548,,,,2498.88134765625
,2549,,,,1848.1201171875
,2550,,,,2154.49853515625
,2551,,,,1971.7921142578125
,2552,,,,1885.936767578125
,2553,,,,1677.9893798828125
,2554,,,,1241.885986328125
,2555,,,,1521.3126220703125
,2556,,,,2398.8505859375
,2557,,,,1766.124755859375
,2558,,,,2039.2503662109375
,2559,,,,2260.1455078125
,2560,,,,2402.375732421875
,2561,,,,2202.046875
,2562,,,,1713.31640625
,2563,,,,1914.3907470703125
,2564,,,,2225.29150390625
,2565,,,,2206.158203125
,2566,,,,1850.180908203125
,2567,,,,2163.97021484375
,2568,,,,2350.057861328125
,2569,,,,1805.42724609375
,2570,,,,1842.286376953125
,2571,,,,2235.026123046875
,2572,,,,2167.607421875
,2573,,,,2139.758056640625
,2574,,,,1892.758056640625
,2575,,,,2168.858154296875
,2576,,,,2064.76708984375
,2577,,,,1929.4964599609375
,2578,,,,2116.5634765625
,2579,,,,2164.76123046875
,2580,,,,2299.86083984375
,2581,,,,2266.42236328125
,2582,,,,2234.21435546875
40,10249,,,2082.756103515625,
40,10249,2178.729736328125,,,
41,10299,,2076.12890625,,
41,10349,,2308.30224609375,,
41,10399,,1595.207275390625,,
41,10449,,2180.259765625,,
41,10499,,2107.332763671875,,
,2583,,,,1931.5887451171875
,2584,,,,2408.91162109375
,2585,,,,2023.290283203125
,2586,,,,1739.476806640625
,2587,,,,1656.8878173828125
,2588,,,,1766.4986572265625
,2589,,,,1753.3743896484375
,2590,,,,2179.1044921875
,2591,,,,1990.950439453125
,2592,,,,2522.0888671875
,2593,,,,2067.62744140625
,2594,,,,2425.306640625
,2595,,,,1908.6055908203125
,2596,,,,1901.1783447265625
,2597,,,,1890.15185546875
,2598,,,,1974.39892578125
,2599,,,,1922.406982421875
,2600,,,,2122.736328125
,2601,,,,2414.614501953125
,2602,,,,2257.01318359375
,2603,,,,2634.41748046875
,2604,,,,2122.41357421875
,2605,,,,2222.799072265625
,2606,,,,1853.5025634765625
,2607,,,,1920.6160888671875
,2608,,,,2613.869140625
,2609,,,,2861.56201171875
,2610,,,,2236.290283203125
,2611,,,,2476.35107421875
,2612,,,,1833.736572265625
,2613,,,,2137.678955078125
,2614,,,,1960.044189453125
,2615,,,,1871.2271728515625
,2616,,,,1667.7410888671875
,2617,,,,1232.770751953125
,2618,,,,1510.7210693359375
,2619,,,,2383.375
,2620,,,,1755.6484375
,2621,,,,2030.0623779296875
,2622,,,,2252.167724609375
,2623,,,,2389.736328125
,2624,,,,2189.09521484375
,2625,,,,1705.1651611328125
,2626,,,,1902.872314453125
,2627,,,,2217.312255859375
,2628,,,,2190.03369140625
,2629,,,,1841.416015625
,2630,,,,2153.79541015625
,2631,,,,2335.3271484375
,2632,,,,1792.87548828125
,2633,,,,1828.5601806640625
,2634,,,,2224.532958984375
,2635,,,,2149.55029296875
,2636,,,,2127.6025390625
,2637,,,,1877.4947509765625
,2638,,,,2160.673828125
,2639,,,,2046.908447265625
,2640,,,,1917.1812744140625
,2641,,,,2110.68505859375
,2642,,,,2152.92431640625
,2643,,,,2290.973876953125
,2644,,,,2260.2265625
,2645,,,,2229.759765625
41,10499,,,2070.6083984375,
41,10499,2176.830078125,,,
42,10549,,2185.57373046875,,
42,10599,,1649.0810546875,,
42,10649,,2579.802734375,,
42,10699,,2303.9619140625,,
42,10749,,2201.984375,,
,2646,,,,1937.606201171875
,2647,,,,2405.86376953125
,2648,,,,2020.1650390625
,2649,,,,1749.02392578125
,2650,,,,1660.467041015625
,2651,,,,1766.43603515625
,2652,,,,1759.1044921875
,2653,,,,2178.97412109375
,2654,,,,1989.7706298828125
,2655,,,,2529.904052734375
,2656,,,,2070.56884765625
,2657,,,,2429.1923828125
,2658,,,,1907.364501953125
,2659,,,,1903.1988525390625
,2660,,,,1896.27099609375
,2661,,,,1983.87841796875
,2662,,,,1927.276123046875
,2663,,,,2125.912109375
,2664,,,,2417.874755859375
,2665,,,,2259.169677734375
,2666,,,,2644.521484375
,2667,,,,2123.06640625
,2668,,,,2217.012451171875
,2669,,,,1857.3199462890625
,2670,,,,1922.326904296875
,2671,,,,2620.216796875
,2672,,,,2868.098876953125
,2673,,,,2247.626953125
,2674,,,,2481.74755859375
,2675,,,,1842.0382080078125
,2676,,,,2145.24365234375
,2677,,,,1966.775146484375
,2678,,,,1874.3358154296875
,2679,,,,1671.47119140625
,2680,,,,1235.3492431640625
,2681,,,,1509.6376953125
,2682,,,,2384.48193359375
,2683,,,,1759.28759765625
,2684,,,,2037.2626953125
,2685,,,,2246.8896484375
,2686,,,,2392.10693359375
,2687,,,,2187.5078125
,2688,,,,1705.4100341796875
,2689,,,,1902.3079833984375
,2690,,,,2224.397705078125
,2691,,,,2187.260498046875
,2692,,,,1843.1888427734375
,2693,,,,2155.6435546875
,2694,,,,2339.087158203125
,2695,,,,1795.926513671875
,2696,,,,1832.4686279296875
,2697,,,,2223.05126953125
,2698,,,,2154.424072265625
,2699,,,,2130.814453125
,2700,,,,1886.0804443359375
,2701,,,,2159.51806640625
,2702,,,,2049.417724609375
,2703,,,,1919.553466796875
,2704,,,,2106.58447265625
,2705,,,,2153.7138671875
,2706,,,,2287.841796875
,2707,,,,2257.254150390625
,2708,,,,2229.60009765625
42,10749,,,2073.297607421875,
42,10749,2171.37109375,,,
43,10799,,2367.577880859375,,
43,10849,,1429.7982177734375,,
43,10899,,1977.687744140625,,
43,10949,,1756.0880126953125,,
43,10999,,1771.3251953125,,
,2709,,,,1944.0068359375
,2710,,,,2417.161376953125
,2711,,,,2028.6851806640625
,2712,,,,1751.3212890625
,2713,,,,1675.8157958984375
,2714,,,,1782.6234130859375
,2715,,,,1762.216552734375
,2716,,,,2185.8505859375
,2717,,,,2000.133544921875
,2718,,,,2526.24853515625
,2719,,,,2078.0205078125
,2720,,,,2443.48193359375
,2721,,,,1914.4483642578125
,2722,,,,1910.146728515625
,2723,,,,1906.72705078125
,2724,,,,1986.325439453125
,2725,,,,1934.96484375
,2726,,,,2132.911865234375
,2727,,,,2422.39306640625
,2728,,,,2264.29150390625
,2729,,,,2650.033447265625
,2730,,,,2131.66552734375
,2731,,,,2233.26416015625
,2732,,,,1860.937744140625
,2733,,,,1933.4195556640625
,2734,,,,2620.297119140625
,2735,,,,2870.197265625
,2736,,,,2250.013671875
,2737,,,,2498.06298828125
,2738,,,,1852.2265625
,2739,,,,2154.3486328125
,2740,,,,1973.0491943359375
,2741,,,,1880.64794921875
,2742,,,,1680.716796875
,2743,,,,1239.7562255859375
,2744,,,,1522.230712890625
,2745,,,,2393.32763671875
,2746,,,,1768.92724609375
,2747,,,,2044.91455078125
,2748,,,,2262.6162109375
,2749,,,,2401.32958984375
,2750,,,,2195.14013671875
,2751,,,,1714.6494140625
,2752,,,,1911.2119140625
,2753,,,,2232.34619140625
,2754,,,,2201.83203125
,2755,,,,1848.66064453125
,2756,,,,2166.758544921875
,2757,,,,2343.3291015625
,2758,,,,1800.59033203125
,2759,,,,1839.271484375
,2760,,,,2231.93896484375
,2761,,,,2162.2041015625
,2762,,,,2131.260498046875
,2763,,,,1892.026123046875
,2764,,,,2165.46875
,2765,,,,2061.3408203125
,2766,,,,1924.469970703125
,2767,,,,2115.06298828125
,2768,,,,2164.32177734375
,2769,,,,2303.120361328125
,2770,,,,2265.13037109375
,2771,,,,2243.175537109375
43,10999,,,2081.303955078125,
43,10999,2168.947509765625,,,
44,11049,,2528.900390625,,
44,11099,,2205.39697265625,,
44,11149,,2340.807861328125,,
44,11199,,2030.882080078125,,
44,11249,,1729.6043701171875,,
,2772,,,,1925.071044921875
,2773,,,,2400.957275390625
,2774,,,,2015.082763671875
,2775,,,,1736.81494140625
,2776,,,,1654.78125
,2777,,,,1758.41455078125
,2778,,,,1751.5699462890625
,2779,,,,2174.071044921875
,2780,,,,1982.869140625
,2781,,,,2512.876953125
,2782,,,,2066.2587890625
,2783,,,,2415.3046875
,2784,,,,1900.43359375
,2785,,,,1892.350341796875
,2786,,,,1888.49365234375
,2787,,,,1968.1141357421875
,2788,,,,1914.623291015625
,2789,,,,2118.408935546875
,2790,,,,2414.036865234375
,2791,,,,2253.87255859375
,2792,,,,2628.14111328125
,2793,,,,2115.30224609375
,2794,,,,2214.052734375
,2795,,,,1850.3289794921875
,2796,,,,1920.4178466796875
,2797,,,,2607.605224609375
,2798,,,,2857.88232421875
,2799,,,,2236.841064453125
,2800,,,,2475.31787109375
,2801,,,,1832.806396484375
,2802,,,,2133.2109375
,2803,,,,1953.505859375
,2804,,,,1865.1014404296875
,2805,,,,1666.4117431640625
,2806,,,,1226.736328125
,2807,,,,1505.5054931640625
,2808,,,,2378.3154296875
,2809,,,,1754.72412109375
,2810,,,,2024.770263671875
,2811,,,,2242.66162109375
,2812,,,,2382.538818359375
,2813,,,,2178.705322265625
,2814,,,,1698.456298828125
,2815,,,,1899.082763671875
,2816,,,,2215.275634765625
,2817,,,,2183.80078125
,2818,,,,1840.07568359375
,2819,,,,2154.0517578125
,2820,,,,2329.9267578125
,2821,,,,1785.85888671875
,2822,,,,1821.337158203125
,2823,,,,2219.576171875
,2824,,,,2148.7080078125
,2825,,,,2123.0185546875
,2826,,,,1875.847412109375
,2827,,,,2153.257568359375
,2828,,,,2043.038818359375
,2829,,,,1910.1512451171875
,2830,,,,2098.535888671875
,2831,,,,2142.99169921875
,2832,,,,2283.484130859375
,2833,,,,2254.460693359375
,2834,,,,2222.095703125
44,11249,,,2065.396484375,
44,11249,2166.903564453125,,,
45,11299,,1791.41259765625,,
45,11349,,2391.52197265625,,
45,11399,,1883.2607421875,,
45,11449,,2551.49755859375,,
45,11499,,1867.474853515625,,
,2835,,,,1924.060791015625
,2836,,,,2392.970703125
,2837,,,,2008.762451171875
,2838,,,,1743.1646728515625
,2839,,,,1659.93701171875
,2840,,,,1759.9752197265625
,2841,,,,1756.0830078125
,2842,,,,2167.13720703125
,2843,,,,1984.6683349609375
,2844,,,,2521.186767578125
,2845,,,,2070.6083984375
,2846,,,,2415.03662109375
,2847,,,,1904.7391357421875
,2848,,,,1894.413818359375
,2849,,,,1890.210205078125
,2850,,,,1965.5394287109375
,2851,,,,1912.40673828125
,2852,,,,2120.749267578125
,2853,,,,2410.15673828125
,2854,,,,2254.534912109375
,2855,,,,2631.70703125
,2856,,,,2111.982421875
,2857,,,,2213.105224609375
,2858,,,,1853.115234375
,2859,,,,1919.6129150390625
,2860,,,,2609.45849609375
,2861,,,,2859.676025390625
,2862,,,,2233.16845703125
,2863,,,,2477.1416015625
,2864,,,,1829.5106201171875
,2865,,,,2125.040283203125
,2866,,,,1949.761474609375
,2867,,,,1867.857666015625
,2868,,,,1668.0556640625
,2869,,,,1229.879638671875
,2870,,,,1509.638916015625
,2871,,,,2382.2666015625
,2872,,,,1741.0528564453125
,2873,,,,2027.2713623046875
,2874,,,,2246.031982421875
,2875,,,,2391.2392578125
,2876,,,,2178.007568359375
,2877,,,,1704.5723876953125
,2878,,,,1894.530517578125
,2879,,,,2211.18505859375
,2880,,,,2192.474609375
,2881,,,,1841.611572265625
,2882,,,,2150.39501953125
,2883,,,,2337.3955078125
,2884,,,,1786.2994384765625
,2885,,,,1832.3299560546875
,2886,,,,2211.49267578125
,2887,,,,2148.38671875
,2888,,,,2113.4951171875
,2889,,,,1877.992919921875
,2890,,,,2148.3974609375
,2891,,,,2047.0625
,2892,,,,1906.960205078125
,2893,,,,2099.107421875
,2894,,,,2145.1181640625
,2895,,,,2272.525634765625
,2896,,,,2253.21826171875
,2897,,,,2222.395263671875
45,11499,,,2065.546875,
45,11499,2163.664794921875,,,
46,11549,,2089.11181640625,,
46,11599,,1969.321533203125,,
46,11649,,2278.28369140625,,
46,11699,,2309.4912109375,,
46,11749,,2020.11474609375,,
,2898,,,,1917.9547119140625
,2899,,,,2387.97314453125
,2900,,,,2003.2337646484375
,2901,,,,1733.133544921875
,2902,,,,1641.41015625
,2903,,,,1746.956298828125
,2904,,,,1743.7110595703125
,2905,,,,2158.6669921875
,2906,,,,1973.468505859375
,2907,,,,2506.99072265625
,2908,,,,2055.7470703125
,2909,,,,2398.102294921875
,2910,,,,1890.689208984375
,2911,,,,1888.19580078125
,2912,,,,1874.5291748046875
,2913,,,,1957.7703857421875
,2914,,,,1908.2369384765625
,2915,,,,2111.25341796875
,2916,,,,2405.65673828125
,2917,,,,2245.793701171875
,2918,,,,2625.306640625
,2919,,,,2104.089599609375
,2920,,,,2201.48095703125
,2921,,,,1837.930419921875
,2922,,,,1902.593994140625
,2923,,,,2598.73583984375
,2924,,,,2844.75
,2925,,,,2227.1181640625
,2926,,,,2457.74560546875
,2927,,,,1824.08642578125
,2928,,,,2121.32666015625
,2929,,,,1946.68896484375
,2930,,,,1853.5792236328125
,2931,,,,1655.586181640625
,2932,,,,1221.278564453125
,2933,,,,1496.505126953125
,2934,,,,2369.533935546875
,2935,,,,1739.1556396484375
,2936,,,,2015.75830078125
,2937,,,,2233.4658203125
,2938,,,,2374.79833984375
,2939,,,,2168.11962890625
,2940,,,,1693.5313720703125
,2941,,,,1888.1585693359375
,2942,,,,2201.38720703125
,2943,,,,2173.91845703125
,2944,,,,1830.520263671875
,2945,,,,2136.22021484375
,2946,,,,2316.61376953125
,2947,,,,1774.992919921875
,2948,,,,1812.3790283203125
,2949,,,,2206.25341796875
,2950,,,,2135.16455078125
,2951,,,,2115.570556640625
,2952,,,,1870.482666015625
,2953,,,,2146.08642578125
,2954,,,,2030.18994140625
,2955,,,,1904.473876953125
,2956,,,,2092.66455078125
,2957,,,,2134.817626953125
,2958,,,,2274.830322265625
,2959,,,,2243.48291015625
,2960,,,,2215.4150390625
46,11749,,,2055.337158203125,
46,11749,2158.531005859375,,,
47,11799,,2348.51904296875,,
47,11849,,2162.303955078125,,
47,11899,,1844.53076171875,,
47,11949,,1670.536376953125,,
47,11999,,2120.85888671875,,
,2961,,,,1913.363037109375
,2962,,,,2387.705078125
,2963,,,,2005.072021484375
,2964,,,,1731.29931640625
,2965,,,,1641.15966796875
,2966,,,,1749.6673583984375
,2967,,,,1745.377685546875
,2968,,,,2161.911376953125
,2969,,,,1977.3515625
,2970,,,,2511.43310546875
,2971,,,,2051.352783203125
,2972,,,,2415.5009765625
,2973,,,,1890.7843017578125
,2974,,,,1890.0640869140625
,2975,,,,1875.713623046875
,2976,,,,1961.3502197265625
,2977,,,,1907.699951171875
,2978,,,,2105.17333984375
,2979,,,,2398.82568359375
,2980,,,,2239.57763671875
,2981,,,,2614.760009765625
,2982,,,,2099.5849609375
,2983,,,,2209.8408203125
,2984,,,,1838.824951171875
,2985,,,,1907.3717041015625
,2986,,,,2591.79931640625
,2987,,,,2846.48779296875
,2988,,,,2218.981689453125
,2989,,,,2460.26416015625
,2990,,,,1821.205322265625
,2991,,,,2120.53662109375
,2992,,,,1951.20166015625
,2993,,,,1854.5634765625
,2994,,,,1651.6240234375
,2995,,,,1223.126220703125
,2996,,,,1496.791015625
,2997,,,,2363.51513671875
,2998,,,,1739.6126708984375
,2999,,,,2017.315673828125
,3000,,,,2240.14794921875
,3001,,,,2378.364501953125
,3002,,,,2172.79443359375
,3003,,,,1690.9407958984375
,3004,,,,1884.1689453125
,3005,,,,2207.146484375
,3006,,,,2176.619140625
,3007,,,,1823.7032470703125
,3008,,,,2131.40185546875
,3009,,,,2318.24072265625
,3010,,,,1776.2138671875
,3011,,,,1814.49609375
,3012,,,,2208.08544921875
,3013,,,,2132.630859375
,3014,,,,2108.65234375
,3015,,,,1861.0687255859375
,3016,,,,2146.2216796875
,3017,,,,2036.15576171875
,3018,,,,1900.2352294921875
,3019,,,,2089.696044921875
,3020,,,,2134.29248046875
,3021,,,,2268.53857421875
,3022,,,,2239.35986328125
,3023,,,,2207.580322265625
47,11999,,,2054.891845703125,
47,11999,2157.739501953125,,,
48,12049,,1530.632568359375,,
48,12099,,2524.189453125,,
48,12149,,2346.5732421875,,
48,12199,,2280.69140625,,
48,12249,,2305.808349609375,,
,3024,,,,1925.16552734375
,3025,,,,2390.7607421875
,3026,,,,2010.0029296875
,3027,,,,1735.906005859375
,3028,,,,1648.326416015625
,3029,,,,1756.8720703125
,3030,,,,1754.7872314453125
,3031,,,,2172.4013671875
,3032,,,,1981.375
,3033,,,,2525.160888671875
,3034,,,,2062.44482421875
,3035,,,,2416.29296875
,3036,,,,1897.15771484375
,3037,,,,1891.36962890625
,3038,,,,1886.69580078125
,3039,,,,1970.5755615234375
,3040,,,,1914.023681640625
,3041,,,,2107.17822265625
,3042,,,,2406.688720703125
,3043,,,,2251.43017578125
,3044,,,,2616.12060546875
,3045,,,,2099.01220703125
,3046,,,,2210.6748046875
,3047,,,,1846.928466796875
,3048,,,,1920.5770263671875
,3049,,,,2595.66943359375
,3050,,,,2859.7509765625
,3051,,,,2229.07373046875
,3052,,,,2471.54052734375
,3053,,,,1827.145751953125
,3054,,,,2125.89208984375
,3055,,,,1953.2430419921875
,3056,,,,1863.232421875
,3057,,,,1658.9874267578125
,3058,,,,1228.0845947265625
,3059,,,,1501.310546875
,3060,,,,2374.74658203125
,3061,,,,1750.558837890625
,3062,,,,2025.63330078125
,3063,,,,2238.558837890625
,3064,,,,2382.384765625
,3065,,,,2173.9404296875
,3066,,,,1692.654052734375
,3067,,,,1888.730712890625
,3068,,,,2210.93994140625
,3069,,,,2182.65478515625
,3070,,,,1840.146728515625
,3071,,,,2142.23095703125
,3072,,,,2324.32666015625
,3073,,,,1786.478759765625
,3074,,,,1824.6273193359375
,3075,,,,2217.641357421875
,3076,,,,2142.950439453125
,3077,,,,2116.131591796875
,3078,,,,1874.5286865234375
,3079,,,,2151.6708984375
,3080,,,,2040.5506591796875
,3081,,,,1905.0906982421875
,3082,,,,2091.497314453125
,3083,,,,2136.0322265625
,3084,,,,2271.00634765625
,3085,,,,2243.44775390625
,3086,,,,2216.31005859375
48,12249,,,2061.587158203125,
48,12249,2152.89404296875,,,
49,12299,,1756.280517578125,,
49,12349,,2705.26513671875,,
49,12399,,2137.716552734375,,
49,12449,,1980.820556640625,,
49,12499,,2330.98681640625,,
,3087,,,,1933.1197509765625
,3088,,,,2397.39013671875
,3089,,,,2022.5838623046875
,3090,,,,1753.593505859375
,3091,,,,1670.243896484375
,3092,,,,1768.0380859375
,3093,,,,1761.609619140625
,3094,,,,2176.68701171875
,3095,,,,1993.498779296875
,3096,,,,2529.99169921875
,3097,,,,2064.16748046875
,3098,,,,2435.638671875
,3099,,,,1914.5760498046875
,3100,,,,1904.2137451171875
,3101,,,,1903.8463134765625
,3102,,,,1981.509521484375
,3103,,,,1925.439208984375
,3104,,,,2122.02783203125
,3105,,,,2409.781982421875
,3106,,,,2259.654296875
,3107,,,,2628.85986328125
,3108,,,,2113.7470703125
,3109,,,,2220.2900390625
,3110,,,,1857.1824951171875
,3111,,,,1937.2919921875
,3112,,,,2607.25634765625
,3113,,,,2873.83154296875
,3114,,,,2244.614990234375
,3115,,,,2485.62255859375
,3116,,,,1837.1854248046875
,3117,,,,2140.406005859375
,3118,,,,1957.4874267578125
,3119,,,,1878.345703125
,3120,,,,1672.71728515625
,3121,,,,1233.7916259765625
,3122,,,,1514.7984619140625
,3123,,,,2400.486328125
,3124,,,,1764.8421630859375
,3125,,,,2040.462646484375
,3126,,,,2252.4541015625
,3127,,,,2395.45068359375
,3128,,,,2178.0263671875
,3129,,,,1703.916259765625
,3130,,,,1900.865966796875
,3131,,,,2227.69140625
,3132,,,,2198.80712890625
,3133,,,,1843.948486328125
,3134,,,,2165.230224609375
,3135,,,,2342.2705078125
,3136,,,,1795.16357421875
,3137,,,,1838.5330810546875
,3138,,,,2216.60205078125
,3139,,,,2156.582275390625
,3140,,,,2124.25927734375
,3141,,,,1879.61669921875
,3142,,,,2154.4619140625
,3143,,,,2053.8671875
,3144,,,,1913.577880859375
,3145,,,,2106.17919921875
,3146,,,,2156.26416015625
,3147,,,,2276.105712890625
,3148,,,,2254.26123046875
,3149,,,,2232.051513671875
49,12499,,,2073.3916015625,
49,12499,2153.375,,,
50,12549,,2479.001953125,,
50,12599,,1994.833251953125,,
50,12649,,2088.34130859375,,
50,12699,,2601.4462890625,,
50,12749,,2354.34521484375,,
,3150,,,,1921.15869140625
,3151,,,,2385.13232421875
,3152,,,,1999.40380859375
,3153,,,,1736.527099609375
,3154,,,,1654.64111328125
,3155,,,,1752.753662109375
,3156,,,,1741.536865234375
,3157,,,,2156.9736328125
,3158,,,,1977.38232421875
,3159,,,,2494.8974609375
,3160,,,,2053.908935546875
,3161,,,,2399.48095703125
,3162,,,,1890.2373046875
,3163,,,,1886.139892578125
,3164,,,,1887.4459228515625
,3165,,,,1952.53076171875
,3166,,,,1910.107177734375
,3167,,,,2108.4267578125
,3168,,,,2400.91845703125
,3169,,,,2239.73828125
,3170,,,,2608.0166015625
,3171,,,,2108.793212890625
,3172,,,,2201.527587890625
,3173,,,,1840.73974609375
,3174,,,,1912.649658203125
,3175,,,,2589.9873046875
,3176,,,,2839.51513671875
,3177,,,,2227.202392578125
,3178,,,,2457.987060546875
,3179,,,,1823.6343994140625
,3180,,,,2125.429443359375
,3181,,,,1946.2342529296875
,3182,,,,1858.311279296875
,3183,,,,1658.05078125
,3184,,,,1223.0576171875
,3185,,,,1501.298095703125
,3186,,,,2371.011474609375
,3187,,,,1740.199462890625
,3188,,,,2017.3875732421875
,3189,,,,2232.99755859375
,3190,,,,2377.6240234375
,3191,,,,2165.2138671875
,3192,,,,1690.803466796875
,3193,,,,1891.2735595703125
,3194,,,,2204.389892578125
,3195,,,,2173.20458984375
,3196,,,,1826.2567138671875
,3197,,,,2136.95849609375
,3198,,,,2317.04052734375
,3199,,,,1769.3427734375
,3200,,,,1820.785400390625
,3201,,,,2203.642333984375
,3202,,,,2132.03857421875
,3203,,,,2112.49169921875
,3204,,,,1869.56005859375
,3205,,,,2136.2255859375
,3206,,,,2034.1639404296875
,3207,,,,1902.6978759765625
,3208,,,,2087.2998046875
,3209,,,,2132.781005859375
,3210,,,,2266.67626953125
,3211,,,,2246.88671875
,3212,,,,2212.00537109375
50,12749,,,2054.987548828125,
50,12749,2150.21435546875,,,
51,12799,,2133.49951171875,,
51,12849,,2145.04541015625,,
51,12899,,2910.297607421875,,
51,12949,,2792.060546875,,
51,12999,,1987.3720703125,,
,3213,,,,1928.35302734375
,3214,,,,2394.73291015625
,3215,,,,2012.8310546875
,3216,,,,1743.043701171875
,3217,,,,1655.529296875
,3218,,,,1762.2667236328125
,3219,,,,1760.0845947265625
,3220,,,,2168.509033203125
,3221,,,,1990.15771484375
,3222,,,,2518.323974609375
,3223,,,,2062.026611328125
,3224,,,,2421.163818359375
,3225,,,,1904.56103515625
,3226,,,,1901.1085205078125
,3227,,,,1893.158935546875
,3228,,,,1971.4522705078125
,3229,,,,1914.5120849609375
,3230,,,,2113.949951171875
,3231,,,,2412.30810546875
,3232,,,,2257.712890625
,3233,,,,2625.205810546875
,3234,,,,2110.896484375
,3235,,,,2216.638671875
,3236,,,,1849.658935546875
,3237,,,,1919.72607421875
,3238,,,,2598.2734375
,3239,,,,2864.24267578125
,3240,,,,2234.099365234375
,3241,,,,2478.0458984375
,3242,,,,1833.623779296875
,3243,,,,2127.78466796875
,3244,,,,1961.345703125
,3245,,,,1863.8603515625
,3246,,,,1665.2938232421875
,3247,,,,1229.10693359375
,3248,,,,1507.40478515625
,3249,,,,2380.4306640625
,3250,,,,1749.924560546875
,3251,,,,2026.6656494140625
,3252,,,,2242.60302734375
,3253,,,,2386.227783203125
,3254,,,,2172.2236328125
,3255,,,,1700.049072265625
,3256,,,,1898.810302734375
,3257,,,,2212.052001953125
,3258,,,,2194.790771484375
,3259,,,,1843.43212890625
,3260,,,,2152.298583984375
,3261,,,,2330.171875
,3262,,,,1795.7838134765625
,3263,,,,1832.632568359375
,3264,,,,2213.021240234375
,3265,,,,2150.002685546875
,3266,,,,2113.569091796875
,3267,,,,1878.8212890625
,3268,,,,2157.42138671875
,3269,,,,2047.438232421875
,3270,,,,1911.5374755859375
,3271,,,,2092.4375
,3272,,,,2144.55078125
,3273,,,,2273.81591796875
,3274,,,,2248.71435546875
,3275,,,,2220.480712890625
51,12999,,,2066.090576171875,
51,12999,2148.8681640625,,,
52,13049,,2472.265625,,
52,13099,,1587.327392578125,,
52,13149,,2290.23779296875,,
52,13199,,1814.615234375,,
52,13249,,2348.388427734375,,
,3276,,,,1917.27734375
,3277,,,,2382.291015625
,3278,,,,2002.526611328125
,3279,,,,1729.58544921875
,3280,,,,1652.54052734375
,3281,,,,1753.173583984375
,3282,,,,1745.347900390625
,3283,,,,2159.020263671875
,3284,,,,1972.5357666015625
,3285,,,,2503.1875
,3286,,,,2043.8067626953125
,3287,,,,2412.58203125
,3288,,,,1888.8843994140625
,3289,,,,1881.345703125
,3290,,,,1883.6595458984375
,3291,,,,1959.115234375
,3292,,,,1908.166259765625
,3293,,,,2100.63720703125
,3294,,,,2391.044921875
,3295,,,,2239.174072265625
,3296,,,,2601.8173828125
,3297,,,,2101.7578125
,3298,,,,2201.6201171875
,3299,,,,1831.8927001953125
,3300,,,,1912.46484375
,3301,,,,2588.455810546875
,3302,,,,2849.15478515625
,3303,,,,2219.095703125
,3304,,,,2462.521728515625
,3305,,,,1820.636962890625
,3306,,,,2120.130859375
,3307,,,,1945.2080078125
,3308,,,,1857.8460693359375
,3309,,,,1653.9437255859375
,3310,,,,1217.945556640625
,3311,,,,1494.84375
,3312,,,,2372.11669921875
,3313,,,,1745.1728515625
,3314,,,,2016.8519287109375
,3315,,,,2233.511474609375
,3316,,,,2379.478759765625
,3317,,,,2158.896484375
,3318,,,,1680.665283203125
,3319,,,,1884.0277099609375
,3320,,,,2206.81298828125
,3321,,,,2181.8935546875
,3322,,,,1823.53955078125
,3323,,,,2142.65576171875
,3324,,,,2317.7373046875
,3325,,,,1773.977294921875
,3326,,,,1816.656982421875
,3327,,,,2203.324951171875
,3328,,,,2134.50048828125
,3329,,,,2099.85986328125
,3330,,,,1858.22802734375
,3331,,,,2134.46826171875
,3332,,,,2032.647705078125
,3333,,,,1895.901611328125
,3334,,,,2079.775146484375
,3335,,,,2133.2412109375
,3336,,,,2258.0625
,3337,,,,2236.099853515625
,3338,,,,2215.16357421875
52,13249,,,2053.006591796875,
52,13249,2147.469482421875,,,
53,13299,,2582.75,,
53,13349,,1815.8076171875,,
53,13399,,2062.92578125,,
53,13449,,2336.63623046875,,
53,13499,,2079.4306640625,,
,3339,,,,1905.167236328125
,3340,,,,2379.3740234375
,3341,,,,1994.3160400390625
,3342,,,,1723.22119140625
,3343,,,,1639.449462890625
,3344,,,,1743.092041015625
,3345,,,,1734.3648681640625
,3346,,,,2150.970703125
,3347,,,,1968.07080078125
,3348,,,,2490.587890625
,3349,,,,2033.8369140625
,3350,,,,2402.5029296875
,3351,,,,1885.4072265625
,3352,,,,1875.25048828125
,3353,,,,1869.818359375
,3354,,,,1953.1922607421875
,3355,,,,1898.652587890625
,3356,,,,2096.871826171875
,3357,,,,2388.78857421875
,3358,,,,2234.16943359375
,3359,,,,2603.19140625
,3360,,,,2099.44091796875
,3361,,,,2193.894775390625
,3362,,,,1824.7003173828125
,3363,,,,1896.8717041015625
,3364,,,,2582.86083984375
,3365,,,,2835.64599609375
,3366,,,,2209.223876953125
,3367,,,,2445.63232421875
,3368,,,,1816.802001953125
,3369,,,,2117.759521484375
,3370,,,,1941.060791015625
,3371,,,,1845.967041015625
,3372,,,,1648.4415283203125
,3373,,,,1209.47998046875
,3374,,,,1489.90625
,3375,,,,2361.140380859375
,3376,,,,1734.610107421875
,3377,,,,2005.514892578125
,3378,,,,2224.35791015625
,3379,,,,2366.61181640625
,3380,,,,2154.404052734375
,3381,,,,1674.802734375
,3382,,,,1875.4677734375
,3383,,,,2198.785400390625
,3384,,,,2165.535888671875
,3385,,,,1816.5186767578125
,3386,,,,2134.58984375
,3387,,,,2307.0078125
,3388,,,,1766.7550048828125
,3389,,,,1800.93408203125
,3390,,,,2197.486328125
,3391,,,,2122.36865234375
,3392,,,,2093.2861328125
,3393,,,,1856.110107421875
,3394,,,,2129.45166015625
,3395,,,,2020.37109375
,3396,,,,1889.9482421875
,3397,,,,2076.78076171875
,3398,,,,2124.83154296875
,3399,,,,2261.361083984375
,3400,,,,2234.65869140625
,3401,,,,2210.64892578125
53,13499,,,2045.232177734375,
