epoch,step,train_loss_epoch,train_loss_step,val_loss_epoch,val_loss_step
0,49,,46.22907257080078,,
0,99,,39.84115982055664,,
,0,,,,30.621078491210938
,1,,,,36.41598129272461
,2,,,,46.60346221923828
,3,,,,37.54092025756836
,4,,,,42.61981964111328
,5,,,,44.26798629760742
,6,,,,40.389137268066406
,7,,,,35.065956115722656
,8,,,,29.7998046875
,9,,,,36.86781311035156
,10,,,,48.19990921020508
,11,,,,28.907405853271484
,12,,,,43.15909957885742
,13,,,,34.30665588378906
,14,,,,30.732479095458984
,15,,,,44.38365173339844
,16,,,,47.04923629760742
,17,,,,36.41413879394531
,18,,,,41.918182373046875
,19,,,,48.27518081665039
,20,,,,32.71932601928711
,21,,,,33.80400466918945
,22,,,,41.237850189208984
,23,,,,35.91891098022461
,24,,,,41.62462615966797
,25,,,,34.78857421875
,26,,,,40.93143844604492
,27,,,,38.2344856262207
,28,,,,50.1923713684082
,29,,,,42.22370529174805
,30,,,,48.38362121582031
,31,,,,39.1176643371582
0,124,,,39.46804428100586,
0,124,42.90630340576172,,,
1,149,,55.50933074951172,,
1,199,,36.23874282836914,,
1,249,,36.02537155151367,,
,32,,,,27.972980499267578
,33,,,,33.1912727355957
,34,,,,42.52986145019531
,35,,,,34.32324981689453
,36,,,,38.94898986816406
,37,,,,40.38462448120117
,38,,,,36.921146392822266
,39,,,,32.12201690673828
,40,,,,27.20425796508789
,41,,,,33.643062591552734
,42,,,,44.00420379638672
,43,,,,26.461654663085938
,44,,,,39.435577392578125
,45,,,,31.291027069091797
,46,,,,28.097734451293945
,47,,,,40.65121841430664
,48,,,,42.91810607910156
,49,,,,33.29176330566406
,50,,,,38.37448501586914
,51,,,,44.16502380371094
,52,,,,29.83509635925293
,53,,,,30.877431869506836
,54,,,,37.60261154174805
,55,,,,32.938148498535156
,56,,,,38.005210876464844
,57,,,,31.75988006591797
,58,,,,37.486576080322266
,59,,,,35.00497817993164
,60,,,,45.96223068237305
,61,,,,38.60393524169922
,62,,,,44.133270263671875
,63,,,,35.6252326965332
1,249,,,36.06553649902344,
1,249,39.978084564208984,,,
2,299,,50.59846496582031,,
2,349,,28.031578063964844,,
,64,,,,24.802013397216797
,65,,,,29.413612365722656
,66,,,,37.63029098510742
,67,,,,30.58856773376465
,68,,,,34.55035400390625
,69,,,,35.79025650024414
,70,,,,32.80006408691406
,71,,,,28.548891067504883
,72,,,,24.10795783996582
,73,,,,29.781391143798828
,74,,,,39.083553314208984
,75,,,,23.445125579833984
,76,,,,35.060447692871094
,77,,,,27.81087303161621
,78,,,,24.96038055419922
,79,,,,36.19559860229492
,80,,,,38.02981948852539
,81,,,,29.60313606262207
,82,,,,34.193199157714844
,83,,,,39.23874282836914
,84,,,,26.493480682373047
,85,,,,27.37435531616211
,86,,,,33.39971160888672
,87,,,,29.30586051940918
,88,,,,33.66888427734375
,89,,,,28.200580596923828
,90,,,,33.28438949584961
,91,,,,31.135210037231445
,92,,,,40.8494987487793
,93,,,,34.2834587097168
,94,,,,39.14527893066406
,95,,,,31.70121955871582
2,374,,,32.02240753173828,
2,374,35.8746452331543,,,
3,399,,29.000967025756836,,
3,449,,35.29987335205078,,
3,499,,26.488582611083984,,
,96,,,,21.83612060546875
,97,,,,25.899545669555664
,98,,,,33.02678298950195
,99,,,,27.078012466430664
,100,,,,30.47417640686035
,101,,,,31.532995223999023
,102,,,,28.963558197021484
,103,,,,25.182260513305664
,104,,,,21.270248413085938
,105,,,,26.25104522705078
,106,,,,34.54421615600586
,107,,,,20.63001251220703
,108,,,,31.0233154296875
,109,,,,24.59103012084961
,110,,,,22.017213821411133
,111,,,,32.00568389892578
,112,,,,33.473297119140625
,113,,,,26.23843765258789
,114,,,,30.30904197692871
,115,,,,34.62843322753906
,116,,,,23.390445709228516
,117,,,,24.138891220092773
,118,,,,29.513458251953125
,119,,,,25.89899444580078
,120,,,,29.651639938354492
,121,,,,24.965009689331055
,122,,,,29.346405029296875
,123,,,,27.536415100097656
,124,,,,36.11992263793945
,125,,,,30.271976470947266
,126,,,,34.50802230834961
,127,,,,28.096282958984375
3,499,,,28.26690101623535,
3,499,31.668100357055664,,,
4,549,,26.280818939208984,,
4,599,,29.194740295410156,,
,128,,,,19.345243453979492
,129,,,,22.92681121826172
,130,,,,29.106698989868164
,131,,,,24.0704345703125
,132,,,,27.0101318359375
,133,,,,27.9714298248291
,134,,,,25.7015323638916
,135,,,,22.313501358032227
,136,,,,18.888437271118164
,137,,,,23.265724182128906
,138,,,,30.703651428222656
,139,,,,18.273326873779297
,140,,,,27.60365104675293
,141,,,,21.87376594543457
,142,,,,19.521587371826172
,143,,,,28.48223876953125
,144,,,,29.64784049987793
,145,,,,23.39853858947754
,146,,,,27.00741195678711
,147,,,,30.74571418762207
,148,,,,20.75973129272461
,149,,,,21.408544540405273
,150,,,,26.22453498840332
,151,,,,22.986249923706055
,152,,,,26.21030616760254
,153,,,,22.228309631347656
,154,,,,26.006134033203125
,155,,,,24.51337432861328
,156,,,,32.11945343017578
,157,,,,26.871068954467773
,158,,,,30.584056854248047
,159,,,,25.075878143310547
4,624,,,25.089229583740234,
4,624,28.00019073486328,,,
5,649,,19.97134780883789,,
5,699,,21.66666030883789,,
5,749,,23.985673904418945,,
,160,,,,17.33683967590332
,161,,,,20.533525466918945
,162,,,,25.948307037353516
,163,,,,21.622493743896484
,164,,,,24.195829391479492
,165,,,,25.0704288482666
,166,,,,23.062868118286133
,167,,,,19.98966407775879
,168,,,,16.959789276123047
,169,,,,20.82613182067871
,170,,,,27.572284698486328
,171,,,,16.347036361694336
,172,,,,24.821718215942383
,173,,,,19.67152214050293
,174,,,,17.498598098754883
,175,,,,25.64362335205078
,176,,,,26.56376075744629
,177,,,,21.080881118774414
,178,,,,24.320444107055664
,179,,,,27.568023681640625
,180,,,,18.621288299560547
,181,,,,19.197818756103516
,182,,,,23.569164276123047
,183,,,,20.627254486083984
,184,,,,23.41429901123047
,185,,,,19.96725082397461
,186,,,,23.292797088623047
,187,,,,22.068359375
,188,,,,28.856508255004883
,189,,,,24.104042053222656
,190,,,,27.41950225830078
,191,,,,22.626726150512695
5,749,,,22.509716033935547,
5,749,24.96235466003418,,,
6,799,,20.233057022094727,,
6,849,,23.620033264160156,,
,192,,,,15.73628044128418
,193,,,,18.636768341064453
,194,,,,23.45490264892578
,195,,,,19.68105125427246
,196,,,,21.939420700073242
,197,,,,22.72977066040039
,198,,,,20.974149703979492
,199,,,,18.133460998535156
,200,,,,15.419459342956543
,201,,,,18.876794815063477
,202,,,,25.078781127929688
,203,,,,14.798431396484375
,204,,,,22.594266891479492
,205,,,,17.934818267822266
,206,,,,15.874457359313965
,207,,,,23.372819900512695
,208,,,,24.08570671081543
,209,,,,19.228660583496094
,210,,,,22.1455020904541
,211,,,,25.0320987701416
,212,,,,16.922977447509766
,213,,,,17.44493865966797
,214,,,,21.4788761138916
,215,,,,18.75137710571289
,216,,,,21.19211196899414
,217,,,,18.139934539794922
,218,,,,21.118803024291992
,219,,,,20.11825942993164
,220,,,,26.217899322509766
,221,,,,21.88613510131836
,222,,,,24.88349151611328
,223,,,,20.675634384155273
6,874,,,20.44964027404785,
6,874,22.514616012573242,,,
7,899,,16.485538482666016,,
7,949,,20.10158920288086,,
7,999,,16.57666015625,,
,224,,,,14.523764610290527
,225,,,,17.225078582763672
,226,,,,21.594219207763672
,227,,,,18.236942291259766
,228,,,,20.230085372924805
,229,,,,20.959028244018555
,230,,,,19.4103946685791
,231,,,,16.727441787719727
,232,,,,14.248762130737305
,233,,,,17.42806625366211
,234,,,,23.202577590942383
,235,,,,13.62514877319336
,236,,,,20.93461799621582
,237,,,,16.643918991088867
,238,,,,14.635967254638672
,239,,,,21.643774032592773
,240,,,,22.226221084594727
,241,,,,17.844011306762695
,242,,,,20.502635955810547
,243,,,,23.123979568481445
,244,,,,15.637606620788574
,245,,,,16.126750946044922
,246,,,,19.899715423583984
,247,,,,17.330242156982422
,248,,,,19.52950668334961
,249,,,,16.759300231933594
,250,,,,19.485431671142578
,251,,,,18.64959716796875
,252,,,,24.221891403198242
,253,,,,20.215726852416992
,254,,,,22.96451187133789
,255,,,,19.204198837280273
7,999,,,18.898815155029297,
7,999,20.619766235351562,,,
8,1049,,18.107114791870117,,
8,1099,,14.409189224243164,,
,256,,,,13.65035629272461
,257,,,,16.21135139465332
,258,,,,20.271154403686523
,259,,,,17.203325271606445
,260,,,,18.99537467956543
,261,,,,19.704383850097656
,262,,,,18.28452491760254
,263,,,,15.712986946105957
,264,,,,13.400224685668945
,265,,,,16.398263931274414
,266,,,,21.852153778076172
,267,,,,12.771965026855469
,268,,,,19.745519638061523
,269,,,,15.710959434509277
,270,,,,13.740070343017578
,271,,,,20.37849998474121
,272,,,,20.893823623657227
,273,,,,16.85557746887207
,274,,,,19.311784744262695
,275,,,,21.76751136779785
,276,,,,14.716376304626465
,277,,,,15.181218147277832
,278,,,,18.757665634155273
,279,,,,16.296875
,280,,,,18.344146728515625
,281,,,,15.768590927124023
,282,,,,18.308324813842773
,283,,,,17.56839370727539
,284,,,,22.779237747192383
,285,,,,19.01363182067871
,286,,,,21.575931549072266
,287,,,,18.125736236572266
8,1124,,,17.782453536987305,
8,1124,19.21273422241211,,,
9,1149,,19.232606887817383,,
9,1199,,18.40135383605957,,
9,1249,,14.101407051086426,,
,288,,,,13.00387954711914
,289,,,,15.454499244689941
,290,,,,19.295360565185547
,291,,,,16.431379318237305
,292,,,,18.086389541625977
,293,,,,18.792064666748047
,294,,,,17.45091438293457
,295,,,,14.959511756896973
,296,,,,12.774148941040039
,297,,,,15.647786140441895
,298,,,,20.8522891998291
,299,,,,12.14498233795166
,300,,,,18.86436653137207
,301,,,,15.014897346496582
,302,,,,13.080666542053223
,303,,,,19.433027267456055
,304,,,,19.916942596435547
,305,,,,16.136516571044922
,306,,,,18.425764083862305
,307,,,,20.775192260742188
,308,,,,14.026019096374512
,309,,,,14.48970890045166
,310,,,,17.911325454711914
,311,,,,15.530173301696777
,312,,,,17.470600128173828
,313,,,,15.045055389404297
,314,,,,17.438098907470703
,315,,,,16.759458541870117
,316,,,,21.71772575378418
,317,,,,18.122678756713867
,318,,,,20.543212890625
,319,,,,17.317157745361328
9,1249,,,16.957565307617188,
9,1249,18.199743270874023,,,
10,1299,,16.74897575378418,,
10,1349,,15.600600242614746,,
,320,,,,12.538905143737793
,321,,,,14.912336349487305
,322,,,,18.595239639282227
,323,,,,15.8789644241333
,324,,,,17.425785064697266
,325,,,,18.145402908325195
,326,,,,16.849708557128906
,327,,,,14.407394409179688
,328,,,,12.327528953552246
,329,,,,15.111330032348633
,330,,,,20.136005401611328
,331,,,,11.696393013000488
,332,,,,18.225236892700195
,333,,,,14.510207176208496
,334,,,,12.60839557647705
,335,,,,18.74720001220703
,336,,,,19.21170425415039
,337,,,,15.615754127502441
,338,,,,17.782733917236328
,339,,,,20.054729461669922
,340,,,,13.53168773651123
,341,,,,13.998430252075195
,342,,,,17.300859451293945
,343,,,,14.968733787536621
,344,,,,16.84056854248047
,345,,,,14.521122932434082
,346,,,,16.8066349029541
,347,,,,16.175323486328125
,348,,,,20.94864273071289
,349,,,,17.474735260009766
,350,,,,19.80974006652832
,351,,,,16.737062454223633
10,1374,,,16.362934112548828,
10,1374,17.458431243896484,,,
11,1399,,19.52935791015625,,
11,1449,,12.323405265808105,,
11,1499,,15.298432350158691,,
,352,,,,12.196081161499023
,353,,,,14.50964069366455
,354,,,,18.073331832885742
,355,,,,15.468695640563965
,356,,,,16.938152313232422
,357,,,,17.66433334350586
,358,,,,16.40644073486328
,359,,,,13.98904800415039
,360,,,,12.006667137145996
,361,,,,14.709159851074219
,362,,,,19.606611251831055
,363,,,,11.36772632598877
,364,,,,17.74615478515625
,365,,,,14.136099815368652
,366,,,,12.252066612243652
,367,,,,18.234891891479492
,368,,,,18.692296981811523
,369,,,,15.232234001159668
,370,,,,17.29990005493164
,371,,,,19.515480041503906
,372,,,,13.169791221618652
,373,,,,13.639592170715332
,374,,,,16.850910186767578
,375,,,,14.550268173217773
,376,,,,16.363651275634766
,377,,,,14.132220268249512
,378,,,,16.337480545043945
,379,,,,15.73550033569336
,380,,,,20.372419357299805
,381,,,,16.983049392700195
,382,,,,19.265228271484375
,383,,,,16.306978225708008
11,1499,,,15.920700073242188,
11,1499,16.91059684753418,,,
12,1549,,14.586017608642578,,
12,1599,,16.6922550201416,,
,384,,,,11.941076278686523
,385,,,,14.209158897399902
,386,,,,17.6870059967041
,387,,,,15.160079002380371
,388,,,,16.57198715209961
,389,,,,17.302438735961914
,390,,,,16.07363510131836
,391,,,,13.674153327941895
,392,,,,11.769049644470215
,393,,,,14.414704322814941
,394,,,,19.213207244873047
,395,,,,11.122385025024414
,396,,,,17.381120681762695
,397,,,,13.852801322937012
,398,,,,11.980652809143066
,399,,,,17.858869552612305
,400,,,,18.301237106323242
,401,,,,14.945207595825195
,402,,,,16.93575668334961
,403,,,,19.104162216186523
,404,,,,12.898998260498047
,405,,,,13.378671646118164
,406,,,,16.51211166381836
,407,,,,14.237832069396973
,408,,,,16.008853912353516
,409,,,,13.840324401855469
,410,,,,15.989301681518555
,411,,,,15.400607109069824
,412,,,,19.93824577331543
,413,,,,16.614959716796875
,414,,,,18.871841430664062
,415,,,,15.985771179199219
12,1624,,,15.589977264404297,
12,1624,16.501035690307617,,,
13,1649,,18.907442092895508,,
13,1699,,20.340396881103516,,
13,1749,,18.52054214477539,,
,416,,,,11.746136665344238
,417,,,,13.986563682556152
,418,,,,17.402097702026367
,419,,,,14.926464080810547
,420,,,,16.289777755737305
,421,,,,17.021848678588867
,422,,,,15.817880630493164
,423,,,,13.433290481567383
,424,,,,11.58676528930664
,425,,,,14.184714317321777
,426,,,,18.925228118896484
,427,,,,10.934253692626953
,428,,,,17.10267448425293
,429,,,,13.640024185180664
,430,,,,11.776686668395996
,431,,,,17.57325553894043
,432,,,,18.00373077392578
,433,,,,14.720415115356445
,434,,,,16.654809951782227
,435,,,,18.78997230529785
,436,,,,12.690863609313965
,437,,,,13.174331665039062
,438,,,,16.263395309448242
,439,,,,13.99148178100586
,440,,,,15.740489959716797
,441,,,,13.615405082702637
,442,,,,15.723817825317383
,443,,,,15.148735046386719
,444,,,,19.60739517211914
,445,,,,16.331623077392578
,446,,,,18.578596115112305
,447,,,,15.748842239379883
13,1749,,,15.338238716125488,
13,1749,16.192575454711914,,,
14,1799,,15.790162086486816,,
14,1849,,14.573534965515137,,
,448,,,,11.599872589111328
,449,,,,13.817187309265137
,450,,,,17.18828773498535
,451,,,,14.7423734664917
,452,,,,16.06743812561035
,453,,,,16.8048038482666
,454,,,,15.628349304199219
,455,,,,13.24355411529541
,456,,,,11.44709300994873
,457,,,,14.011422157287598
,458,,,,18.69523811340332
,459,,,,10.790729522705078
,460,,,,16.885623931884766
,461,,,,13.476119995117188
,462,,,,11.616617202758789
,463,,,,17.35841178894043
,464,,,,17.77640151977539
,465,,,,14.546479225158691
,466,,,,16.433019638061523
,467,,,,18.545011520385742
,468,,,,12.536359786987305
,469,,,,13.022509574890137
,470,,,,16.073537826538086
,471,,,,13.799311637878418
,472,,,,15.536835670471191
,473,,,,13.4388427734375
,474,,,,15.51574993133545
,475,,,,14.951743125915527
,476,,,,19.34786605834961
,477,,,,16.113380432128906
,478,,,,18.362884521484375
,479,,,,15.559457778930664
14,1874,,,15.144413948059082,
14,1874,15.953527450561523,,,
15,1899,,15.457133293151855,,
15,1949,,14.61986255645752,,
15,1999,,17.75959587097168,,
,480,,,,11.485291481018066
,481,,,,13.686615943908691
,482,,,,17.023645401000977
,483,,,,14.597443580627441
,484,,,,15.89117431640625
,485,,,,16.640270233154297
,486,,,,15.469789505004883
,487,,,,13.093505859375
,488,,,,11.329142570495605
,489,,,,13.873117446899414
,490,,,,18.51408576965332
,491,,,,10.68056583404541
,492,,,,16.71181869506836
,493,,,,13.349632263183594
,494,,,,11.491195678710938
,495,,,,17.183027267456055
,496,,,,17.593299865722656
,497,,,,14.400469779968262
,498,,,,16.25757598876953
,499,,,,18.34640121459961
,500,,,,12.411267280578613
,501,,,,12.896730422973633
,502,,,,15.925394058227539
,503,,,,13.640761375427246
,504,,,,15.372699737548828
,505,,,,13.294540405273438
,506,,,,15.349459648132324
,507,,,,14.803712844848633
,508,,,,19.14396858215332
,509,,,,15.937057495117188
,510,,,,18.2021427154541
,511,,,,15.42201042175293
15,1999,,,14.990442276000977,
15,1999,15.770078659057617,,,
16,2049,,14.951244354248047,,
16,2099,,19.046283721923828,,
,512,,,,11.396944046020508
,513,,,,13.587050437927246
,514,,,,16.89794158935547
,515,,,,14.48263168334961
,516,,,,15.751349449157715
,517,,,,16.5003719329834
,518,,,,15.348677635192871
,519,,,,12.977091789245605
,520,,,,11.235918045043945
,521,,,,13.763270378112793
,522,,,,18.369848251342773
,523,,,,10.59195613861084
,524,,,,16.573274612426758
,525,,,,13.243823051452637
,526,,,,11.396098136901855
,527,,,,17.038803100585938
,528,,,,17.44855499267578
,529,,,,14.287219047546387
,530,,,,16.10906410217285
,531,,,,18.190839767456055
,532,,,,12.310487747192383
,533,,,,12.799894332885742
,534,,,,15.804771423339844
,535,,,,13.510699272155762
,536,,,,15.246499061584473
,537,,,,13.178503036499023
,538,,,,15.208928108215332
,539,,,,14.67980670928955
,540,,,,18.972814559936523
,541,,,,15.795598983764648
,542,,,,18.07158851623535
,543,,,,15.293017387390137
16,2124,,,14.86699390411377,
16,2124,15.619230270385742,,,
17,2149,,12.642897605895996,,
17,2199,,15.779732704162598,,
17,2249,,13.56591796875,,
,544,,,,11.31978988647461
,545,,,,13.494726181030273
,546,,,,16.790374755859375
,547,,,,14.381648063659668
,548,,,,15.638029098510742
,549,,,,16.384878158569336
,550,,,,15.236437797546387
,551,,,,12.875815391540527
,552,,,,11.154695510864258
,553,,,,13.6746826171875
,554,,,,18.243101119995117
,555,,,,10.520621299743652
,556,,,,16.44940757751465
,557,,,,13.154994010925293
,558,,,,11.313342094421387
,559,,,,16.915903091430664
,560,,,,17.327089309692383
,561,,,,14.191324234008789
,562,,,,15.988170623779297
,563,,,,18.051753997802734
,564,,,,12.225537300109863
,565,,,,12.722346305847168
,566,,,,15.695953369140625
,567,,,,13.402904510498047
,568,,,,15.143189430236816
,569,,,,13.083857536315918
,570,,,,15.09205150604248
,571,,,,14.576757431030273
,572,,,,18.840129852294922
,573,,,,15.671875953674316
,574,,,,17.964460372924805
,575,,,,15.180704116821289
17,2249,,,14.7622709274292,
17,2249,15.497820854187012,,,
18,2299,,15.862441062927246,,
18,2349,,13.25600814819336,,
,576,,,,11.2576904296875
,577,,,,13.425895690917969
,578,,,,16.70606803894043
,579,,,,14.302372932434082
,580,,,,15.542258262634277
,581,,,,16.285356521606445
,582,,,,15.151509284973145
,583,,,,12.792004585266113
,584,,,,11.088815689086914
,585,,,,13.599760055541992
,586,,,,18.14173126220703
,587,,,,10.460471153259277
,588,,,,16.353282928466797
,589,,,,13.083313941955566
,590,,,,11.246867179870605
,591,,,,16.81662940979004
,592,,,,17.221982955932617
,593,,,,14.105449676513672
,594,,,,15.883624076843262
,595,,,,17.93771743774414
,596,,,,12.153986930847168
,597,,,,12.652872085571289
,598,,,,15.610812187194824
,599,,,,13.31173324584961
,600,,,,15.055238723754883
,601,,,,13.003437995910645
,602,,,,14.993247032165527
,603,,,,14.491875648498535
,604,,,,18.715906143188477
,605,,,,15.56877613067627
,606,,,,17.874113082885742
,607,,,,15.085963249206543
18,2374,,,14.675402641296387,
18,2374,15.396146774291992,,,
19,2399,,12.58063793182373,,
19,2449,,15.423105239868164,,
19,2499,,15.62852954864502,,
,608,,,,11.209065437316895
,609,,,,13.36713981628418
,610,,,,16.63544464111328
,611,,,,14.237357139587402
,612,,,,15.466933250427246
,613,,,,16.211761474609375
,614,,,,15.07663631439209
,615,,,,12.724072456359863
,616,,,,11.034394264221191
,617,,,,13.53924560546875
,618,,,,18.049345016479492
,619,,,,10.414567947387695
,620,,,,16.271608352661133
,621,,,,13.02552604675293
,622,,,,11.195735931396484
,623,,,,16.72943115234375
,624,,,,17.141216278076172
,625,,,,14.039015769958496
,626,,,,15.79847526550293
,627,,,,17.845327377319336
,628,,,,12.09822940826416
,629,,,,12.602400779724121
,630,,,,15.535062789916992
,631,,,,13.2398042678833
,632,,,,14.984851837158203
,633,,,,12.940929412841797
,634,,,,14.91466236114502
,635,,,,14.42159366607666
,636,,,,18.625009536743164
,637,,,,15.48354721069336
,638,,,,17.804685592651367
,639,,,,15.00466251373291
19,2499,,,14.605256080627441,
19,2499,15.309074401855469,,,
20,2549,,19.071592330932617,,
20,2599,,17.01232147216797,,
,640,,,,11.16968822479248
,641,,,,13.319716453552246
,642,,,,16.582843780517578
,643,,,,14.181784629821777
,644,,,,15.40417194366455
,645,,,,16.14683723449707
,646,,,,15.017786979675293
,647,,,,12.668435096740723
,648,,,,10.98968505859375
,649,,,,13.485422134399414
,650,,,,17.976783752441406
,651,,,,10.377816200256348
,652,,,,16.209510803222656
,653,,,,12.977107048034668
,654,,,,11.152480125427246
,655,,,,16.65435028076172
,656,,,,17.06985855102539
,657,,,,13.981545448303223
,658,,,,15.723859786987305
,659,,,,17.76812171936035
,660,,,,12.053614616394043
,661,,,,12.556842803955078
,662,,,,15.478544235229492
,663,,,,13.177268028259277
,664,,,,14.927157402038574
,665,,,,12.88430118560791
,666,,,,14.844919204711914
,667,,,,14.36362075805664
,668,,,,18.540063858032227
,669,,,,15.410853385925293
,670,,,,17.74521827697754
,671,,,,14.935481071472168
20,2624,,,14.546371459960938,
20,2624,15.237789154052734,,,
21,2649,,15.697710990905762,,
21,2699,,15.362560272216797,,
21,2749,,10.617087364196777,,
,672,,,,11.137051582336426
,673,,,,13.281107902526855
,674,,,,16.537229537963867
,675,,,,14.133550643920898
,676,,,,15.34948444366455
,677,,,,16.089405059814453
,678,,,,14.962006568908691
,679,,,,12.624616622924805
,680,,,,10.952044486999512
,681,,,,13.443678855895996
,682,,,,17.913393020629883
,683,,,,10.344583511352539
,684,,,,16.154027938842773
,685,,,,12.9378662109375
,686,,,,11.122037887573242
,687,,,,16.594364166259766
,688,,,,17.012672424316406
,689,,,,13.923802375793457
,690,,,,15.659279823303223
,691,,,,17.696395874023438
,692,,,,12.015849113464355
,693,,,,12.514618873596191
,694,,,,15.424384117126465
,695,,,,13.12704086303711
,696,,,,14.879603385925293
,697,,,,12.838637351989746
,698,,,,14.788267135620117
,699,,,,14.31406021118164
,700,,,,18.47092056274414
,701,,,,15.350031852722168
,702,,,,17.69607162475586
,703,,,,14.882739067077637
21,2749,,,14.4962797164917,
21,2749,15.178664207458496,,,
22,2799,,11.95242691040039,,
22,2849,,20.017290115356445,,
,704,,,,11.107220649719238
,705,,,,13.247148513793945
,706,,,,16.501815795898438
,707,,,,14.100224494934082
,708,,,,15.306642532348633
,709,,,,16.04297637939453
,710,,,,14.917595863342285
,711,,,,12.588610649108887
,712,,,,10.922683715820312
,713,,,,13.40890884399414
,714,,,,17.85818862915039
,715,,,,10.319948196411133
,716,,,,16.106882095336914
,717,,,,12.90639877319336
,718,,,,11.091561317443848
,719,,,,16.54322624206543
,720,,,,16.96565055847168
,721,,,,13.885661125183105
,722,,,,15.606704711914062
,723,,,,17.645111083984375
,724,,,,11.984683990478516
,725,,,,12.484448432922363
,726,,,,15.380621910095215
,727,,,,13.087844848632812
,728,,,,14.841282844543457
,729,,,,12.802607536315918
,730,,,,14.747199058532715
,731,,,,14.271284103393555
,732,,,,18.411380767822266
,733,,,,15.299970626831055
,734,,,,17.655319213867188
,735,,,,14.834075927734375
22,2874,,,14.455944061279297,
22,2874,15.127355575561523,,,
23,2899,,18.36480140686035,,
23,2949,,13.220585823059082,,
23,2999,,10.918776512145996,,
,736,,,,11.084931373596191
,737,,,,13.209067344665527
,738,,,,16.46491050720215
,739,,,,14.06540298461914
,740,,,,15.265847206115723
,741,,,,16.006303787231445
,742,,,,14.873527526855469
,743,,,,12.55424976348877
,744,,,,10.89518928527832
,745,,,,13.373910903930664
,746,,,,17.802656173706055
,747,,,,10.298789024353027
,748,,,,16.065603256225586
,749,,,,12.87695026397705
,750,,,,11.063698768615723
,751,,,,16.494693756103516
,752,,,,16.923696517944336
,753,,,,13.845808029174805
,754,,,,15.557382583618164
,755,,,,17.593013763427734
,756,,,,11.953296661376953
,757,,,,12.45546817779541
,758,,,,15.343560218811035
,759,,,,13.05265998840332
,760,,,,14.804933547973633
,761,,,,12.767956733703613
,762,,,,14.710803031921387
,763,,,,14.233851432800293
,764,,,,18.356781005859375
,765,,,,15.25560474395752
,766,,,,17.616342544555664
,767,,,,14.78938102722168
23,2999,,,14.418057441711426,
23,2999,15.08427619934082,,,
24,3049,,16.12286376953125,,
24,3099,,12.453652381896973,,
,768,,,,11.060483932495117
,769,,,,13.181458473205566
,770,,,,16.44277000427246
,771,,,,14.035436630249023
,772,,,,15.230949401855469
,773,,,,15.967613220214844
,774,,,,14.83930778503418
,775,,,,12.530136108398438
,776,,,,10.876813888549805
,777,,,,13.34301471710205
,778,,,,17.76250648498535
,779,,,,10.281315803527832
,780,,,,16.03388786315918
,781,,,,12.849903106689453
,782,,,,11.044120788574219
,783,,,,16.45504379272461
,784,,,,16.893735885620117
,785,,,,13.813901901245117
,786,,,,15.515015602111816
,787,,,,17.550495147705078
,788,,,,11.928720474243164
,789,,,,12.425463676452637
,790,,,,15.311976432800293
,791,,,,13.022741317749023
,792,,,,14.774457931518555
,793,,,,12.737936973571777
,794,,,,14.67597484588623
,795,,,,14.198184967041016
,796,,,,18.31120491027832
,797,,,,15.22211742401123
,798,,,,17.583086013793945
,799,,,,14.748247146606445
24,3124,,,14.386780738830566,
24,3124,15.047088623046875,,,
25,3149,,14.129762649536133,,
25,3199,,18.70026969909668,,
25,3249,,15.077245712280273,,
,800,,,,11.042424201965332
,801,,,,13.158549308776855
,802,,,,16.42247200012207
,803,,,,14.009499549865723
,804,,,,15.205677032470703
,805,,,,15.938117027282715
,806,,,,14.810546875
,807,,,,12.50827407836914
,808,,,,10.862553596496582
,809,,,,13.319807052612305
,810,,,,17.72191047668457
,811,,,,10.268594741821289
,812,,,,16.001977920532227
,813,,,,12.824799537658691
,814,,,,11.028271675109863
,815,,,,16.421424865722656
,816,,,,16.864288330078125
,817,,,,13.78298282623291
,818,,,,15.478582382202148
,819,,,,17.516326904296875
,820,,,,11.905074119567871
,821,,,,12.403531074523926
,822,,,,15.283740043640137
,823,,,,12.99512767791748
,824,,,,14.751486778259277
,825,,,,12.71353530883789
,826,,,,14.652666091918945
,827,,,,14.168153762817383
,828,,,,18.27330207824707
,829,,,,15.193004608154297
,830,,,,17.552949905395508
,831,,,,14.713659286499023
25,3249,,,14.360259056091309,
25,3249,15.013586044311523,,,
26,3299,,16.180540084838867,,
26,3349,,12.98760986328125,,
,832,,,,11.026984214782715
,833,,,,13.133651733398438
,834,,,,16.40200424194336
,835,,,,13.986838340759277
,836,,,,15.176706314086914
,837,,,,15.909995079040527
,838,,,,14.779787063598633
,839,,,,12.487086296081543
,840,,,,10.846254348754883
,841,,,,13.29671859741211
,842,,,,17.6866455078125
,843,,,,10.25230598449707
,844,,,,15.976774215698242
,845,,,,12.805900573730469
,846,,,,11.014196395874023
,847,,,,16.388439178466797
,848,,,,16.8405818939209
,849,,,,13.75805377960205
,850,,,,15.441874504089355
,851,,,,17.483781814575195
,852,,,,11.889657020568848
,853,,,,12.387277603149414
,854,,,,15.254599571228027
,855,,,,12.978565216064453
,856,,,,14.735907554626465
,857,,,,12.69091510772705
,858,,,,14.631569862365723
,859,,,,14.141440391540527
,860,,,,18.238855361938477
,861,,,,15.164945602416992
,862,,,,17.527555465698242
,863,,,,14.68017292022705
26,3374,,,14.336189270019531,
26,3374,14.985267639160156,,,
27,3399,,18.628732681274414,,
27,3449,,12.439851760864258,,
27,3499,,15.056078910827637,,
,864,,,,11.009880065917969
,865,,,,13.115754127502441
,866,,,,16.38071632385254
,867,,,,13.969377517700195
,868,,,,15.156871795654297
,869,,,,15.889792442321777
,870,,,,14.754008293151855
,871,,,,12.46872329711914
,872,,,,10.83475399017334
,873,,,,13.276859283447266
,874,,,,17.65484046936035
,875,,,,10.243597030639648
,876,,,,15.954134941101074
,877,,,,12.790712356567383
,878,,,,10.999312400817871
,879,,,,16.362873077392578
,880,,,,16.819774627685547
,881,,,,13.736355781555176
,882,,,,15.415291786193848
,883,,,,17.457340240478516
,884,,,,11.8720703125
,885,,,,12.369650840759277
,886,,,,15.235739707946777
,887,,,,12.955368041992188
,888,,,,14.714526176452637
,889,,,,12.673335075378418
,890,,,,14.609429359436035
,891,,,,14.12087345123291
,892,,,,18.209604263305664
,893,,,,15.14098072052002
,894,,,,17.5036563873291
,895,,,,14.656965255737305
27,3499,,,14.315536499023438,
27,3499,14.959376335144043,,,
28,3549,,18.351736068725586,,
28,3599,,13.21660327911377,,
,896,,,,10.998249053955078
,897,,,,13.098773956298828
,898,,,,16.36909294128418
,899,,,,13.950925827026367
,900,,,,15.13503360748291
,901,,,,15.871835708618164
,902,,,,14.733468055725098
,903,,,,12.454835891723633
,904,,,,10.824454307556152
,905,,,,13.255477905273438
,906,,,,17.629283905029297
,907,,,,10.23462963104248
,908,,,,15.931567192077637
,909,,,,12.778059005737305
,910,,,,10.989606857299805
,911,,,,16.33845329284668
,912,,,,16.799009323120117
,913,,,,13.713851928710938
,914,,,,15.38701343536377
,915,,,,17.434791564941406
,916,,,,11.860258102416992
,917,,,,12.353537559509277
,918,,,,15.21767807006836
,919,,,,12.93791389465332
,920,,,,14.698514938354492
,921,,,,12.652480125427246
,922,,,,14.592077255249023
,923,,,,14.100460052490234
,924,,,,18.179733276367188
,925,,,,15.11962890625
,926,,,,17.486661911010742
,927,,,,14.633760452270508
28,3624,,,14.29714584350586,
28,3624,14.934667587280273,,,
29,3649,,11.80941104888916,,
29,3699,,20.608871459960938,,
29,3749,,13.931506156921387,,
,928,,,,10.990124702453613
,929,,,,13.087084770202637
,930,,,,16.35860252380371
,931,,,,13.943283081054688
,932,,,,15.112189292907715
,933,,,,15.851534843444824
,934,,,,14.710983276367188
,935,,,,12.440900802612305
,936,,,,10.812378883361816
,937,,,,13.240378379821777
,938,,,,17.609149932861328
,939,,,,10.224589347839355
,940,,,,15.911921501159668
,941,,,,12.765690803527832
,942,,,,10.977951049804688
,943,,,,16.318506240844727
,944,,,,16.778654098510742
,945,,,,13.692571640014648
,946,,,,15.368441581726074
,947,,,,17.41808319091797
,948,,,,11.848188400268555
,949,,,,12.338590621948242
,950,,,,15.20363712310791
,951,,,,12.922991752624512
,952,,,,14.684077262878418
,953,,,,12.632939338684082
,954,,,,14.576086044311523
,955,,,,14.088254928588867
,956,,,,18.155031204223633
,957,,,,15.09932804107666
,958,,,,17.474395751953125
,959,,,,14.622504234313965
29,3749,,,14.281350135803223,
29,3749,14.91809368133545,,,
30,3799,,10.755620956420898,,
30,3849,,13.383195877075195,,
,960,,,,10.975836753845215
,961,,,,13.068513870239258
,962,,,,16.33906364440918
,963,,,,13.925349235534668
,964,,,,15.096713066101074
,965,,,,15.835530281066895
,966,,,,14.689769744873047
,967,,,,12.427067756652832
,968,,,,10.801750183105469
,969,,,,13.223654747009277
,970,,,,17.583358764648438
,971,,,,10.21414566040039
,972,,,,15.893003463745117
,973,,,,12.752789497375488
,974,,,,10.966317176818848
,975,,,,16.295785903930664
,976,,,,16.76651382446289
,977,,,,13.671201705932617
,978,,,,15.347614288330078
,979,,,,17.394147872924805
,980,,,,11.835619926452637
,981,,,,12.324200630187988
,982,,,,15.184409141540527
,983,,,,12.904109954833984
,984,,,,14.669251441955566
,985,,,,12.621291160583496
,986,,,,14.558965682983398
,987,,,,14.069669723510742
,988,,,,18.13399887084961
,989,,,,15.082319259643555
,990,,,,17.458215713500977
,991,,,,14.603525161743164
30,3874,,,14.26435375213623,
30,3874,14.899832725524902,,,
31,3899,,16.07304573059082,,
31,3949,,15.050299644470215,,
31,3999,,11.413413047790527,,
,992,,,,10.968154907226562
,993,,,,13.059792518615723
,994,,,,16.326152801513672
,995,,,,13.91186237335205
,996,,,,15.082633018493652
,997,,,,15.822625160217285
,998,,,,14.672751426696777
,999,,,,12.418848991394043
,1000,,,,10.795659065246582
,1001,,,,13.213719367980957
,1002,,,,17.56426239013672
,1003,,,,10.207658767700195
,1004,,,,15.876618385314941
,1005,,,,12.744244575500488
,1006,,,,10.960444450378418
,1007,,,,16.281204223632812
,1008,,,,16.755327224731445
,1009,,,,13.657794952392578
,1010,,,,15.33059310913086
,1011,,,,17.37995147705078
,1012,,,,11.826386451721191
,1013,,,,12.314688682556152
,1014,,,,15.173956871032715
,1015,,,,12.895524978637695
,1016,,,,14.663145065307617
,1017,,,,12.608613014221191
,1018,,,,14.548487663269043
,1019,,,,14.057783126831055
,1020,,,,18.1149959564209
,1021,,,,15.071038246154785
,1022,,,,17.443593978881836
,1023,,,,14.590537071228027
31,3999,,,14.252676963806152,
31,3999,14.884628295898438,,,
32,4049,,13.761984825134277,,
32,4099,,17.145599365234375,,
,1024,,,,10.96268081665039
,1025,,,,13.049199104309082
,1026,,,,16.321022033691406
,1027,,,,13.901029586791992
,1028,,,,15.076443672180176
,1029,,,,15.807095527648926
,1030,,,,14.659852027893066
,1031,,,,12.41148853302002
,1032,,,,10.792177200317383
,1033,,,,13.201441764831543
,1034,,,,17.55062484741211
,1035,,,,10.20453929901123
,1036,,,,15.864904403686523
,1037,,,,12.733551979064941
,1038,,,,10.95579719543457
,1039,,,,16.266103744506836
,1040,,,,16.74662971496582
,1041,,,,13.646459579467773
,1042,,,,15.317561149597168
,1043,,,,17.364871978759766
,1044,,,,11.817338943481445
,1045,,,,12.303375244140625
,1046,,,,15.167254447937012
,1047,,,,12.884257316589355
,1048,,,,14.655378341674805
,1049,,,,12.599026679992676
,1050,,,,14.53103256225586
,1051,,,,14.04219913482666
,1052,,,,18.098419189453125
,1053,,,,15.056745529174805
,1054,,,,17.43073844909668
,1055,,,,14.575693130493164
32,4124,,,14.242020606994629,
32,4124,14.87214469909668,,,
33,4149,,10.455065727233887,,
33,4199,,16.385330200195312,,
33,4249,,13.05580997467041,,
,1056,,,,10.957499504089355
,1057,,,,13.03896427154541
,1058,,,,16.312786102294922
,1059,,,,13.891398429870605
,1060,,,,15.065839767456055
,1061,,,,15.799601554870605
,1062,,,,14.648176193237305
,1063,,,,12.402045249938965
,1064,,,,10.78400707244873
,1065,,,,13.191329956054688
,1066,,,,17.531278610229492
,1067,,,,10.196624755859375
,1068,,,,15.850963592529297
,1069,,,,12.723090171813965
,1070,,,,10.95065689086914
,1071,,,,16.254703521728516
,1072,,,,16.736276626586914
,1073,,,,13.63006591796875
,1074,,,,15.30309772491455
,1075,,,,17.356840133666992
,1076,,,,11.81295394897461
,1077,,,,12.294609069824219
,1078,,,,15.15414047241211
,1079,,,,12.874921798706055
,1080,,,,14.648383140563965
,1081,,,,12.59250259399414
,1082,,,,14.520133972167969
,1083,,,,14.030315399169922
,1084,,,,18.083581924438477
,1085,,,,15.047006607055664
,1086,,,,17.41972541809082
,1087,,,,14.564364433288574
33,4249,,,14.231826782226562,
33,4249,14.858994483947754,,,
34,4299,,15.63085651397705,,
34,4349,,10.72739028930664,,
,1088,,,,10.951528549194336
,1089,,,,13.031394004821777
,1090,,,,16.308759689331055
,1091,,,,13.8876953125
,1092,,,,15.055997848510742
,1093,,,,15.787307739257812
,1094,,,,14.638415336608887
,1095,,,,12.395845413208008
,1096,,,,10.780278205871582
,1097,,,,13.183825492858887
,1098,,,,17.51532745361328
,1099,,,,10.1910982131958
,1100,,,,15.83678913116455
,1101,,,,12.717581748962402
,1102,,,,10.948556900024414
,1103,,,,16.240888595581055
,1104,,,,16.723825454711914
,1105,,,,13.614773750305176
,1106,,,,15.292115211486816
,1107,,,,17.345542907714844
,1108,,,,11.806923866271973
,1109,,,,12.282976150512695
,1110,,,,15.146458625793457
,1111,,,,12.86513614654541
,1112,,,,14.639772415161133
,1113,,,,12.58056354522705
,1114,,,,14.50977897644043
,1115,,,,14.020163536071777
,1116,,,,18.06698226928711
,1117,,,,15.032084465026855
,1118,,,,17.40985679626465
,1119,,,,14.553874015808105
34,4374,,,14.222294807434082,
34,4374,14.848336219787598,,,
35,4399,,15.290865898132324,,
35,4449,,19.962947845458984,,
35,4499,,14.295942306518555,,
,1120,,,,10.945929527282715
,1121,,,,13.01933765411377
,1122,,,,16.295574188232422
,1123,,,,13.87885856628418
,1124,,,,15.050612449645996
,1125,,,,15.77529239654541
,1126,,,,14.632734298706055
,1127,,,,12.38935375213623
,1128,,,,10.77678108215332
,1129,,,,13.175153732299805
,1130,,,,17.501367568969727
,1131,,,,10.18710708618164
,1132,,,,15.826997756958008
,1133,,,,12.709501266479492
,1134,,,,10.944634437561035
,1135,,,,16.23134994506836
,1136,,,,16.716630935668945
,1137,,,,13.605645179748535
,1138,,,,15.280632019042969
,1139,,,,17.33674430847168
,1140,,,,11.8014497756958
,1141,,,,12.277505874633789
,1142,,,,15.136921882629395
,1143,,,,12.859833717346191
,1144,,,,14.635037422180176
,1145,,,,12.573015213012695
,1146,,,,14.500789642333984
,1147,,,,14.007742881774902
,1148,,,,18.05352783203125
,1149,,,,15.024693489074707
,1150,,,,17.39715576171875
,1151,,,,14.542010307312012
35,4499,,,14.21387004852295,
35,4499,14.838316917419434,,,
36,4549,,14.483538627624512,,
36,4599,,13.964521408081055,,
,1152,,,,10.93857192993164
,1153,,,,13.022960662841797
,1154,,,,16.29863929748535
,1155,,,,13.877192497253418
,1156,,,,15.042245864868164
,1157,,,,15.76714038848877
,1158,,,,14.621416091918945
,1159,,,,12.387211799621582
,1160,,,,10.771376609802246
,1161,,,,13.16818618774414
,1162,,,,17.498966217041016
,1163,,,,10.179945945739746
,1164,,,,15.8225679397583
,1165,,,,12.703826904296875
,1166,,,,10.941433906555176
,1167,,,,16.22309112548828
,1168,,,,16.713590621948242
,1169,,,,13.595787048339844
,1170,,,,15.275547981262207
,1171,,,,17.325225830078125
,1172,,,,11.793888092041016
,1173,,,,12.26743221282959
,1174,,,,15.136392593383789
,1175,,,,12.848384857177734
,1176,,,,14.628173828125
,1177,,,,12.565849304199219
,1178,,,,14.486236572265625
,1179,,,,14.001736640930176
,1180,,,,18.04164695739746
,1181,,,,15.020644187927246
,1182,,,,17.39885902404785
,1183,,,,14.53872299194336
36,4624,,,14.207962989807129,
36,4624,14.830268859863281,,,
37,4649,,14.2764253616333,,
37,4699,,15.772624969482422,,
37,4749,,13.812775611877441,,
,1184,,,,10.937233924865723
,1185,,,,13.016440391540527
,1186,,,,16.29505729675293
,1187,,,,13.87293529510498
,1188,,,,15.03434944152832
,1189,,,,15.761198043823242
,1190,,,,14.617060661315918
,1191,,,,12.38070011138916
,1192,,,,10.770377159118652
,1193,,,,13.164316177368164
,1194,,,,17.488080978393555
,1195,,,,10.177525520324707
,1196,,,,15.810582160949707
,1197,,,,12.698691368103027
,1198,,,,10.936634063720703
,1199,,,,16.213197708129883
,1200,,,,16.70862579345703
,1201,,,,13.58858871459961
,1202,,,,15.268232345581055
,1203,,,,17.325040817260742
,1204,,,,11.791410446166992
,1205,,,,12.264249801635742
,1206,,,,15.126066207885742
,1207,,,,12.842721939086914
,1208,,,,14.626548767089844
,1209,,,,12.563764572143555
,1210,,,,14.48276424407959
,1211,,,,13.99465274810791
,1212,,,,18.032182693481445
,1213,,,,15.011174201965332
,1214,,,,17.388601303100586
,1215,,,,14.534446716308594
37,4749,,,14.202322959899902,
37,4749,14.822707176208496,,,
38,4799,,13.385481834411621,,
38,4849,,14.640243530273438,,
,1216,,,,10.931317329406738
,1217,,,,13.009748458862305
,1218,,,,16.2838077545166
,1219,,,,13.860749244689941
,1220,,,,15.028786659240723
,1221,,,,15.756365776062012
,1222,,,,14.603164672851562
,1223,,,,12.375052452087402
,1224,,,,10.765355110168457
,1225,,,,13.15426254272461
,1226,,,,17.47642707824707
,1227,,,,10.174842834472656
,1228,,,,15.800426483154297
,1229,,,,12.68887710571289
,1230,,,,10.931384086608887
,1231,,,,16.203859329223633
,1232,,,,16.704885482788086
,1233,,,,13.572671890258789
,1234,,,,15.26043701171875
,1235,,,,17.316984176635742
,1236,,,,11.784611701965332
,1237,,,,12.251958847045898
,1238,,,,15.120997428894043
,1239,,,,12.836657524108887
,1240,,,,14.618367195129395
,1241,,,,12.553946495056152
,1242,,,,14.472362518310547
,1243,,,,13.985589027404785
,1244,,,,18.01999282836914
,1245,,,,15.003022193908691
,1246,,,,17.379894256591797
,1247,,,,14.531243324279785
38,4874,,,14.193907737731934,
38,4874,14.814332008361816,,,
39,4899,,14.357338905334473,,
39,4949,,16.47610855102539,,
39,4999,,15.976188659667969,,
,1248,,,,10.929272651672363
,1249,,,,13.004892349243164
,1250,,,,16.2817325592041
,1251,,,,13.857715606689453
,1252,,,,15.028325080871582
,1253,,,,15.748068809509277
,1254,,,,14.599270820617676
,1255,,,,12.369779586791992
,1256,,,,10.76136302947998
,1257,,,,13.154296875
,1258,,,,17.46678352355957
,1259,,,,10.170980453491211
,1260,,,,15.789584159851074
,1261,,,,12.684809684753418
,1262,,,,10.925990104675293
,1263,,,,16.197561264038086
,1264,,,,16.692729949951172
,1265,,,,13.566384315490723
,1266,,,,15.255464553833008
,1267,,,,17.312074661254883
,1268,,,,11.78213119506836
,1269,,,,12.247360229492188
,1270,,,,15.115959167480469
,1271,,,,12.83211898803711
,1272,,,,14.617035865783691
,1273,,,,12.548590660095215
,1274,,,,14.468389511108398
,1275,,,,13.975873947143555
,1276,,,,18.016246795654297
,1277,,,,14.997004508972168
,1278,,,,17.37727928161621
,1279,,,,14.522196769714355
39,4999,,,14.188980102539062,
39,4999,14.807744979858398,,,
40,5049,,15.791937828063965,,
40,5099,,14.681160926818848,,
,1280,,,,10.928115844726562
,1281,,,,12.999935150146484
,1282,,,,16.27549934387207
,1283,,,,13.85827350616455
,1284,,,,15.028693199157715
,1285,,,,15.740976333618164
,1286,,,,14.60146713256836
,1287,,,,12.372865676879883
,1288,,,,10.764738082885742
,1289,,,,13.147597312927246
,1290,,,,17.460031509399414
,1291,,,,10.171436309814453
,1292,,,,15.787388801574707
,1293,,,,12.68304443359375
,1294,,,,10.931339263916016
,1295,,,,16.196409225463867
,1296,,,,16.689023971557617
,1297,,,,13.55785846710205
,1298,,,,15.246505737304688
,1299,,,,17.30764389038086
,1300,,,,11.781801223754883
,1301,,,,12.242984771728516
,1302,,,,15.115875244140625
,1303,,,,12.828670501708984
,1304,,,,14.612771034240723
,1305,,,,12.541726112365723
,1306,,,,14.461867332458496
,1307,,,,13.973227500915527
,1308,,,,18.001449584960938
,1309,,,,14.990318298339844
,1310,,,,17.365276336669922
,1311,,,,14.516579627990723
40,5124,,,14.185406684875488,
40,5124,14.80029296875,,,
41,5149,,16.156339645385742,,
41,5199,,17.367897033691406,,
41,5249,,15.281380653381348,,
,1312,,,,10.922602653503418
,1313,,,,12.99705982208252
,1314,,,,16.275556564331055
,1315,,,,13.849173545837402
,1316,,,,15.024933815002441
,1317,,,,15.73475170135498
,1318,,,,14.591930389404297
,1319,,,,12.367780685424805
,1320,,,,10.75870418548584
,1321,,,,13.143674850463867
,1322,,,,17.45203971862793
,1323,,,,10.169416427612305
,1324,,,,15.779176712036133
,1325,,,,12.674861907958984
,1326,,,,10.928322792053223
,1327,,,,16.189741134643555
,1328,,,,16.687211990356445
,1329,,,,13.550180435180664
,1330,,,,15.244157791137695
,1331,,,,17.297941207885742
,1332,,,,11.77611255645752
,1333,,,,12.238662719726562
,1334,,,,15.110936164855957
,1335,,,,12.825284957885742
,1336,,,,14.613231658935547
,1337,,,,12.540204048156738
,1338,,,,14.457629203796387
,1339,,,,13.966645240783691
,1340,,,,17.995405197143555
,1341,,,,14.986080169677734
,1342,,,,17.363494873046875
,1343,,,,14.510601043701172
41,5249,,,14.180499076843262,
41,5249,14.796385765075684,,,
42,5299,,11.056469917297363,,
42,5349,,14.426298141479492,,
,1344,,,,10.919485092163086
,1345,,,,12.993907928466797
,1346,,,,16.27210807800293
,1347,,,,13.844660758972168
,1348,,,,15.018507957458496
,1349,,,,15.726211547851562
,1350,,,,14.587996482849121
,1351,,,,12.363082885742188
,1352,,,,10.757314682006836
,1353,,,,13.137876510620117
,1354,,,,17.448789596557617
,1355,,,,10.166285514831543
,1356,,,,15.76982307434082
,1357,,,,12.670137405395508
,1358,,,,10.924766540527344
,1359,,,,16.179821014404297
,1360,,,,16.68360710144043
,1361,,,,13.54100513458252
,1362,,,,15.239660263061523
,1363,,,,17.293886184692383
,1364,,,,11.774126052856445
,1365,,,,12.231202125549316
,1366,,,,15.104401588439941
,1367,,,,12.819103240966797
,1368,,,,14.6057710647583
,1369,,,,12.53333854675293
,1370,,,,14.450695037841797
,1371,,,,13.960436820983887
,1372,,,,17.982664108276367
,1373,,,,14.98078441619873
,1374,,,,17.356584548950195
,1375,,,,14.511764526367188
42,5374,,,14.174911499023438,
42,5374,14.788567543029785,,,
43,5399,,13.660822868347168,,
43,5449,,14.776805877685547,,
43,5499,,13.413012504577637,,
,1376,,,,10.916604995727539
,1377,,,,12.990262985229492
,1378,,,,16.267847061157227
,1379,,,,13.842585563659668
,1380,,,,15.014103889465332
,1381,,,,15.721144676208496
,1382,,,,14.58507251739502
,1383,,,,12.361166954040527
,1384,,,,10.752974510192871
,1385,,,,13.137347221374512
,1386,,,,17.443456649780273
,1387,,,,10.162226676940918
,1388,,,,15.766371726989746
,1389,,,,12.665995597839355
,1390,,,,10.922099113464355
,1391,,,,16.178436279296875
,1392,,,,16.679384231567383
,1393,,,,13.538578987121582
,1394,,,,15.235851287841797
,1395,,,,17.287797927856445
,1396,,,,11.766984939575195
,1397,,,,12.22811222076416
,1398,,,,15.096755981445312
,1399,,,,12.817156791687012
,1400,,,,14.605069160461426
,1401,,,,12.527459144592285
,1402,,,,14.447433471679688
,1403,,,,13.955323219299316
,1404,,,,17.978862762451172
,1405,,,,14.975138664245605
,1406,,,,17.352407455444336
,1407,,,,14.506298065185547
43,5499,,,14.171093940734863,
43,5499,14.78409194946289,,,
44,5549,,17.7077579498291,,
44,5599,,14.061087608337402,,
,1408,,,,10.919076919555664
,1409,,,,12.991600036621094
,1410,,,,16.270503997802734
,1411,,,,13.838643074035645
,1412,,,,15.010760307312012
,1413,,,,15.72158432006836
,1414,,,,14.582658767700195
,1415,,,,12.361434936523438
,1416,,,,10.753652572631836
,1417,,,,13.13390064239502
,1418,,,,17.442323684692383
,1419,,,,10.162615776062012
,1420,,,,15.760354042053223
,1421,,,,12.663200378417969
,1422,,,,10.920475959777832
,1423,,,,16.176494598388672
,1424,,,,16.678762435913086
,1425,,,,13.528361320495605
,1426,,,,15.232563018798828
,1427,,,,17.287635803222656
,1428,,,,11.768549919128418
,1429,,,,12.225750923156738
,1430,,,,15.098227500915527
,1431,,,,12.81404972076416
,1432,,,,14.605856895446777
,1433,,,,12.524018287658691
,1434,,,,14.444283485412598
,1435,,,,13.953251838684082
,1436,,,,17.973180770874023
,1437,,,,14.972956657409668
,1438,,,,17.352323532104492
,1439,,,,14.504643440246582
44,5624,,,14.169445991516113,
44,5624,14.779767990112305,,,
45,5649,,14.726743698120117,,
45,5699,,9.712467193603516,,
45,5749,,16.47045135498047,,
,1440,,,,10.918001174926758
,1441,,,,12.986173629760742
,1442,,,,16.26755142211914
,1443,,,,13.838773727416992
,1444,,,,15.014196395874023
,1445,,,,15.717103958129883
,1446,,,,14.581432342529297
,1447,,,,12.35765266418457
,1448,,,,10.753676414489746
,1449,,,,13.134269714355469
,1450,,,,17.432147979736328
,1451,,,,10.163043022155762
,1452,,,,15.757075309753418
,1453,,,,12.660944938659668
,1454,,,,10.923245429992676
,1455,,,,16.173370361328125
,1456,,,,16.673166275024414
,1457,,,,13.52236270904541
,1458,,,,15.228527069091797
,1459,,,,17.283084869384766
,1460,,,,11.770597457885742
,1461,,,,12.224029541015625
,1462,,,,15.0974702835083
,1463,,,,12.814323425292969
,1464,,,,14.607497215270996
,1465,,,,12.523422241210938
,1466,,,,14.442533493041992
,1467,,,,13.947549819946289
,1468,,,,17.967756271362305
,1469,,,,14.968368530273438
,1470,,,,17.341625213623047
,1471,,,,14.505739212036133
45,5749,,,14.166955947875977,
45,5749,14.776495933532715,,,
46,5799,,15.609240531921387,,
46,5849,,18.759098052978516,,
,1472,,,,10.914907455444336
,1473,,,,12.981372833251953
,1474,,,,16.264360427856445
,1475,,,,13.830816268920898
,1476,,,,15.010973930358887
,1477,,,,15.715537071228027
,1478,,,,14.572006225585938
,1479,,,,12.354143142700195
,1480,,,,10.750388145446777
,1481,,,,13.130447387695312
,1482,,,,17.42314338684082
,1483,,,,10.162694931030273
,1484,,,,15.745014190673828
,1485,,,,12.653069496154785
,1486,,,,10.91769790649414
,1487,,,,16.16240119934082
,1488,,,,16.67519187927246
,1489,,,,13.5189790725708
,1490,,,,15.225363731384277
,1491,,,,17.27723503112793
,1492,,,,11.769376754760742
,1493,,,,12.220743179321289
,1494,,,,15.089081764221191
,1495,,,,12.8106689453125
,1496,,,,14.605592727661133
,1497,,,,12.522153854370117
,1498,,,,14.440544128417969
,1499,,,,13.941262245178223
,1500,,,,17.96335220336914
,1501,,,,14.964930534362793
,1502,,,,17.337162017822266
,1503,,,,14.491273880004883
46,5874,,,14.162348747253418,
46,5874,14.772092819213867,,,
47,5899,,13.350882530212402,,
47,5949,,13.6607666015625,,
47,5999,,13.526308059692383,,
,1504,,,,10.910419464111328
,1505,,,,12.978595733642578
,1506,,,,16.263809204101562
,1507,,,,13.82955551147461
,1508,,,,15.004887580871582
,1509,,,,15.705062866210938
,1510,,,,14.573189735412598
,1511,,,,12.352986335754395
,1512,,,,10.747270584106445
,1513,,,,13.122973442077637
,1514,,,,17.42265510559082
,1515,,,,10.157339096069336
,1516,,,,15.742149353027344
,1517,,,,12.65105152130127
,1518,,,,10.913971900939941
,1519,,,,16.164228439331055
,1520,,,,16.670455932617188
,1521,,,,13.507081985473633
,1522,,,,15.222060203552246
,1523,,,,17.272043228149414
,1524,,,,11.761479377746582
,1525,,,,12.211649894714355
,1526,,,,15.08553695678711
,1527,,,,12.806310653686523
,1528,,,,14.598414421081543
,1529,,,,12.514809608459473
,1530,,,,14.43288803100586
,1531,,,,13.93355941772461
,1532,,,,17.948543548583984
,1533,,,,14.957826614379883
,1534,,,,17.331254959106445
,1535,,,,14.495015144348145
47,5999,,,14.157369613647461,
47,5999,14.768001556396484,,,
48,6049,,12.795488357543945,,
48,6099,,13.277301788330078,,
,1536,,,,10.905570983886719
,1537,,,,12.975153923034668
,1538,,,,16.2584228515625
,1539,,,,13.825225830078125
,1540,,,,15.001818656921387
,1541,,,,15.700166702270508
,1542,,,,14.564749717712402
,1543,,,,12.348843574523926
,1544,,,,10.745025634765625
,1545,,,,13.11864948272705
,1546,,,,17.417156219482422
,1547,,,,10.156807899475098
,1548,,,,15.736103057861328
,1549,,,,12.645788192749023
,1550,,,,10.910130500793457
,1551,,,,16.158361434936523
,1552,,,,16.668766021728516
,1553,,,,13.504666328430176
,1554,,,,15.218732833862305
,1555,,,,17.265520095825195
,1556,,,,11.75390338897705
,1557,,,,12.208544731140137
,1558,,,,15.082511901855469
,1559,,,,12.801078796386719
,1560,,,,14.593708038330078
,1561,,,,12.509523391723633
,1562,,,,14.428081512451172
,1563,,,,13.931575775146484
,1564,,,,17.94295883178711
,1565,,,,14.952519416809082
,1566,,,,17.328990936279297
,1567,,,,14.494935989379883
48,6124,,,14.153050422668457,
48,6124,14.764267921447754,,,
49,6149,,13.246344566345215,,
49,6199,,14.023051261901855,,
49,6249,,17.713464736938477,,
,1568,,,,10.906638145446777
,1569,,,,12.975258827209473
,1570,,,,16.25888442993164
,1571,,,,13.826290130615234
,1572,,,,15.002670288085938
,1573,,,,15.701273918151855
,1574,,,,14.568942070007324
,1575,,,,12.346738815307617
,1576,,,,10.742311477661133
,1577,,,,13.118430137634277
,1578,,,,17.41303062438965
,1579,,,,10.155998229980469
,1580,,,,15.736702919006348
,1581,,,,12.645963668823242
,1582,,,,10.90992259979248
,1583,,,,16.15532112121582
,1584,,,,16.66623306274414
,1585,,,,13.49960708618164
,1586,,,,15.219108581542969
,1587,,,,17.268590927124023
,1588,,,,11.754962921142578
,1589,,,,12.20755386352539
,1590,,,,15.083906173706055
,1591,,,,12.801103591918945
,1592,,,,14.592296600341797
,1593,,,,12.508679389953613
,1594,,,,14.429218292236328
,1595,,,,13.929874420166016
,1596,,,,17.941173553466797
,1597,,,,14.953213691711426
,1598,,,,17.324968338012695
,1599,,,,14.500139236450195
49,6249,,,14.15263557434082,
49,6249,14.76140308380127,,,
50,6299,,11.777850151062012,,
50,6349,,16.776155471801758,,
,1600,,,,10.90516471862793
,1601,,,,12.974411010742188
,1602,,,,16.254419326782227
,1603,,,,13.822794914245605
,1604,,,,14.997076988220215
,1605,,,,15.699003219604492
,1606,,,,14.55972957611084
,1607,,,,12.344006538391113
,1608,,,,10.74201774597168
,1609,,,,13.114299774169922
,1610,,,,17.410398483276367
,1611,,,,10.153240203857422
,1612,,,,15.730584144592285
,1613,,,,12.644031524658203
,1614,,,,10.907910346984863
,1615,,,,16.151700973510742
,1616,,,,16.662399291992188
,1617,,,,13.493700981140137
,1618,,,,15.218673706054688
,1619,,,,17.263286590576172
,1620,,,,11.753458023071289
,1621,,,,12.202088356018066
,1622,,,,15.083579063415527
,1623,,,,12.796636581420898
,1624,,,,14.589442253112793
,1625,,,,12.505772590637207
,1626,,,,14.424552917480469
,1627,,,,13.927016258239746
,1628,,,,17.935304641723633
,1629,,,,14.945236206054688
,1630,,,,17.32056999206543
,1631,,,,14.499418258666992
50,6374,,,14.14903450012207,
50,6374,14.759147644042969,,,
51,6399,,13.825776100158691,,
51,6449,,16.678295135498047,,
51,6499,,12.399121284484863,,
,1632,,,,10.903010368347168
,1633,,,,12.971632957458496
,1634,,,,16.25575065612793
,1635,,,,13.818647384643555
,1636,,,,14.997360229492188
,1637,,,,15.694232940673828
,1638,,,,14.561734199523926
,1639,,,,12.341357231140137
,1640,,,,10.739056587219238
,1641,,,,13.113758087158203
,1642,,,,17.406518936157227
,1643,,,,10.152386665344238
,1644,,,,15.728438377380371
,1645,,,,12.639323234558105
,1646,,,,10.906789779663086
,1647,,,,16.14980697631836
,1648,,,,16.658891677856445
,1649,,,,13.48681640625
,1650,,,,15.217041015625
,1651,,,,17.26041030883789
,1652,,,,11.751667976379395
,1653,,,,12.198987007141113
,1654,,,,15.081826210021973
,1655,,,,12.79365348815918
,1656,,,,14.589192390441895
,1657,,,,12.504128456115723
,1658,,,,14.424558639526367
,1659,,,,13.922324180603027
,1660,,,,17.934921264648438
,1661,,,,14.942986488342285
,1662,,,,17.317747116088867
,1663,,,,14.48986530303955
51,6499,,,14.146798133850098,
51,6499,14.75558853149414,,,
52,6549,,14.66346263885498,,
52,6599,,14.410012245178223,,
,1664,,,,10.90290355682373
,1665,,,,12.970547676086426
,1666,,,,16.251483917236328
,1667,,,,13.821701049804688
,1668,,,,14.993940353393555
,1669,,,,15.696871757507324
,1670,,,,14.561646461486816
,1671,,,,12.338305473327637
,1672,,,,10.738030433654785
,1673,,,,13.110945701599121
,1674,,,,17.403026580810547
,1675,,,,10.15219783782959
,1676,,,,15.724027633666992
,1677,,,,12.641684532165527
,1678,,,,10.906759262084961
,1679,,,,16.14777946472168
,1680,,,,16.656423568725586
,1681,,,,13.487749099731445
,1682,,,,15.21218490600586
,1683,,,,17.26034164428711
,1684,,,,11.7515230178833
,1685,,,,12.200644493103027
,1686,,,,15.074275016784668
,1687,,,,12.793371200561523
,1688,,,,14.5878324508667
,1689,,,,12.500849723815918
,1690,,,,14.425066947937012
,1691,,,,13.924426078796387
,1692,,,,17.922607421875
,1693,,,,14.940988540649414
,1694,,,,17.314777374267578
,1695,,,,14.495400428771973
52,6624,,,14.14523983001709,
52,6624,14.751641273498535,,,
53,6649,,13.470295906066895,,
53,6699,,14.494054794311523,,
53,6749,,14.053987503051758,,
,1696,,,,10.901150703430176
,1697,,,,12.970315933227539
,1698,,,,16.25800323486328
,1699,,,,13.82113265991211
,1700,,,,14.993841171264648
,1701,,,,15.690927505493164
,1702,,,,14.565234184265137
,1703,,,,12.340843200683594
,1704,,,,10.736860275268555
,1705,,,,13.105606079101562
,1706,,,,17.40299415588379
,1707,,,,10.149069786071777
,1708,,,,15.72762680053711
,1709,,,,12.640509605407715
,1710,,,,10.904547691345215
,1711,,,,16.14851951599121
,1712,,,,16.655921936035156
,1713,,,,13.478472709655762
,1714,,,,15.212922096252441
,1715,,,,17.256574630737305
,1716,,,,11.752861022949219
,1717,,,,12.19228744506836
,1718,,,,15.076885223388672
,1719,,,,12.791213035583496
,1720,,,,14.583087921142578
,1721,,,,12.496940612792969
,1722,,,,14.418699264526367
,1723,,,,13.921037673950195
,1724,,,,17.92047882080078
,1725,,,,14.937511444091797
,1726,,,,17.311965942382812
,1727,,,,14.493996620178223
53,6749,,,14.143600463867188,
53,6749,14.74984359741211,,,
54,6799,,14.562531471252441,,
54,6849,,14.504003524780273,,
,1728,,,,10.896329879760742
,1729,,,,12.963257789611816
,1730,,,,16.247291564941406
,1731,,,,13.812925338745117
,1732,,,,14.99107837677002
,1733,,,,15.687775611877441
,1734,,,,14.5534086227417
,1735,,,,12.335349082946777
,1736,,,,10.733643531799316
,1737,,,,13.101781845092773
,1738,,,,17.3958683013916
,1739,,,,10.147347450256348
,1740,,,,15.715083122253418
,1741,,,,12.632983207702637
,1742,,,,10.899654388427734
,1743,,,,16.1409854888916
,1744,,,,16.65264320373535
,1745,,,,13.477275848388672
,1746,,,,15.209318161010742
,1747,,,,17.25090980529785
,1748,,,,11.744866371154785
,1749,,,,12.189501762390137
,1750,,,,15.071333885192871
,1751,,,,12.787856101989746
,1752,,,,14.58411693572998
,1753,,,,12.497414588928223
,1754,,,,14.41927719116211
,1755,,,,13.917698860168457
,1756,,,,17.92079734802246
,1757,,,,14.933647155761719
,1758,,,,17.301952362060547
,1759,,,,14.488719940185547
54,6874,,,14.138738632202148,
54,6874,14.746540069580078,,,
55,6899,,17.17340087890625,,
55,6949,,13.83445930480957,,
55,6999,,10.549078941345215,,
,1760,,,,10.900260925292969
,1761,,,,12.967360496520996
,1762,,,,16.255964279174805
,1763,,,,13.816166877746582
,1764,,,,14.987689971923828
,1765,,,,15.685553550720215
,1766,,,,14.553935050964355
,1767,,,,12.33419132232666
,1768,,,,10.73299789428711
,1769,,,,13.102560997009277
,1770,,,,17.399036407470703
,1771,,,,10.147889137268066
,1772,,,,15.717805862426758
,1773,,,,12.634757995605469
,1774,,,,10.898760795593262
,1775,,,,16.14101219177246
,1776,,,,16.653608322143555
,1777,,,,13.47223949432373
,1778,,,,15.21107006072998
,1779,,,,17.254249572753906
,1780,,,,11.74561882019043
,1781,,,,12.188427925109863
,1782,,,,15.071307182312012
,1783,,,,12.788918495178223
,1784,,,,14.585100173950195
,1785,,,,12.492253303527832
,1786,,,,14.415569305419922
,1787,,,,13.914615631103516
,1788,,,,17.914926528930664
,1789,,,,14.936248779296875
,1790,,,,17.306676864624023
,1791,,,,14.49013900756836
55,6999,,,14.139174461364746,
55,6999,14.744102478027344,,,
56,7049,,11.625995635986328,,
56,7099,,14.54351806640625,,
,1792,,,,10.897684097290039
,1793,,,,12.960017204284668
,1794,,,,16.250730514526367
,1795,,,,13.808302879333496
,1796,,,,14.990056037902832
,1797,,,,15.6849365234375
,1798,,,,14.552360534667969
,1799,,,,12.331424713134766
,1800,,,,10.732088088989258
,1801,,,,13.10012149810791
,1802,,,,17.390432357788086
,1803,,,,10.144301414489746
,1804,,,,15.713041305541992
,1805,,,,12.629911422729492
,1806,,,,10.893936157226562
,1807,,,,16.134716033935547
,1808,,,,16.65392303466797
,1809,,,,13.46823787689209
,1810,,,,15.209657669067383
,1811,,,,17.251895904541016
,1812,,,,11.745121955871582
,1813,,,,12.18836784362793
,1814,,,,15.063925743103027
,1815,,,,12.78890323638916
,1816,,,,14.584753036499023
,1817,,,,12.494830131530762
,1818,,,,14.413748741149902
,1819,,,,13.903212547302246
,1820,,,,17.91375160217285
,1821,,,,14.931376457214355
,1822,,,,17.29841423034668
,1823,,,,14.483648300170898
56,7124,,,14.135841369628906,
56,7124,14.741820335388184,,,
57,7149,,13.466984748840332,,
57,7199,,16.907312393188477,,
57,7249,,14.52287769317627,,
,1824,,,,10.89777660369873
,1825,,,,12.96367359161377
,1826,,,,16.2524356842041
,1827,,,,13.812384605407715
,1828,,,,14.987279891967773
,1829,,,,15.682723999023438
,1830,,,,14.552974700927734
,1831,,,,12.331832885742188
,1832,,,,10.730910301208496
,1833,,,,13.096420288085938
,1834,,,,17.391971588134766
,1835,,,,10.149502754211426
,1836,,,,15.711949348449707
,1837,,,,12.63485336303711
,1838,,,,10.894960403442383
,1839,,,,16.137184143066406
,1840,,,,16.649822235107422
,1841,,,,13.465473175048828
,1842,,,,15.205302238464355
,1843,,,,17.251075744628906
,1844,,,,11.744141578674316
,1845,,,,12.190281867980957
,1846,,,,15.06712532043457
,1847,,,,12.7882080078125
,1848,,,,14.582392692565918
,1849,,,,12.490522384643555
,1850,,,,14.415545463562012
,1851,,,,13.910597801208496
,1852,,,,17.907997131347656
,1853,,,,14.928245544433594
,1854,,,,17.299081802368164
,1855,,,,14.486594200134277
57,7249,,,14.135879516601562,
57,7249,14.740484237670898,,,
58,7299,,14.345321655273438,,
58,7349,,16.287981033325195,,
,1856,,,,10.893985748291016
,1857,,,,12.958292961120605
,1858,,,,16.248178482055664
,1859,,,,13.808420181274414
,1860,,,,14.986760139465332
,1861,,,,15.679414749145508
,1862,,,,14.55186939239502
,1863,,,,12.330890655517578
,1864,,,,10.730367660522461
,1865,,,,13.096546173095703
,1866,,,,17.38646125793457
,1867,,,,10.143272399902344
,1868,,,,15.711853981018066
,1869,,,,12.62972640991211
,1870,,,,10.893514633178711
,1871,,,,16.133413314819336
,1872,,,,16.64688491821289
,1873,,,,13.46002197265625
,1874,,,,15.20583724975586
,1875,,,,17.244829177856445
,1876,,,,11.742239952087402
,1877,,,,12.18278980255127
,1878,,,,15.064140319824219
,1879,,,,12.78329086303711
,1880,,,,14.58130168914795
,1881,,,,12.488265991210938
,1882,,,,14.412542343139648
,1883,,,,13.90687084197998
,1884,,,,17.907861709594727
,1885,,,,14.926000595092773
,1886,,,,17.29352569580078
,1887,,,,14.484580039978027
58,7374,,,14.132816314697266,
58,7374,14.73915958404541,,,
59,7399,,11.11607837677002,,
59,7449,,12.901267051696777,,
59,7499,,14.70906925201416,,
,1888,,,,10.891599655151367
,1889,,,,12.959491729736328
,1890,,,,16.24749755859375
,1891,,,,13.80844497680664
,1892,,,,14.978494644165039
,1893,,,,15.677157402038574
,1894,,,,14.547430992126465
,1895,,,,12.327150344848633
,1896,,,,10.724884986877441
,1897,,,,13.09253978729248
,1898,,,,17.386577606201172
,1899,,,,10.139246940612793
,1900,,,,15.71103572845459
,1901,,,,12.632376670837402
,1902,,,,10.890795707702637
,1903,,,,16.13260269165039
,1904,,,,16.647748947143555
,1905,,,,13.45559310913086
,1906,,,,15.203583717346191
,1907,,,,17.23891830444336
,1908,,,,11.741908073425293
,1909,,,,12.180134773254395
,1910,,,,15.064041137695312
,1911,,,,12.781339645385742
,1912,,,,14.581679344177246
,1913,,,,12.4832763671875
,1914,,,,14.408453941345215
,1915,,,,13.907649040222168
,1916,,,,17.902538299560547
,1917,,,,14.923590660095215
,1918,,,,17.297163009643555
,1919,,,,14.486602783203125
59,7499,,,14.130769729614258,
59,7499,14.734423637390137,,,
60,7549,,8.841763496398926,,
60,7599,,18.75347137451172,,
,1920,,,,10.890226364135742
,1921,,,,12.95766544342041
,1922,,,,16.24475860595703
,1923,,,,13.8009614944458
,1924,,,,14.982722282409668
,1925,,,,15.67686939239502
,1926,,,,14.539931297302246
,1927,,,,12.32591438293457
,1928,,,,10.723930358886719
,1929,,,,13.09111499786377
,1930,,,,17.38134002685547
,1931,,,,10.144803047180176
,1932,,,,15.708732604980469
,1933,,,,12.62890625
,1934,,,,10.888996124267578
,1935,,,,16.128192901611328
,1936,,,,16.6470890045166
,1937,,,,13.452996253967285
,1938,,,,15.201510429382324
,1939,,,,17.236827850341797
,1940,,,,11.737903594970703
,1941,,,,12.1797456741333
,1942,,,,15.060924530029297
,1943,,,,12.780191421508789
,1944,,,,14.581998825073242
,1945,,,,12.483255386352539
,1946,,,,14.405801773071289
,1947,,,,13.904455184936523
,1948,,,,17.903667449951172
,1949,,,,14.920185089111328
,1950,,,,17.291683197021484
,1951,,,,14.482772827148438
60,7624,,,14.128767967224121,
60,7624,14.732803344726562,,,
61,7649,,14.525199890136719,,
61,7699,,12.158827781677246,,
61,7749,,17.67565155029297,,
,1952,,,,10.891188621520996
,1953,,,,12.952934265136719
,1954,,,,16.244632720947266
,1955,,,,13.804183959960938
,1956,,,,14.977694511413574
,1957,,,,15.67516803741455
,1958,,,,14.543149948120117
,1959,,,,12.322021484375
,1960,,,,10.722394943237305
,1961,,,,13.086925506591797
,1962,,,,17.37942123413086
,1963,,,,10.143787384033203
,1964,,,,15.70339584350586
,1965,,,,12.629411697387695
,1966,,,,10.88694953918457
,1967,,,,16.129056930541992
,1968,,,,16.642215728759766
,1969,,,,13.449788093566895
,1970,,,,15.19790267944336
,1971,,,,17.237455368041992
,1972,,,,11.739354133605957
,1973,,,,12.179692268371582
,1974,,,,15.058341026306152
,1975,,,,12.7793550491333
,1976,,,,14.578510284423828
,1977,,,,12.479214668273926
,1978,,,,14.406476974487305
,1979,,,,13.902009010314941
,1980,,,,17.895999908447266
,1981,,,,14.91938304901123
,1982,,,,17.288787841796875
,1983,,,,14.480988502502441
61,7749,,,14.126945495605469,
61,7749,14.731452941894531,,,
62,7799,,16.91326141357422,,
62,7849,,10.830946922302246,,
,1984,,,,10.892147064208984
,1985,,,,12.953361511230469
,1986,,,,16.243349075317383
,1987,,,,13.809701919555664
,1988,,,,14.979267120361328
,1989,,,,15.676027297973633
,1990,,,,14.547616004943848
,1991,,,,12.322672843933105
,1992,,,,10.726248741149902
,1993,,,,13.085773468017578
,1994,,,,17.37859344482422
,1995,,,,10.142045974731445
,1996,,,,15.706233978271484
,1997,,,,12.628995895385742
,1998,,,,10.885526657104492
,1999,,,,16.128387451171875
,2000,,,,16.641294479370117
,2001,,,,13.449899673461914
,2002,,,,15.203710556030273
,2003,,,,17.238466262817383
,2004,,,,11.740788459777832
,2005,,,,12.177363395690918
,2006,,,,15.059797286987305
,2007,,,,12.779542922973633
,2008,,,,14.574103355407715
,2009,,,,12.480290412902832
,2010,,,,14.406386375427246
,2011,,,,13.899131774902344
,2012,,,,17.89614486694336
,2013,,,,14.917577743530273
,2014,,,,17.287750244140625
,2015,,,,14.481210708618164
62,7874,,,14.127310752868652,
62,7874,14.730194091796875,,,
63,7899,,12.795727729797363,,
63,7949,,11.368718147277832,,
63,7999,,12.696991920471191,,
,2016,,,,10.889118194580078
,2017,,,,12.951139450073242
,2018,,,,16.24318504333496
,2019,,,,13.79861831665039
,2020,,,,14.980522155761719
,2021,,,,15.672077178955078
,2022,,,,14.542778015136719
,2023,,,,12.32058048248291
,2024,,,,10.72544002532959
,2025,,,,13.083745002746582
,2026,,,,17.37296485900879
,2027,,,,10.14407730102539
,2028,,,,15.703710556030273
,2029,,,,12.625855445861816
,2030,,,,10.884109497070312
,2031,,,,16.127893447875977
,2032,,,,16.638866424560547
,2033,,,,13.445755004882812
,2034,,,,15.197521209716797
,2035,,,,17.23344612121582
,2036,,,,11.736855506896973
,2037,,,,12.175420761108398
,2038,,,,15.056828498840332
,2039,,,,12.777974128723145
,2040,,,,14.572854995727539
,2041,,,,12.47852897644043
,2042,,,,14.407052993774414
,2043,,,,13.897181510925293
,2044,,,,17.896406173706055
,2045,,,,14.912921905517578
,2046,,,,17.27922821044922
,2047,,,,14.477766990661621
63,7999,,,14.124547004699707,
63,7999,14.728523254394531,,,
64,8049,,13.49801254272461,,
64,8099,,11.618674278259277,,
,2048,,,,10.887815475463867
,2049,,,,12.953096389770508
,2050,,,,16.2418212890625
,2051,,,,13.802913665771484
,2052,,,,14.974143028259277
,2053,,,,15.670294761657715
,2054,,,,14.54432487487793
,2055,,,,12.318472862243652
,2056,,,,10.723342895507812
,2057,,,,13.080305099487305
,2058,,,,17.37485122680664
,2059,,,,10.141378402709961
,2060,,,,15.701704978942871
,2061,,,,12.627877235412598
,2062,,,,10.883134841918945
,2063,,,,16.12788963317871
,2064,,,,16.63994598388672
,2065,,,,13.44571304321289
,2066,,,,15.202131271362305
,2067,,,,17.2325382232666
,2068,,,,11.737126350402832
,2069,,,,12.173112869262695
,2070,,,,15.062179565429688
,2071,,,,12.774066925048828
,2072,,,,14.569502830505371
,2073,,,,12.47575569152832
,2074,,,,14.402995109558105
,2075,,,,13.898674011230469
,2076,,,,17.886804580688477
,2077,,,,14.910717010498047
,2078,,,,17.281824111938477
,2079,,,,14.487767219543457
64,8124,,,14.123787879943848,
64,8124,14.727206230163574,,,
65,8149,,15.536823272705078,,
65,8199,,14.615856170654297,,
65,8249,,14.790729522705078,,
,2080,,,,10.888960838317871
,2081,,,,12.951456069946289
,2082,,,,16.24355125427246
,2083,,,,13.801652908325195
,2084,,,,14.976377487182617
,2085,,,,15.674077033996582
,2086,,,,14.544206619262695
,2087,,,,12.318018913269043
,2088,,,,10.723299026489258
,2089,,,,13.084123611450195
,2090,,,,17.372392654418945
,2091,,,,10.141420364379883
,2092,,,,15.70355224609375
,2093,,,,12.627812385559082
,2094,,,,10.881864547729492
,2095,,,,16.12514305114746
,2096,,,,16.641334533691406
,2097,,,,13.44271469116211
,2098,,,,15.200971603393555
,2099,,,,17.232196807861328
,2100,,,,11.739599227905273
,2101,,,,12.174330711364746
,2102,,,,15.059904098510742
,2103,,,,12.77566146850586
,2104,,,,14.574512481689453
,2105,,,,12.4753999710083
,2106,,,,14.404857635498047
,2107,,,,13.900256156921387
,2108,,,,17.891498565673828
,2109,,,,14.913898468017578
,2110,,,,17.285181045532227
,2111,,,,14.488603591918945
65,8249,,,14.124556541442871,
65,8249,14.726902961730957,,,
66,8299,,14.454154014587402,,
66,8349,,17.44478988647461,,
,2112,,,,10.886266708374023
,2113,,,,12.954668998718262
,2114,,,,16.24396514892578
,2115,,,,13.800515174865723
,2116,,,,14.98114013671875
,2117,,,,15.677966117858887
,2118,,,,14.541976928710938
,2119,,,,12.31847858428955
,2120,,,,10.724074363708496
,2121,,,,13.088998794555664
,2122,,,,17.37177848815918
,2123,,,,10.143500328063965
,2124,,,,15.703291893005371
,2125,,,,12.62862777709961
,2126,,,,10.880824089050293
,2127,,,,16.124736785888672
,2128,,,,16.642507553100586
,2129,,,,13.444558143615723
,2130,,,,15.202211380004883
,2131,,,,17.23482322692871
,2132,,,,11.738913536071777
,2133,,,,12.176880836486816
,2134,,,,15.055891036987305
,2135,,,,12.781201362609863
,2136,,,,14.578970909118652
,2137,,,,12.480775833129883
,2138,,,,14.40999698638916
,2139,,,,13.898143768310547
,2140,,,,17.899309158325195
,2141,,,,14.91246509552002
,2142,,,,17.28388786315918
,2143,,,,14.482833862304688
66,8374,,,14.125825881958008,
66,8374,14.725606918334961,,,
67,8399,,12.99106216430664,,
67,8449,,15.127938270568848,,
67,8499,,12.55901050567627,,
,2144,,,,10.884416580200195
,2145,,,,12.95221996307373
,2146,,,,16.247028350830078
,2147,,,,13.798256874084473
,2148,,,,14.977060317993164
,2149,,,,15.670397758483887
,2150,,,,14.542377471923828
,2151,,,,12.320063591003418
,2152,,,,10.721779823303223
,2153,,,,13.0803804397583
,2154,,,,17.372156143188477
,2155,,,,10.139730453491211
,2156,,,,15.703265190124512
,2157,,,,12.625693321228027
,2158,,,,10.878934860229492
,2159,,,,16.1267032623291
,2160,,,,16.638959884643555
,2161,,,,13.437240600585938
,2162,,,,15.198478698730469
,2163,,,,17.22735023498535
,2164,,,,11.735013961791992
,2165,,,,12.167489051818848
,2166,,,,15.055426597595215
,2167,,,,12.773261070251465
,2168,,,,14.571608543395996
,2169,,,,12.47765827178955
,2170,,,,14.402450561523438
,2171,,,,13.896864891052246
,2172,,,,17.89354705810547
,2173,,,,14.909120559692383
,2174,,,,17.28145980834961
,2175,,,,14.476313591003418
67,8499,,,14.12241268157959,
67,8499,14.724132537841797,,,
68,8549,,11.442469596862793,,
68,8599,,16.308086395263672,,
,2176,,,,10.884050369262695
,2177,,,,12.951069831848145
,2178,,,,16.24370002746582
,2179,,,,13.800102233886719
,2180,,,,14.976641654968262
,2181,,,,15.66854190826416
,2182,,,,14.542868614196777
,2183,,,,12.320307731628418
,2184,,,,10.723336219787598
,2185,,,,13.081998825073242
,2186,,,,17.37017059326172
,2187,,,,10.140195846557617
,2188,,,,15.702558517456055
,2189,,,,12.62590503692627
,2190,,,,10.880037307739258
,2191,,,,16.124691009521484
,2192,,,,16.637006759643555
,2193,,,,13.439008712768555
,2194,,,,15.197277069091797
,2195,,,,17.22803497314453
,2196,,,,11.738835334777832
,2197,,,,12.170133590698242
,2198,,,,15.057368278503418
,2199,,,,12.77566146850586
,2200,,,,14.573542594909668
,2201,,,,12.47472095489502
,2202,,,,14.40273666381836
,2203,,,,13.897244453430176
,2204,,,,17.88951301574707
,2205,,,,14.91048812866211
,2206,,,,17.277143478393555
,2207,,,,14.478310585021973
68,8624,,,14.122383117675781,
68,8624,14.721336364746094,,,
69,8649,,13.929606437683105,,
69,8699,,16.411827087402344,,
69,8749,,10.645761489868164,,
,2208,,,,10.882242202758789
,2209,,,,12.946608543395996
,2210,,,,16.235334396362305
,2211,,,,13.796711921691895
,2212,,,,14.975128173828125
,2213,,,,15.670269012451172
,2214,,,,14.53628158569336
,2215,,,,12.314169883728027
,2216,,,,10.721487045288086
,2217,,,,13.080419540405273
,2218,,,,17.365686416625977
,2219,,,,10.13874340057373
,2220,,,,15.697221755981445
,2221,,,,12.623785972595215
,2222,,,,10.8755464553833
,2223,,,,16.121450424194336
,2224,,,,16.633398056030273
,2225,,,,13.43716049194336
,2226,,,,15.195090293884277
,2227,,,,17.22606086730957
,2228,,,,11.733988761901855
,2229,,,,12.170671463012695
,2230,,,,15.053328514099121
,2231,,,,12.772336959838867
,2232,,,,14.573617935180664
,2233,,,,12.474759101867676
,2234,,,,14.40176773071289
,2235,,,,13.89556884765625
,2236,,,,17.893497467041016
,2237,,,,14.906708717346191
,2238,,,,17.272947311401367
,2239,,,,14.476652145385742
69,8749,,,14.11971664428711,
69,8749,14.721298217773438,,,
70,8799,,12.42306137084961,,
70,8849,,13.02111530303955,,
,2240,,,,10.884892463684082
,2241,,,,12.945138931274414
,2242,,,,16.24176597595215
,2243,,,,13.793413162231445
,2244,,,,14.972972869873047
,2245,,,,15.665820121765137
,2246,,,,14.54079818725586
,2247,,,,12.315627098083496
,2248,,,,10.7193603515625
,2249,,,,13.077322959899902
,2250,,,,17.364566802978516
,2251,,,,10.141609191894531
,2252,,,,15.703461647033691
,2253,,,,12.623810768127441
,2254,,,,10.875754356384277
,2255,,,,16.12453842163086
,2256,,,,16.63162612915039
,2257,,,,13.433634757995605
,2258,,,,15.191927909851074
,2259,,,,17.22687530517578
,2260,,,,11.734684944152832
,2261,,,,12.169775009155273
,2262,,,,15.053466796875
,2263,,,,12.773756980895996
,2264,,,,14.571552276611328
,2265,,,,12.472250938415527
,2266,,,,14.397622108459473
,2267,,,,13.893142700195312
,2268,,,,17.892393112182617
,2269,,,,14.90555477142334
,2270,,,,17.271366119384766
,2271,,,,14.474313735961914
70,8874,,,14.119329452514648,
70,8874,14.718931198120117,,,
71,8899,,13.797298431396484,,
71,8949,,12.878429412841797,,
71,8999,,16.690343856811523,,
,2272,,,,10.884190559387207
,2273,,,,12.94699478149414
,2274,,,,16.239633560180664
,2275,,,,13.791111946105957
,2276,,,,14.974393844604492
,2277,,,,15.666918754577637
,2278,,,,14.537358283996582
,2279,,,,12.317014694213867
,2280,,,,10.72103500366211
,2281,,,,13.077707290649414
,2282,,,,17.367063522338867
,2283,,,,10.140560150146484
,2284,,,,15.69697093963623
,2285,,,,12.622947692871094
,2286,,,,10.87594985961914
,2287,,,,16.121171951293945
,2288,,,,16.634122848510742
,2289,,,,13.434626579284668
,2290,,,,15.192526817321777
,2291,,,,17.228588104248047
,2292,,,,11.733054161071777
,2293,,,,12.168779373168945
,2294,,,,15.052404403686523
,2295,,,,12.772123336791992
,2296,,,,14.570676803588867
,2297,,,,12.473066329956055
,2298,,,,14.396678924560547
,2299,,,,13.894622802734375
,2300,,,,17.885560989379883
,2301,,,,14.9049654006958
,2302,,,,17.268539428710938
,2303,,,,14.475822448730469
71,8999,,,14.118730545043945,
71,8999,14.717535018920898,,,
72,9049,,14.27562427520752,,
72,9099,,12.947946548461914,,
,2304,,,,10.876615524291992
,2305,,,,12.9462890625
,2306,,,,16.236570358276367
,2307,,,,13.789915084838867
,2308,,,,14.971110343933105
,2309,,,,15.664247512817383
,2310,,,,14.5314302444458
,2311,,,,12.311956405639648
,2312,,,,10.714932441711426
,2313,,,,13.078004837036133
,2314,,,,17.364927291870117
,2315,,,,10.135393142700195
,2316,,,,15.695805549621582
,2317,,,,12.619894981384277
,2318,,,,10.873029708862305
,2319,,,,16.116989135742188
,2320,,,,16.63595962524414
,2321,,,,13.431326866149902
,2322,,,,15.193584442138672
,2323,,,,17.21933937072754
,2324,,,,11.732242584228516
,2325,,,,12.164722442626953
,2326,,,,15.049379348754883
,2327,,,,12.768078804016113
,2328,,,,14.573493003845215
,2329,,,,12.475141525268555
,2330,,,,14.39670181274414
,2331,,,,13.891483306884766
,2332,,,,17.890607833862305
,2333,,,,14.905029296875
,2334,,,,17.271461486816406
,2335,,,,14.469990730285645
72,9124,,,14.116578102111816,
72,9124,14.717049598693848,,,
73,9149,,15.156428337097168,,
73,9199,,14.705366134643555,,
73,9249,,13.11722183227539,,
,2336,,,,10.8824462890625
,2337,,,,12.947040557861328
,2338,,,,16.23604965209961
,2339,,,,13.793925285339355
,2340,,,,14.968671798706055
,2341,,,,15.662489891052246
,2342,,,,14.537384986877441
,2343,,,,12.3125
,2344,,,,10.714487075805664
,2345,,,,13.072450637817383
,2346,,,,17.365055084228516
,2347,,,,10.136661529541016
,2348,,,,15.696468353271484
,2349,,,,12.62470531463623
,2350,,,,10.871322631835938
,2351,,,,16.117717742919922
,2352,,,,16.631025314331055
,2353,,,,13.425207138061523
,2354,,,,15.192655563354492
,2355,,,,17.216623306274414
,2356,,,,11.734049797058105
,2357,,,,12.163336753845215
,2358,,,,15.05180835723877
,2359,,,,12.767335891723633
,2360,,,,14.56633186340332
,2361,,,,12.46883773803711
,2362,,,,14.392637252807617
,2363,,,,13.893085479736328
,2364,,,,17.879308700561523
,2365,,,,14.90118408203125
,2366,,,,17.268945693969727
,2367,,,,14.480087280273438
73,9249,,,14.11557674407959,
73,9249,14.714669227600098,,,
74,9299,,14.411575317382812,,
74,9349,,13.212821960449219,,
,2368,,,,10.8799409866333
,2369,,,,12.944318771362305
,2370,,,,16.232933044433594
,2371,,,,13.787675857543945
,2372,,,,14.96860408782959
,2373,,,,15.659740447998047
,2374,,,,14.52718448638916
,2375,,,,12.311432838439941
,2376,,,,10.713129997253418
,2377,,,,13.072309494018555
,2378,,,,17.363719940185547
,2379,,,,10.135108947753906
,2380,,,,15.691412925720215
,2381,,,,12.617993354797363
,2382,,,,10.870566368103027
,2383,,,,16.116466522216797
,2384,,,,16.628150939941406
,2385,,,,13.428972244262695
,2386,,,,15.188526153564453
,2387,,,,17.21686363220215
,2388,,,,11.73183822631836
,2389,,,,12.163034439086914
,2390,,,,15.048110961914062
,2391,,,,12.76626205444336
,2392,,,,14.567885398864746
,2393,,,,12.46963882446289
,2394,,,,14.39065933227539
,2395,,,,13.89220142364502
,2396,,,,17.885011672973633
,2397,,,,14.8990478515625
,2398,,,,17.26571273803711
,2399,,,,14.471805572509766
74,9374,,,14.113677024841309,
74,9374,14.715211868286133,,,
75,9399,,11.791093826293945,,
75,9449,,14.567660331726074,,
75,9499,,13.669290542602539,,
,2400,,,,10.880163192749023
,2401,,,,12.943204879760742
,2402,,,,16.238590240478516
,2403,,,,13.795720100402832
,2404,,,,14.965621948242188
,2405,,,,15.660070419311523
,2406,,,,14.532133102416992
,2407,,,,12.309670448303223
,2408,,,,10.712084770202637
,2409,,,,13.073015213012695
,2410,,,,17.360544204711914
,2411,,,,10.134729385375977
,2412,,,,15.695966720581055
,2413,,,,12.620195388793945
,2414,,,,10.871167182922363
,2415,,,,16.115005493164062
,2416,,,,16.62932014465332
,2417,,,,13.422582626342773
,2418,,,,15.18831729888916
,2419,,,,17.21314811706543
,2420,,,,11.736103057861328
,2421,,,,12.162423133850098
,2422,,,,15.049345016479492
,2423,,,,12.768028259277344
,2424,,,,14.57033634185791
,2425,,,,12.466801643371582
,2426,,,,14.390729904174805
,2427,,,,13.88785171508789
,2428,,,,17.875640869140625
,2429,,,,14.89919662475586
,2430,,,,17.265501022338867
,2431,,,,14.473647117614746
75,9499,,,14.113651275634766,
75,9499,14.713589668273926,,,
76,9549,,12.596728324890137,,
76,9599,,14.480935096740723,,
,2432,,,,10.879830360412598
,2433,,,,12.94588565826416
,2434,,,,16.235172271728516
,2435,,,,13.79011344909668
,2436,,,,14.971363067626953
,2437,,,,15.662131309509277
,2438,,,,14.532358169555664
,2439,,,,12.30904483795166
,2440,,,,10.716012954711914
,2441,,,,13.07229995727539
,2442,,,,17.360239028930664
,2443,,,,10.135945320129395
,2444,,,,15.694069862365723
,2445,,,,12.621747970581055
,2446,,,,10.871999740600586
,2447,,,,16.116270065307617
,2448,,,,16.627721786499023
,2449,,,,13.425294876098633
,2450,,,,15.189030647277832
,2451,,,,17.21525764465332
,2452,,,,11.735954284667969
,2453,,,,12.163596153259277
,2454,,,,15.05205249786377
,2455,,,,12.768957138061523
,2456,,,,14.57165813446045
,2457,,,,12.46915340423584
,2458,,,,14.393661499023438
,2459,,,,13.890092849731445
,2460,,,,17.87964630126953
,2461,,,,14.899109840393066
,2462,,,,17.26641273498535
,2463,,,,14.47208023071289
76,9624,,,14.114564895629883,
76,9624,14.7124662399292,,,
77,9649,,13.903326034545898,,
77,9699,,15.99163818359375,,
77,9749,,13.440683364868164,,
,2464,,,,10.87893295288086
,2465,,,,12.943212509155273
,2466,,,,16.233623504638672
,2467,,,,13.791488647460938
,2468,,,,14.96731185913086
,2469,,,,15.66210651397705
,2470,,,,14.529393196105957
,2471,,,,12.308381080627441
,2472,,,,10.714561462402344
,2473,,,,13.068717002868652
,2474,,,,17.36290740966797
,2475,,,,10.134296417236328
,2476,,,,15.694368362426758
,2477,,,,12.620244979858398
,2478,,,,10.869613647460938
,2479,,,,16.111948013305664
,2480,,,,16.63335418701172
,2481,,,,13.422708511352539
,2482,,,,15.19021224975586
,2483,,,,17.214113235473633
,2484,,,,11.732588768005371
,2485,,,,12.159611701965332
,2486,,,,15.050307273864746
,2487,,,,12.765263557434082
,2488,,,,14.568232536315918
,2489,,,,12.467364311218262
,2490,,,,14.389445304870605
,2491,,,,13.88822078704834
,2492,,,,17.879291534423828
,2493,,,,14.899081230163574
,2494,,,,17.266050338745117
,2495,,,,14.475882530212402
77,9749,,,14.113147735595703,
77,9749,14.712028503417969,,,
78,9799,,10.644781112670898,,
78,9849,,14.233847618103027,,
,2496,,,,10.874302864074707
,2497,,,,12.938225746154785
,2498,,,,16.227874755859375
,2499,,,,13.78343391418457
,2500,,,,14.969305992126465
,2501,,,,15.660754203796387
,2502,,,,14.522453308105469
,2503,,,,12.30516242980957
,2504,,,,10.710991859436035
,2505,,,,13.070951461791992
,2506,,,,17.35851287841797
,2507,,,,10.13040542602539
,2508,,,,15.693307876586914
,2509,,,,12.61188793182373
,2510,,,,10.866503715515137
,2511,,,,16.108444213867188
,2512,,,,16.630924224853516
,2513,,,,13.423346519470215
,2514,,,,15.187448501586914
,2515,,,,17.21351432800293
,2516,,,,11.727452278137207
,2517,,,,12.15966796875
,2518,,,,15.044744491577148
,2519,,,,12.766603469848633
,2520,,,,14.567997932434082
,2521,,,,12.469538688659668
,2522,,,,14.390503883361816
,2523,,,,13.887394905090332
,2524,,,,17.890209197998047
,2525,,,,14.896735191345215
,2526,,,,17.261838912963867
,2527,,,,14.470613479614258
78,9874,,,14.110976219177246,
78,9874,14.710653305053711,,,
79,9899,,12.466225624084473,,
79,9949,,16.382749557495117,,
79,9999,,14.652572631835938,,
,2528,,,,10.877803802490234
,2529,,,,12.9445161819458
,2530,,,,16.22749137878418
,2531,,,,13.787253379821777
,2532,,,,14.965922355651855
,2533,,,,15.661483764648438
,2534,,,,14.526866912841797
,2535,,,,12.30596923828125
,2536,,,,10.713019371032715
,2537,,,,13.07020378112793
,2538,,,,17.356090545654297
,2539,,,,10.133465766906738
,2540,,,,15.693239212036133
,2541,,,,12.620099067687988
,2542,,,,10.86474609375
,2543,,,,16.108976364135742
,2544,,,,16.629045486450195
,2545,,,,13.423684120178223
,2546,,,,15.190817832946777
,2547,,,,17.211511611938477
,2548,,,,11.728808403015137
,2549,,,,12.162137031555176
,2550,,,,15.045144081115723
,2551,,,,12.76624870300293
,2552,,,,14.567296981811523
,2553,,,,12.467333793640137
,2554,,,,14.391474723815918
,2555,,,,13.88945484161377
,2556,,,,17.883596420288086
,2557,,,,14.89538288116455
,2558,,,,17.26482582092285
,2559,,,,14.477556228637695
79,9999,,,14.111786842346191,
79,9999,14.709486961364746,,,
80,10049,,14.391411781311035,,
80,10099,,12.960153579711914,,
,2560,,,,10.87527847290039
,2561,,,,12.943703651428223
,2562,,,,16.23065185546875
,2563,,,,13.78154182434082
,2564,,,,14.970048904418945
,2565,,,,15.664081573486328
,2566,,,,14.523669242858887
,2567,,,,12.302862167358398
,2568,,,,10.711857795715332
,2569,,,,13.07254409790039
,2570,,,,17.358097076416016
,2571,,,,10.13466739654541
,2572,,,,15.694661140441895
,2573,,,,12.615429878234863
,2574,,,,10.863908767700195
,2575,,,,16.109527587890625
,2576,,,,16.63300895690918
,2577,,,,13.422765731811523
,2578,,,,15.191438674926758
,2579,,,,17.20942497253418
,2580,,,,11.727413177490234
,2581,,,,12.158859252929688
,2582,,,,15.047313690185547
,2583,,,,12.766589164733887
,2584,,,,14.569706916809082
,2585,,,,12.471396446228027
,2586,,,,14.39168643951416
,2587,,,,13.887028694152832
,2588,,,,17.89144515991211
,2589,,,,14.895614624023438
,2590,,,,17.263769149780273
,2591,,,,14.47362232208252
80,10124,,,14.111948013305664,
80,10124,14.710165977478027,,,
81,10149,,16.404504776000977,,
81,10199,,14.656132698059082,,
81,10249,,12.092016220092773,,
,2592,,,,10.875362396240234
,2593,,,,12.941537857055664
,2594,,,,16.22716522216797
,2595,,,,13.783747673034668
,2596,,,,14.96993637084961
,2597,,,,15.65328311920166
,2598,,,,14.52945613861084
,2599,,,,12.30450439453125
,2600,,,,10.709306716918945
,2601,,,,13.068385124206543
,2602,,,,17.3563175201416
,2603,,,,10.134512901306152
,2604,,,,15.693695068359375
,2605,,,,12.61551284790039
,2606,,,,10.865236282348633
,2607,,,,16.1096134185791
,2608,,,,16.623397827148438
,2609,,,,13.42141342163086
,2610,,,,15.187975883483887
,2611,,,,17.208568572998047
,2612,,,,11.726649284362793
,2613,,,,12.158910751342773
,2614,,,,15.044710159301758
,2615,,,,12.763503074645996
,2616,,,,14.567667007446289
,2617,,,,12.46744155883789
,2618,,,,14.386189460754395
,2619,,,,13.88547134399414
,2620,,,,17.878849029541016
,2621,,,,14.893325805664062
,2622,,,,17.257213592529297
,2623,,,,14.471431732177734
81,10249,,,14.109654426574707,
81,10249,14.70747184753418,,,
82,10299,,13.63001537322998,,
82,10349,,10.411601066589355,,
,2624,,,,10.876492500305176
,2625,,,,12.942145347595215
,2626,,,,16.22946548461914
,2627,,,,13.788070678710938
,2628,,,,14.96635913848877
,2629,,,,15.657624244689941
,2630,,,,14.530085563659668
,2631,,,,12.306686401367188
,2632,,,,10.710086822509766
,2633,,,,13.066508293151855
,2634,,,,17.355472564697266
,2635,,,,10.134200096130371
,2636,,,,15.694067001342773
,2637,,,,12.620401382446289
,2638,,,,10.86457633972168
,2639,,,,16.110931396484375
,2640,,,,16.623210906982422
,2641,,,,13.419795036315918
,2642,,,,15.186729431152344
,2643,,,,17.20825958251953
,2644,,,,11.729789733886719
,2645,,,,12.157781600952148
,2646,,,,15.046942710876465
,2647,,,,12.762313842773438
,2648,,,,14.565673828125
,2649,,,,12.465956687927246
,2650,,,,14.38818073272705
,2651,,,,13.888885498046875
,2652,,,,17.880645751953125
,2653,,,,14.89245891571045
,2654,,,,17.261079788208008
,2655,,,,14.476576805114746
82,10374,,,14.11039924621582,
82,10374,14.70740032196045,,,
83,10399,,15.161115646362305,,
83,10449,,13.80919075012207,,
83,10499,,14.321819305419922,,
,2656,,,,10.871635437011719
,2657,,,,12.943042755126953
,2658,,,,16.23106575012207
,2659,,,,13.781590461730957
,2660,,,,14.96316146850586
,2661,,,,15.658774375915527
,2662,,,,14.526032447814941
,2663,,,,12.301112174987793
,2664,,,,10.707555770874023
,2665,,,,13.065058708190918
,2666,,,,17.356456756591797
,2667,,,,10.129425048828125
,2668,,,,15.69424057006836
,2669,,,,12.618264198303223
,2670,,,,10.863896369934082
,2671,,,,16.107919692993164
,2672,,,,16.62605094909668
,2673,,,,13.414953231811523
,2674,,,,15.184187889099121
,2675,,,,17.20281982421875
,2676,,,,11.729653358459473
,2677,,,,12.152974128723145
,2678,,,,15.043275833129883
,2679,,,,12.763720512390137
,2680,,,,14.565030097961426
,2681,,,,12.46535873413086
,2682,,,,14.384553909301758
,2683,,,,13.886423110961914
,2684,,,,17.87859535217285
,2685,,,,14.894035339355469
,2686,,,,17.261804580688477
,2687,,,,14.473529815673828
83,10499,,,14.108514785766602,
83,10499,14.706968307495117,,,
84,10549,,20.132429122924805,,
84,10599,,19.34341049194336,,
,2688,,,,10.872645378112793
,2689,,,,12.936249732971191
,2690,,,,16.225683212280273
,2691,,,,13.780318260192871
,2692,,,,14.962337493896484
,2693,,,,15.653780937194824
,2694,,,,14.524104118347168
,2695,,,,12.303074836730957
,2696,,,,10.705770492553711
,2697,,,,13.063220024108887
,2698,,,,17.351572036743164
,2699,,,,10.13131332397461
,2700,,,,15.693498611450195
,2701,,,,12.615095138549805
,2702,,,,10.861967086791992
,2703,,,,16.10607147216797
,2704,,,,16.62163734436035
,2705,,,,13.417377471923828
,2706,,,,15.18160343170166
,2707,,,,17.204051971435547
,2708,,,,11.721986770629883
,2709,,,,12.15274429321289
,2710,,,,15.040651321411133
,2711,,,,12.760468482971191
,2712,,,,14.564040184020996
,2713,,,,12.46063232421875
,2714,,,,14.381366729736328
,2715,,,,13.88221549987793
,2716,,,,17.876651763916016
,2717,,,,14.887748718261719
,2718,,,,17.256460189819336
,2719,,,,14.467703819274902
84,10624,,,14.106023788452148,
84,10624,14.706302642822266,,,
85,10649,,12.403665542602539,,
85,10699,,15.877635955810547,,
85,10749,,16.783044815063477,,
,2720,,,,10.872880935668945
,2721,,,,12.933956146240234
,2722,,,,16.223844528198242
,2723,,,,13.77684497833252
,2724,,,,14.96855640411377
,2725,,,,15.651598930358887
,2726,,,,14.525141716003418
,2727,,,,12.30075740814209
,2728,,,,10.709193229675293
,2729,,,,13.0599946975708
,2730,,,,17.350244522094727
,2731,,,,10.136818885803223
,2732,,,,15.692666053771973
,2733,,,,12.614052772521973
,2734,,,,10.862435340881348
,2735,,,,16.104215621948242
,2736,,,,16.62338638305664
,2737,,,,13.417802810668945
,2738,,,,15.180642127990723
,2739,,,,17.204509735107422
,2740,,,,11.723947525024414
,2741,,,,12.157228469848633
,2742,,,,15.0408353805542
,2743,,,,12.76114273071289
,2744,,,,14.562644004821777
,2745,,,,12.464831352233887
,2746,,,,14.382887840270996
,2747,,,,13.88148307800293
,2748,,,,17.88104820251465
,2749,,,,14.886594772338867
,2750,,,,17.249027252197266
,2751,,,,14.46574878692627
85,10749,,,14.10616397857666,
85,10749,14.705512046813965,,,
86,10799,,15.077767372131348,,
86,10849,,10.153173446655273,,
,2752,,,,10.873884201049805
,2753,,,,12.93710708618164
,2754,,,,16.226512908935547
,2755,,,,13.77880573272705
,2756,,,,14.965907096862793
,2757,,,,15.654191970825195
,2758,,,,14.526599884033203
,2759,,,,12.300145149230957
,2760,,,,10.708539962768555
,2761,,,,13.064518928527832
,2762,,,,17.35045623779297
,2763,,,,10.134244918823242
,2764,,,,15.690290451049805
,2765,,,,12.614803314208984
,2766,,,,10.859506607055664
,2767,,,,16.105031967163086
,2768,,,,16.62207794189453
,2769,,,,13.4176025390625
,2770,,,,15.18292236328125
,2771,,,,17.20679473876953
,2772,,,,11.722722053527832
,2773,,,,12.156195640563965
,2774,,,,15.041425704956055
,2775,,,,12.762386322021484
,2776,,,,14.565061569213867
,2777,,,,12.465004920959473
,2778,,,,14.383646965026855
,2779,,,,13.88105297088623
,2780,,,,17.880033493041992
,2781,,,,14.890442848205566
,2782,,,,17.250770568847656
,2783,,,,14.46670150756836
86,10874,,,14.106730461120605,
86,10874,14.70442008972168,,,
87,10899,,13.934703826904297,,
87,10949,,15.702473640441895,,
87,10999,,11.431127548217773,,
,2784,,,,10.87450885772705
,2785,,,,12.936508178710938
,2786,,,,16.226564407348633
,2787,,,,13.780976295471191
,2788,,,,14.9637451171875
,2789,,,,15.65276050567627
,2790,,,,14.52105712890625
,2791,,,,12.297922134399414
,2792,,,,10.706533432006836
,2793,,,,13.061079025268555
,2794,,,,17.35028648376465
,2795,,,,10.132979393005371
,2796,,,,15.688557624816895
,2797,,,,12.615735054016113
,2798,,,,10.860849380493164
,2799,,,,16.10336685180664
,2800,,,,16.619871139526367
,2801,,,,13.41513729095459
,2802,,,,15.180643081665039
,2803,,,,17.20436668395996
,2804,,,,11.726911544799805
,2805,,,,12.1555757522583
,2806,,,,15.039794921875
,2807,,,,12.764260292053223
,2808,,,,14.565792083740234
,2809,,,,12.462211608886719
,2810,,,,14.384783744812012
,2811,,,,13.882831573486328
,2812,,,,17.87516975402832
,2813,,,,14.887709617614746
,2814,,,,17.250883102416992
,2815,,,,14.462441444396973
87,10999,,,14.105759620666504,
87,10999,14.703596115112305,,,
88,11049,,13.212987899780273,,
88,11099,,16.197614669799805,,
,2816,,,,10.872687339782715
,2817,,,,12.9364595413208
,2818,,,,16.22773551940918
,2819,,,,13.779438018798828
,2820,,,,14.962533950805664
,2821,,,,15.65137004852295
,2822,,,,14.525840759277344
,2823,,,,12.301090240478516
,2824,,,,10.705132484436035
,2825,,,,13.059391975402832
,2826,,,,17.350515365600586
,2827,,,,10.132532119750977
,2828,,,,15.688971519470215
,2829,,,,12.613469123840332
,2830,,,,10.860343933105469
,2831,,,,16.103567123413086
,2832,,,,16.619916915893555
,2833,,,,13.412795066833496
,2834,,,,15.179024696350098
,2835,,,,17.201398849487305
,2836,,,,11.723359107971191
,2837,,,,12.151862144470215
,2838,,,,15.035867691040039
,2839,,,,12.762495040893555
,2840,,,,14.56350326538086
,2841,,,,12.463688850402832
,2842,,,,14.381961822509766
,2843,,,,13.880725860595703
,2844,,,,17.87627410888672
,2845,,,,14.888392448425293
,2846,,,,17.250186920166016
,2847,,,,14.46642017364502
88,11124,,,14.104931831359863,
88,11124,14.701798439025879,,,
89,11149,,10.368900299072266,,
89,11199,,16.35196304321289,,
89,11249,,12.784308433532715,,
,2848,,,,10.874448776245117
,2849,,,,12.93739128112793
,2850,,,,16.226978302001953
,2851,,,,13.783273696899414
,2852,,,,14.96198558807373
,2853,,,,15.652952194213867
,2854,,,,14.525405883789062
,2855,,,,12.300604820251465
,2856,,,,10.707798957824707
,2857,,,,13.057875633239746
,2858,,,,17.350187301635742
,2859,,,,10.134501457214355
,2860,,,,15.692873001098633
,2861,,,,12.610876083374023
,2862,,,,10.86174201965332
,2863,,,,16.104740142822266
,2864,,,,16.623580932617188
,2865,,,,13.414265632629395
,2866,,,,15.18172550201416
,2867,,,,17.19945526123047
,2868,,,,11.727259635925293
,2869,,,,12.151481628417969
,2870,,,,15.037261962890625
,2871,,,,12.760635375976562
,2872,,,,14.563698768615723
,2873,,,,12.465336799621582
,2874,,,,14.380595207214355
,2875,,,,13.882204055786133
,2876,,,,17.876829147338867
,2877,,,,14.887712478637695
,2878,,,,17.252771377563477
,2879,,,,14.459551811218262
89,11249,,,14.105708122253418,
89,11249,14.702503204345703,,,
90,11299,,11.238195419311523,,
90,11349,,14.61169719696045,,
,2880,,,,10.869770050048828
,2881,,,,12.933358192443848
,2882,,,,16.2236270904541
,2883,,,,13.774348258972168
,2884,,,,14.963889122009277
,2885,,,,15.653510093688965
,2886,,,,14.517518997192383
,2887,,,,12.297858238220215
,2888,,,,10.703718185424805
,2889,,,,13.059537887573242
,2890,,,,17.34685516357422
,2891,,,,10.128866195678711
,2892,,,,15.685470581054688
,2893,,,,12.60783863067627
,2894,,,,10.856939315795898
,2895,,,,16.098814010620117
,2896,,,,16.623884201049805
,2897,,,,13.418488502502441
,2898,,,,15.179736137390137
,2899,,,,17.19746208190918
,2900,,,,11.72097396850586
,2901,,,,12.152888298034668
,2902,,,,15.032394409179688
,2903,,,,12.758310317993164
,2904,,,,14.56042194366455
,2905,,,,12.466331481933594
,2906,,,,14.37963581085205
,2907,,,,13.87812328338623
,2908,,,,17.880590438842773
,2909,,,,14.88580322265625
,2910,,,,17.247270584106445
,2911,,,,14.457343101501465
90,11374,,,14.102993965148926,
90,11374,14.701241493225098,,,
91,11399,,14.788508415222168,,
91,11449,,18.044492721557617,,
91,11499,,13.361690521240234,,
,2912,,,,10.871857643127441
,2913,,,,12.935672760009766
,2914,,,,16.22313690185547
,2915,,,,13.776679039001465
,2916,,,,14.965116500854492
,2917,,,,15.655701637268066
,2918,,,,14.5244722366333
,2919,,,,12.299116134643555
,2920,,,,10.70676040649414
,2921,,,,13.057992935180664
,2922,,,,17.351181030273438
,2923,,,,10.130854606628418
,2924,,,,15.689162254333496
,2925,,,,12.612297058105469
,2926,,,,10.859875679016113
,2927,,,,16.100921630859375
,2928,,,,16.622026443481445
,2929,,,,13.41635513305664
,2930,,,,15.184354782104492
,2931,,,,17.201904296875
,2932,,,,11.724103927612305
,2933,,,,12.151257514953613
,2934,,,,15.036543846130371
,2935,,,,12.759069442749023
,2936,,,,14.55949592590332
,2937,,,,12.465678215026855
,2938,,,,14.382548332214355
,2939,,,,13.879191398620605
,2940,,,,17.87849235534668
,2941,,,,14.888344764709473
,2942,,,,17.249967575073242
,2943,,,,14.46602725982666
91,11499,,,14.104850769042969,
91,11499,14.701473236083984,,,
92,11549,,11.78023624420166,,
92,11599,,15.730165481567383,,
,2944,,,,10.866265296936035
,2945,,,,12.935221672058105
,2946,,,,16.22408676147461
,2947,,,,13.774955749511719
,2948,,,,14.959002494812012
,2949,,,,15.648137092590332
,2950,,,,14.5153169631958
,2951,,,,12.295453071594238
,2952,,,,10.700831413269043
,2953,,,,13.055132865905762
,2954,,,,17.348440170288086
,2955,,,,10.125932693481445
,2956,,,,15.686202049255371
,2957,,,,12.610146522521973
,2958,,,,10.857365608215332
,2959,,,,16.09864044189453
,2960,,,,16.61989402770996
,2961,,,,13.411555290222168
,2962,,,,15.176615715026855
,2963,,,,17.19519805908203
,2964,,,,11.722570419311523
,2965,,,,12.147281646728516
,2966,,,,15.03143310546875
,2967,,,,12.755009651184082
,2968,,,,14.564436912536621
,2969,,,,12.460546493530273
,2970,,,,14.377692222595215
,2971,,,,13.875088691711426
,2972,,,,17.876333236694336
,2973,,,,14.885015487670898
,2974,,,,17.250577926635742
,2975,,,,14.458378791809082
92,11624,,,14.101278305053711,
92,11624,14.699234962463379,,,
93,11649,,11.861042022705078,,
93,11699,,16.080280303955078,,
93,11749,,11.832314491271973,,
,2976,,,,10.87157917022705
,2977,,,,12.936481475830078
,2978,,,,16.220779418945312
,2979,,,,13.780003547668457
,2980,,,,14.96389389038086
,2981,,,,15.652030944824219
,2982,,,,14.522799491882324
,2983,,,,12.298497200012207
,2984,,,,10.705092430114746
,2985,,,,13.058061599731445
,2986,,,,17.347394943237305
,2987,,,,10.132933616638184
,2988,,,,15.689262390136719
,2989,,,,12.615983963012695
,2990,,,,10.860651969909668
,2991,,,,16.103456497192383
,2992,,,,16.61500358581543
,2993,,,,13.413655281066895
,2994,,,,15.177424430847168
,2995,,,,17.197307586669922
,2996,,,,11.723739624023438
,2997,,,,12.15053939819336
,2998,,,,15.03831958770752
,2999,,,,12.758166313171387
,3000,,,,14.560416221618652
,3001,,,,12.458657264709473
,3002,,,,14.381016731262207
,3003,,,,13.882161140441895
,3004,,,,17.87350082397461
,3005,,,,14.884096145629883
,3006,,,,17.25019645690918
,3007,,,,14.46178913116455
93,11749,,,14.103632926940918,
93,11749,14.699213027954102,,,
94,11799,,14.3435640335083,,
94,11849,,13.27784252166748,,
,3008,,,,10.871211051940918
,3009,,,,12.93740177154541
,3010,,,,16.224464416503906
,3011,,,,13.77548885345459
,3012,,,,14.962169647216797
,3013,,,,15.653390884399414
,3014,,,,14.518926620483398
,3015,,,,12.295907020568848
,3016,,,,10.702960968017578
,3017,,,,13.05800724029541
,3018,,,,17.347333908081055
,3019,,,,10.12924861907959
,3020,,,,15.686373710632324
,3021,,,,12.61170482635498
,3022,,,,10.857644081115723
,3023,,,,16.09754753112793
,3024,,,,16.61787986755371
,3025,,,,13.411569595336914
,3026,,,,15.175498008728027
,3027,,,,17.196041107177734
,3028,,,,11.722835540771484
,3029,,,,12.149633407592773
,3030,,,,15.032615661621094
,3031,,,,12.76119327545166
,3032,,,,14.565983772277832
,3033,,,,12.459548950195312
,3034,,,,14.381278991699219
,3035,,,,13.877650260925293
,3036,,,,17.87415885925293
,3037,,,,14.886642456054688
,3038,,,,17.250736236572266
,3039,,,,14.459609985351562
94,11874,,,14.102655410766602,
94,11874,14.697770118713379,,,
95,11899,,10.39645004272461,,
95,11949,,18.54966926574707,,
95,11999,,21.14900016784668,,
,3040,,,,10.8660888671875
,3041,,,,12.934821128845215
,3042,,,,16.223392486572266
,3043,,,,13.77656364440918
,3044,,,,14.957612991333008
,3045,,,,15.649328231811523
,3046,,,,14.518900871276855
,3047,,,,12.296296119689941
,3048,,,,10.700849533081055
,3049,,,,13.054609298706055
,3050,,,,17.349687576293945
,3051,,,,10.126768112182617
,3052,,,,15.687830924987793
,3053,,,,12.611241340637207
,3054,,,,10.8563814163208
,3055,,,,16.100358963012695
,3056,,,,16.616073608398438
,3057,,,,13.406364440917969
,3058,,,,15.179210662841797
,3059,,,,17.191492080688477
,3060,,,,11.71978759765625
,3061,,,,12.143964767456055
,3062,,,,15.035507202148438
,3063,,,,12.755067825317383
,3064,,,,14.559354782104492
,3065,,,,12.459247589111328
,3066,,,,14.377463340759277
,3067,,,,13.878275871276855
,3068,,,,17.872331619262695
,3069,,,,14.882485389709473
,3070,,,,17.255107879638672
,3071,,,,14.461447715759277
95,11999,,,14.101049423217773,
95,11999,14.698155403137207,,,
96,12049,,15.157550811767578,,
96,12099,,13.518417358398438,,
,3072,,,,10.867816925048828
,3073,,,,12.935442924499512
,3074,,,,16.222640991210938
,3075,,,,13.777993202209473
,3076,,,,14.959534645080566
,3077,,,,15.650835037231445
,3078,,,,14.518282890319824
,3079,,,,12.295228958129883
,3080,,,,10.702088356018066
,3081,,,,13.055006980895996
,3082,,,,17.350040435791016
,3083,,,,10.128182411193848
,3084,,,,15.685873985290527
,3085,,,,12.61280632019043
,3086,,,,10.856293678283691
,3087,,,,16.10130500793457
,3088,,,,16.619070053100586
,3089,,,,13.41270923614502
,3090,,,,15.178963661193848
,3091,,,,17.195148468017578
,3092,,,,11.720110893249512
,3093,,,,12.1484375
,3094,,,,15.035680770874023
,3095,,,,12.759109497070312
,3096,,,,14.561328887939453
,3097,,,,12.46121883392334
,3098,,,,14.379955291748047
,3099,,,,13.879969596862793
,3100,,,,17.87474822998047
,3101,,,,14.882224082946777
,3102,,,,17.250883102416992
,3103,,,,14.460552215576172
96,12124,,,14.10221004486084,
96,12124,14.69775676727295,,,
97,12149,,11.504339218139648,,
97,12199,,17.64569664001465,,
97,12249,,15.683216094970703,,
,3104,,,,10.868718147277832
,3105,,,,12.935758590698242
,3106,,,,16.221046447753906
,3107,,,,13.777091979980469
,3108,,,,14.960700035095215
,3109,,,,15.652786254882812
,3110,,,,14.518095016479492
,3111,,,,12.296217918395996
,3112,,,,10.701369285583496
,3113,,,,13.053370475769043
,3114,,,,17.349246978759766
,3115,,,,10.129230499267578
,3116,,,,15.687210083007812
,3117,,,,12.610910415649414
,3118,,,,10.856435775756836
,3119,,,,16.099287033081055
,3120,,,,16.616689682006836
,3121,,,,13.411818504333496
,3122,,,,15.179637908935547
,3123,,,,17.192808151245117
,3124,,,,11.721115112304688
,3125,,,,12.146552085876465
,3126,,,,15.033596992492676
,3127,,,,12.75816822052002
,3128,,,,14.560019493103027
,3129,,,,12.461447715759277
,3130,,,,14.379596710205078
,3131,,,,13.879932403564453
,3132,,,,17.875375747680664
,3133,,,,14.883056640625
,3134,,,,17.253076553344727
,3135,,,,14.461462020874023
97,12249,,,14.101943969726562,
97,12249,14.697415351867676,,,
98,12299,,14.077804565429688,,
98,12349,,14.22250747680664,,
,3136,,,,10.866256713867188
,3137,,,,12.932659149169922
,3138,,,,16.218658447265625
,3139,,,,13.774554252624512
,3140,,,,14.962050437927246
,3141,,,,15.647561073303223
,3142,,,,14.517939567565918
,3143,,,,12.29595947265625
,3144,,,,10.701045036315918
,3145,,,,13.05349063873291
,3146,,,,17.345504760742188
,3147,,,,10.12816047668457
,3148,,,,15.686206817626953
,3149,,,,12.609428405761719
,3150,,,,10.856740951538086
,3151,,,,16.096750259399414
,3152,,,,16.62032127380371
,3153,,,,13.414140701293945
,3154,,,,15.17867660522461
,3155,,,,17.19221305847168
,3156,,,,11.720795631408691
,3157,,,,12.148908615112305
,3158,,,,15.028769493103027
,3159,,,,12.757320404052734
,3160,,,,14.55819034576416
,3161,,,,12.463903427124023
,3162,,,,14.377482414245605
,3163,,,,13.874452590942383
,3164,,,,17.871156692504883
,3165,,,,14.88228702545166
,3166,,,,17.24677848815918
,3167,,,,14.456626892089844
98,12374,,,14.10055923461914,
98,12374,14.696218490600586,,,
99,12399,,15.696486473083496,,
99,12449,,15.534064292907715,,
99,12499,,13.49002456665039,,
,3168,,,,10.870497703552246
,3169,,,,12.934077262878418
,3170,,,,16.227643966674805
,3171,,,,13.775649070739746
,3172,,,,14.957315444946289
,3173,,,,15.649977684020996
,3174,,,,14.519824028015137
,3175,,,,12.295815467834473
,3176,,,,10.700554847717285
,3177,,,,13.05504035949707
,3178,,,,17.34547233581543
,3179,,,,10.1276216506958
,3180,,,,15.69035530090332
,3181,,,,12.6131591796875
,3182,,,,10.85567569732666
,3183,,,,16.099830627441406
,3184,,,,16.61415672302246
,3185,,,,13.410042762756348
,3186,,,,15.17688274383545
,3187,,,,17.188583374023438
,3188,,,,11.724258422851562
,3189,,,,12.148378372192383
,3190,,,,15.032546997070312
,3191,,,,12.759943962097168
,3192,,,,14.560888290405273
,3193,,,,12.45911693572998
,3194,,,,14.378767013549805
,3195,,,,13.879015922546387
,3196,,,,17.87196922302246
,3197,,,,14.88631534576416
,3198,,,,17.250457763671875
,3199,,,,14.463471412658691
99,12499,,,14.1016206741333,
99,12499,14.695662498474121,,,
