epoch,step,train_loss_epoch,train_loss_step,val_loss_epoch,val_loss_step
0,49,,12022.478515625,,
0,99,,12298.0185546875,,
0,149,,10755.794921875,,
0,199,,11344.91015625,,
,0,,,,8640.919921875
,1,,,,12432.07421875
,2,,,,11744.1171875
,3,,,,11599.578125
,4,,,,9232.826171875
,5,,,,9798.87890625
,6,,,,13161.9296875
,7,,,,11175.505859375
,8,,,,11589.25
,9,,,,10196.6875
,10,,,,12391.6640625
,11,,,,14279.34375
,12,,,,11382.8701171875
,13,,,,14547.2724609375
,14,,,,16494.0546875
,15,,,,13708.015625
,16,,,,10932.154296875
,17,,,,13392.58203125
,18,,,,12962.2734375
,19,,,,12006.595703125
,20,,,,12089.619140625
,21,,,,14615.943359375
,22,,,,13565.357421875
,23,,,,10883.365234375
,24,,,,13078.099609375
,25,,,,10382.9453125
,26,,,,16894.01171875
,27,,,,12850.6826171875
,28,,,,11277.736328125
,29,,,,12030.107421875
,30,,,,13950.482421875
,31,,,,11516.68359375
,32,,,,12790.3359375
,33,,,,11273.9052734375
,34,,,,14705.71875
,35,,,,13814.8251953125
,36,,,,11498.9140625
,37,,,,14557.181640625
,38,,,,11909.685546875
,39,,,,11127.216796875
,40,,,,14327.5
,41,,,,14351.5029296875
,42,,,,15278.306640625
,43,,,,10961.7724609375
,44,,,,15399.033203125
,45,,,,14168.01953125
,46,,,,14805.60546875
,47,,,,13757.2783203125
,48,,,,11323.7177734375
,49,,,,13373.48828125
,50,,,,14366.634765625
,51,,,,10870.51953125
,52,,,,15916.6787109375
,53,,,,14433.365234375
,54,,,,10372.9326171875
,55,,,,10953.287109375
,56,,,,12602.9697265625
,57,,,,9317.212890625
,58,,,,12126.8974609375
,59,,,,9765.884765625
,60,,,,11848.5107421875
,61,,,,16740.44921875
0,244,,,12585.4326171875,
0,244,12708.01953125,,,
1,249,,12356.99609375,,
1,299,,11886.474609375,,
1,349,,13090.7294921875,,
1,399,,9598.986328125,,
1,449,,12701.3134765625,,
,62,,,,8619.630859375
,63,,,,12399.201171875
,64,,,,11710.2470703125
,65,,,,11564.701171875
,66,,,,9206.8291015625
,67,,,,9769.744140625
,68,,,,13121.509765625
,69,,,,11146.39453125
,70,,,,11559.3974609375
,71,,,,10167.345703125
,72,,,,12355.9130859375
,73,,,,14242.9404296875
,74,,,,11352.462890625
,75,,,,14503.4853515625
,76,,,,16449.6796875
,77,,,,13664.98828125
,78,,,,10901.001953125
,79,,,,13353.73046875
,80,,,,12926.3984375
,81,,,,11970.63671875
,82,,,,12051.958984375
,83,,,,14573.177734375
,84,,,,13531.5986328125
,85,,,,10849.431640625
,86,,,,13038.673828125
,87,,,,10354.486328125
,88,,,,16846.771484375
,89,,,,12811.625
,90,,,,11250.611328125
,91,,,,11999.650390625
,92,,,,13909.97265625
,93,,,,11483.9482421875
,94,,,,12754.642578125
,95,,,,11239.759765625
,96,,,,14661.935546875
,97,,,,13774.6044921875
,98,,,,11464.6708984375
,99,,,,14511.734375
,100,,,,11871.0546875
,101,,,,11095.4609375
,102,,,,14285.357421875
,103,,,,14308.8203125
,104,,,,15236.49609375
,105,,,,10930.423828125
,106,,,,15354.9658203125
,107,,,,14128.5205078125
,108,,,,14766.1318359375
,109,,,,13723.109375
,110,,,,11293.6669921875
,111,,,,13333.314453125
,112,,,,14327.396484375
,113,,,,10838.255859375
,114,,,,15870.296875
,115,,,,14392.4404296875
,116,,,,10345.41015625
,117,,,,10921.6572265625
,118,,,,12566.396484375
,119,,,,9292.640625
,120,,,,12089.6650390625
,121,,,,9735.7529296875
,122,,,,11815.7919921875
,123,,,,16696.982421875
1,489,,,12549.6025390625,
1,489,12425.96484375,,,
2,499,,11477.509765625,,
2,549,,14870.8154296875,,
2,599,,12228.421875,,
2,649,,17416.29296875,,
2,699,,11860.404296875,,
,124,,,,8601.73046875
,125,,,,12369.861328125
,126,,,,11683.521484375
,127,,,,11533.435546875
,128,,,,9190.83203125
,129,,,,9753.404296875
,130,,,,13083.8427734375
,131,,,,11117.724609375
,132,,,,11530.314453125
,133,,,,10147.904296875
,134,,,,12323.611328125
,135,,,,14204.775390625
,136,,,,11333.89453125
,137,,,,14460.712890625
,138,,,,16404.244140625
,139,,,,13628.03125
,140,,,,10874.896484375
,141,,,,13318.0478515625
,142,,,,12896.19921875
,143,,,,11942.703125
,144,,,,12022.7841796875
,145,,,,14533.34765625
,146,,,,13499.7578125
,147,,,,10825.986328125
,148,,,,13005.9482421875
,149,,,,10337.248046875
,150,,,,16797.03125
,151,,,,12779.671875
,152,,,,11223.8662109375
,153,,,,11972.5751953125
,154,,,,13876.052734375
,155,,,,11461.2431640625
,156,,,,12722.845703125
,157,,,,11215.8564453125
,158,,,,14620.7021484375
,159,,,,13736.5869140625
,160,,,,11444.15625
,161,,,,14474.001953125
,162,,,,11844.7353515625
,163,,,,11071.5283203125
,164,,,,14242.89453125
,165,,,,14270.0654296875
,166,,,,15196.888671875
,167,,,,10905.9375
,168,,,,15313.302734375
,169,,,,14095.3818359375
,170,,,,14726.3125
,171,,,,13691.3828125
,172,,,,11274.74609375
,173,,,,13299.0634765625
,174,,,,14291.0615234375
,175,,,,10813.1884765625
,176,,,,15825.7119140625
,177,,,,14358.1044921875
,178,,,,10328.65234375
,179,,,,10899.154296875
,180,,,,12535.921875
,181,,,,9280.5390625
,182,,,,12062.966796875
,183,,,,9718.6943359375
,184,,,,11786.8701171875
,185,,,,16644.205078125
2,734,,,12519.4208984375,
2,734,12227.548828125,,,
3,749,,8965.732421875,,
3,799,,10574.021484375,,
3,849,,10679.357421875,,
3,899,,12531.873046875,,
3,949,,11506.068359375,,
,186,,,,8567.064453125
,187,,,,12325.3818359375
,188,,,,11638.36328125
,189,,,,11488.63671875
,190,,,,9152.0625
,191,,,,9712.8408203125
,192,,,,13033.96875
,193,,,,11077.3095703125
,194,,,,11484.8310546875
,195,,,,10107.73828125
,196,,,,12276.9453125
,197,,,,14153.9189453125
,198,,,,11292.4189453125
,199,,,,14409.5654296875
,200,,,,16345.791015625
,201,,,,13577.46875
,202,,,,10834.73828125
,203,,,,13268.064453125
,204,,,,12846.373046875
,205,,,,11897.2734375
,206,,,,11973.033203125
,207,,,,14480.400390625
,208,,,,13459.365234375
,209,,,,10780.8544921875
,210,,,,12956.6826171875
,211,,,,10297.517578125
,212,,,,16737.515625
,213,,,,12729.197265625
,214,,,,11185.9716796875
,215,,,,11929.099609375
,216,,,,13825.966796875
,217,,,,11415.78125
,218,,,,12675.2578125
,219,,,,11172.216796875
,220,,,,14565.3916015625
,221,,,,13683.3984375
,222,,,,11398.7646484375
,223,,,,14420.7626953125
,224,,,,11799.3125
,225,,,,11029.5009765625
,226,,,,14192.8681640625
,227,,,,14216.73046875
,228,,,,15141.517578125
,229,,,,10862.0673828125
,230,,,,15258.2421875
,231,,,,14046.8388671875
,232,,,,14676.21484375
,233,,,,13647.3662109375
,234,,,,11233.88671875
,235,,,,13246.755859375
,236,,,,14239.2744140625
,237,,,,10769.666015625
,238,,,,15771.4140625
,239,,,,14304.9736328125
,240,,,,10289.779296875
,241,,,,10857.794921875
,242,,,,12487.703125
,243,,,,9244.9580078125
,244,,,,12015.9453125
,245,,,,9677.3310546875
,246,,,,11744.19921875
,247,,,,16587.54296875
3,979,,,12472.6591796875,
3,979,12073.8408203125,,,
4,999,,11882.4658203125,,
4,1049,,8119.6669921875,,
4,1099,,10063.03125,,
4,1149,,12589.328125,,
4,1199,,9438.32421875,,
,248,,,,8548.7060546875
,249,,,,12291.853515625
,250,,,,11607.037109375
,251,,,,11455.876953125
,252,,,,9132.1279296875
,253,,,,9687.798828125
,254,,,,12994.369140625
,255,,,,11049.8505859375
,256,,,,11453.3125
,257,,,,10085.607421875
,258,,,,12239.47265625
,259,,,,14113.345703125
,260,,,,11271.578125
,261,,,,14360.48046875
,262,,,,16296.1328125
,263,,,,13535.388671875
,264,,,,10807.42578125
,265,,,,13233.03125
,266,,,,12817.87109375
,267,,,,11867.34765625
,268,,,,11937.181640625
,269,,,,14437.6611328125
,270,,,,13411.998046875
,271,,,,10752.9755859375
,272,,,,12917.275390625
,273,,,,10277.369140625
,274,,,,16686.578125
,275,,,,12693.34375
,276,,,,11152.4990234375
,277,,,,11901.99609375
,278,,,,13783.146484375
,279,,,,11392.431640625
,280,,,,12641.39453125
,281,,,,11140.068359375
,282,,,,14521.939453125
,283,,,,13644.748046875
,284,,,,11369.87109375
,285,,,,14373.20703125
,286,,,,11760.0224609375
,287,,,,11002.68359375
,288,,,,14145.1572265625
,289,,,,14173.90234375
,290,,,,15097.634765625
,291,,,,10834.6142578125
,292,,,,15213.984375
,293,,,,14009.12109375
,294,,,,14630.7265625
,295,,,,13607.818359375
,296,,,,11209.5654296875
,297,,,,13209.505859375
,298,,,,14199.2890625
,299,,,,10740.05078125
,300,,,,15717.76171875
,301,,,,14262.83984375
,302,,,,10269.53125
,303,,,,10831.4052734375
,304,,,,12456.39453125
,305,,,,9229.55078125
,306,,,,11989.033203125
,307,,,,9652.3125
,308,,,,11712.6748046875
,309,,,,16542.48828125
4,1224,,,12438.32421875,
4,1224,11958.0966796875,,,
5,1249,,11175.619140625,,
5,1299,,10488.775390625,,
5,1349,,13222.544921875,,
5,1399,,11475.1279296875,,
5,1449,,11997.88671875,,
,310,,,,8520.31640625
,311,,,,12258.8681640625
,312,,,,11575.388671875
,313,,,,11424.404296875
,314,,,,9108.896484375
,315,,,,9664.517578125
,316,,,,12950.8984375
,317,,,,11015.42578125
,318,,,,11420.224609375
,319,,,,10059.6552734375
,320,,,,12203.48046875
,321,,,,14071.294921875
,322,,,,11244.8876953125
,323,,,,14319.353515625
,324,,,,16245.82421875
,325,,,,13495.169921875
,326,,,,10777.9658203125
,327,,,,13195.0908203125
,328,,,,12781.607421875
,329,,,,11835.2734375
,330,,,,11907.9453125
,331,,,,14395.365234375
,332,,,,13371.1201171875
,333,,,,10726.5458984375
,334,,,,12878.806640625
,335,,,,10252.56640625
,336,,,,16631.68359375
,337,,,,12653.103515625
,338,,,,11119.623046875
,339,,,,11865.814453125
,340,,,,13742.673828125
,341,,,,11363.625
,342,,,,12602.26171875
,343,,,,11108.1796875
,344,,,,14476.15625
,345,,,,13600.37109375
,346,,,,11341.53125
,347,,,,14333.26171875
,348,,,,11726.720703125
,349,,,,10968.744140625
,350,,,,14097.3671875
,351,,,,14128.99609375
,352,,,,15056.490234375
,353,,,,10805.880859375
,354,,,,15171.212890625
,355,,,,13970.98046875
,356,,,,14587.9072265625
,357,,,,13564.544921875
,358,,,,11183.515625
,359,,,,13170.015625
,360,,,,14161.06640625
,361,,,,10709.1572265625
,362,,,,15672.04296875
,363,,,,14223.880859375
,364,,,,10244.7802734375
,365,,,,10798.9501953125
,366,,,,12424.720703125
,367,,,,9205.376953125
,368,,,,11957.8515625
,369,,,,9625.654296875
,370,,,,11679.9599609375
,371,,,,16489.08203125
5,1469,,,12402.7685546875,
5,1469,11864.7392578125,,,
6,1499,,11559.275390625,,
6,1549,,14516.708984375,,
6,1599,,10410.4609375,,
6,1649,,13291.5908203125,,
6,1699,,10978.33203125,,
,372,,,,8493.7802734375
,373,,,,12212.1015625
,374,,,,11536.16015625
,375,,,,11373.2490234375
,376,,,,9078.921875
,377,,,,9627.400390625
,378,,,,12897.857421875
,379,,,,10977.779296875
,380,,,,11379.01171875
,381,,,,10029.7265625
,382,,,,12156.5029296875
,383,,,,14020.052734375
,384,,,,11211.89453125
,385,,,,14256.072265625
,386,,,,16185.83203125
,387,,,,13437.521484375
,388,,,,10738.494140625
,389,,,,13142.8388671875
,390,,,,12734.6875
,391,,,,11791.85546875
,392,,,,11857.158203125
,393,,,,14341.455078125
,394,,,,13320.009765625
,395,,,,10681.7529296875
,396,,,,12832.015625
,397,,,,10222.595703125
,398,,,,16568.181640625
,399,,,,12603.052734375
,400,,,,11084.421875
,401,,,,11827.5234375
,402,,,,13691.5859375
,403,,,,11323.4892578125
,404,,,,12558.490234375
,405,,,,11066.00390625
,406,,,,14414.4765625
,407,,,,13548.41015625
,408,,,,11303.6748046875
,409,,,,14271.81640625
,410,,,,11680.666015625
,411,,,,10933.025390625
,412,,,,14041.1015625
,413,,,,14075.173828125
,414,,,,14998.140625
,415,,,,10765.59375
,416,,,,15109.857421875
,417,,,,13921.369140625
,418,,,,14531.4912109375
,419,,,,13525.1259765625
,420,,,,11149.7587890625
,421,,,,13117.958984375
,422,,,,14104.814453125
,423,,,,10671.3876953125
,424,,,,15609.638671875
,425,,,,14170.541015625
,426,,,,10216.6337890625
,427,,,,10764.78125
,428,,,,12374.322265625
,429,,,,9181.251953125
,430,,,,11913.890625
,431,,,,9592.189453125
,432,,,,11638.576171875
,433,,,,16421.494140625
6,1714,,,12356.9560546875,
6,1714,11782.75,,,
7,1749,,8329.197265625,,
7,1799,,10879.4482421875,,
7,1849,,11943.890625,,
7,1899,,11816.2412109375,,
7,1949,,11794.234375,,
,434,,,,8445.857421875
,435,,,,12153.876953125
,436,,,,11479.298828125
,437,,,,11315.3583984375
,438,,,,9030.2939453125
,439,,,,9577.689453125
,440,,,,12830.990234375
,441,,,,10919.509765625
,442,,,,11319.7939453125
,443,,,,9977.76171875
,444,,,,12093.27734375
,445,,,,13952.45703125
,446,,,,11153.330078125
,447,,,,14181.6083984375
,448,,,,16104.93359375
,449,,,,13370.28515625
,450,,,,10681.74609375
,451,,,,13073.220703125
,452,,,,12672.1435546875
,453,,,,11729.13671875
,454,,,,11798.0732421875
,455,,,,14265.7861328125
,456,,,,13255.1640625
,457,,,,10629.822265625
,458,,,,12767.5322265625
,459,,,,10171.880859375
,460,,,,16489.37109375
,461,,,,12535.86328125
,462,,,,11022.8349609375
,463,,,,11768.4951171875
,464,,,,13625.033203125
,465,,,,11268.353515625
,466,,,,12495.08203125
,467,,,,11012.40625
,468,,,,14346.2392578125
,469,,,,13476.73046875
,470,,,,11249.734375
,471,,,,14199.7958984375
,472,,,,11618.650390625
,473,,,,10876.4072265625
,474,,,,13964.1025390625
,475,,,,14000.1328125
,476,,,,14924.7890625
,477,,,,10708.412109375
,478,,,,15035.9111328125
,479,,,,13859.5712890625
,480,,,,14458.501953125
,481,,,,13456.3662109375
,482,,,,11101.33203125
,483,,,,13049.337890625
,484,,,,14038.173828125
,485,,,,10615.38671875
,486,,,,15530.5205078125
,487,,,,14104.12890625
,488,,,,10167.9453125
,489,,,,10707.017578125
,490,,,,12312.107421875
,491,,,,9134.3740234375
,492,,,,11849.09375
,493,,,,9544.103515625
,494,,,,11577.220703125
,495,,,,16340.810546875
7,1959,,,12294.4189453125,
7,1959,11713.62890625,,,
8,1999,,11382.7412109375,,
8,2049,,11654.32421875,,
8,2099,,13170.568359375,,
8,2149,,11737.78515625,,
8,2199,,11662.7099609375,,
,496,,,,8417.763671875
,497,,,,12105.0546875
,498,,,,11426.7578125
,499,,,,11262.052734375
,500,,,,8992.953125
,501,,,,9539.373046875
,502,,,,12768.935546875
,503,,,,10876.51171875
,504,,,,11276.494140625
,505,,,,9939.1259765625
,506,,,,12040.0703125
,507,,,,13895.1015625
,508,,,,11119.6875
,509,,,,14118.0966796875
,510,,,,16038.75390625
,511,,,,13308.451171875
,512,,,,10643.2783203125
,513,,,,13019.6923828125
,514,,,,12621.14453125
,515,,,,11686.3896484375
,516,,,,11736.99609375
,517,,,,14203.15625
,518,,,,13201.95703125
,519,,,,10579.69921875
,520,,,,12712.90234375
,521,,,,10138.166015625
,522,,,,16411.22265625
,523,,,,12483.12109375
,524,,,,10986.0419921875
,525,,,,11723.646484375
,526,,,,13562.6328125
,527,,,,11222.322265625
,528,,,,12448.130859375
,529,,,,10964.501953125
,530,,,,14273.4716796875
,531,,,,13419.037109375
,532,,,,11203.21484375
,533,,,,14131.0869140625
,534,,,,11566.158203125
,535,,,,10835.3505859375
,536,,,,13905.41015625
,537,,,,13939.80078125
,538,,,,14864.10546875
,539,,,,10668.201171875
,540,,,,14965.6396484375
,541,,,,13801.8837890625
,542,,,,14396.5341796875
,543,,,,13410.22265625
,544,,,,11060.7646484375
,545,,,,12991.009765625
,546,,,,13977.0546875
,547,,,,10567.046875
,548,,,,15462.3115234375
,549,,,,14041.896484375
,550,,,,10132.1875
,551,,,,10668.033203125
,552,,,,12254.49609375
,553,,,,9109.669921875
,554,,,,11803.5390625
,555,,,,9506.666015625
,556,,,,11531.6953125
,557,,,,16262.7841796875
8,2204,,,12243.212890625,
8,2204,11644.9951171875,,,
9,2249,,12163.87109375,,
9,2299,,11188.091796875,,
9,2349,,12129.5,,
9,2399,,11812.318359375,,
9,2449,,12267.9404296875,,
,558,,,,8421.4228515625
,559,,,,12101.6875
,560,,,,11443.8701171875
,561,,,,11278.587890625
,562,,,,9017.142578125
,563,,,,9550.423828125
,564,,,,12756.9169921875
,565,,,,10883.9716796875
,566,,,,11270.5712890625
,567,,,,9966.380859375
,568,,,,12043.73828125
,569,,,,13882.5322265625
,570,,,,11152.1806640625
,571,,,,14112.0078125
,572,,,,16021.853515625
,573,,,,13298.0947265625
,574,,,,10656.015625
,575,,,,13031.859375
,576,,,,12629.25390625
,577,,,,11695.169921875
,578,,,,11744.9140625
,579,,,,14211.072265625
,580,,,,13187.169921875
,581,,,,10593.2275390625
,582,,,,12706.6298828125
,583,,,,10154.3232421875
,584,,,,16398.23046875
,585,,,,12474.0048828125
,586,,,,10980.330078125
,587,,,,11732.638671875
,588,,,,13554.046875
,589,,,,11244.595703125
,590,,,,12442.173828125
,591,,,,10957.705078125
,592,,,,14264.357421875
,593,,,,13413.6611328125
,594,,,,11220.30078125
,595,,,,14127.490234375
,596,,,,11561.13671875
,597,,,,10839.078125
,598,,,,13890.6171875
,599,,,,13939.9013671875
,600,,,,14853.48046875
,601,,,,10686.52734375
,602,,,,14963.23046875
,603,,,,13792.58203125
,604,,,,14398.984375
,605,,,,13395.3212890625
,606,,,,11074.2265625
,607,,,,12998.537109375
,608,,,,13975.4375
,609,,,,10579.34375
,610,,,,15439.99609375
,611,,,,14038.67578125
,612,,,,10149.8916015625
,613,,,,10679.6640625
,614,,,,12282.056640625
,615,,,,9126.4599609375
,616,,,,11837.7451171875
,617,,,,9506.7470703125
,618,,,,11541.4375
,619,,,,16244.8408203125
9,2449,,,12246.66015625,
9,2449,11603.384765625,,,
10,2499,,12675.97265625,,
10,2549,,14751.31640625,,
10,2599,,12229.2421875,,
10,2649,,12455.736328125,,
,620,,,,8354.7021484375
,621,,,,12019.765625
,622,,,,11353.580078125
,623,,,,11187.0859375
,624,,,,8942.90625
,625,,,,9473.8779296875
,626,,,,12662.693359375
,627,,,,10801.85546875
,628,,,,11185.810546875
,629,,,,9888.103515625
,630,,,,11950.255859375
,631,,,,13784.126953125
,632,,,,11069.1123046875
,633,,,,14004.4091796875
,634,,,,15903.603515625
,635,,,,13202.29296875
,636,,,,10577.6025390625
,637,,,,12923.900390625
,638,,,,12534.6396484375
,639,,,,11605.1904296875
,640,,,,11651.703125
,641,,,,14094.1220703125
,642,,,,13098.232421875
,643,,,,10511.5107421875
,644,,,,12613.447265625
,645,,,,10086.244140625
,646,,,,16274.724609375
,647,,,,12382.0283203125
,648,,,,10899.857421875
,649,,,,11650.021484375
,650,,,,13454.1474609375
,651,,,,11162.5439453125
,652,,,,12352.7490234375
,653,,,,10883.544921875
,654,,,,14159.8779296875
,655,,,,13309.27734375
,656,,,,11142.224609375
,657,,,,14020.306640625
,658,,,,11476.818359375
,659,,,,10758.6884765625
,660,,,,13785.779296875
,661,,,,13832.4541015625
,662,,,,14752.365234375
,663,,,,10604.19921875
,664,,,,14854.068359375
,665,,,,13708.150390625
,666,,,,14289.3349609375
,667,,,,13312.1748046875
,668,,,,11003.9462890625
,669,,,,12892.5
,670,,,,13878.318359375
,671,,,,10491.5966796875
,672,,,,15333.4716796875
,673,,,,13936.396484375
,674,,,,10080.701171875
,675,,,,10597.79296875
,676,,,,12180.09765625
,677,,,,9064.5517578125
,678,,,,11739.44140625
,679,,,,9438.666015625
,680,,,,11455.0107421875
,681,,,,16126.5322265625
10,2694,,,12155.8564453125,
10,2694,11543.4375,,,
11,2699,,12898.17578125,,
11,2749,,12486.439453125,,
11,2799,,9875.310546875,,
11,2849,,14142.6416015625,,
11,2899,,10001.3916015625,,
,682,,,,8304.88671875
,683,,,,11947.6328125
,684,,,,11289.154296875
,685,,,,11109.904296875
,686,,,,8889.646484375
,687,,,,9416.669921875
,688,,,,12576.63671875
,689,,,,10730.544921875
,690,,,,11117.6064453125
,691,,,,9831.271484375
,692,,,,11874.333984375
,693,,,,13699.6923828125
,694,,,,11007.380859375
,695,,,,13904.013671875
,696,,,,15803.814453125
,697,,,,13117.005859375
,698,,,,10511.1953125
,699,,,,12845.693359375
,700,,,,12460.234375
,701,,,,11535.7890625
,702,,,,11583.150390625
,703,,,,14004.30078125
,704,,,,13017.19140625
,705,,,,10445.2666015625
,706,,,,12537.1005859375
,707,,,,10032.4208984375
,708,,,,16168.822265625
,709,,,,12303.4814453125
,710,,,,10833.67578125
,711,,,,11576.8251953125
,712,,,,13373.2265625
,713,,,,11102.80078125
,714,,,,12280.91015625
,715,,,,10818.2109375
,716,,,,14067.84765625
,717,,,,13222.9208984375
,718,,,,11076.57421875
,719,,,,13927.1787109375
,720,,,,11401.306640625
,721,,,,10696.2119140625
,722,,,,13688.9599609375
,723,,,,13734.095703125
,724,,,,14660.734375
,725,,,,10542.068359375
,726,,,,14755.791015625
,727,,,,13629.2509765625
,728,,,,14198.0703125
,729,,,,13226.34765625
,730,,,,10945.134765625
,731,,,,12811.0029296875
,732,,,,13792.490234375
,733,,,,10429.310546875
,734,,,,15234.09375
,735,,,,13854.728515625
,736,,,,10028.39453125
,737,,,,10537.5849609375
,738,,,,12101.841796875
,739,,,,9017.3134765625
,740,,,,11668.072265625
,741,,,,9378.3466796875
,742,,,,11385.7509765625
,743,,,,16028.5830078125
11,2939,,,12080.7451171875,
11,2939,11498.2275390625,,,
12,2949,,11971.0966796875,,
12,2999,,11374.7626953125,,
12,3049,,9735.1650390625,,
12,3099,,8704.5087890625,,
12,3149,,11638.373046875,,
,744,,,,8269.400390625
,745,,,,11873.716796875
,746,,,,11212.2099609375
,747,,,,11019.9990234375
,748,,,,8833.943359375
,749,,,,9356.08203125
,750,,,,12492.8291015625
,751,,,,10666.5400390625
,752,,,,11065.88671875
,753,,,,9760.28515625
,754,,,,11794.5283203125
,755,,,,13615.916015625
,756,,,,10937.697265625
,757,,,,13806.396484375
,758,,,,15717.1357421875
,759,,,,13017.69140625
,760,,,,10446.669921875
,761,,,,12746.94921875
,762,,,,12385.234375
,763,,,,11450.6123046875
,764,,,,11489.884765625
,765,,,,13908.408203125
,766,,,,12937.9921875
,767,,,,10366.3828125
,768,,,,12455.21875
,769,,,,9968.3369140625
,770,,,,16061.89453125
,771,,,,12223.138671875
,772,,,,10801.951171875
,773,,,,11497.080078125
,774,,,,13279.455078125
,775,,,,11018.73046875
,776,,,,12213.509765625
,777,,,,10757.814453125
,778,,,,13960.904296875
,779,,,,13143.6923828125
,780,,,,11004.0263671875
,781,,,,13829.736328125
,782,,,,11324.2216796875
,783,,,,10637.0322265625
,784,,,,13609.3701171875
,785,,,,13660.94921875
,786,,,,14554.6513671875
,787,,,,10466.6806640625
,788,,,,14647.73828125
,789,,,,13534.5693359375
,790,,,,14117.841796875
,791,,,,13169.201171875
,792,,,,10886.7529296875
,793,,,,12712.8046875
,794,,,,13690.951171875
,795,,,,10350.2470703125
,796,,,,15133.333984375
,797,,,,13762.5234375
,798,,,,9971.166015625
,799,,,,10463.455078125
,800,,,,12016.41015625
,801,,,,8978.1328125
,802,,,,11579.265625
,803,,,,9324.521484375
,804,,,,11315.373046875
,805,,,,15901.1435546875
12,3184,,,12002.4228515625,
12,3184,11450.87890625,,,
13,3199,,11000.7783203125,,
13,3249,,13344.953125,,
13,3299,,13156.28125,,
13,3349,,11209.4013671875,,
13,3399,,11521.98828125,,
,806,,,,8192.509765625
,807,,,,11781.048828125
,808,,,,11130.73828125
,809,,,,10927.0224609375
,810,,,,8768.060546875
,811,,,,9276.07421875
,812,,,,12381.99609375
,813,,,,10584.396484375
,814,,,,10970.939453125
,815,,,,9697.3173828125
,816,,,,11694.9921875
,817,,,,13511.5126953125
,818,,,,10875.4599609375
,819,,,,13695.0537109375
,820,,,,15587.146484375
,821,,,,12912.6708984375
,822,,,,10366.439453125
,823,,,,12646.373046875
,824,,,,12285.185546875
,825,,,,11372.251953125
,826,,,,11394.6513671875
,827,,,,13800.2265625
,828,,,,12834.75
,829,,,,10289.748046875
,830,,,,12363.173828125
,831,,,,9906.240234375
,832,,,,15940.041015625
,833,,,,12118.341796875
,834,,,,10704.69921875
,835,,,,11423.6298828125
,836,,,,13180.658203125
,837,,,,10938.634765625
,838,,,,12106.7578125
,839,,,,10665.3359375
,840,,,,13856.861328125
,841,,,,13041.36328125
,842,,,,10927.150390625
,843,,,,13710.201171875
,844,,,,11227.958984375
,845,,,,10552.29296875
,846,,,,13503.958984375
,847,,,,13537.6435546875
,848,,,,14452.9814453125
,849,,,,10395.4609375
,850,,,,14539.291015625
,851,,,,13452.80078125
,852,,,,13996.7890625
,853,,,,13069.92578125
,854,,,,10811.783203125
,855,,,,12615.537109375
,856,,,,13594.013671875
,857,,,,10275.23046875
,858,,,,15011.169921875
,859,,,,13667.001953125
,860,,,,9917.259765625
,861,,,,10391.099609375
,862,,,,11920.947265625
,863,,,,8918.3818359375
,864,,,,11504.6064453125
,865,,,,9245.0849609375
,866,,,,11226.990234375
,867,,,,15783.0244140625
13,3429,,,11910.412109375,
13,3429,11416.9033203125,,,
14,3449,,10333.02734375,,
14,3499,,14082.0859375,,
14,3549,,12072.8515625,,
14,3599,,10535.9814453125,,
14,3649,,12719.919921875,,
,868,,,,8139.6572265625
,869,,,,11709.384765625
,870,,,,11060.2861328125
,871,,,,10853.8916015625
,872,,,,8716.859375
,873,,,,9214.357421875
,874,,,,12290.328125
,875,,,,10517.484375
,876,,,,10894.041015625
,877,,,,9653.115234375
,878,,,,11612.9384765625
,879,,,,13420.955078125
,880,,,,10823.908203125
,881,,,,13595.025390625
,882,,,,15470.5830078125
,883,,,,12825.2666015625
,884,,,,10308.5126953125
,885,,,,12570.3564453125
,886,,,,12206.6171875
,887,,,,11306.5908203125
,888,,,,11312.419921875
,889,,,,13690.67578125
,890,,,,12751.65625
,891,,,,10223.5556640625
,892,,,,12275.98046875
,893,,,,9860.0078125
,894,,,,15824.2919921875
,895,,,,12029.7978515625
,896,,,,10631.677734375
,897,,,,11363.7958984375
,898,,,,13093.365234375
,899,,,,10884.95703125
,900,,,,12041.087890625
,901,,,,10597.845703125
,902,,,,13760.0029296875
,903,,,,12946.146484375
,904,,,,10868.7919921875
,905,,,,13615.462890625
,906,,,,11145.1953125
,907,,,,10482.6591796875
,908,,,,13392.33984375
,909,,,,13436.466796875
,910,,,,14365.0615234375
,911,,,,10331.4072265625
,912,,,,14446.01171875
,913,,,,13378.646484375
,914,,,,13891.69140625
,915,,,,12990.7607421875
,916,,,,10760.0234375
,917,,,,12523.4189453125
,918,,,,13505.697265625
,919,,,,10208.01171875
,920,,,,14914.537109375
,921,,,,13580.162109375
,922,,,,9878.287109375
,923,,,,10324.12109375
,924,,,,11850.06640625
,925,,,,8872.55859375
,926,,,,11439.333984375
,927,,,,9190.9013671875
,928,,,,11152.81640625
,929,,,,15680.87890625
14,3674,,,11833.8251953125,
14,3674,11371.068359375,,,
15,3699,,11229.515625,,
15,3749,,9384.890625,,
15,3799,,11726.716796875,,
15,3849,,10442.009765625,,
15,3899,,11034.931640625,,
,930,,,,8132.28515625
,931,,,,11699.44140625
,932,,,,11058.123046875
,933,,,,10849.931640625
,934,,,,8728.841796875
,935,,,,9213.072265625
,936,,,,12260.1552734375
,937,,,,10506.5302734375
,938,,,,10875.970703125
,939,,,,9683.240234375
,940,,,,11603.65625
,941,,,,13387.681640625
,942,,,,10861.912109375
,943,,,,13563.130859375
,944,,,,15425.88671875
,945,,,,12791.3046875
,946,,,,10322.2705078125
,947,,,,12573.435546875
,948,,,,12209.810546875
,949,,,,11326.2412109375
,950,,,,11297.724609375
,951,,,,13679.2001953125
,952,,,,12714.60546875
,953,,,,10222.61328125
,954,,,,12248.95703125
,955,,,,9881.125
,956,,,,15770.34375
,957,,,,12012.703125
,958,,,,10616.61328125
,959,,,,11369.62890625
,960,,,,13056.154296875
,961,,,,10911.8896484375
,962,,,,12029.240234375
,963,,,,10572.3046875
,964,,,,13727.044921875
,965,,,,12917.4130859375
,966,,,,10868.404296875
,967,,,,13588.7265625
,968,,,,11122.3837890625
,969,,,,10480.193359375
,970,,,,13355.69921875
,971,,,,13423.6982421875
,972,,,,14348.095703125
,973,,,,10350.623046875
,974,,,,14420.5791015625
,975,,,,13365.642578125
,976,,,,13870.109375
,977,,,,12965.1328125
,978,,,,10773.935546875
,979,,,,12505.21484375
,980,,,,13500.099609375
,981,,,,10206.23828125
,982,,,,14865.486328125
,983,,,,13556.4267578125
,984,,,,9895.625
,985,,,,10328.341796875
,986,,,,11858.0419921875
,987,,,,8896.9287109375
,988,,,,11464.5771484375
,989,,,,9189.1640625
,990,,,,11159.390625
,991,,,,15651.078125
15,3919,,,11824.529296875,
15,3919,11338.408203125,,,
16,3949,,11773.9296875,,
16,3999,,11748.85546875,,
16,4049,,10837.630859375,,
16,4099,,13769.951171875,,
16,4149,,12590.9765625,,
,992,,,,8043.439453125
,993,,,,11591.193359375
,994,,,,10955.693359375
,995,,,,10753.3330078125
,996,,,,8647.220703125
,997,,,,9132.98046875
,998,,,,12116.5478515625
,999,,,,10396.48046875
,1000,,,,10734.25390625
,1001,,,,9595.8662109375
,1002,,,,11474.0673828125
,1003,,,,13255.73828125
,1004,,,,10736.33984375
,1005,,,,13410.83984375
,1006,,,,15254.98828125
,1007,,,,12682.6318359375
,1008,,,,10200.4013671875
,1009,,,,12458.087890625
,1010,,,,12065.4140625
,1011,,,,11191.8916015625
,1012,,,,11201.451171875
,1013,,,,13518.775390625
,1014,,,,12595.720703125
,1015,,,,10123.701171875
,1016,,,,12122.291015625
,1017,,,,9785.123046875
,1018,,,,15624.033203125
,1019,,,,11882.4140625
,1020,,,,10493.0078125
,1021,,,,11253.79296875
,1022,,,,12931.984375
,1023,,,,10800.296875
,1024,,,,11923.443359375
,1025,,,,10502.1025390625
,1026,,,,13603.203125
,1027,,,,12744.224609375
,1028,,,,10777.3212890625
,1029,,,,13451.85546875
,1030,,,,11011.68359375
,1031,,,,10367.5888671875
,1032,,,,13173.1953125
,1033,,,,13260.76953125
,1034,,,,14213.751953125
,1035,,,,10244.76171875
,1036,,,,14289.791015625
,1037,,,,13249.0458984375
,1038,,,,13706.666015625
,1039,,,,12845.310546875
,1040,,,,10707.75
,1041,,,,12370.80078125
,1042,,,,13379.28515625
,1043,,,,10099.8955078125
,1044,,,,14730.162109375
,1045,,,,13430.01171875
,1046,,,,9801.037109375
,1047,,,,10227.232421875
,1048,,,,11740.322265625
,1049,,,,8804.0927734375
,1050,,,,11307.8310546875
,1051,,,,9105.748046875
,1052,,,,11054.884765625
,1053,,,,15495.7529296875
16,4164,,,11704.6416015625,
16,4164,11293.2724609375,,,
17,4199,,10884.849609375,,
17,4249,,13615.345703125,,
17,4299,,11434.50390625,,
17,4349,,11679.171875,,
17,4399,,9980.044921875,,
,1054,,,,7998.998046875
,1055,,,,11499.74609375
,1056,,,,10881.126953125
,1057,,,,10634.6103515625
,1058,,,,8578.0185546875
,1059,,,,9058.3203125
,1060,,,,12024.37890625
,1061,,,,10322.59765625
,1062,,,,10687.890625
,1063,,,,9518.494140625
,1064,,,,11388.9453125
,1065,,,,13162.2490234375
,1066,,,,10696.943359375
,1067,,,,13315.64453125
,1068,,,,15165.9814453125
,1069,,,,12554.9248046875
,1070,,,,10154.40625
,1071,,,,12347.65625
,1072,,,,11998.4326171875
,1073,,,,11123.6728515625
,1074,,,,11105.462890625
,1075,,,,13439.69140625
,1076,,,,12497.130859375
,1077,,,,10055.875
,1078,,,,12049.126953125
,1079,,,,9733.439453125
,1080,,,,15489.859375
,1081,,,,11795.3818359375
,1082,,,,10444.080078125
,1083,,,,11166.5693359375
,1084,,,,12834.916015625
,1085,,,,10736.91796875
,1086,,,,11827.1650390625
,1087,,,,10412.7646484375
,1088,,,,13464.4990234375
,1089,,,,12690.8525390625
,1090,,,,10711.595703125
,1091,,,,13338.96875
,1092,,,,10910.64453125
,1093,,,,10306.24609375
,1094,,,,13090.8330078125
,1095,,,,13176.8681640625
,1096,,,,14090.83984375
,1097,,,,10172.3349609375
,1098,,,,14161.1640625
,1099,,,,13136.77734375
,1100,,,,13629.2021484375
,1101,,,,12751.66015625
,1102,,,,10615.271484375
,1103,,,,12287.13671875
,1104,,,,13263.5400390625
,1105,,,,10022.109375
,1106,,,,14614.263671875
,1107,,,,13346.39453125
,1108,,,,9744.208984375
,1109,,,,10156.81640625
,1110,,,,11643.625
,1111,,,,8763.50390625
,1112,,,,11267.02734375
,1113,,,,9035.404296875
,1114,,,,10981.34375
,1115,,,,15349.0859375
17,4409,,,11621.1455078125,
17,4409,11259.9736328125,,,
18,4449,,11208.298828125,,
18,4499,,10462.1279296875,,
18,4549,,10102.92578125,,
18,4599,,11433.224609375,,
18,4649,,11725.962890625,,
,1116,,,,7930.8828125
,1117,,,,11402.97265625
,1118,,,,10783.16015625
,1119,,,,10557.6806640625
,1120,,,,8508.412109375
,1121,,,,8967.2294921875
,1122,,,,11896.734375
,1123,,,,10234.3369140625
,1124,,,,10610.935546875
,1125,,,,9447.220703125
,1126,,,,11299.4150390625
,1127,,,,13032.00390625
,1128,,,,10616.658203125
,1129,,,,13185.220703125
,1130,,,,15029.31640625
,1131,,,,12430.951171875
,1132,,,,10077.3427734375
,1133,,,,12227.4599609375
,1134,,,,11907.263671875
,1135,,,,11016.19140625
,1136,,,,11007.1171875
,1137,,,,13309.78125
,1138,,,,12370.2607421875
,1139,,,,9962.0546875
,1140,,,,11929.916015625
,1141,,,,9659.7001953125
,1142,,,,15331.75
,1143,,,,11680.494140625
,1144,,,,10363.373046875
,1145,,,,11079.3828125
,1146,,,,12710.958984375
,1147,,,,10669.220703125
,1148,,,,11732.685546875
,1149,,,,10315.806640625
,1150,,,,13339.6328125
,1151,,,,12573.51171875
,1152,,,,10633.6787109375
,1153,,,,13214.1474609375
,1154,,,,10821.3818359375
,1155,,,,10205.14453125
,1156,,,,12980.4580078125
,1157,,,,13072.794921875
,1158,,,,13946.5712890625
,1159,,,,10084.939453125
,1160,,,,14029.2763671875
,1161,,,,13021.30859375
,1162,,,,13516.7958984375
,1163,,,,12648.580078125
,1164,,,,10554.6123046875
,1165,,,,12153.90625
,1166,,,,13148.2822265625
,1167,,,,9926.015625
,1168,,,,14472.13671875
,1169,,,,13207.8828125
,1170,,,,9688.5625
,1171,,,,10068.2080078125
,1172,,,,11552.439453125
,1173,,,,8701.3134765625
,1174,,,,11178.50390625
,1175,,,,8962.1416015625
,1176,,,,10882.833984375
,1177,,,,15202.9404296875
18,4654,,,11519.2568359375,
18,4654,11216.7197265625,,,
19,4699,,11163.966796875,,
19,4749,,10122.5517578125,,
19,4799,,15138.322265625,,
19,4849,,10464.4375,,
19,4899,,14964.85546875,,
,1178,,,,7892.5703125
,1179,,,,11351.142578125
,1180,,,,10733.572265625
,1181,,,,10502.0263671875
,1182,,,,8472.1376953125
,1183,,,,8936.744140625
,1184,,,,11821.513671875
,1185,,,,10189.896484375
,1186,,,,10528.904296875
,1187,,,,9440.916015625
,1188,,,,11233.099609375
,1189,,,,12983.693359375
,1190,,,,10602.5537109375
,1191,,,,13101.9599609375
,1192,,,,14922.9794921875
,1193,,,,12364.6337890625
,1194,,,,10047.017578125
,1195,,,,12176.701171875
,1196,,,,11837.6416015625
,1197,,,,10976.9453125
,1198,,,,10933.57421875
,1199,,,,13245.158203125
,1200,,,,12304.4296875
,1201,,,,9923.2216796875
,1202,,,,11870.443359375
,1203,,,,9636.9716796875
,1204,,,,15248.46875
,1205,,,,11606.3505859375
,1206,,,,10304.982421875
,1207,,,,11045.55859375
,1208,,,,12624.025390625
,1209,,,,10634.8310546875
,1210,,,,11686.58203125
,1211,,,,10251.12890625
,1212,,,,13254.8046875
,1213,,,,12501.96484375
,1214,,,,10598.5615234375
,1215,,,,13134.544921875
,1216,,,,10741.2529296875
,1217,,,,10161.060546875
,1218,,,,12886.935546875
,1219,,,,12980.7509765625
,1220,,,,13909.533203125
,1221,,,,10062.189453125
,1222,,,,13972.060546875
,1223,,,,12981.517578125
,1224,,,,13424.080078125
,1225,,,,12592.6826171875
,1226,,,,10516.744140625
,1227,,,,12108.08203125
,1228,,,,13093.8984375
,1229,,,,9890.33203125
,1230,,,,14396.759765625
,1231,,,,13153.462890625
,1232,,,,9679.45703125
,1233,,,,10019.8447265625
,1234,,,,11507.517578125
,1235,,,,8672.783203125
,1236,,,,11148.169921875
,1237,,,,8914.3515625
,1238,,,,10836.263671875
,1239,,,,15132.451171875
19,4899,,,11465.150390625,
19,4899,11187.9267578125,,,
20,4949,,12268.63671875,,
20,4999,,15209.66796875,,
20,5049,,12993.451171875,,
20,5099,,9973.4404296875,,
,1240,,,,7838.1171875
,1241,,,,11256.220703125
,1242,,,,10642.916015625
,1243,,,,10427.162109375
,1244,,,,8409.501953125
,1245,,,,8867.71875
,1246,,,,11722.453125
,1247,,,,10102.548828125
,1248,,,,10430.2607421875
,1249,,,,9366.2216796875
,1250,,,,11138.7060546875
,1251,,,,12870.431640625
,1252,,,,10559.591796875
,1253,,,,13001.681640625
,1254,,,,14790.392578125
,1255,,,,12254.08203125
,1256,,,,9982.6611328125
,1257,,,,12091.5908203125
,1258,,,,11746.455078125
,1259,,,,10907.951171875
,1260,,,,10820.791015625
,1261,,,,13121.501953125
,1262,,,,12198.736328125
,1263,,,,9834.5693359375
,1264,,,,11750.8349609375
,1265,,,,9574.978515625
,1266,,,,15112.7470703125
,1267,,,,11509.2607421875
,1268,,,,10203.203125
,1269,,,,10956.3447265625
,1270,,,,12498.8203125
,1271,,,,10537.919921875
,1272,,,,11573.5234375
,1273,,,,10178.6806640625
,1274,,,,13122.2041015625
,1275,,,,12379.57421875
,1276,,,,10501.5234375
,1277,,,,13021.13671875
,1278,,,,10646.1962890625
,1279,,,,10074.181640625
,1280,,,,12757.802734375
,1281,,,,12851.89453125
,1282,,,,13781.3203125
,1283,,,,9988.5068359375
,1284,,,,13839.61328125
,1285,,,,12880.09375
,1286,,,,13325.09765625
,1287,,,,12486.748046875
,1288,,,,10451.02734375
,1289,,,,12000.7333984375
,1290,,,,12991.1533203125
,1291,,,,9784.73046875
,1292,,,,14266.521484375
,1293,,,,13031.6318359375
,1294,,,,9583.005859375
,1295,,,,9941.1376953125
,1296,,,,11396.482421875
,1297,,,,8624.9140625
,1298,,,,11046.4931640625
,1299,,,,8827.818359375
,1300,,,,10752.8291015625
,1301,,,,14966.5419921875
20,5144,,,11367.5439453125,
20,5144,11156.5869140625,,,
21,5149,,10950.3388671875,,
21,5199,,10206.8134765625,,
21,5249,,10630.01953125,,
21,5299,,10439.06640625,,
21,5349,,10116.0234375,,
,1302,,,,7696.1083984375
,1303,,,,11124.775390625
,1304,,,,10523.052734375
,1305,,,,10258.5751953125
,1306,,,,8313.9365234375
,1307,,,,8747.44921875
,1308,,,,11537.24609375
,1309,,,,9967.9423828125
,1310,,,,10313.4140625
,1311,,,,9254.3671875
,1312,,,,10971.109375
,1313,,,,12704.298828125
,1314,,,,10425.673828125
,1315,,,,12794.1015625
,1316,,,,14604.8134765625
,1317,,,,12083.1259765625
,1318,,,,9872.822265625
,1319,,,,11923.2734375
,1320,,,,11604.40625
,1321,,,,10757.8447265625
,1322,,,,10692.958984375
,1323,,,,12941.107421875
,1324,,,,12029.453125
,1325,,,,9705.53125
,1326,,,,11630.162109375
,1327,,,,9456.265625
,1328,,,,14949.9794921875
,1329,,,,11369.0302734375
,1330,,,,10091.357421875
,1331,,,,10835.15234375
,1332,,,,12377.43359375
,1333,,,,10433.7490234375
,1334,,,,11431.1083984375
,1335,,,,10059.357421875
,1336,,,,12984.1357421875
,1337,,,,12226.9931640625
,1338,,,,10400.46484375
,1339,,,,12840.177734375
,1340,,,,10495.009765625
,1341,,,,9961.56640625
,1342,,,,12602.455078125
,1343,,,,12674.451171875
,1344,,,,13602.5849609375
,1345,,,,9851.623046875
,1346,,,,13677.2431640625
,1347,,,,12752.6484375
,1348,,,,13153.068359375
,1349,,,,12356.833984375
,1350,,,,10352.5625
,1351,,,,11840.2041015625
,1352,,,,12828.5791015625
,1353,,,,9675.640625
,1354,,,,14091.369140625
,1355,,,,12895.845703125
,1356,,,,9512.38671875
,1357,,,,9833.6357421875
,1358,,,,11262.859375
,1359,,,,8521.953125
,1360,,,,10924.98828125
,1361,,,,8736.2109375
,1362,,,,10598.6376953125
,1363,,,,14832.732421875
21,5389,,,11228.25390625,
21,5389,11120.892578125,,,
22,5399,,11356.1865234375,,
22,5449,,10723.39453125,,
22,5499,,12306.1826171875,,
22,5549,,6756.5263671875,,
22,5599,,11550.419921875,,
,1364,,,,7693.78564453125
,1365,,,,11063.2578125
,1366,,,,10500.05859375
,1367,,,,10203.869140625
,1368,,,,8280.578125
,1369,,,,8693.748046875
,1370,,,,11482.921875
,1371,,,,9932.0546875
,1372,,,,10256.2119140625
,1373,,,,9244.8759765625
,1374,,,,10917.4912109375
,1375,,,,12657.21875
,1376,,,,10391.6328125
,1377,,,,12703.462890625
,1378,,,,14537.21484375
,1379,,,,12011.880859375
,1380,,,,9814.2646484375
,1381,,,,11890.265625
,1382,,,,11545.1123046875
,1383,,,,10714.1025390625
,1384,,,,10654.912109375
,1385,,,,12886.998046875
,1386,,,,11987.7421875
,1387,,,,9675.015625
,1388,,,,11570.25390625
,1389,,,,9445.501953125
,1390,,,,14808.90234375
,1391,,,,11275.583984375
,1392,,,,10045.181640625
,1393,,,,10774.3984375
,1394,,,,12291.8828125
,1395,,,,10378.685546875
,1396,,,,11404.39453125
,1397,,,,9992.892578125
,1398,,,,12873.943359375
,1399,,,,12148.572265625
,1400,,,,10353.837890625
,1401,,,,12754.3515625
,1402,,,,10431.08203125
,1403,,,,9894.875
,1404,,,,12503.84375
,1405,,,,12629.298828125
,1406,,,,13543.8984375
,1407,,,,9833.78125
,1408,,,,13596.0205078125
,1409,,,,12677.154296875
,1410,,,,13070.474609375
,1411,,,,12278.404296875
,1412,,,,10316.177734375
,1413,,,,11795.529296875
,1414,,,,12743.359375
,1415,,,,9643.482421875
,1416,,,,14018.46875
,1417,,,,12838.513671875
,1418,,,,9484.333984375
,1419,,,,9782.693359375
,1420,,,,11200.4775390625
,1421,,,,8501.654296875
,1422,,,,10890.681640625
,1423,,,,8697.88671875
,1424,,,,10577.1484375
,1425,,,,14691.73828125
22,5634,,,11173.3759765625,
22,5634,11101.2646484375,,,
23,5649,,10580.1796875,,
23,5699,,13720.322265625,,
23,5749,,10375.126953125,,
23,5799,,9299.853515625,,
23,5849,,10692.6513671875,,
,1426,,,,7652.41357421875
,1427,,,,11065.28125
,1428,,,,10451.3369140625
,1429,,,,10216.5732421875
,1430,,,,8269.8515625
,1431,,,,8680.8828125
,1432,,,,11448.435546875
,1433,,,,9892.5888671875
,1434,,,,10202.099609375
,1435,,,,9249.0859375
,1436,,,,10895.2607421875
,1437,,,,12577.3486328125
,1438,,,,10429.2314453125
,1439,,,,12713.1474609375
,1440,,,,14465.498046875
,1441,,,,11973.166015625
,1442,,,,9847.978515625
,1443,,,,11853.56640625
,1444,,,,11534.1416015625
,1445,,,,10736.0625
,1446,,,,10640.6240234375
,1447,,,,12843.76953125
,1448,,,,11932.7724609375
,1449,,,,9664.13671875
,1450,,,,11512.001953125
,1451,,,,9432.2392578125
,1452,,,,14777.28125
,1453,,,,11279.005859375
,1454,,,,9994.2421875
,1455,,,,10791.7587890625
,1456,,,,12242.59765625
,1457,,,,10414.5419921875
,1458,,,,11359.896484375
,1459,,,,9967.072265625
,1460,,,,12885.927734375
,1461,,,,12120.4736328125
,1462,,,,10339.767578125
,1463,,,,12748.78125
,1464,,,,10407.57421875
,1465,,,,9867.66015625
,1466,,,,12461.259765625
,1467,,,,12576.9306640625
,1468,,,,13522.1884765625
,1469,,,,9822.359375
,1470,,,,13577.271484375
,1471,,,,12695.1982421875
,1472,,,,13024.634765625
,1473,,,,12241.951171875
,1474,,,,10306.7880859375
,1475,,,,11748.42578125
,1476,,,,12721.984375
,1477,,,,9603.017578125
,1478,,,,13964.4619140625
,1479,,,,12770.6484375
,1480,,,,9474.8076171875
,1481,,,,9781.7099609375
,1482,,,,11216.548828125
,1483,,,,8493.9951171875
,1484,,,,10894.8056640625
,1485,,,,8681.435546875
,1486,,,,10561.15625
,1487,,,,14710.779296875
23,5879,,,11152.39453125,
23,5879,11069.779296875,,,
24,5899,,10844.759765625,,
24,5949,,13951.9501953125,,
24,5999,,10864.9619140625,,
24,6049,,9289.1689453125,,
24,6099,,10630.0908203125,,
,1488,,,,7539.2578125
,1489,,,,10857.2314453125
,1490,,,,10320.912109375
,1491,,,,9982.46875
,1492,,,,8128.8251953125
,1493,,,,8532.134765625
,1494,,,,11239.7421875
,1495,,,,9753.9501953125
,1496,,,,10057.998046875
,1497,,,,9072.908203125
,1498,,,,10699.35546875
,1499,,,,12401.263671875
,1500,,,,10233.5830078125
,1501,,,,12450.2822265625
,1502,,,,14236.904296875
,1503,,,,11774.2734375
,1504,,,,9623.8154296875
,1505,,,,11673.638671875
,1506,,,,11347.3271484375
,1507,,,,10514.169921875
,1508,,,,10463.2578125
,1509,,,,12611.8349609375
,1510,,,,11752.380859375
,1511,,,,9489.6171875
,1512,,,,11360.490234375
,1513,,,,9290.732421875
,1514,,,,14534.3759765625
,1515,,,,11086.541015625
,1516,,,,9812.93359375
,1517,,,,10600.646484375
,1518,,,,12058.6015625
,1519,,,,10207.9130859375
,1520,,,,11189.2314453125
,1521,,,,9820.38671875
,1522,,,,12655.1044921875
,1523,,,,11887.509765625
,1524,,,,10184.3427734375
,1525,,,,12525.22265625
,1526,,,,10224.142578125
,1527,,,,9736.6884765625
,1528,,,,12207.529296875
,1529,,,,12360.087890625
,1530,,,,13291.0859375
,1531,,,,9653.349609375
,1532,,,,13363.5859375
,1533,,,,12486.5
,1534,,,,12811.212890625
,1535,,,,12061.6259765625
,1536,,,,10136.447265625
,1537,,,,11551.7646484375
,1538,,,,12512.310546875
,1539,,,,9445.779296875
,1540,,,,13766.1298828125
,1541,,,,12587.7509765625
,1542,,,,9351.65234375
,1543,,,,9597.6044921875
,1544,,,,11000.068359375
,1545,,,,8380.46875
,1546,,,,10666.154296875
,1547,,,,8550.9609375
,1548,,,,10362.5986328125
,1549,,,,14400.7451171875
24,6124,,,10964.3984375,
24,6124,11025.4013671875,,,
25,6149,,10017.3544921875,,
25,6199,,9821.572265625,,
25,6249,,14142.84375,,
25,6299,,11363.08984375,,
25,6349,,13318.3349609375,,
,1550,,,,7484.22021484375
,1551,,,,10792.4013671875
,1552,,,,10241.0654296875
,1553,,,,9900.4599609375
,1554,,,,8063.15771484375
,1555,,,,8463.197265625
,1556,,,,11160.56640625
,1557,,,,9677.27734375
,1558,,,,9997.40234375
,1559,,,,9005.6337890625
,1560,,,,10631.486328125
,1561,,,,12312.359375
,1562,,,,10160.5234375
,1563,,,,12343.755859375
,1564,,,,14146.4365234375
,1565,,,,11680.771484375
,1566,,,,9561.0205078125
,1567,,,,11582.90625
,1568,,,,11285.2763671875
,1569,,,,10430.3115234375
,1570,,,,10376.720703125
,1571,,,,12529.685546875
,1572,,,,11662.8203125
,1573,,,,9424.0048828125
,1574,,,,11260.88671875
,1575,,,,9225.978515625
,1576,,,,14415.2890625
,1577,,,,11004.189453125
,1578,,,,9771.791015625
,1579,,,,10534.689453125
,1580,,,,11971.7529296875
,1581,,,,10160.0361328125
,1582,,,,11122.3486328125
,1583,,,,9736.6513671875
,1584,,,,12570.228515625
,1585,,,,11838.8359375
,1586,,,,10112.98046875
,1587,,,,12408.49609375
,1588,,,,10129.8330078125
,1589,,,,9636.69140625
,1590,,,,12150.11328125
,1591,,,,12269.2490234375
,1592,,,,13198.8271484375
,1593,,,,9582.4697265625
,1594,,,,13254.4404296875
,1595,,,,12415.50390625
,1596,,,,12727.11328125
,1597,,,,11977.1630859375
,1598,,,,10089.7197265625
,1599,,,,11454.8984375
,1600,,,,12427.482421875
,1601,,,,9381.390625
,1602,,,,13654.05078125
,1603,,,,12502.880859375
,1604,,,,9286.462890625
,1605,,,,9547.16015625
,1606,,,,10930.41796875
,1607,,,,8317.8671875
,1608,,,,10593.7578125
,1609,,,,8495.2255859375
,1610,,,,10313.1640625
,1611,,,,14328.3046875
25,6369,,,10887.478515625,
25,6369,11006.541015625,,,
26,6399,,12122.34375,,
26,6449,,10175.4892578125,,
26,6499,,8481.45703125,,
26,6549,,12589.6171875,,
26,6599,,11598.8623046875,,
,1612,,,,7429.0869140625
,1613,,,,10721.91015625
,1614,,,,10195.267578125
,1615,,,,9835.396484375
,1616,,,,8014.830078125
,1617,,,,8389.4951171875
,1618,,,,11083.0703125
,1619,,,,9628.2177734375
,1620,,,,9937.908203125
,1621,,,,8977.15625
,1622,,,,10545.703125
,1623,,,,12231.591796875
,1624,,,,10108.326171875
,1625,,,,12236.189453125
,1626,,,,14088.2998046875
,1627,,,,11589.08984375
,1628,,,,9534.0400390625
,1629,,,,11495.654296875
,1630,,,,11204.7685546875
,1631,,,,10360.1611328125
,1632,,,,10288.232421875
,1633,,,,12464.431640625
,1634,,,,11583.322265625
,1635,,,,9361.2314453125
,1636,,,,11196.09375
,1637,,,,9170.4765625
,1638,,,,14332.0537109375
,1639,,,,10916.896484375
,1640,,,,9732.2236328125
,1641,,,,10485.1884765625
,1642,,,,11920.357421875
,1643,,,,10116.0185546875
,1644,,,,11064.0361328125
,1645,,,,9673.255859375
,1646,,,,12504.58203125
,1647,,,,11782.68359375
,1648,,,,10067.5087890625
,1649,,,,12322.138671875
,1650,,,,10046.63671875
,1651,,,,9570.2587890625
,1652,,,,12076.55078125
,1653,,,,12178.220703125
,1654,,,,13112.1591796875
,1655,,,,9529.76171875
,1656,,,,13140.5595703125
,1657,,,,12325.736328125
,1658,,,,12638.421875
,1659,,,,11915.6474609375
,1660,,,,10047.6025390625
,1661,,,,11383.4140625
,1662,,,,12327.5390625
,1663,,,,9330.8154296875
,1664,,,,13553.4482421875
,1665,,,,12452.8994140625
,1666,,,,9271.224609375
,1667,,,,9491.4853515625
,1668,,,,10877.3330078125
,1669,,,,8281.1064453125
,1670,,,,10553.185546875
,1671,,,,8441.5771484375
,1672,,,,10236.923828125
,1673,,,,14253.31640625
26,6614,,,10821.6416015625,
26,6614,10973.09765625,,,
27,6649,,10715.55859375,,
27,6699,,11665.646484375,,
27,6749,,9877.79296875,,
27,6799,,10049.810546875,,
27,6849,,10930.09375,,
,1674,,,,7358.76708984375
,1675,,,,10651.42578125
,1676,,,,10148.0048828125
,1677,,,,9776.763671875
,1678,,,,7961.35302734375
,1679,,,,8345.1953125
,1680,,,,11004.990234375
,1681,,,,9569.900390625
,1682,,,,9831.2138671875
,1683,,,,8908.01171875
,1684,,,,10485.4921875
,1685,,,,12128.451171875
,1686,,,,10018.6875
,1687,,,,12157.982421875
,1688,,,,13985.99609375
,1689,,,,11535.65625
,1690,,,,9398.1689453125
,1691,,,,11478.916015625
,1692,,,,11134.0830078125
,1693,,,,10290.7763671875
,1694,,,,10294.6328125
,1695,,,,12358.546875
,1696,,,,11503.46484375
,1697,,,,9313.5888671875
,1698,,,,11124.87890625
,1699,,,,9112.224609375
,1700,,,,14246.365234375
,1701,,,,10860.0859375
,1702,,,,9601.576171875
,1703,,,,10395.171875
,1704,,,,11838.21875
,1705,,,,10055.29296875
,1706,,,,10981.6943359375
,1707,,,,9623.248046875
,1708,,,,12426.61328125
,1709,,,,11631.849609375
,1710,,,,9990.2236328125
,1711,,,,12267.158203125
,1712,,,,9980.26953125
,1713,,,,9494.638671875
,1714,,,,11913.45703125
,1715,,,,12053.345703125
,1716,,,,13033.4736328125
,1717,,,,9482.8837890625
,1718,,,,13086.5078125
,1719,,,,12251.9267578125
,1720,,,,12529.8955078125
,1721,,,,11782.0126953125
,1722,,,,10004.3720703125
,1723,,,,11315.5546875
,1724,,,,12265.7822265625
,1725,,,,9285.8125
,1726,,,,13478.892578125
,1727,,,,12379.11328125
,1728,,,,9188.6083984375
,1729,,,,9414.130859375
,1730,,,,10820.3984375
,1731,,,,8207.3583984375
,1732,,,,10437.0439453125
,1733,,,,8388.5546875
,1734,,,,10165.333984375
,1735,,,,14127.4423828125
27,6859,,,10745.7998046875,
27,6859,10944.814453125,,,
28,6899,,8479.36328125,,
28,6949,,11421.591796875,,
28,6999,,10686.0615234375,,
28,7049,,10802.513671875,,
28,7099,,11840.26171875,,
,1736,,,,7365.4013671875
,1737,,,,10590.20703125
,1738,,,,10079.5263671875
,1739,,,,9684.912109375
,1740,,,,7894.65576171875
,1741,,,,8290.720703125
,1742,,,,10953.61328125
,1743,,,,9535.185546875
,1744,,,,9822.203125
,1745,,,,8855.615234375
,1746,,,,10421.0966796875
,1747,,,,12099.9521484375
,1748,,,,9961.1171875
,1749,,,,12118.998046875
,1750,,,,13928.14453125
,1751,,,,11444.04296875
,1752,,,,9371.0712890625
,1753,,,,11390.56640625
,1754,,,,11064.404296875
,1755,,,,10230.6328125
,1756,,,,10177.322265625
,1757,,,,12300.412109375
,1758,,,,11446.267578125
,1759,,,,9251.91015625
,1760,,,,11072.3896484375
,1761,,,,9086.373046875
,1762,,,,14128.37109375
,1763,,,,10766.53125
,1764,,,,9590.5390625
,1765,,,,10328.697265625
,1766,,,,11760.0576171875
,1767,,,,9961.25
,1768,,,,10908.5390625
,1769,,,,9534.466796875
,1770,,,,12297.130859375
,1771,,,,11577.6259765625
,1772,,,,9930.392578125
,1773,,,,12178.755859375
,1774,,,,9909.6953125
,1775,,,,9454.44140625
,1776,,,,11865.369140625
,1777,,,,12022.36328125
,1778,,,,12966.736328125
,1779,,,,9439.30859375
,1780,,,,12996.595703125
,1781,,,,12202.1923828125
,1782,,,,12443.79296875
,1783,,,,11746.56640625
,1784,,,,9904.63671875
,1785,,,,11268.43359375
,1786,,,,12164.6171875
,1787,,,,9239.1396484375
,1788,,,,13393.0185546875
,1789,,,,12308.240234375
,1790,,,,9157.900390625
,1791,,,,9359.6689453125
,1792,,,,10690.796875
,1793,,,,8198.2119140625
,1794,,,,10388.033203125
,1795,,,,8322.611328125
,1796,,,,10107.150390625
,1797,,,,13970.607421875
28,7104,,,10683.0771484375,
28,7104,10912.48828125,,,
29,7149,,9828.6015625,,
29,7199,,10669.662109375,,
29,7249,,10004.923828125,,
29,7299,,12794.4677734375,,
29,7349,,14638.2197265625,,
,1798,,,,7461.2978515625
,1799,,,,10703.18359375
,1800,,,,10261.7705078125
,1801,,,,9836.2099609375
,1802,,,,8020.21484375
,1803,,,,8385.396484375
,1804,,,,11068.392578125
,1805,,,,9690.296875
,1806,,,,9896.9375
,1807,,,,9039.818359375
,1808,,,,10556.7421875
,1809,,,,12259.736328125
,1810,,,,10124.46484375
,1811,,,,12244.1904296875
,1812,,,,14052.6474609375
,1813,,,,11587.18359375
,1814,,,,9499.041015625
,1815,,,,11580.70703125
,1816,,,,11174.69921875
,1817,,,,10375.8798828125
,1818,,,,10342.27734375
,1819,,,,12451.1201171875
,1820,,,,11544.365234375
,1821,,,,9385.220703125
,1822,,,,11161.7890625
,1823,,,,9245.5234375
,1824,,,,14241.943359375
,1825,,,,10874.96484375
,1826,,,,9655.71484375
,1827,,,,10467.791015625
,1828,,,,11889.4326171875
,1829,,,,10114.9990234375
,1830,,,,11043.9296875
,1831,,,,9640.978515625
,1832,,,,12423.4931640625
,1833,,,,11690.470703125
,1834,,,,10056.927734375
,1835,,,,12310.3466796875
,1836,,,,10005.681640625
,1837,,,,9557.6103515625
,1838,,,,11913.1748046875
,1839,,,,12147.021484375
,1840,,,,13130.4599609375
,1841,,,,9587.076171875
,1842,,,,13165.3798828125
,1843,,,,12334.41796875
,1844,,,,12563.9443359375
,1845,,,,11855.9248046875
,1846,,,,10038.1171875
,1847,,,,11414.8564453125
,1848,,,,12297.681640625
,1849,,,,9353.697265625
,1850,,,,13551.4140625
,1851,,,,12442.4580078125
,1852,,,,9290.8583984375
,1853,,,,9476.0537109375
,1854,,,,10914.361328125
,1855,,,,8281.8994140625
,1856,,,,10534.41796875
,1857,,,,8428.5576171875
,1858,,,,10262.74609375
,1859,,,,14128.7626953125
29,7349,,,10813.6591796875,
29,7349,10887.6162109375,,,
30,7399,,11726.5068359375,,
30,7449,,8085.3173828125,,
30,7499,,10733.005859375,,
30,7549,,12631.185546875,,
,1860,,,,7266.5703125
,1861,,,,10538.474609375
,1862,,,,9993.0654296875
,1863,,,,9654.41796875
,1864,,,,7848.82470703125
,1865,,,,8228.876953125
,1866,,,,10855.3359375
,1867,,,,9434.2021484375
,1868,,,,9703.458984375
,1869,,,,8799.189453125
,1870,,,,10338.236328125
,1871,,,,11941.1318359375
,1872,,,,9944.7080078125
,1873,,,,11992.44140625
,1874,,,,13740.94921875
,1875,,,,11369.546875
,1876,,,,9327.60546875
,1877,,,,11272.5693359375
,1878,,,,10985.4521484375
,1879,,,,10167.2666015625
,1880,,,,10123.4189453125
,1881,,,,12139.78125
,1882,,,,11326.33984375
,1883,,,,9188.873046875
,1884,,,,10971.0732421875
,1885,,,,9037.220703125
,1886,,,,14013.3037109375
,1887,,,,10711.025390625
,1888,,,,9471.875
,1889,,,,10263.6513671875
,1890,,,,11674.744140625
,1891,,,,9918.724609375
,1892,,,,10864.619140625
,1893,,,,9484.380859375
,1894,,,,12237.552734375
,1895,,,,11493.744140625
,1896,,,,9878.46875
,1897,,,,12102.32421875
,1898,,,,9846.1728515625
,1899,,,,9360.046875
,1900,,,,11767.1904296875
,1901,,,,11897.00390625
,1902,,,,12862.9970703125
,1903,,,,9360.130859375
,1904,,,,12927.634765625
,1905,,,,12150.1767578125
,1906,,,,12330.720703125
,1907,,,,11656.58984375
,1908,,,,9868.6162109375
,1909,,,,11133.9765625
,1910,,,,12093.439453125
,1911,,,,9132.509765625
,1912,,,,13281.1787109375
,1913,,,,12183.994140625
,1914,,,,9111.2470703125
,1915,,,,9294.4873046875
,1916,,,,10666.49609375
,1917,,,,8132.20166015625
,1918,,,,10317.10546875
,1919,,,,8262.44140625
,1920,,,,10010.0
,1921,,,,13925.2724609375
30,7594,,,10601.2626953125,
30,7594,10868.26171875,,,
31,7599,,11847.904296875,,
31,7649,,12668.822265625,,
31,7699,,9404.078125,,
31,7749,,10313.2861328125,,
31,7799,,9736.6875,,
,1922,,,,7224.75927734375
,1923,,,,10483.2333984375
,1924,,,,9971.099609375
,1925,,,,9593.9775390625
,1926,,,,7807.2607421875
,1927,,,,8184.7998046875
,1928,,,,10809.474609375
,1929,,,,9397.935546875
,1930,,,,9650.138671875
,1931,,,,8783.232421875
,1932,,,,10287.328125
,1933,,,,11909.0341796875
,1934,,,,9885.0576171875
,1935,,,,11903.744140625
,1936,,,,13715.939453125
,1937,,,,11315.6435546875
,1938,,,,9292.87109375
,1939,,,,11239.1103515625
,1940,,,,10909.8115234375
,1941,,,,10121.578125
,1942,,,,10091.1796875
,1943,,,,12119.44921875
,1944,,,,11296.306640625
,1945,,,,9135.55078125
,1946,,,,10918.515625
,1947,,,,8990.138671875
,1948,,,,13981.7578125
,1949,,,,10676.46484375
,1950,,,,9453.58203125
,1951,,,,10237.03125
,1952,,,,11628.0732421875
,1953,,,,9885.408203125
,1954,,,,10835.21484375
,1955,,,,9450.001953125
,1956,,,,12207.404296875
,1957,,,,11436.798828125
,1958,,,,9842.015625
,1959,,,,12043.138671875
,1960,,,,9792.66015625
,1961,,,,9320.79296875
,1962,,,,11705.388671875
,1963,,,,11861.0146484375
,1964,,,,12803.67578125
,1965,,,,9318.1845703125
,1966,,,,12870.447265625
,1967,,,,12109.435546875
,1968,,,,12278.587890625
,1969,,,,11643.8525390625
,1970,,,,9842.7265625
,1971,,,,11081.7265625
,1972,,,,12052.388671875
,1973,,,,9108.203125
,1974,,,,13231.5146484375
,1975,,,,12171.046875
,1976,,,,9067.966796875
,1977,,,,9251.07421875
,1978,,,,10630.7939453125
,1979,,,,8090.4482421875
,1980,,,,10277.84765625
,1981,,,,8235.69921875
,1982,,,,9986.720703125
,1983,,,,13881.841796875
31,7839,,,10560.208984375,
31,7839,10841.2744140625,,,
32,7849,,10934.5830078125,,
32,7899,,11265.8828125,,
32,7949,,9138.025390625,,
32,7999,,10196.904296875,,
32,8049,,8754.025390625,,
,1984,,,,7271.87646484375
,1985,,,,10467.705078125
,1986,,,,9905.427734375
,1987,,,,9547.453125
,1988,,,,7779.29248046875
,1989,,,,8168.0517578125
,1990,,,,10775.759765625
,1991,,,,9376.38671875
,1992,,,,9667.2890625
,1993,,,,8718.013671875
,1994,,,,10247.14453125
,1995,,,,11866.2763671875
,1996,,,,9881.1953125
,1997,,,,11903.92578125
,1998,,,,13669.0498046875
,1999,,,,11248.115234375
,2000,,,,9275.279296875
,2001,,,,11145.283203125
,2002,,,,10894.1201171875
,2003,,,,10067.853515625
,2004,,,,10012.5849609375
,2005,,,,12062.408203125
,2006,,,,11269.416015625
,2007,,,,9081.888671875
,2008,,,,10898.5068359375
,2009,,,,8963.05859375
,2010,,,,13904.951171875
,2011,,,,10650.28125
,2012,,,,9476.1328125
,2013,,,,10184.68359375
,2014,,,,11558.78515625
,2015,,,,9839.6640625
,2016,,,,10802.3203125
,2017,,,,9409.033203125
,2018,,,,12107.9052734375
,2019,,,,11446.052734375
,2020,,,,9784.509765625
,2021,,,,11975.076171875
,2022,,,,9764.7509765625
,2023,,,,9318.16796875
,2024,,,,11705.185546875
,2025,,,,11830.83984375
,2026,,,,12729.345703125
,2027,,,,9272.5322265625
,2028,,,,12789.8583984375
,2029,,,,12042.49609375
,2030,,,,12234.55078125
,2031,,,,11614.9833984375
,2032,,,,9798.333984375
,2033,,,,11042.1064453125
,2034,,,,11992.138671875
,2035,,,,9026.912109375
,2036,,,,13184.3291015625
,2037,,,,12074.87109375
,2038,,,,9025.681640625
,2039,,,,9214.341796875
,2040,,,,10546.74609375
,2041,,,,8115.21435546875
,2042,,,,10252.025390625
,2043,,,,8203.23828125
,2044,,,,9958.109375
,2045,,,,13786.791015625
32,8084,,,10520.5556640625,
32,8084,10808.50390625,,,
33,8099,,10202.708984375,,
33,8149,,10139.095703125,,
33,8199,,9425.73828125,,
33,8249,,10262.046875,,
33,8299,,12699.533203125,,
,2046,,,,7273.46142578125
,2047,,,,10445.462890625
,2048,,,,9972.935546875
,2049,,,,9532.4375
,2050,,,,7808.986328125
,2051,,,,8160.80322265625
,2052,,,,10758.458984375
,2053,,,,9394.2529296875
,2054,,,,9690.833984375
,2055,,,,8756.2509765625
,2056,,,,10235.2666015625
,2057,,,,11891.2333984375
,2058,,,,9859.396484375
,2059,,,,11863.857421875
,2060,,,,13708.7109375
,2061,,,,11261.4462890625
,2062,,,,9263.69140625
,2063,,,,11179.7392578125
,2064,,,,10926.33203125
,2065,,,,10060.2373046875
,2066,,,,10032.162109375
,2067,,,,12117.9921875
,2068,,,,11281.8046875
,2069,,,,9120.0703125
,2070,,,,10909.28125
,2071,,,,8986.5
,2072,,,,13915.5224609375
,2073,,,,10617.9453125
,2074,,,,9470.1611328125
,2075,,,,10201.0810546875
,2076,,,,11585.970703125
,2077,,,,9859.6142578125
,2078,,,,10805.580078125
,2079,,,,9411.32421875
,2080,,,,12123.97265625
,2081,,,,11435.279296875
,2082,,,,9838.2998046875
,2083,,,,11975.91015625
,2084,,,,9754.2900390625
,2085,,,,9318.962890625
,2086,,,,11658.017578125
,2087,,,,11860.017578125
,2088,,,,12750.9658203125
,2089,,,,9301.53515625
,2090,,,,12802.5380859375
,2091,,,,12023.54296875
,2092,,,,12275.44140625
,2093,,,,11614.0830078125
,2094,,,,9825.333984375
,2095,,,,11090.533203125
,2096,,,,12001.533203125
,2097,,,,9086.951171875
,2098,,,,13199.998046875
,2099,,,,12113.796875
,2100,,,,9068.142578125
,2101,,,,9253.7841796875
,2102,,,,10570.62890625
,2103,,,,8126.4052734375
,2104,,,,10247.994140625
,2105,,,,8238.798828125
,2106,,,,9961.9140625
,2107,,,,13744.466796875
33,8329,,,10534.095703125,
33,8329,10786.005859375,,,
34,8349,,14138.34765625,,
34,8399,,8544.23828125,,
34,8449,,7787.97607421875,,
34,8499,,11427.3984375,,
34,8549,,12704.1064453125,,
,2108,,,,7224.30078125
,2109,,,,10435.529296875
,2110,,,,9931.373046875
,2111,,,,9584.90625
,2112,,,,7796.34033203125
,2113,,,,8174.46337890625
,2114,,,,10745.544921875
,2115,,,,9355.642578125
,2116,,,,9650.0673828125
,2117,,,,8751.453125
,2118,,,,10260.9462890625
,2119,,,,11844.791015625
,2120,,,,9868.0625
,2121,,,,11899.087890625
,2122,,,,13601.0
,2123,,,,11275.041015625
,2124,,,,9243.8564453125
,2125,,,,11196.8828125
,2126,,,,10905.5029296875
,2127,,,,10043.4716796875
,2128,,,,10031.05859375
,2129,,,,12045.1611328125
,2130,,,,11236.939453125
,2131,,,,9126.08984375
,2132,,,,10855.7783203125
,2133,,,,8949.7236328125
,2134,,,,13901.5439453125
,2135,,,,10625.880859375
,2136,,,,9400.0400390625
,2137,,,,10173.546875
,2138,,,,11541.734375
,2139,,,,9853.2900390625
,2140,,,,10784.79296875
,2141,,,,9431.970703125
,2142,,,,12127.841796875
,2143,,,,11410.794921875
,2144,,,,9825.6953125
,2145,,,,12004.8916015625
,2146,,,,9756.95703125
,2147,,,,9275.998046875
,2148,,,,11634.6298828125
,2149,,,,11817.4169921875
,2150,,,,12723.638671875
,2151,,,,9283.44921875
,2152,,,,12809.2578125
,2153,,,,12035.1767578125
,2154,,,,12257.576171875
,2155,,,,11568.4462890625
,2156,,,,9805.701171875
,2157,,,,11012.099609375
,2158,,,,11984.427734375
,2159,,,,9051.146484375
,2160,,,,13166.728515625
,2161,,,,12084.61328125
,2162,,,,9021.8984375
,2163,,,,9225.96875
,2164,,,,10584.12890625
,2165,,,,8070.8330078125
,2166,,,,10246.7626953125
,2167,,,,8211.974609375
,2168,,,,9950.21484375
,2169,,,,13735.6220703125
34,8574,,,10514.7314453125,
34,8574,10768.314453125,,,
35,8599,,9776.9443359375,,
35,8649,,10545.62109375,,
35,8699,,10929.76171875,,
35,8749,,9040.306640625,,
35,8799,,13368.263671875,,
,2170,,,,7178.01708984375
,2171,,,,10397.103515625
,2172,,,,9850.580078125
,2173,,,,9517.86328125
,2174,,,,7739.95751953125
,2175,,,,8098.81201171875
,2176,,,,10690.080078125
,2177,,,,9318.771484375
,2178,,,,9591.2509765625
,2179,,,,8705.185546875
,2180,,,,10187.234375
,2181,,,,11782.400390625
,2182,,,,9852.6533203125
,2183,,,,11860.2568359375
,2184,,,,13557.904296875
,2185,,,,11191.68359375
,2186,,,,9232.8876953125
,2187,,,,11160.630859375
,2188,,,,10849.4853515625
,2189,,,,10001.171875
,2190,,,,9912.083984375
,2191,,,,11990.73828125
,2192,,,,11185.560546875
,2193,,,,9067.93359375
,2194,,,,10776.6337890625
,2195,,,,8899.162109375
,2196,,,,13818.0703125
,2197,,,,10566.9375
,2198,,,,9371.2490234375
,2199,,,,10156.888671875
,2200,,,,11451.1787109375
,2201,,,,9809.34765625
,2202,,,,10716.001953125
,2203,,,,9361.9755859375
,2204,,,,12052.9580078125
,2205,,,,11382.3291015625
,2206,,,,9715.2275390625
,2207,,,,11930.107421875
,2208,,,,9688.2373046875
,2209,,,,9209.8037109375
,2210,,,,11611.51171875
,2211,,,,11764.4453125
,2212,,,,12630.3095703125
,2213,,,,9236.08984375
,2214,,,,12720.2421875
,2215,,,,11979.130859375
,2216,,,,12198.84765625
,2217,,,,11507.341796875
,2218,,,,9744.9111328125
,2219,,,,10954.052734375
,2220,,,,11897.796875
,2221,,,,8977.880859375
,2222,,,,13084.4921875
,2223,,,,12000.0244140625
,2224,,,,8985.3837890625
,2225,,,,9168.5234375
,2226,,,,10533.869140625
,2227,,,,8033.42138671875
,2228,,,,10200.22265625
,2229,,,,8121.8203125
,2230,,,,9893.8623046875
,2231,,,,13650.2939453125
35,8819,,,10455.2373046875,
35,8819,10735.3349609375,,,
36,8849,,11654.27734375,,
36,8899,,12154.3466796875,,
36,8949,,11807.00390625,,
36,8999,,9671.2509765625,,
36,9049,,10081.7880859375,,
,2232,,,,7157.1044921875
,2233,,,,10349.134765625
,2234,,,,9788.9599609375
,2235,,,,9406.234375
,2236,,,,7675.6513671875
,2237,,,,8035.4287109375
,2238,,,,10629.4296875
,2239,,,,9255.7421875
,2240,,,,9559.087890625
,2241,,,,8633.6279296875
,2242,,,,10125.736328125
,2243,,,,11729.0166015625
,2244,,,,9774.333984375
,2245,,,,11751.9931640625
,2246,,,,13487.84375
,2247,,,,11121.38671875
,2248,,,,9171.455078125
,2249,,,,10981.8515625
,2250,,,,10775.05078125
,2251,,,,9939.0986328125
,2252,,,,9874.9794921875
,2253,,,,11911.9345703125
,2254,,,,11116.287109375
,2255,,,,8992.0537109375
,2256,,,,10757.568359375
,2257,,,,8845.25
,2258,,,,13754.5
,2259,,,,10497.056640625
,2260,,,,9346.490234375
,2261,,,,10086.70703125
,2262,,,,11431.58203125
,2263,,,,9751.767578125
,2264,,,,10661.255859375
,2265,,,,9294.927734375
,2266,,,,11963.517578125
,2267,,,,11297.3447265625
,2268,,,,9690.0390625
,2269,,,,11836.2001953125
,2270,,,,9632.9453125
,2271,,,,9179.111328125
,2272,,,,11536.29296875
,2273,,,,11711.7548828125
,2274,,,,12568.3623046875
,2275,,,,9157.15234375
,2276,,,,12636.802734375
,2277,,,,11918.9599609375
,2278,,,,12119.107421875
,2279,,,,11488.671875
,2280,,,,9694.416015625
,2281,,,,10910.21484375
,2282,,,,11827.228515625
,2283,,,,8931.578125
,2284,,,,13031.61328125
,2285,,,,11942.84375
,2286,,,,8937.2529296875
,2287,,,,9112.2275390625
,2288,,,,10416.1748046875
,2289,,,,8017.791015625
,2290,,,,10119.1015625
,2291,,,,8114.3427734375
,2292,,,,9825.138671875
,2293,,,,13622.9833984375
36,9064,,,10393.33203125,
36,9064,10716.0966796875,,,
37,9099,,11909.763671875,,
37,9149,,12199.41015625,,
37,9199,,10112.109375,,
37,9249,,10248.802734375,,
37,9299,,11900.4609375,,
,2294,,,,7165.3076171875
,2295,,,,10390.107421875
,2296,,,,9914.9609375
,2297,,,,9509.5380859375
,2298,,,,7758.966796875
,2299,,,,8094.1640625
,2300,,,,10692.19921875
,2301,,,,9345.2822265625
,2302,,,,9596.2734375
,2303,,,,8722.048828125
,2304,,,,10231.5234375
,2305,,,,11808.0029296875
,2306,,,,9863.5419921875
,2307,,,,11811.9736328125
,2308,,,,13573.4306640625
,2309,,,,11189.67578125
,2310,,,,9205.1826171875
,2311,,,,11162.2802734375
,2312,,,,10859.958984375
,2313,,,,10010.3056640625
,2314,,,,9986.732421875
,2315,,,,12040.0732421875
,2316,,,,11170.7421875
,2317,,,,9101.826171875
,2318,,,,10835.7890625
,2319,,,,8907.404296875
,2320,,,,13850.7265625
,2321,,,,10571.896484375
,2322,,,,9335.662109375
,2323,,,,10137.966796875
,2324,,,,11503.4150390625
,2325,,,,9840.9375
,2326,,,,10687.654296875
,2327,,,,9343.80078125
,2328,,,,12091.9189453125
,2329,,,,11373.60546875
,2330,,,,9768.0
,2331,,,,11940.3876953125
,2332,,,,9680.65234375
,2333,,,,9252.9033203125
,2334,,,,11558.8671875
,2335,,,,11744.482421875
,2336,,,,12647.955078125
,2337,,,,9237.3203125
,2338,,,,12755.736328125
,2339,,,,11983.5849609375
,2340,,,,12220.880859375
,2341,,,,11502.3154296875
,2342,,,,9757.5
,2343,,,,11005.37890625
,2344,,,,11929.55859375
,2345,,,,9032.2763671875
,2346,,,,13115.0009765625
,2347,,,,12048.734375
,2348,,,,9030.02734375
,2349,,,,9180.7041015625
,2350,,,,10578.2529296875
,2351,,,,8044.427734375
,2352,,,,10230.458984375
,2353,,,,8148.40673828125
,2354,,,,9910.17578125
,2355,,,,13736.736328125
37,9309,,,10470.546875,
37,9309,10696.85546875,,,
38,9349,,12431.900390625,,
38,9399,,10494.240234375,,
38,9449,,10981.642578125,,
38,9499,,9224.7900390625,,
38,9549,,8890.591796875,,
,2356,,,,7110.08056640625
,2357,,,,10298.4453125
,2358,,,,9784.978515625
,2359,,,,9381.833984375
,2360,,,,7665.76708984375
,2361,,,,8006.35546875
,2362,,,,10606.6357421875
,2363,,,,9239.6484375
,2364,,,,9536.3193359375
,2365,,,,8597.681640625
,2366,,,,10122.1015625
,2367,,,,11657.2109375
,2368,,,,9771.576171875
,2369,,,,11711.943359375
,2370,,,,13460.8779296875
,2371,,,,11066.380859375
,2372,,,,9149.6025390625
,2373,,,,11022.7421875
,2374,,,,10779.2138671875
,2375,,,,9895.1845703125
,2376,,,,9858.376953125
,2377,,,,11906.375
,2378,,,,11076.47265625
,2379,,,,8981.1015625
,2380,,,,10720.822265625
,2381,,,,8800.5556640625
,2382,,,,13701.537109375
,2383,,,,10471.5703125
,2384,,,,9303.353515625
,2385,,,,10054.49609375
,2386,,,,11369.1279296875
,2387,,,,9711.60546875
,2388,,,,10592.943359375
,2389,,,,9232.2412109375
,2390,,,,11938.998046875
,2391,,,,11308.111328125
,2392,,,,9657.22265625
,2393,,,,11808.357421875
,2394,,,,9583.916015625
,2395,,,,9152.8125
,2396,,,,11546.541015625
,2397,,,,11669.57421875
,2398,,,,12490.0400390625
,2399,,,,9135.4638671875
,2400,,,,12605.33984375
,2401,,,,11856.5234375
,2402,,,,12126.6943359375
,2403,,,,11379.462890625
,2404,,,,9640.796875
,2405,,,,10850.6474609375
,2406,,,,11786.443359375
,2407,,,,8918.578125
,2408,,,,12959.96484375
,2409,,,,11901.17578125
,2410,,,,8916.36328125
,2411,,,,9083.765625
,2412,,,,10445.837890625
,2413,,,,7984.40625
,2414,,,,10151.2275390625
,2415,,,,8050.80078125
,2416,,,,9793.6796875
,2417,,,,13545.7900390625
38,9554,,,10362.0380859375,
38,9554,10664.552734375,,,
39,9599,,12670.4189453125,,
39,9649,,10953.962890625,,
39,9699,,9994.1669921875,,
39,9749,,9165.474609375,,
39,9799,,6467.337890625,,
,2418,,,,7093.39892578125
,2419,,,,10283.595703125
,2420,,,,9770.2470703125
,2421,,,,9387.9970703125
,2422,,,,7634.943359375
,2423,,,,7977.52978515625
,2424,,,,10562.3828125
,2425,,,,9226.572265625
,2426,,,,9490.62109375
,2427,,,,8600.994140625
,2428,,,,10061.560546875
,2429,,,,11691.64453125
,2430,,,,9738.775390625
,2431,,,,11677.40625
,2432,,,,13414.6923828125
,2433,,,,11088.7421875
,2434,,,,9131.818359375
,2435,,,,10965.6494140625
,2436,,,,10717.265625
,2437,,,,9882.91015625
,2438,,,,9832.4404296875
,2439,,,,11858.7236328125
,2440,,,,11070.072265625
,2441,,,,8962.81640625
,2442,,,,10705.560546875
,2443,,,,8792.4814453125
,2444,,,,13709.4384765625
,2445,,,,10447.0390625
,2446,,,,9257.267578125
,2447,,,,10020.2041015625
,2448,,,,11351.091796875
,2449,,,,9695.1376953125
,2450,,,,10581.982421875
,2451,,,,9263.576171875
,2452,,,,11913.8583984375
,2453,,,,11217.857421875
,2454,,,,9658.18359375
,2455,,,,11788.1328125
,2456,,,,9571.921875
,2457,,,,9118.12890625
,2458,,,,11442.8193359375
,2459,,,,11605.4970703125
,2460,,,,12507.37109375
,2461,,,,9120.68359375
,2462,,,,12608.60546875
,2463,,,,11869.69140625
,2464,,,,12066.095703125
,2465,,,,11417.638671875
,2466,,,,9651.1904296875
,2467,,,,10888.17578125
,2468,,,,11777.173828125
,2469,,,,8906.5888671875
,2470,,,,12967.322265625
,2471,,,,11889.435546875
,2472,,,,8900.1142578125
,2473,,,,9056.41015625
,2474,,,,10392.779296875
,2475,,,,7955.234375
,2476,,,,10054.515625
,2477,,,,8047.0263671875
,2478,,,,9771.5185546875
,2479,,,,13559.9189453125
39,9799,,,10341.2216796875,
39,9799,10646.41015625,,,
40,9849,,10775.3720703125,,
40,9899,,10171.19921875,,
40,9949,,12697.697265625,,
40,9999,,13085.2041015625,,
,2480,,,,7129.4423828125
,2481,,,,10291.330078125
,2482,,,,9794.8115234375
,2483,,,,9370.2294921875
,2484,,,,7660.3798828125
,2485,,,,8014.91845703125
,2486,,,,10588.2158203125
,2487,,,,9243.970703125
,2488,,,,9564.0546875
,2489,,,,8594.6513671875
,2490,,,,10063.00390625
,2491,,,,11690.041015625
,2492,,,,9760.28125
,2493,,,,11707.869140625
,2494,,,,13428.3544921875
,2495,,,,11081.462890625
,2496,,,,9146.359375
,2497,,,,10984.701171875
,2498,,,,10767.26171875
,2499,,,,9913.185546875
,2500,,,,9863.0947265625
,2501,,,,11871.6767578125
,2502,,,,11065.33984375
,2503,,,,8983.302734375
,2504,,,,10710.984375
,2505,,,,8815.3896484375
,2506,,,,13693.888671875
,2507,,,,10465.8515625
,2508,,,,9288.935546875
,2509,,,,10022.302734375
,2510,,,,11384.30078125
,2511,,,,9729.73828125
,2512,,,,10580.1884765625
,2513,,,,9231.1171875
,2514,,,,11912.712890625
,2515,,,,11278.0986328125
,2516,,,,9696.806640625
,2517,,,,11807.158203125
,2518,,,,9584.9462890625
,2519,,,,9152.7353515625
,2520,,,,11494.986328125
,2521,,,,11665.1064453125
,2522,,,,12502.849609375
,2523,,,,9172.39453125
,2524,,,,12592.587890625
,2525,,,,11861.6220703125
,2526,,,,12122.3671875
,2527,,,,11389.9853515625
,2528,,,,9666.9541015625
,2529,,,,10900.00390625
,2530,,,,11779.931640625
,2531,,,,8909.00390625
,2532,,,,12973.9765625
,2533,,,,11867.404296875
,2534,,,,8916.58984375
,2535,,,,9082.3974609375
,2536,,,,10433.208984375
,2537,,,,8017.8349609375
,2538,,,,10146.640625
,2539,,,,8069.19482421875
,2540,,,,9799.47265625
,2541,,,,13569.0185546875
40,10044,,,10360.646484375,
40,10044,10624.833984375,,,
41,10049,,8847.576171875,,
41,10099,,8056.994140625,,
41,10149,,12432.6953125,,
41,10199,,8969.134765625,,
41,10249,,9406.384765625,,
,2542,,,,6976.533203125
,2543,,,,10184.8095703125
,2544,,,,9650.556640625
,2545,,,,9239.7607421875
,2546,,,,7530.9140625
,2547,,,,7881.62890625
,2548,,,,10454.1220703125
,2549,,,,9108.486328125
,2550,,,,9386.8984375
,2551,,,,8455.955078125
,2552,,,,9907.3623046875
,2553,,,,11525.1181640625
,2554,,,,9605.85546875
,2555,,,,11527.93359375
,2556,,,,13292.255859375
,2557,,,,10921.76171875
,2558,,,,9007.1484375
,2559,,,,10771.1015625
,2560,,,,10604.91015625
,2561,,,,9782.8759765625
,2562,,,,9724.4765625
,2563,,,,11738.087890625
,2564,,,,10943.6982421875
,2565,,,,8869.25
,2566,,,,10597.498046875
,2567,,,,8696.6298828125
,2568,,,,13564.0693359375
,2569,,,,10322.2919921875
,2570,,,,9138.58984375
,2571,,,,9926.7158203125
,2572,,,,11314.0703125
,2573,,,,9599.353515625
,2574,,,,10443.9150390625
,2575,,,,9093.6630859375
,2576,,,,11787.470703125
,2577,,,,11109.2744140625
,2578,,,,9548.880859375
,2579,,,,11638.8564453125
,2580,,,,9453.875
,2581,,,,9003.994140625
,2582,,,,11322.880859375
,2583,,,,11489.115234375
,2584,,,,12399.130859375
,2585,,,,9029.005859375
,2586,,,,12453.23828125
,2587,,,,11777.794921875
,2588,,,,11937.1572265625
,2589,,,,11291.337890625
,2590,,,,9537.892578125
,2591,,,,10770.599609375
,2592,,,,11661.943359375
,2593,,,,8795.3798828125
,2594,,,,12831.2333984375
,2595,,,,11745.6396484375
,2596,,,,8831.12109375
,2597,,,,8975.06640625
,2598,,,,10253.7275390625
,2599,,,,7890.64697265625
,2600,,,,9965.658203125
,2601,,,,7967.201171875
,2602,,,,9628.66796875
,2603,,,,13472.3818359375
41,10289,,,10222.8828125,
41,10289,10594.3095703125,,,
42,10299,,10743.646484375,,
42,10349,,8212.0078125,,
42,10399,,10883.630859375,,
42,10449,,7981.01416015625,,
42,10499,,10390.8701171875,,
,2604,,,,7048.330078125
,2605,,,,10225.189453125
,2606,,,,9691.6591796875
,2607,,,,9261.046875
,2608,,,,7569.599609375
,2609,,,,7920.65087890625
,2610,,,,10497.140625
,2611,,,,9165.267578125
,2612,,,,9437.1484375
,2613,,,,8546.38671875
,2614,,,,9989.619140625
,2615,,,,11592.9794921875
,2616,,,,9677.3310546875
,2617,,,,11598.53515625
,2618,,,,13303.232421875
,2619,,,,10999.51171875
,2620,,,,9054.390625
,2621,,,,10893.80859375
,2622,,,,10630.166015625
,2623,,,,9830.703125
,2624,,,,9715.814453125
,2625,,,,11760.091796875
,2626,,,,10986.828125
,2627,,,,8889.54296875
,2628,,,,10605.5712890625
,2629,,,,8741.84375
,2630,,,,13603.361328125
,2631,,,,10353.07421875
,2632,,,,9207.791015625
,2633,,,,9988.9140625
,2634,,,,11277.001953125
,2635,,,,9601.4462890625
,2636,,,,10490.57421875
,2637,,,,9179.609375
,2638,,,,11805.1865234375
,2639,,,,11140.0517578125
,2640,,,,9555.369140625
,2641,,,,11675.17578125
,2642,,,,9487.6513671875
,2643,,,,9019.78515625
,2644,,,,11356.44921875
,2645,,,,11508.03515625
,2646,,,,12433.736328125
,2647,,,,9033.68359375
,2648,,,,12476.42578125
,2649,,,,11814.677734375
,2650,,,,11951.642578125
,2651,,,,11376.1474609375
,2652,,,,9563.8115234375
,2653,,,,10768.70703125
,2654,,,,11697.6416015625
,2655,,,,8826.1806640625
,2656,,,,12874.958984375
,2657,,,,11785.6884765625
,2658,,,,8849.70703125
,2659,,,,9005.1455078125
,2660,,,,10298.7421875
,2661,,,,7922.78955078125
,2662,,,,9987.525390625
,2663,,,,7991.880859375
,2664,,,,9690.26953125
,2665,,,,13476.888671875
42,10534,,,10261.22265625,
42,10534,10577.1103515625,,,
43,10549,,9776.4892578125,,
43,10599,,10711.419921875,,
43,10649,,9277.4873046875,,
43,10699,,13077.1142578125,,
43,10749,,7602.6962890625,,
,2666,,,,7096.6513671875
,2667,,,,10305.0634765625
,2668,,,,9712.58984375
,2669,,,,9350.91796875
,2670,,,,7613.57666015625
,2671,,,,7982.51953125
,2672,,,,10559.234375
,2673,,,,9220.1591796875
,2674,,,,9488.349609375
,2675,,,,8588.220703125
,2676,,,,10055.74609375
,2677,,,,11621.64453125
,2678,,,,9792.6708984375
,2679,,,,11720.33203125
,2680,,,,13347.126953125
,2681,,,,11056.5751953125
,2682,,,,9150.107421875
,2683,,,,10927.0771484375
,2684,,,,10717.76953125
,2685,,,,9900.828125
,2686,,,,9777.9521484375
,2687,,,,11850.884765625
,2688,,,,11025.654296875
,2689,,,,8963.546875
,2690,,,,10663.0849609375
,2691,,,,8795.244140625
,2692,,,,13678.28515625
,2693,,,,10423.98046875
,2694,,,,9266.7412109375
,2695,,,,10045.24609375
,2696,,,,11312.4453125
,2697,,,,9717.130859375
,2698,,,,10533.021484375
,2699,,,,9215.373046875
,2700,,,,11865.8759765625
,2701,,,,11243.2705078125
,2702,,,,9631.2255859375
,2703,,,,11774.7587890625
,2704,,,,9550.5087890625
,2705,,,,9091.990234375
,2706,,,,11465.154296875
,2707,,,,11613.556640625
,2708,,,,12485.748046875
,2709,,,,9097.8203125
,2710,,,,12561.21875
,2711,,,,11883.7958984375
,2712,,,,12051.078125
,2713,,,,11405.634765625
,2714,,,,9609.767578125
,2715,,,,10825.638671875
,2716,,,,11757.05859375
,2717,,,,8860.05859375
,2718,,,,12959.3671875
,2719,,,,11813.033203125
,2720,,,,8907.974609375
,2721,,,,9057.7939453125
,2722,,,,10388.80078125
,2723,,,,7975.77099609375
,2724,,,,10111.7451171875
,2725,,,,8033.60302734375
,2726,,,,9749.4521484375
,2727,,,,13568.8291015625
43,10779,,,10327.158203125,
43,10779,10561.9697265625,,,
44,10799,,10978.59375,,
44,10849,,8728.2138671875,,
44,10899,,11336.8046875,,
44,10949,,11097.5,,
44,10999,,12165.837890625,,
,2728,,,,7062.64453125
,2729,,,,10271.92578125
,2730,,,,9740.2783203125
,2731,,,,9346.0390625
,2732,,,,7634.8095703125
,2733,,,,7986.35546875
,2734,,,,10538.037109375
,2735,,,,9184.3828125
,2736,,,,9479.5078125
,2737,,,,8595.6142578125
,2738,,,,10044.951171875
,2739,,,,11632.66015625
,2740,,,,9744.1787109375
,2741,,,,11656.337890625
,2742,,,,13320.80859375
,2743,,,,11029.494140625
,2744,,,,9106.08984375
,2745,,,,10952.1103515625
,2746,,,,10690.08203125
,2747,,,,9862.52734375
,2748,,,,9826.4248046875
,2749,,,,11827.62890625
,2750,,,,11017.546875
,2751,,,,8940.7470703125
,2752,,,,10652.4189453125
,2753,,,,8775.837890625
,2754,,,,13625.560546875
,2755,,,,10411.146484375
,2756,,,,9227.375
,2757,,,,10013.669921875
,2758,,,,11305.8427734375
,2759,,,,9707.85546875
,2760,,,,10554.771484375
,2761,,,,9203.0546875
,2762,,,,11872.9931640625
,2763,,,,11234.10546875
,2764,,,,9626.2607421875
,2765,,,,11757.0107421875
,2766,,,,9544.2265625
,2767,,,,9088.0625
,2768,,,,11409.2734375
,2769,,,,11591.55078125
,2770,,,,12451.6767578125
,2771,,,,9104.6728515625
,2772,,,,12535.5107421875
,2773,,,,11823.6689453125
,2774,,,,12032.611328125
,2775,,,,11365.400390625
,2776,,,,9627.88671875
,2777,,,,10808.89453125
,2778,,,,11728.150390625
,2779,,,,8862.650390625
,2780,,,,12908.3828125
,2781,,,,11821.9892578125
,2782,,,,8903.9521484375
,2783,,,,9032.6904296875
,2784,,,,10403.3671875
,2785,,,,7957.947265625
,2786,,,,10118.841796875
,2787,,,,8037.59814453125
,2788,,,,9757.1328125
,2789,,,,13523.76171875
44,11024,,,10312.7470703125,
44,11024,10541.849609375,,,
45,11049,,6713.927734375,,
45,11099,,10474.173828125,,
45,11149,,11289.951171875,,
45,11199,,11080.484375,,
45,11249,,8950.482421875,,
,2790,,,,7006.33154296875
,2791,,,,10220.9453125
,2792,,,,9698.90234375
,2793,,,,9255.150390625
,2794,,,,7551.3447265625
,2795,,,,7896.263671875
,2796,,,,10478.884765625
,2797,,,,9156.310546875
,2798,,,,9415.7490234375
,2799,,,,8524.93359375
,2800,,,,9971.34765625
,2801,,,,11554.4921875
,2802,,,,9670.80078125
,2803,,,,11584.5859375
,2804,,,,13262.720703125
,2805,,,,10972.736328125
,2806,,,,9020.751953125
,2807,,,,10909.689453125
,2808,,,,10639.6279296875
,2809,,,,9799.068359375
,2810,,,,9737.630859375
,2811,,,,11745.078125
,2812,,,,10959.2431640625
,2813,,,,8896.3740234375
,2814,,,,10605.2041015625
,2815,,,,8716.5703125
,2816,,,,13546.6064453125
,2817,,,,10320.953125
,2818,,,,9185.2724609375
,2819,,,,9946.1103515625
,2820,,,,11253.6220703125
,2821,,,,9604.8388671875
,2822,,,,10444.47265625
,2823,,,,9132.130859375
,2824,,,,11804.943359375
,2825,,,,11111.60546875
,2826,,,,9525.390625
,2827,,,,11665.501953125
,2828,,,,9449.453125
,2829,,,,8998.140625
,2830,,,,11324.16796875
,2831,,,,11474.595703125
,2832,,,,12401.31640625
,2833,,,,9011.650390625
,2834,,,,12477.3203125
,2835,,,,11784.74609375
,2836,,,,11951.8232421875
,2837,,,,11278.52734375
,2838,,,,9526.466796875
,2839,,,,10741.4814453125
,2840,,,,11678.322265625
,2841,,,,8814.9853515625
,2842,,,,12849.4365234375
,2843,,,,11774.38671875
,2844,,,,8873.26171875
,2845,,,,8988.9541015625
,2846,,,,10297.296875
,2847,,,,7890.771484375
,2848,,,,9984.828125
,2849,,,,7979.8212890625
,2850,,,,9686.3974609375
,2851,,,,13445.9697265625
45,11269,,,10241.4931640625,
45,11269,10514.11328125,,,
46,11299,,12128.6826171875,,
46,11349,,8617.853515625,,
46,11399,,10467.9755859375,,
46,11449,,8899.7421875,,
46,11499,,12569.560546875,,
,2852,,,,7069.0927734375
,2853,,,,10238.2265625
,2854,,,,9732.1240234375
,2855,,,,9322.046875
,2856,,,,7585.61328125
,2857,,,,7959.94287109375
,2858,,,,10489.9140625
,2859,,,,9189.162109375
,2860,,,,9461.328125
,2861,,,,8574.302734375
,2862,,,,10023.01953125
,2863,,,,11643.443359375
,2864,,,,9701.64453125
,2865,,,,11622.306640625
,2866,,,,13290.4853515625
,2867,,,,11033.951171875
,2868,,,,9067.755859375
,2869,,,,10923.8701171875
,2870,,,,10695.255859375
,2871,,,,9868.71875
,2872,,,,9791.0419921875
,2873,,,,11775.724609375
,2874,,,,10993.29296875
,2875,,,,8915.42578125
,2876,,,,10634.7939453125
,2877,,,,8770.900390625
,2878,,,,13601.5546875
,2879,,,,10377.3828125
,2880,,,,9230.779296875
,2881,,,,9967.58984375
,2882,,,,11282.212890625
,2883,,,,9635.716796875
,2884,,,,10512.5458984375
,2885,,,,9215.2177734375
,2886,,,,11829.93359375
,2887,,,,11142.7744140625
,2888,,,,9594.8935546875
,2889,,,,11714.177734375
,2890,,,,9500.4228515625
,2891,,,,9045.580078125
,2892,,,,11330.693359375
,2893,,,,11529.6689453125
,2894,,,,12437.576171875
,2895,,,,9050.0576171875
,2896,,,,12503.66015625
,2897,,,,11789.28125
,2898,,,,11998.4208984375
,2899,,,,11352.66015625
,2900,,,,9605.982421875
,2901,,,,10785.3818359375
,2902,,,,11717.001953125
,2903,,,,8833.951171875
,2904,,,,12925.5712890625
,2905,,,,11806.791015625
,2906,,,,8875.18359375
,2907,,,,9020.5361328125
,2908,,,,10336.0009765625
,2909,,,,7932.05615234375
,2910,,,,10030.1474609375
,2911,,,,8020.16552734375
,2912,,,,9736.5234375
,2913,,,,13453.9970703125
46,11514,,,10284.1787109375,
46,11514,10490.92578125,,,
47,11549,,11385.6875,,
47,11599,,8113.41162109375,,
47,11649,,11909.138671875,,
47,11699,,11280.046875,,
47,11749,,11307.951171875,,
,2914,,,,6999.01611328125
,2915,,,,10188.16796875
,2916,,,,9634.9296875
,2917,,,,9226.908203125
,2918,,,,7523.17529296875
,2919,,,,7874.80908203125
,2920,,,,10440.708984375
,2921,,,,9108.044921875
,2922,,,,9377.5
,2923,,,,8511.548828125
,2924,,,,9916.2109375
,2925,,,,11510.978515625
,2926,,,,9651.375
,2927,,,,11557.7568359375
,2928,,,,13204.60546875
,2929,,,,10905.36328125
,2930,,,,9056.8349609375
,2931,,,,10811.314453125
,2932,,,,10596.345703125
,2933,,,,9782.076171875
,2934,,,,9671.333984375
,2935,,,,11695.35546875
,2936,,,,10911.361328125
,2937,,,,8852.21484375
,2938,,,,10539.654296875
,2939,,,,8692.126953125
,2940,,,,13465.482421875
,2941,,,,10296.65625
,2942,,,,9173.130859375
,2943,,,,9936.0615234375
,2944,,,,11207.775390625
,2945,,,,9594.36328125
,2946,,,,10433.185546875
,2947,,,,9104.048828125
,2948,,,,11727.798828125
,2949,,,,11114.51953125
,2950,,,,9484.046875
,2951,,,,11639.484375
,2952,,,,9417.8330078125
,2953,,,,8947.341796875
,2954,,,,11317.150390625
,2955,,,,11474.4296875
,2956,,,,12329.9384765625
,2957,,,,8970.4189453125
,2958,,,,12400.80859375
,2959,,,,11765.3994140625
,2960,,,,11904.265625
,2961,,,,11272.75390625
,2962,,,,9515.744140625
,2963,,,,10708.65234375
,2964,,,,11585.1689453125
,2965,,,,8778.68359375
,2966,,,,12812.4541015625
,2967,,,,11688.611328125
,2968,,,,8829.75
,2969,,,,8959.474609375
,2970,,,,10288.9560546875
,2971,,,,7893.6640625
,2972,,,,9990.6943359375
,2973,,,,7947.017578125
,2974,,,,9646.7939453125
,2975,,,,13422.9833984375
47,11759,,,10206.0009765625,
47,11759,10475.9541015625,,,
48,11799,,9433.779296875,,
48,11849,,10347.66796875,,
48,11899,,11084.51953125,,
48,11949,,9090.2529296875,,
48,11999,,12384.857421875,,
,2976,,,,6911.36865234375
,2977,,,,10082.0732421875
,2978,,,,9582.9208984375
,2979,,,,9155.2763671875
,2980,,,,7456.69921875
,2981,,,,7779.50048828125
,2982,,,,10348.5693359375
,2983,,,,9036.7822265625
,2984,,,,9300.9931640625
,2985,,,,8409.9609375
,2986,,,,9850.6044921875
,2987,,,,11429.6015625
,2988,,,,9538.2587890625
,2989,,,,11402.5478515625
,2990,,,,13127.232421875
,2991,,,,10823.998046875
,2992,,,,8916.7041015625
,2993,,,,10740.1015625
,2994,,,,10519.390625
,2995,,,,9659.767578125
,2996,,,,9606.849609375
,2997,,,,11609.9892578125
,2998,,,,10834.5546875
,2999,,,,8786.3994140625
,3000,,,,10456.818359375
,3001,,,,8614.603515625
,3002,,,,13401.6357421875
,3003,,,,10186.77734375
,3004,,,,9059.6220703125
,3005,,,,9832.078125
,3006,,,,11127.4873046875
,3007,,,,9510.4140625
,3008,,,,10338.79296875
,3009,,,,9027.9765625
,3010,,,,11674.4970703125
,3011,,,,10992.51171875
,3012,,,,9414.970703125
,3013,,,,11528.0146484375
,3014,,,,9324.388671875
,3015,,,,8882.939453125
,3016,,,,11189.0966796875
,3017,,,,11344.265625
,3018,,,,12246.9453125
,3019,,,,8891.720703125
,3020,,,,12303.6650390625
,3021,,,,11673.4580078125
,3022,,,,11821.01171875
,3023,,,,11171.568359375
,3024,,,,9433.8505859375
,3025,,,,10602.6474609375
,3026,,,,11514.4248046875
,3027,,,,8714.470703125
,3028,,,,12701.96484375
,3029,,,,11630.0126953125
,3030,,,,8774.1923828125
,3031,,,,8879.35546875
,3032,,,,10202.869140625
,3033,,,,7779.85498046875
,3034,,,,9867.77734375
,3035,,,,7887.90869140625
,3036,,,,9556.25
,3037,,,,13345.2001953125
48,12004,,,10117.6552734375,
48,12004,10451.396484375,,,
49,12049,,9525.3203125,,
49,12099,,12675.4052734375,,
49,12149,,9755.0556640625,,
49,12199,,11116.0947265625,,
49,12249,,12111.0068359375,,
,3038,,,,6982.50244140625
,3039,,,,10107.431640625
,3040,,,,9617.6298828125
,3041,,,,9181.9189453125
,3042,,,,7506.52099609375
,3043,,,,7825.4228515625
,3044,,,,10396.37890625
,3045,,,,9069.7998046875
,3046,,,,9369.939453125
,3047,,,,8433.0322265625
,3048,,,,9899.83203125
,3049,,,,11463.224609375
,3050,,,,9593.5546875
,3051,,,,11466.8935546875
,3052,,,,13182.87890625
,3053,,,,10857.4423828125
,3054,,,,8968.7666015625
,3055,,,,10730.791015625
,3056,,,,10561.40234375
,3057,,,,9706.5341796875
,3058,,,,9679.27734375
,3059,,,,11678.95703125
,3060,,,,10869.134765625
,3061,,,,8818.7119140625
,3062,,,,10509.41015625
,3063,,,,8644.2451171875
,3064,,,,13453.3125
,3065,,,,10250.1767578125
,3066,,,,9112.8388671875
,3067,,,,9864.705078125
,3068,,,,11164.6572265625
,3069,,,,9565.484375
,3070,,,,10371.48046875
,3071,,,,9059.2578125
,3072,,,,11714.611328125
,3073,,,,11060.353515625
,3074,,,,9492.4208984375
,3075,,,,11556.701171875
,3076,,,,9372.2880859375
,3077,,,,8968.0400390625
,3078,,,,11262.404296875
,3079,,,,11435.900390625
,3080,,,,12261.95703125
,3081,,,,8940.716796875
,3082,,,,12349.630859375
,3083,,,,11660.443359375
,3084,,,,11900.609375
,3085,,,,11203.9345703125
,3086,,,,9480.7646484375
,3087,,,,10653.87109375
,3088,,,,11567.9501953125
,3089,,,,8739.4052734375
,3090,,,,12729.53125
,3091,,,,11653.8828125
,3092,,,,8771.8125
,3093,,,,8894.451171875
,3094,,,,10267.8017578125
,3095,,,,7852.3466796875
,3096,,,,9969.1923828125
,3097,,,,7927.0166015625
,3098,,,,9606.771484375
,3099,,,,13344.005859375
49,12249,,,10163.181640625,
49,12249,10430.6103515625,,,
50,12299,,9501.734375,,
50,12349,,11569.533203125,,
50,12399,,10187.578125,,
50,12449,,11316.599609375,,
,3100,,,,6961.18359375
,3101,,,,10150.2734375
,3102,,,,9573.642578125
,3103,,,,9205.548828125
,3104,,,,7482.9873046875
,3105,,,,7810.5146484375
,3106,,,,10405.1298828125
,3107,,,,9057.0859375
,3108,,,,9317.2119140625
,3109,,,,8444.1455078125
,3110,,,,9894.701171875
,3111,,,,11469.2158203125
,3112,,,,9591.3505859375
,3113,,,,11516.34375
,3114,,,,13131.603515625
,3115,,,,10899.095703125
,3116,,,,8977.064453125
,3117,,,,10789.693359375
,3118,,,,10548.546875
,3119,,,,9752.3837890625
,3120,,,,9670.142578125
,3121,,,,11633.431640625
,3122,,,,10862.935546875
,3123,,,,8836.490234375
,3124,,,,10485.4013671875
,3125,,,,8668.751953125
,3126,,,,13462.5625
,3127,,,,10243.4765625
,3128,,,,9090.083984375
,3129,,,,9877.8896484375
,3130,,,,11152.509765625
,3131,,,,9535.23828125
,3132,,,,10371.951171875
,3133,,,,9073.4638671875
,3134,,,,11684.6025390625
,3135,,,,10987.6640625
,3136,,,,9473.751953125
,3137,,,,11583.857421875
,3138,,,,9389.0947265625
,3139,,,,8911.4443359375
,3140,,,,11212.7880859375
,3141,,,,11416.4306640625
,3142,,,,12295.892578125
,3143,,,,8956.578125
,3144,,,,12377.685546875
,3145,,,,11717.1142578125
,3146,,,,11871.00390625
,3147,,,,11213.15625
,3148,,,,9476.6123046875
,3149,,,,10652.4189453125
,3150,,,,11596.138671875
,3151,,,,8745.40625
,3152,,,,12730.744140625
,3153,,,,11648.244140625
,3154,,,,8746.060546875
,3155,,,,8916.89453125
,3156,,,,10271.615234375
,3157,,,,7823.05859375
,3158,,,,9915.21875
,3159,,,,7906.52099609375
,3160,,,,9612.099609375
,3161,,,,13388.8193359375
50,12494,,,10160.333984375,
50,12494,10420.3251953125,,,
51,12499,,10625.9599609375,,
51,12549,,10591.330078125,,
51,12599,,11578.189453125,,
51,12649,,11245.0234375,,
51,12699,,8914.857421875,,
,3162,,,,6944.0107421875
,3163,,,,10074.16015625
,3164,,,,9507.4921875
,3165,,,,9094.5224609375
,3166,,,,7437.17578125
,3167,,,,7745.8203125
,3168,,,,10316.5625
,3169,,,,8994.185546875
,3170,,,,9294.7734375
,3171,,,,8372.716796875
,3172,,,,9803.876953125
,3173,,,,11361.515625
,3174,,,,9530.087890625
,3175,,,,11403.3828125
,3176,,,,13077.0625
,3177,,,,10787.23828125
,3178,,,,8923.5693359375
,3179,,,,10650.158203125
,3180,,,,10471.302734375
,3181,,,,9663.5439453125
,3182,,,,9575.3876953125
,3183,,,,11551.853515625
,3184,,,,10802.033203125
,3185,,,,8738.6201171875
,3186,,,,10438.736328125
,3187,,,,8586.861328125
,3188,,,,13355.251953125
,3189,,,,10174.015625
,3190,,,,9053.443359375
,3191,,,,9799.75
,3192,,,,11084.060546875
,3193,,,,9452.2255859375
,3194,,,,10291.5087890625
,3195,,,,8991.828125
,3196,,,,11594.5712890625
,3197,,,,10945.021484375
,3198,,,,9409.3359375
,3199,,,,11470.7685546875
,3200,,,,9303.5556640625
,3201,,,,8867.1162109375
,3202,,,,11138.673828125
,3203,,,,11346.662109375
,3204,,,,12197.736328125
,3205,,,,8878.724609375
,3206,,,,12259.1484375
,3207,,,,11630.7919921875
,3208,,,,11787.484375
,3209,,,,11159.55859375
,3210,,,,9404.876953125
,3211,,,,10571.03125
,3212,,,,11477.99609375
,3213,,,,8648.888671875
,3214,,,,12674.0068359375
,3215,,,,11526.8798828125
,3216,,,,8707.447265625
,3217,,,,8852.076171875
,3218,,,,10125.162109375
,3219,,,,7786.42431640625
,3220,,,,9837.548828125
,3221,,,,7856.17626953125
,3222,,,,9530.6064453125
,3223,,,,13296.3642578125
51,12739,,,10082.625,
51,12739,10393.73046875,,,
52,12749,,10994.689453125,,
52,12799,,11136.751953125,,
52,12849,,10373.939453125,,
52,12899,,10817.287109375,,
52,12949,,9888.736328125,,
,3224,,,,6909.79248046875
,3225,,,,10072.767578125
,3226,,,,9533.4296875
,3227,,,,9088.984375
,3228,,,,7431.197265625
,3229,,,,7744.6708984375
,3230,,,,10312.591796875
,3231,,,,9029.4072265625
,3232,,,,9277.1611328125
,3233,,,,8386.044921875
,3234,,,,9822.4814453125
,3235,,,,11399.8125
,3236,,,,9522.2216796875
,3237,,,,11397.94921875
,3238,,,,13057.5234375
,3239,,,,10826.103515625
,3240,,,,8895.341796875
,3241,,,,10722.943359375
,3242,,,,10472.025390625
,3243,,,,9634.33984375
,3244,,,,9588.7822265625
,3245,,,,11556.6533203125
,3246,,,,10811.75390625
,3247,,,,8750.2509765625
,3248,,,,10435.0615234375
,3249,,,,8589.654296875
,3250,,,,13352.68359375
,3251,,,,10142.3564453125
,3252,,,,9079.51171875
,3253,,,,9818.216796875
,3254,,,,11064.98046875
,3255,,,,9432.9560546875
,3256,,,,10314.48828125
,3257,,,,8997.86328125
,3258,,,,11587.2490234375
,3259,,,,10904.5654296875
,3260,,,,9386.060546875
,3261,,,,11467.9013671875
,3262,,,,9272.52734375
,3263,,,,8863.0322265625
,3264,,,,11111.5390625
,3265,,,,11322.6142578125
,3266,,,,12216.7705078125
,3267,,,,8861.83984375
,3268,,,,12266.2109375
,3269,,,,11638.056640625
,3270,,,,11777.552734375
,3271,,,,11153.109375
,3272,,,,9403.419921875
,3273,,,,10558.25
,3274,,,,11476.830078125
,3275,,,,8688.9189453125
,3276,,,,12677.8486328125
,3277,,,,11588.58984375
,3278,,,,8699.123046875
,3279,,,,8828.630859375
,3280,,,,10156.341796875
,3281,,,,7761.56103515625
,3282,,,,9795.091796875
,3283,,,,7863.12353515625
,3284,,,,9521.349609375
,3285,,,,13281.1318359375
52,12984,,,10082.29296875,
52,12984,10379.48828125,,,
53,12999,,9843.037109375,,
53,13049,,10462.81640625,,
53,13099,,11337.88671875,,
53,13149,,11114.5302734375,,
53,13199,,8599.3525390625,,
,3286,,,,6797.43359375
,3287,,,,9978.79296875
,3288,,,,9468.052734375
,3289,,,,9057.7099609375
,3290,,,,7367.0146484375
,3291,,,,7694.17578125
,3292,,,,10251.1640625
,3293,,,,8896.939453125
,3294,,,,9185.6923828125
,3295,,,,8333.03125
,3296,,,,9717.0986328125
,3297,,,,11302.75
,3298,,,,9411.896484375
,3299,,,,11258.1591796875
,3300,,,,12982.421875
,3301,,,,10714.126953125
,3302,,,,8810.6865234375
,3303,,,,10593.6103515625
,3304,,,,10371.1875
,3305,,,,9564.01953125
,3306,,,,9489.9931640625
,3307,,,,11462.0
,3308,,,,10711.2841796875
,3309,,,,8684.494140625
,3310,,,,10374.69140625
,3311,,,,8497.86328125
,3312,,,,13272.017578125
,3313,,,,10064.375
,3314,,,,8979.291015625
,3315,,,,9743.005859375
,3316,,,,11030.91015625
,3317,,,,9408.4921875
,3318,,,,10242.81640625
,3319,,,,8965.126953125
,3320,,,,11565.61328125
,3321,,,,10863.48046875
,3322,,,,9325.966796875
,3323,,,,11397.431640625
,3324,,,,9214.90625
,3325,,,,8759.07421875
,3326,,,,11052.60546875
,3327,,,,11228.705078125
,3328,,,,12108.720703125
,3329,,,,8749.0537109375
,3330,,,,12181.53515625
,3331,,,,11556.626953125
,3332,,,,11692.453125
,3333,,,,11082.28125
,3334,,,,9377.1953125
,3335,,,,10465.220703125
,3336,,,,11401.400390625
,3337,,,,8628.47265625
,3338,,,,12584.009765625
,3339,,,,11512.712890625
,3340,,,,8670.7080078125
,3341,,,,8758.6552734375
,3342,,,,10069.0390625
,3343,,,,7675.61328125
,3344,,,,9735.037109375
,3345,,,,7800.37451171875
,3346,,,,9453.2109375
,3347,,,,13268.46484375
53,13229,,,10005.0205078125,
53,13229,10362.0908203125,,,
54,13249,,10312.912109375,,
54,13299,,10954.61328125,,
54,13349,,9193.26953125,,
54,13399,,10570.451171875,,
54,13449,,12365.09765625,,
,3348,,,,6874.53076171875
,3349,,,,10003.2294921875
,3350,,,,9499.9599609375
,3351,,,,9038.03515625
,3352,,,,7388.11572265625
,3353,,,,7685.53515625
,3354,,,,10272.59765625
,3355,,,,8976.90234375
,3356,,,,9268.529296875
,3357,,,,8316.1748046875
,3358,,,,9773.583984375
,3359,,,,11337.9375
,3360,,,,9485.6806640625
,3361,,,,11336.4248046875
,3362,,,,13006.6845703125
,3363,,,,10723.490234375
,3364,,,,8856.453125
,3365,,,,10667.4287109375
,3366,,,,10439.794921875
,3367,,,,9588.7314453125
,3368,,,,9499.0576171875
,3369,,,,11535.3515625
,3370,,,,10757.15625
,3371,,,,8719.3515625
,3372,,,,10392.90625
,3373,,,,8531.0400390625
,3374,,,,13257.0185546875
,3375,,,,10067.0283203125
,3376,,,,9041.1123046875
,3377,,,,9757.33984375
,3378,,,,11000.115234375
,3379,,,,9384.005859375
,3380,,,,10228.5859375
,3381,,,,8920.236328125
,3382,,,,11514.494140625
,3383,,,,10911.341796875
,3384,,,,9313.818359375
,3385,,,,11425.2744140625
,3386,,,,9221.4921875
,3387,,,,8784.5234375
,3388,,,,11119.7734375
,3389,,,,11311.583984375
,3390,,,,12111.609375
,3391,,,,8818.375
,3392,,,,12194.0556640625
,3393,,,,11579.318359375
,3394,,,,11758.470703125
,3395,,,,11074.1640625
,3396,,,,9317.734375
,3397,,,,10522.6123046875
,3398,,,,11407.271484375
,3399,,,,8626.59375
,3400,,,,12596.0126953125
,3401,,,,11522.6875
,3402,,,,8660.81640625
,3403,,,,8789.5712890625
,3404,,,,10097.5966796875
,3405,,,,7732.0771484375
,3406,,,,9773.890625
,3407,,,,7797.2412109375
,3408,,,,9492.619140625
,3409,,,,13174.138671875
54,13474,,,10029.3955078125,
54,13474,10340.271484375,,,
55,13499,,10152.49609375,,
55,13549,,10351.6845703125,,
55,13599,,10702.693359375,,
55,13649,,12028.3876953125,,
55,13699,,10376.6923828125,,
,3410,,,,6873.83349609375
,3411,,,,10011.390625
,3412,,,,9442.5234375
,3413,,,,9039.18359375
,3414,,,,7374.48046875
,3415,,,,7695.14599609375
,3416,,,,10247.76953125
,3417,,,,8939.8857421875
,3418,,,,9222.43359375
,3419,,,,8336.6484375
,3420,,,,9728.287109375
,3421,,,,11321.607421875
,3422,,,,9461.84375
,3423,,,,11308.162109375
,3424,,,,12986.958984375
,3425,,,,10705.017578125
,3426,,,,8846.109375
,3427,,,,10602.41015625
,3428,,,,10412.546875
,3429,,,,9567.8837890625
,3430,,,,9483.53125
,3431,,,,11470.802734375
,3432,,,,10747.099609375
,3433,,,,8673.3603515625
,3434,,,,10380.3515625
,3435,,,,8535.9853515625
,3436,,,,13247.99609375
,3437,,,,10054.265625
,3438,,,,9031.13671875
,3439,,,,9760.041015625
,3440,,,,10999.70703125
,3441,,,,9369.232421875
,3442,,,,10242.791015625
,3443,,,,8934.3974609375
,3444,,,,11502.064453125
,3445,,,,10885.203125
,3446,,,,9308.5146484375
,3447,,,,11385.802734375
,3448,,,,9210.9609375
,3449,,,,8776.8388671875
,3450,,,,11067.4072265625
,3451,,,,11258.71484375
,3452,,,,12116.638671875
,3453,,,,8786.65625
,3454,,,,12171.837890625
,3455,,,,11570.4423828125
,3456,,,,11679.091796875
,3457,,,,11109.9267578125
,3458,,,,9338.0888671875
,3459,,,,10489.5244140625
,3460,,,,11398.865234375
,3461,,,,8610.265625
,3462,,,,12573.548828125
,3463,,,,11502.6669921875
,3464,,,,8670.537109375
,3465,,,,8767.9580078125
,3466,,,,10069.5478515625
,3467,,,,7721.544921875
,3468,,,,9743.17578125
,3469,,,,7786.10205078125
,3470,,,,9475.8330078125
,3471,,,,13227.8935546875
55,13719,,,10012.068359375,
55,13719,10322.4228515625,,,
56,13749,,11537.005859375,,
56,13799,,10527.50390625,,
56,13849,,9315.1669921875,,
56,13899,,9571.361328125,,
56,13949,,10972.326171875,,
,3472,,,,6866.35107421875
,3473,,,,10005.83984375
,3474,,,,9415.17578125
,3475,,,,9020.32421875
,3476,,,,7366.9169921875
,3477,,,,7667.53955078125
,3478,,,,10241.5146484375
,3479,,,,8926.03515625
,3480,,,,9214.619140625
,3481,,,,8297.6875
,3482,,,,9678.43359375
,3483,,,,11292.0546875
,3484,,,,9467.79296875
,3485,,,,11304.2255859375
,3486,,,,12967.87890625
,3487,,,,10691.380859375
,3488,,,,8868.658203125
,3489,,,,10585.841796875
,3490,,,,10402.5400390625
,3491,,,,9545.8828125
,3492,,,,9445.65625
,3493,,,,11459.884765625
,3494,,,,10722.75
,3495,,,,8671.3671875
,3496,,,,10337.517578125
,3497,,,,8509.58203125
,3498,,,,13205.359375
,3499,,,,10054.8828125
,3500,,,,9021.9306640625
,3501,,,,9736.060546875
,3502,,,,10957.474609375
,3503,,,,9363.0087890625
,3504,,,,10214.654296875
,3505,,,,8903.818359375
,3506,,,,11469.40234375
,3507,,,,10897.2001953125
,3508,,,,9272.818359375
,3509,,,,11384.927734375
,3510,,,,9197.8701171875
,3511,,,,8762.2314453125
,3512,,,,11060.2060546875
,3513,,,,11269.861328125
,3514,,,,12080.7919921875
,3515,,,,8771.30859375
,3516,,,,12135.30078125
,3517,,,,11559.146484375
,3518,,,,11676.1943359375
,3519,,,,11058.734375
,3520,,,,9308.587890625
,3521,,,,10468.6494140625
,3522,,,,11359.0703125
,3523,,,,8582.28125
,3524,,,,12543.525390625
,3525,,,,11438.482421875
,3526,,,,8639.6552734375
,3527,,,,8736.8046875
,3528,,,,10068.1552734375
,3529,,,,7732.6904296875
,3530,,,,9744.552734375
,3531,,,,7755.45751953125
,3532,,,,9457.873046875
,3533,,,,13158.166015625
56,13964,,,9992.7021484375,
56,13964,10307.98046875,,,
57,13999,,10531.0107421875,,
57,14049,,10089.634765625,,
57,14099,,8860.228515625,,
57,14149,,10108.40625,,
57,14199,,9834.7412109375,,
,3534,,,,6841.875
,3535,,,,9977.4130859375
,3536,,,,9422.705078125
,3537,,,,8985.92578125
,3538,,,,7333.67041015625
,3539,,,,7667.14501953125
,3540,,,,10212.16796875
,3541,,,,8896.2294921875
,3542,,,,9175.3671875
,3543,,,,8255.994140625
,3544,,,,9695.0908203125
,3545,,,,11277.6015625
,3546,,,,9455.7607421875
,3547,,,,11270.38671875
,3548,,,,12930.720703125
,3549,,,,10698.892578125
,3550,,,,8811.5078125
,3551,,,,10568.0751953125
,3552,,,,10371.3974609375
,3553,,,,9544.857421875
,3554,,,,9469.1865234375
,3555,,,,11419.15234375
,3556,,,,10699.873046875
,3557,,,,8658.7255859375
,3558,,,,10348.982421875
,3559,,,,8475.9033203125
,3560,,,,13190.7890625
,3561,,,,10065.35546875
,3562,,,,8973.6328125
,3563,,,,9707.8671875
,3564,,,,10953.962890625
,3565,,,,9322.60546875
,3566,,,,10192.5693359375
,3567,,,,8910.48828125
,3568,,,,11459.076171875
,3569,,,,10816.970703125
,3570,,,,9266.412109375
,3571,,,,11378.7763671875
,3572,,,,9195.06640625
,3573,,,,8746.12890625
,3574,,,,11008.486328125
,3575,,,,11215.09765625
,3576,,,,12089.0263671875
,3577,,,,8754.310546875
,3578,,,,12115.4765625
,3579,,,,11567.4609375
,3580,,,,11649.4541015625
,3581,,,,11040.3798828125
,3582,,,,9288.841796875
,3583,,,,10445.552734375
,3584,,,,11361.654296875
,3585,,,,8578.9140625
,3586,,,,12534.009765625
,3587,,,,11423.47265625
,3588,,,,8600.5302734375
,3589,,,,8746.634765625
,3590,,,,10044.083984375
,3591,,,,7689.6611328125
,3592,,,,9691.162109375
,3593,,,,7748.8154296875
,3594,,,,9429.232421875
,3595,,,,13125.2841796875
57,14209,,,9973.05078125,
57,14209,10280.552734375,,,
58,14249,,10133.3271484375,,
58,14299,,8038.5205078125,,
58,14349,,8458.458984375,,
58,14399,,9013.6103515625,,
58,14449,,11189.017578125,,
,3596,,,,6757.904296875
,3597,,,,9896.62890625
,3598,,,,9357.7158203125
,3599,,,,8931.9814453125
,3600,,,,7271.28125
,3601,,,,7594.1474609375
,3602,,,,10140.8486328125
,3603,,,,8821.615234375
,3604,,,,9100.3798828125
,3605,,,,8194.248046875
,3606,,,,9588.1630859375
,3607,,,,11185.2978515625
,3608,,,,9335.4541015625
,3609,,,,11184.7470703125
,3610,,,,12833.744140625
,3611,,,,10629.412109375
,3612,,,,8728.37890625
,3613,,,,10516.1103515625
,3614,,,,10292.05859375
,3615,,,,9448.6162109375
,3616,,,,9382.9453125
,3617,,,,11319.666015625
,3618,,,,10630.0283203125
,3619,,,,8593.2744140625
,3620,,,,10265.3046875
,3621,,,,8416.27734375
,3622,,,,13115.05859375
,3623,,,,9962.634765625
,3624,,,,8885.564453125
,3625,,,,9635.287109375
,3626,,,,10885.5419921875
,3627,,,,9244.2421875
,3628,,,,10113.072265625
,3629,,,,8847.29296875
,3630,,,,11374.736328125
,3631,,,,10719.38671875
,3632,,,,9184.3916015625
,3633,,,,11295.73046875
,3634,,,,9112.99609375
,3635,,,,8647.001953125
,3636,,,,10901.9580078125
,3637,,,,11098.693359375
,3638,,,,11997.986328125
,3639,,,,8677.169921875
,3640,,,,12058.369140625
,3641,,,,11485.75390625
,3642,,,,11548.35546875
,3643,,,,10960.099609375
,3644,,,,9232.8544921875
,3645,,,,10365.03515625
,3646,,,,11271.0244140625
,3647,,,,8493.8193359375
,3648,,,,12439.830078125
,3649,,,,11360.384765625
,3650,,,,8536.5
,3651,,,,8664.9462890625
,3652,,,,9960.212890625
,3653,,,,7606.81591796875
,3654,,,,9572.3935546875
,3655,,,,7686.4609375
,3656,,,,9337.513671875
,3657,,,,13102.072265625
58,14454,,,9891.7607421875,
58,14454,10263.5595703125,,,
59,14499,,9219.0498046875,,
59,14549,,12339.9375,,
59,14599,,8788.0732421875,,
59,14649,,6812.28125,,
59,14699,,8464.439453125,,
,3658,,,,6826.92431640625
,3659,,,,9928.900390625
,3660,,,,9388.94140625
,3661,,,,8965.09375
,3662,,,,7323.04345703125
,3663,,,,7625.8154296875
,3664,,,,10172.646484375
,3665,,,,8865.169921875
,3666,,,,9156.138671875
,3667,,,,8219.38671875
,3668,,,,9624.8076171875
,3669,,,,11250.1845703125
,3670,,,,9401.2294921875
,3671,,,,11242.3046875
,3672,,,,12920.513671875
,3673,,,,10630.83203125
,3674,,,,8778.859375
,3675,,,,10576.68359375
,3676,,,,10354.69921875
,3677,,,,9470.376953125
,3678,,,,9443.701171875
,3679,,,,11400.287109375
,3680,,,,10681.109375
,3681,,,,8623.443359375
,3682,,,,10292.228515625
,3683,,,,8428.328125
,3684,,,,13148.970703125
,3685,,,,9978.232421875
,3686,,,,8967.337890625
,3687,,,,9664.1318359375
,3688,,,,10891.244140625
,3689,,,,9252.38671875
,3690,,,,10157.7529296875
,3691,,,,8852.62890625
,3692,,,,11397.80078125
,3693,,,,10787.77734375
,3694,,,,9231.7890625
,3695,,,,11322.94921875
,3696,,,,9163.302734375
,3697,,,,8709.0751953125
,3698,,,,10963.49609375
,3699,,,,11186.98046875
,3700,,,,12011.2451171875
,3701,,,,8727.3525390625
,3702,,,,12109.162109375
,3703,,,,11493.3056640625
,3704,,,,11621.091796875
,3705,,,,10978.17578125
,3706,,,,9263.880859375
,3707,,,,10419.4765625
,3708,,,,11277.001953125
,3709,,,,8518.92578125
,3710,,,,12466.060546875
,3711,,,,11402.083984375
,3712,,,,8564.8203125
,3713,,,,8692.056640625
,3714,,,,10018.9169921875
,3715,,,,7673.62353515625
,3716,,,,9654.765625
,3717,,,,7717.85009765625
,3718,,,,9397.6669921875
,3719,,,,13073.51953125
59,14699,,,9933.798828125,
59,14699,10248.25390625,,,
60,14749,,10201.201171875,,
60,14799,,12062.548828125,,
60,14849,,11466.109375,,
60,14899,,8685.646484375,,
,3720,,,,6819.7216796875
,3721,,,,9929.197265625
,3722,,,,9426.3828125
,3723,,,,8977.87890625
,3724,,,,7345.69677734375
,3725,,,,7668.8828125
,3726,,,,10191.4755859375
,3727,,,,8870.115234375
,3728,,,,9163.072265625
,3729,,,,8254.138671875
,3730,,,,9666.0244140625
,3731,,,,11282.54296875
,3732,,,,9397.783203125
,3733,,,,11210.23046875
,3734,,,,12921.392578125
,3735,,,,10669.396484375
,3736,,,,8752.4677734375
,3737,,,,10554.3203125
,3738,,,,10340.4873046875
,3739,,,,9543.572265625
,3740,,,,9516.888671875
,3741,,,,11412.064453125
,3742,,,,10677.677734375
,3743,,,,8670.625
,3744,,,,10346.333984375
,3745,,,,8476.115234375
,3746,,,,13201.55859375
,3747,,,,10051.296875
,3748,,,,8923.900390625
,3749,,,,9662.111328125
,3750,,,,10966.544921875
,3751,,,,9320.833984375
,3752,,,,10161.951171875
,3753,,,,8879.3056640625
,3754,,,,11478.2373046875
,3755,,,,10780.685546875
,3756,,,,9284.34375
,3757,,,,11369.404296875
,3758,,,,9186.015625
,3759,,,,8767.478515625
,3760,,,,10941.04296875
,3761,,,,11168.095703125
,3762,,,,12063.6630859375
,3763,,,,8740.4140625
,3764,,,,12117.205078125
,3765,,,,11526.69921875
,3766,,,,11646.7978515625
,3767,,,,11004.6279296875
,3768,,,,9297.283203125
,3769,,,,10446.478515625
,3770,,,,11339.087890625
,3771,,,,8569.455078125
,3772,,,,12500.1650390625
,3773,,,,11442.1357421875
,3774,,,,8601.4599609375
,3775,,,,8711.33984375
,3776,,,,10072.81640625
,3777,,,,7688.1845703125
,3778,,,,9720.396484375
,3779,,,,7741.732421875
,3780,,,,9429.009765625
,3781,,,,13209.1181640625
60,14944,,,9960.603515625,
60,14944,10235.4189453125,,,
61,14949,,10203.958984375,,
61,14999,,9953.8251953125,,
61,15049,,9251.357421875,,
61,15099,,11003.169921875,,
61,15149,,8528.865234375,,
,3782,,,,6791.2705078125
,3783,,,,9920.59765625
,3784,,,,9366.962890625
,3785,,,,8966.0546875
,3786,,,,7307.564453125
,3787,,,,7641.29833984375
,3788,,,,10176.19140625
,3789,,,,8823.2099609375
,3790,,,,9109.109375
,3791,,,,8225.466796875
,3792,,,,9605.005859375
,3793,,,,11187.724609375
,3794,,,,9355.2919921875
,3795,,,,11178.18359375
,3796,,,,12849.638671875
,3797,,,,10633.326171875
,3798,,,,8742.732421875
,3799,,,,10523.283203125
,3800,,,,10289.19921875
,3801,,,,9463.64453125
,3802,,,,9475.6611328125
,3803,,,,11335.93359375
,3804,,,,10633.814453125
,3805,,,,8634.1015625
,3806,,,,10260.623046875
,3807,,,,8437.146484375
,3808,,,,13126.638671875
,3809,,,,9978.306640625
,3810,,,,8885.025390625
,3811,,,,9646.56640625
,3812,,,,10930.494140625
,3813,,,,9286.9765625
,3814,,,,10147.3359375
,3815,,,,8866.615234375
,3816,,,,11424.8037109375
,3817,,,,10728.55859375
,3818,,,,9224.203125
,3819,,,,11316.3818359375
,3820,,,,9147.8505859375
,3821,,,,8671.6435546875
,3822,,,,10922.6181640625
,3823,,,,11112.1875
,3824,,,,12014.6611328125
,3825,,,,8703.982421875
,3826,,,,12085.08203125
,3827,,,,11491.6884765625
,3828,,,,11548.0517578125
,3829,,,,10973.15234375
,3830,,,,9271.41015625
,3831,,,,10369.455078125
,3832,,,,11296.9365234375
,3833,,,,8521.037109375
,3834,,,,12452.498046875
,3835,,,,11383.3388671875
,3836,,,,8568.3857421875
,3837,,,,8676.6845703125
,3838,,,,10003.0673828125
,3839,,,,7644.5244140625
,3840,,,,9607.0712890625
,3841,,,,7729.9453125
,3842,,,,9371.916015625
,3843,,,,13065.40234375
61,15189,,,9913.9580078125,
61,15189,10215.7138671875,,,
62,15199,,6869.5068359375,,
62,15249,,9271.1298828125,,
62,15299,,9731.6806640625,,
62,15349,,11964.748046875,,
62,15399,,12858.51171875,,
,3844,,,,6727.501953125
,3845,,,,9856.923828125
,3846,,,,9273.5859375
,3847,,,,8869.166015625
,3848,,,,7224.91748046875
,3849,,,,7545.9033203125
,3850,,,,10105.548828125
,3851,,,,8777.603515625
,3852,,,,9051.990234375
,3853,,,,8122.6953125
,3854,,,,9543.0234375
,3855,,,,11130.392578125
,3856,,,,9286.0390625
,3857,,,,11092.529296875
,3858,,,,12798.52734375
,3859,,,,10527.009765625
,3860,,,,8702.12109375
,3861,,,,10413.232421875
,3862,,,,10226.775390625
,3863,,,,9397.2734375
,3864,,,,9339.0234375
,3865,,,,11295.634765625
,3866,,,,10587.09375
,3867,,,,8567.943359375
,3868,,,,10196.994140625
,3869,,,,8355.271484375
,3870,,,,13056.388671875
,3871,,,,9902.4375
,3872,,,,8832.2529296875
,3873,,,,9582.40234375
,3874,,,,10834.87890625
,3875,,,,9197.529296875
,3876,,,,10034.515625
,3877,,,,8756.2138671875
,3878,,,,11298.9404296875
,3879,,,,10701.2333984375
,3880,,,,9164.2744140625
,3881,,,,11219.353515625
,3882,,,,9065.849609375
,3883,,,,8610.8984375
,3884,,,,10852.7060546875
,3885,,,,11066.34765625
,3886,,,,11922.560546875
,3887,,,,8622.005859375
,3888,,,,11978.583984375
,3889,,,,11413.73046875
,3890,,,,11496.3935546875
,3891,,,,10920.625
,3892,,,,9175.791015625
,3893,,,,10314.005859375
,3894,,,,11217.1650390625
,3895,,,,8447.091796875
,3896,,,,12373.03515625
,3897,,,,11300.529296875
,3898,,,,8496.669921875
,3899,,,,8616.787109375
,3900,,,,9896.2421875
,3901,,,,7580.23779296875
,3902,,,,9545.6064453125
,3903,,,,7646.1083984375
,3904,,,,9270.1689453125
,3905,,,,12989.3349609375
62,15434,,,9837.9306640625,
62,15434,10192.7822265625,,,
63,15449,,12974.8935546875,,
63,15499,,10138.85546875,,
63,15549,,11024.4560546875,,
63,15599,,8098.63330078125,,
63,15649,,10800.0634765625,,
,3906,,,,6784.73095703125
,3907,,,,9880.2109375
,3908,,,,9353.705078125
,3909,,,,8928.525390625
,3910,,,,7269.7197265625
,3911,,,,7596.6953125
,3912,,,,10140.67578125
,3913,,,,8808.359375
,3914,,,,9089.94921875
,3915,,,,8186.501953125
,3916,,,,9589.2490234375
,3917,,,,11176.3115234375
,3918,,,,9333.4404296875
,3919,,,,11127.861328125
,3920,,,,12835.650390625
,3921,,,,10568.7490234375
,3922,,,,8706.890625
,3923,,,,10486.732421875
,3924,,,,10262.27734375
,3925,,,,9434.283203125
,3926,,,,9405.681640625
,3927,,,,11320.021484375
,3928,,,,10619.5283203125
,3929,,,,8588.5576171875
,3930,,,,10244.287109375
,3931,,,,8407.8779296875
,3932,,,,13086.37109375
,3933,,,,9928.505859375
,3934,,,,8877.4833984375
,3935,,,,9607.6259765625
,3936,,,,10864.03515625
,3937,,,,9216.236328125
,3938,,,,10083.0
,3939,,,,8812.712890625
,3940,,,,11342.0322265625
,3941,,,,10690.0546875
,3942,,,,9197.376953125
,3943,,,,11261.1513671875
,3944,,,,9094.134765625
,3945,,,,8625.087890625
,3946,,,,10872.2880859375
,3947,,,,11084.3359375
,3948,,,,11960.8212890625
,3949,,,,8670.4697265625
,3950,,,,12036.9775390625
,3951,,,,11448.1494140625
,3952,,,,11512.9580078125
,3953,,,,10947.880859375
,3954,,,,9225.1806640625
,3955,,,,10355.4208984375
,3956,,,,11236.7421875
,3957,,,,8508.07421875
,3958,,,,12400.232421875
,3959,,,,11342.556640625
,3960,,,,8534.560546875
,3961,,,,8635.46875
,3962,,,,9951.869140625
,3963,,,,7615.97900390625
,3964,,,,9554.017578125
,3965,,,,7672.8564453125
,3966,,,,9340.19140625
,3967,,,,13023.794921875
63,15679,,,9875.8671875,
63,15679,10179.486328125,,,
64,15699,,10071.0732421875,,
64,15749,,9396.9560546875,,
64,15799,,8822.2734375,,
64,15849,,13168.365234375,,
64,15899,,10216.474609375,,
,3968,,,,6754.37109375
,3969,,,,9859.724609375
,3970,,,,9331.4140625
,3971,,,,8910.8203125
,3972,,,,7267.1064453125
,3973,,,,7547.6328125
,3974,,,,10101.611328125
,3975,,,,8801.8623046875
,3976,,,,9087.234375
,3977,,,,8145.4208984375
,3978,,,,9569.310546875
,3979,,,,11171.3154296875
,3980,,,,9324.564453125
,3981,,,,11117.353515625
,3982,,,,12836.376953125
,3983,,,,10535.935546875
,3984,,,,8720.8046875
,3985,,,,10462.42578125
,3986,,,,10268.802734375
,3987,,,,9424.6572265625
,3988,,,,9381.576171875
,3989,,,,11334.099609375
,3990,,,,10591.353515625
,3991,,,,8582.62890625
,3992,,,,10226.6630859375
,3993,,,,8376.4228515625
,3994,,,,13081.826171875
,3995,,,,9926.9541015625
,3996,,,,8866.298828125
,3997,,,,9601.404296875
,3998,,,,10844.8408203125
,3999,,,,9206.9453125
,4000,,,,10061.662109375
,4001,,,,8784.4794921875
,4002,,,,11326.109375
,4003,,,,10708.26953125
,4004,,,,9190.271484375
,4005,,,,11244.1220703125
,4006,,,,9094.796875
,4007,,,,8620.1201171875
,4008,,,,10906.1015625
,4009,,,,11109.875
,4010,,,,11944.7900390625
,4011,,,,8656.6787109375
,4012,,,,12009.3203125
,4013,,,,11433.017578125
,4014,,,,11551.79296875
,4015,,,,10916.353515625
,4016,,,,9187.9423828125
,4017,,,,10331.078125
,4018,,,,11208.9453125
,4019,,,,8486.7421875
,4020,,,,12386.748046875
,4021,,,,11319.28515625
,4022,,,,8521.30859375
,4023,,,,8636.814453125
,4024,,,,9965.474609375
,4025,,,,7606.619140625
,4026,,,,9582.626953125
,4027,,,,7656.484375
,4028,,,,9333.119140625
,4029,,,,13025.833984375
64,15924,,,9864.46484375,
64,15924,10163.1044921875,,,
65,15949,,8771.7578125,,
65,15999,,10055.546875,,
65,16049,,9608.4638671875,,
65,16099,,9016.509765625,,
65,16149,,9997.517578125,,
,4030,,,,6783.5927734375
,4031,,,,9884.107421875
,4032,,,,9302.4375
,4033,,,,8913.7109375
,4034,,,,7248.9853515625
,4035,,,,7560.93017578125
,4036,,,,10099.1708984375
,4037,,,,8784.498046875
,4038,,,,9057.0576171875
,4039,,,,8146.564453125
,4040,,,,9553.7119140625
,4041,,,,11171.470703125
,4042,,,,9358.564453125
,4043,,,,11142.115234375
,4044,,,,12802.205078125
,4045,,,,10550.6826171875
,4046,,,,8731.51953125
,4047,,,,10461.6904296875
,4048,,,,10258.9453125
,4049,,,,9447.13671875
,4050,,,,9348.693359375
,4051,,,,11307.810546875
,4052,,,,10610.8212890625
,4053,,,,8570.3583984375
,4054,,,,10204.0771484375
,4055,,,,8399.296875
,4056,,,,13056.017578125
,4057,,,,9914.6103515625
,4058,,,,8873.416015625
,4059,,,,9622.1953125
,4060,,,,10837.904296875
,4061,,,,9187.3828125
,4062,,,,10063.8828125
,4063,,,,8779.69140625
,4064,,,,11285.4892578125
,4065,,,,10680.796875
,4066,,,,9180.025390625
,4067,,,,11238.912109375
,4068,,,,9084.9169921875
,4069,,,,8612.123046875
,4070,,,,10880.703125
,4071,,,,11085.005859375
,4072,,,,11963.748046875
,4073,,,,8674.642578125
,4074,,,,12004.876953125
,4075,,,,11444.73828125
,4076,,,,11505.671875
,4077,,,,10924.54296875
,4078,,,,9190.0224609375
,4079,,,,10333.240234375
,4080,,,,11236.708984375
,4081,,,,8455.5439453125
,4082,,,,12376.6630859375
,4083,,,,11299.98828125
,4084,,,,8522.12109375
,4085,,,,8637.2587890625
,4086,,,,9936.03125
,4087,,,,7631.95263671875
,4088,,,,9546.0908203125
,4089,,,,7650.43896484375
,4090,,,,9338.2880859375
,4091,,,,12989.8095703125
65,16169,,,9859.6796875,
65,16169,10146.5595703125,,,
66,16199,,9186.783203125,,
66,16249,,10504.2431640625,,
66,16299,,9031.56640625,,
66,16349,,9906.970703125,,
66,16399,,10303.2431640625,,
,4092,,,,6702.98291015625
,4093,,,,9804.0888671875
,4094,,,,9257.0966796875
,4095,,,,8856.3916015625
,4096,,,,7198.4755859375
,4097,,,,7504.439453125
,4098,,,,10030.177734375
,4099,,,,8718.2421875
,4100,,,,9005.8681640625
,4101,,,,8121.7578125
,4102,,,,9499.7373046875
,4103,,,,11087.685546875
,4104,,,,9268.40234375
,4105,,,,11043.76953125
,4106,,,,12747.7783203125
,4107,,,,10471.8447265625
,4108,,,,8667.9765625
,4109,,,,10386.671875
,4110,,,,10211.53125
,4111,,,,9373.068359375
,4112,,,,9298.53515625
,4113,,,,11248.4697265625
,4114,,,,10545.892578125
,4115,,,,8528.302734375
,4116,,,,10166.931640625
,4117,,,,8339.888671875
,4118,,,,12976.5263671875
,4119,,,,9855.9560546875
,4120,,,,8809.859375
,4121,,,,9559.921875
,4122,,,,10783.076171875
,4123,,,,9136.84765625
,4124,,,,10004.345703125
,4125,,,,8734.1806640625
,4126,,,,11272.134765625
,4127,,,,10644.775390625
,4128,,,,9120.814453125
,4129,,,,11181.767578125
,4130,,,,9031.8759765625
,4131,,,,8535.12109375
,4132,,,,10834.47265625
,4133,,,,11022.2763671875
,4134,,,,11876.873046875
,4135,,,,8590.740234375
,4136,,,,11959.130859375
,4137,,,,11387.14453125
,4138,,,,11445.2236328125
,4139,,,,10849.7109375
,4140,,,,9136.255859375
,4141,,,,10258.2138671875
,4142,,,,11166.5126953125
,4143,,,,8408.5576171875
,4144,,,,12325.87890625
,4145,,,,11241.595703125
,4146,,,,8484.646484375
,4147,,,,8571.427734375
,4148,,,,9876.9619140625
,4149,,,,7565.478515625
,4150,,,,9469.1796875
,4151,,,,7607.544921875
,4152,,,,9276.357421875
,4153,,,,13000.119140625
66,16414,,,9799.7958984375,
66,16414,10122.216796875,,,
67,16449,,7954.9765625,,
67,16499,,8549.55078125,,
67,16549,,11933.8916015625,,
67,16599,,9037.703125,,
67,16649,,9576.822265625,,
,4154,,,,6687.5908203125
,4155,,,,9774.08984375
,4156,,,,9257.986328125
,4157,,,,8800.96875
,4158,,,,7166.240234375
,4159,,,,7487.115234375
,4160,,,,10032.64453125
,4161,,,,8730.2021484375
,4162,,,,9015.6962890625
,4163,,,,8083.2685546875
,4164,,,,9491.96875
,4165,,,,11078.947265625
,4166,,,,9253.705078125
,4167,,,,11016.203125
,4168,,,,12742.85546875
,4169,,,,10471.05078125
,4170,,,,8638.9716796875
,4171,,,,10372.0029296875
,4172,,,,10171.79296875
,4173,,,,9341.552734375
,4174,,,,9245.404296875
,4175,,,,11235.640625
,4176,,,,10533.52734375
,4177,,,,8507.390625
,4178,,,,10151.021484375
,4179,,,,8305.3095703125
,4180,,,,12967.484375
,4181,,,,9824.5556640625
,4182,,,,8826.3330078125
,4183,,,,9530.275390625
,4184,,,,10756.3701171875
,4185,,,,9121.03125
,4186,,,,9955.548828125
,4187,,,,8704.16796875
,4188,,,,11243.884765625
,4189,,,,10651.2001953125
,4190,,,,9075.2783203125
,4191,,,,11142.8427734375
,4192,,,,8987.0634765625
,4193,,,,8520.052734375
,4194,,,,10827.2509765625
,4195,,,,11017.4755859375
,4196,,,,11853.625
,4197,,,,8566.9140625
,4198,,,,11893.826171875
,4199,,,,11358.330078125
,4200,,,,11456.2412109375
,4201,,,,10855.708984375
,4202,,,,9113.4619140625
,4203,,,,10234.873046875
,4204,,,,11134.3603515625
,4205,,,,8394.08984375
,4206,,,,12296.0498046875
,4207,,,,11238.6982421875
,4208,,,,8453.0390625
,4209,,,,8546.650390625
,4210,,,,9846.484375
,4211,,,,7533.4560546875
,4212,,,,9474.650390625
,4213,,,,7581.19775390625
,4214,,,,9257.4033203125
,4215,,,,12939.806640625
67,16659,,,9779.087890625,
67,16659,10110.68359375,,,
68,16699,,9840.41796875,,
68,16749,,10544.205078125,,
68,16799,,11437.267578125,,
68,16849,,8020.599609375,,
68,16899,,9929.162109375,,
,4216,,,,6685.88427734375
,4217,,,,9777.7978515625
,4218,,,,9237.96484375
,4219,,,,8793.2099609375
,4220,,,,7165.234375
,4221,,,,7472.57666015625
,4222,,,,10016.98046875
,4223,,,,8722.4287109375
,4224,,,,8995.947265625
,4225,,,,8055.111328125
,4226,,,,9468.2177734375
,4227,,,,11057.2236328125
,4228,,,,9252.919921875
,4229,,,,11004.7421875
,4230,,,,12719.6162109375
,4231,,,,10454.607421875
,4232,,,,8634.6171875
,4233,,,,10382.376953125
,4234,,,,10163.5859375
,4235,,,,9313.1162109375
,4236,,,,9253.5
,4237,,,,11207.88671875
,4238,,,,10525.09765625
,4239,,,,8489.3740234375
,4240,,,,10107.765625
,4241,,,,8289.52734375
,4242,,,,12936.396484375
,4243,,,,9805.53515625
,4244,,,,8794.76953125
,4245,,,,9507.365234375
,4246,,,,10736.08984375
,4247,,,,9092.4375
,4248,,,,9957.84375
,4249,,,,8701.6806640625
,4250,,,,11193.865234375
,4251,,,,10610.1826171875
,4252,,,,9058.931640625
,4253,,,,11124.927734375
,4254,,,,8992.779296875
,4255,,,,8511.8876953125
,4256,,,,10783.345703125
,4257,,,,10990.02734375
,4258,,,,11839.478515625
,4259,,,,8558.48046875
,4260,,,,11879.5859375
,4261,,,,11347.28125
,4262,,,,11416.794921875
,4263,,,,10831.5712890625
,4264,,,,9104.5087890625
,4265,,,,10227.419921875
,4266,,,,11107.2314453125
,4267,,,,8370.361328125
,4268,,,,12292.470703125
,4269,,,,11201.1357421875
,4270,,,,8438.123046875
,4271,,,,8553.3359375
,4272,,,,9847.0703125
,4273,,,,7527.9931640625
,4274,,,,9438.638671875
,4275,,,,7574.9375
,4276,,,,9236.0830078125
,4277,,,,12852.9091796875
68,16904,,,9762.521484375,
68,16904,10097.6728515625,,,
69,16949,,10241.63671875,,
69,16999,,9499.712890625,,
69,17049,,11459.875,,
69,17099,,10775.318359375,,
69,17149,,8961.080078125,,
,4278,,,,6727.2431640625
,4279,,,,9834.408203125
,4280,,,,9305.26953125
,4281,,,,8872.9755859375
,4282,,,,7220.01513671875
,4283,,,,7545.13427734375
,4284,,,,10071.1728515625
,4285,,,,8762.44140625
,4286,,,,9042.21484375
,4287,,,,8130.3505859375
,4288,,,,9537.7802734375
,4289,,,,11145.2724609375
,4290,,,,9329.9013671875
,4291,,,,11063.583984375
,4292,,,,12760.205078125
,4293,,,,10533.052734375
,4294,,,,8688.14453125
,4295,,,,10425.9501953125
,4296,,,,10231.1171875
,4297,,,,9398.2216796875
,4298,,,,9331.1640625
,4299,,,,11282.2265625
,4300,,,,10566.453125
,4301,,,,8574.4052734375
,4302,,,,10178.23046875
,4303,,,,8349.8525390625
,4304,,,,13027.45703125
,4305,,,,9862.517578125
,4306,,,,8842.10546875
,4307,,,,9553.333984375
,4308,,,,10811.59375
,4309,,,,9167.408203125
,4310,,,,9990.4130859375
,4311,,,,8753.4326171875
,4312,,,,11285.6435546875
,4313,,,,10655.130859375
,4314,,,,9140.982421875
,4315,,,,11188.9541015625
,4316,,,,9035.8359375
,4317,,,,8577.626953125
,4318,,,,10836.29296875
,4319,,,,11060.5224609375
,4320,,,,11913.90625
,4321,,,,8631.2275390625
,4322,,,,11963.1083984375
,4323,,,,11397.1953125
,4324,,,,11507.0966796875
,4325,,,,10877.232421875
,4326,,,,9155.13671875
,4327,,,,10279.966796875
,4328,,,,11195.728515625
,4329,,,,8444.28515625
,4330,,,,12356.72265625
,4331,,,,11276.013671875
,4332,,,,8482.8046875
,4333,,,,8587.6552734375
,4334,,,,9941.9462890625
,4335,,,,7578.83837890625
,4336,,,,9550.79296875
,4337,,,,7613.5498046875
,4338,,,,9312.7587890625
,4339,,,,13007.435546875
69,17149,,,9827.1728515625,
69,17149,10077.3134765625,,,
70,17199,,8309.33984375,,
70,17249,,9204.2548828125,,
70,17299,,10128.9873046875,,
70,17349,,11551.4453125,,
,4340,,,,6647.74755859375
,4341,,,,9736.2890625
,4342,,,,9171.404296875
,4343,,,,8761.22265625
,4344,,,,7144.162109375
,4345,,,,7445.775390625
,4346,,,,9977.2802734375
,4347,,,,8649.388671875
,4348,,,,8941.935546875
,4349,,,,8010.732421875
,4350,,,,9411.265625
,4351,,,,11023.021484375
,4352,,,,9180.095703125
,4353,,,,10950.53515625
,4354,,,,12651.66796875
,4355,,,,10400.345703125
,4356,,,,8583.236328125
,4357,,,,10276.31640625
,4358,,,,10128.1630859375
,4359,,,,9277.875
,4360,,,,9270.041015625
,4361,,,,11162.0498046875
,4362,,,,10464.271484375
,4363,,,,8475.4521484375
,4364,,,,10074.248046875
,4365,,,,8263.552734375
,4366,,,,12905.919921875
,4367,,,,9793.05078125
,4368,,,,8729.763671875
,4369,,,,9445.912109375
,4370,,,,10725.06640625
,4371,,,,9040.8837890625
,4372,,,,9917.103515625
,4373,,,,8648.734375
,4374,,,,11165.0400390625
,4375,,,,10535.6572265625
,4376,,,,9070.7841796875
,4377,,,,11080.265625
,4378,,,,8959.73046875
,4379,,,,8488.1875
,4380,,,,10708.29296875
,4381,,,,10921.3232421875
,4382,,,,11804.89453125
,4383,,,,8517.9970703125
,4384,,,,11847.890625
,4385,,,,11303.7978515625
,4386,,,,11362.900390625
,4387,,,,10767.080078125
,4388,,,,9073.0087890625
,4389,,,,10189.6337890625
,4390,,,,11056.568359375
,4391,,,,8326.7763671875
,4392,,,,12202.93359375
,4393,,,,11135.80859375
,4394,,,,8402.3515625
,4395,,,,8489.982421875
,4396,,,,9798.26171875
,4397,,,,7508.5380859375
,4398,,,,9410.4345703125
,4399,,,,7547.8134765625
,4400,,,,9154.388671875
,4401,,,,12829.6884765625
70,17394,,,9717.958984375,
70,17394,10069.373046875,,,
71,17399,,10993.919921875,,
71,17449,,11202.3017578125,,
71,17499,,9344.740234375,,
71,17549,,10140.4228515625,,
71,17599,,11563.7880859375,,
,4402,,,,6676.13427734375
,4403,,,,9807.26953125
,4404,,,,9273.9384765625
,4405,,,,8840.970703125
,4406,,,,7172.74609375
,4407,,,,7525.8232421875
,4408,,,,10040.72265625
,4409,,,,8725.208984375
,4410,,,,8991.5849609375
,4411,,,,8090.06689453125
,4412,,,,9483.54296875
,4413,,,,11090.3046875
,4414,,,,9265.8671875
,4415,,,,11060.181640625
,4416,,,,12711.77734375
,4417,,,,10494.8125
,4418,,,,8637.888671875
,4419,,,,10413.3603515625
,4420,,,,10181.150390625
,4421,,,,9348.9765625
,4422,,,,9320.154296875
,4423,,,,11219.005859375
,4424,,,,10506.6728515625
,4425,,,,8541.373046875
,4426,,,,10162.6201171875
,4427,,,,8307.4990234375
,4428,,,,12943.8515625
,4429,,,,9845.9951171875
,4430,,,,8790.73828125
,4431,,,,9538.568359375
,4432,,,,10754.921875
,4433,,,,9127.32421875
,4434,,,,9966.1240234375
,4435,,,,8709.64453125
,4436,,,,11233.60546875
,4437,,,,10602.82421875
,4438,,,,9094.6328125
,4439,,,,11188.0791015625
,4440,,,,9001.2900390625
,4441,,,,8512.345703125
,4442,,,,10794.73046875
,4443,,,,10984.498046875
,4444,,,,11877.5654296875
,4445,,,,8557.392578125
,4446,,,,11919.380859375
,4447,,,,11396.15234375
,4448,,,,11433.80078125
,4449,,,,10806.419921875
,4450,,,,9115.408203125
,4451,,,,10229.111328125
,4452,,,,11127.5
,4453,,,,8404.1279296875
,4454,,,,12294.5078125
,4455,,,,11211.201171875
,4456,,,,8456.6708984375
,4457,,,,8544.537109375
,4458,,,,9887.0537109375
,4459,,,,7544.095703125
,4460,,,,9499.029296875
,4461,,,,7592.7822265625
,4462,,,,9243.8125
,4463,,,,12919.3740234375
71,17639,,,9783.6943359375,
71,17639,10051.4423828125,,,
72,17649,,8893.591796875,,
72,17699,,9117.03515625,,
72,17749,,9089.544921875,,
72,17799,,10009.298828125,,
72,17849,,10797.41015625,,
,4464,,,,6653.58544921875
,4465,,,,9744.94921875
,4466,,,,9170.51953125
,4467,,,,8752.9140625
,4468,,,,7129.97900390625
,4469,,,,7464.29150390625
,4470,,,,9981.2275390625
,4471,,,,8655.6083984375
,4472,,,,8935.0029296875
,4473,,,,8032.94482421875
,4474,,,,9402.109375
,4475,,,,11024.55078125
,4476,,,,9187.505859375
,4477,,,,10941.7734375
,4478,,,,12657.359375
,4479,,,,10383.25
,4480,,,,8587.0595703125
,4481,,,,10285.388671875
,4482,,,,10113.841796875
,4483,,,,9294.4833984375
,4484,,,,9258.3125
,4485,,,,11149.078125
,4486,,,,10471.2421875
,4487,,,,8475.52734375
,4488,,,,10077.03515625
,4489,,,,8248.77734375
,4490,,,,12888.7197265625
,4491,,,,9774.6748046875
,4492,,,,8759.3115234375
,4493,,,,9467.427734375
,4494,,,,10713.1298828125
,4495,,,,9045.234375
,4496,,,,9937.048828125
,4497,,,,8647.765625
,4498,,,,11153.87109375
,4499,,,,10554.40234375
,4500,,,,9037.6796875
,4501,,,,11078.158203125
,4502,,,,8927.8349609375
,4503,,,,8480.7099609375
,4504,,,,10715.37890625
,4505,,,,10927.365234375
,4506,,,,11808.91796875
,4507,,,,8516.6728515625
,4508,,,,11825.2685546875
,4509,,,,11304.3515625
,4510,,,,11355.9833984375
,4511,,,,10790.857421875
,4512,,,,9078.12890625
,4513,,,,10194.48046875
,4514,,,,11051.4833984375
,4515,,,,8333.287109375
,4516,,,,12208.0771484375
,4517,,,,11139.556640625
,4518,,,,8391.0283203125
,4519,,,,8501.802734375
,4520,,,,9792.04296875
,4521,,,,7499.9794921875
,4522,,,,9419.40625
,4523,,,,7533.5712890625
,4524,,,,9168.3818359375
,4525,,,,12879.3994140625
72,17884,,,9717.900390625,
72,17884,10042.5400390625,,,
73,17899,,11166.359375,,
73,17949,,10201.7333984375,,
73,17999,,9324.6650390625,,
73,18049,,7076.53076171875,,
73,18099,,10314.1767578125,,
,4526,,,,6626.6806640625
,4527,,,,9721.845703125
,4528,,,,9233.69921875
,4529,,,,8768.45703125
,4530,,,,7157.96484375
,4531,,,,7459.1123046875
,4532,,,,9966.154296875
,4533,,,,8662.6259765625
,4534,,,,8947.4990234375
,4535,,,,8055.02001953125
,4536,,,,9408.1357421875
,4537,,,,11034.0322265625
,4538,,,,9203.408203125
,4539,,,,10934.3466796875
,4540,,,,12665.0703125
,4541,,,,10404.19921875
,4542,,,,8589.068359375
,4543,,,,10336.2763671875
,4544,,,,10100.560546875
,4545,,,,9289.4697265625
,4546,,,,9235.8701171875
,4547,,,,11170.1015625
,4548,,,,10476.751953125
,4549,,,,8483.7802734375
,4550,,,,10102.501953125
,4551,,,,8258.4755859375
,4552,,,,12897.7216796875
,4553,,,,9788.658203125
,4554,,,,8771.8359375
,4555,,,,9474.171875
,4556,,,,10710.9892578125
,4557,,,,9073.1533203125
,4558,,,,9911.9326171875
,4559,,,,8681.3125
,4560,,,,11172.0380859375
,4561,,,,10557.4462890625
,4562,,,,9045.2578125
,4563,,,,11090.578125
,4564,,,,8928.3974609375
,4565,,,,8446.072265625
,4566,,,,10711.1796875
,4567,,,,10921.9140625
,4568,,,,11800.60546875
,4569,,,,8495.9384765625
,4570,,,,11859.7451171875
,4571,,,,11307.982421875
,4572,,,,11374.587890625
,4573,,,,10760.3369140625
,4574,,,,9079.9677734375
,4575,,,,10174.3623046875
,4576,,,,11059.86328125
,4577,,,,8381.1591796875
,4578,,,,12247.2275390625
,4579,,,,11172.33984375
,4580,,,,8438.79296875
,4581,,,,8497.5224609375
,4582,,,,9817.5185546875
,4583,,,,7488.927734375
,4584,,,,9393.67578125
,4585,,,,7549.55419921875
,4586,,,,9193.56640625
,4587,,,,12933.462890625
73,18129,,,9725.7236328125,
73,18129,10026.3994140625,,,
74,18149,,9051.5341796875,,
74,18199,,7280.10205078125,,
74,18249,,8005.06640625,,
74,18299,,9160.7109375,,
74,18349,,10158.998046875,,
,4588,,,,6585.0859375
,4589,,,,9706.8291015625
,4590,,,,9148.912109375
,4591,,,,8743.9482421875
,4592,,,,7115.779296875
,4593,,,,7420.9375
,4594,,,,9929.646484375
,4595,,,,8614.5048828125
,4596,,,,8900.861328125
,4597,,,,8033.7197265625
,4598,,,,9359.1611328125
,4599,,,,10979.5625
,4600,,,,9160.76953125
,4601,,,,10895.4775390625
,4602,,,,12608.5546875
,4603,,,,10361.76171875
,4604,,,,8542.880859375
,4605,,,,10265.283203125
,4606,,,,10054.5673828125
,4607,,,,9246.232421875
,4608,,,,9195.00390625
,4609,,,,11108.69140625
,4610,,,,10448.5751953125
,4611,,,,8446.78125
,4612,,,,10052.544921875
,4613,,,,8232.99609375
,4614,,,,12862.296875
,4615,,,,9750.869140625
,4616,,,,8733.732421875
,4617,,,,9455.4853515625
,4618,,,,10657.408203125
,4619,,,,9031.537109375
,4620,,,,9886.177734375
,4621,,,,8654.228515625
,4622,,,,11132.09375
,4623,,,,10533.0419921875
,4624,,,,9008.3359375
,4625,,,,11035.806640625
,4626,,,,8896.8818359375
,4627,,,,8416.177734375
,4628,,,,10670.3701171875
,4629,,,,10879.01953125
,4630,,,,11746.1640625
,4631,,,,8454.306640625
,4632,,,,11801.1689453125
,4633,,,,11284.587890625
,4634,,,,11303.73828125
,4635,,,,10753.181640625
,4636,,,,9056.1201171875
,4637,,,,10134.853515625
,4638,,,,11032.390625
,4639,,,,8335.943359375
,4640,,,,12200.02734375
,4641,,,,11120.27734375
,4642,,,,8392.919921875
,4643,,,,8452.794921875
,4644,,,,9774.1240234375
,4645,,,,7453.921875
,4646,,,,9330.900390625
,4647,,,,7502.642578125
,4648,,,,9151.09375
,4649,,,,12939.0478515625
74,18374,,,9684.51953125,
74,18374,10006.2666015625,,,
75,18399,,10671.8671875,,
75,18449,,12405.28125,,
75,18499,,10143.9658203125,,
75,18549,,10412.88671875,,
75,18599,,9426.888671875,,
,4650,,,,6665.908203125
,4651,,,,9747.4794921875
,4652,,,,9178.982421875
,4653,,,,8786.4765625
,4654,,,,7150.5390625
,4655,,,,7450.0927734375
,4656,,,,9963.0263671875
,4657,,,,8678.6865234375
,4658,,,,8952.5
,4659,,,,8050.42138671875
,4660,,,,9413.9931640625
,4661,,,,11032.9580078125
,4662,,,,9236.8984375
,4663,,,,10975.490234375
,4664,,,,12659.99609375
,4665,,,,10409.630859375
,4666,,,,8584.447265625
,4667,,,,10320.8818359375
,4668,,,,10121.2841796875
,4669,,,,9279.4560546875
,4670,,,,9219.376953125
,4671,,,,11161.23046875
,4672,,,,10494.189453125
,4673,,,,8473.9814453125
,4674,,,,10055.6767578125
,4675,,,,8269.1484375
,4676,,,,12876.6005859375
,4677,,,,9759.212890625
,4678,,,,8750.1767578125
,4679,,,,9457.9560546875
,4680,,,,10666.326171875
,4681,,,,9047.14453125
,4682,,,,9913.1015625
,4683,,,,8661.9111328125
,4684,,,,11130.603515625
,4685,,,,10563.77734375
,4686,,,,9051.318359375
,4687,,,,11107.6494140625
,4688,,,,8922.736328125
,4689,,,,8442.259765625
,4690,,,,10708.39453125
,4691,,,,10927.7529296875
,4692,,,,11798.314453125
,4693,,,,8500.599609375
,4694,,,,11832.361328125
,4695,,,,11317.892578125
,4696,,,,11359.4853515625
,4697,,,,10767.6826171875
,4698,,,,9075.658203125
,4699,,,,10191.15625
,4700,,,,11044.4580078125
,4701,,,,8336.349609375
,4702,,,,12215.72265625
,4703,,,,11130.458984375
,4704,,,,8413.0546875
,4705,,,,8505.1552734375
,4706,,,,9808.845703125
,4707,,,,7516.5244140625
,4708,,,,9371.81640625
,4709,,,,7526.0966796875
,4710,,,,9204.970703125
,4711,,,,12860.0166015625
75,18619,,,9720.052734375,
75,18619,9995.404296875,,,
76,18649,,10010.619140625,,
76,18699,,11428.6123046875,,
76,18749,,11267.96875,,
76,18799,,8662.931640625,,
76,18849,,9274.15234375,,
,4712,,,,6666.384765625
,4713,,,,9709.546875
,4714,,,,9161.60546875
,4715,,,,8743.859375
,4716,,,,7110.77685546875
,4717,,,,7444.603515625
,4718,,,,9948.107421875
,4719,,,,8644.3193359375
,4720,,,,8931.2919921875
,4721,,,,7988.8310546875
,4722,,,,9387.8935546875
,4723,,,,10991.73046875
,4724,,,,9208.576171875
,4725,,,,10917.3173828125
,4726,,,,12636.0234375
,4727,,,,10381.2001953125
,4728,,,,8571.8193359375
,4729,,,,10262.9697265625
,4730,,,,10095.56640625
,4731,,,,9256.013671875
,4732,,,,9200.4951171875
,4733,,,,11151.0634765625
,4734,,,,10445.0478515625
,4735,,,,8433.3740234375
,4736,,,,10041.697265625
,4737,,,,8233.0263671875
,4738,,,,12853.01953125
,4739,,,,9744.95703125
,4740,,,,8737.8671875
,4741,,,,9423.419921875
,4742,,,,10660.515625
,4743,,,,9025.35546875
,4744,,,,9871.1826171875
,4745,,,,8618.9306640625
,4746,,,,11106.630859375
,4747,,,,10553.150390625
,4748,,,,9014.8291015625
,4749,,,,11050.015625
,4750,,,,8908.7509765625
,4751,,,,8453.5400390625
,4752,,,,10695.232421875
,4753,,,,10920.4462890625
,4754,,,,11757.916015625
,4755,,,,8497.599609375
,4756,,,,11785.9169921875
,4757,,,,11273.033203125
,4758,,,,11358.78125
,4759,,,,10745.384765625
,4760,,,,9057.146484375
,4761,,,,10160.4013671875
,4762,,,,11045.138671875
,4763,,,,8304.025390625
,4764,,,,12171.736328125
,4765,,,,11105.1357421875
,4766,,,,8386.232421875
,4767,,,,8468.7529296875
,4768,,,,9771.0615234375
,4769,,,,7509.36767578125
,4770,,,,9384.7626953125
,4771,,,,7516.4833984375
,4772,,,,9176.447265625
,4773,,,,12803.0654296875
76,18864,,,9694.3662109375,
76,18864,9968.533203125,,,
77,18899,,10104.388671875,,
77,18949,,9963.9521484375,,
77,18999,,12022.3681640625,,
77,19049,,11442.755859375,,
77,19099,,9866.404296875,,
,4774,,,,6601.28173828125
,4775,,,,9658.962890625
,4776,,,,9171.697265625
,4777,,,,8700.810546875
,4778,,,,7080.62255859375
,4779,,,,7401.453125
,4780,,,,9912.41015625
,4781,,,,8612.302734375
,4782,,,,8896.3203125
,4783,,,,7962.69189453125
,4784,,,,9351.716796875
,4785,,,,10967.671875
,4786,,,,9130.11328125
,4787,,,,10843.6123046875
,4788,,,,12601.1767578125
,4789,,,,10332.9169921875
,4790,,,,8507.9013671875
,4791,,,,10216.349609375
,4792,,,,10024.662109375
,4793,,,,9206.6904296875
,4794,,,,9167.8701171875
,4795,,,,11105.5673828125
,4796,,,,10401.365234375
,4797,,,,8402.337890625
,4798,,,,10010.8642578125
,4799,,,,8204.00390625
,4800,,,,12811.1142578125
,4801,,,,9697.8984375
,4802,,,,8708.19921875
,4803,,,,9395.1396484375
,4804,,,,10644.5595703125
,4805,,,,9003.5146484375
,4806,,,,9855.8955078125
,4807,,,,8607.1318359375
,4808,,,,11073.0478515625
,4809,,,,10495.318359375
,4810,,,,8988.076171875
,4811,,,,10997.583984375
,4812,,,,8872.3251953125
,4813,,,,8403.771484375
,4814,,,,10636.494140625
,4815,,,,10867.3896484375
,4816,,,,11720.611328125
,4817,,,,8446.82421875
,4818,,,,11741.48828125
,4819,,,,11229.2646484375
,4820,,,,11301.4306640625
,4821,,,,10734.890625
,4822,,,,9030.685546875
,4823,,,,10117.10546875
,4824,,,,10977.794921875
,4825,,,,8302.216796875
,4826,,,,12151.794921875
,4827,,,,11080.443359375
,4828,,,,8380.8359375
,4829,,,,8428.7607421875
,4830,,,,9728.96484375
,4831,,,,7452.6611328125
,4832,,,,9315.53125
,4833,,,,7493.2919921875
,4834,,,,9109.5927734375
,4835,,,,12747.3408203125
77,19109,,,9654.9404296875,
77,19109,9966.642578125,,,
78,19149,,10234.2802734375,,
78,19199,,10385.42578125,,
78,19249,,10587.9453125,,
78,19299,,12536.9775390625,,
78,19349,,10245.4814453125,,
,4836,,,,6579.9423828125
,4837,,,,9692.76171875
,4838,,,,9183.232421875
,4839,,,,8708.7783203125
,4840,,,,7085.064453125
,4841,,,,7407.1357421875
,4842,,,,9914.3984375
,4843,,,,8635.2236328125
,4844,,,,8907.5078125
,4845,,,,8009.5458984375
,4846,,,,9356.6015625
,4847,,,,10983.9873046875
,4848,,,,9145.13671875
,4849,,,,10865.654296875
,4850,,,,12585.20703125
,4851,,,,10374.4775390625
,4852,,,,8505.724609375
,4853,,,,10288.5791015625
,4854,,,,10040.302734375
,4855,,,,9249.69140625
,4856,,,,9192.041015625
,4857,,,,11103.9921875
,4858,,,,10434.8095703125
,4859,,,,8445.4443359375
,4860,,,,10047.416015625
,4861,,,,8222.75390625
,4862,,,,12823.6640625
,4863,,,,9712.92578125
,4864,,,,8704.310546875
,4865,,,,9430.634765625
,4866,,,,10636.6943359375
,4867,,,,8998.2734375
,4868,,,,9842.0224609375
,4869,,,,8612.171875
,4870,,,,11127.958984375
,4871,,,,10475.724609375
,4872,,,,8960.646484375
,4873,,,,11034.794921875
,4874,,,,8865.5546875
,4875,,,,8414.0791015625
,4876,,,,10636.306640625
,4877,,,,10821.466796875
,4878,,,,11749.20703125
,4879,,,,8441.439453125
,4880,,,,11786.630859375
,4881,,,,11270.068359375
,4882,,,,11290.29296875
,4883,,,,10723.376953125
,4884,,,,9022.2353515625
,4885,,,,10124.666015625
,4886,,,,10999.9130859375
,4887,,,,8326.7705078125
,4888,,,,12159.5859375
,4889,,,,11126.72265625
,4890,,,,8375.6640625
,4891,,,,8430.7373046875
,4892,,,,9773.7939453125
,4893,,,,7432.087890625
,4894,,,,9332.056640625
,4895,,,,7471.82373046875
,4896,,,,9143.0625
,4897,,,,12891.923828125
78,19354,,,9668.001953125,
78,19354,9950.0478515625,,,
79,19399,,10601.400390625,,
79,19449,,9367.09765625,,
79,19499,,11178.943359375,,
79,19549,,8623.9990234375,,
79,19599,,9681.1552734375,,
,4898,,,,6586.18896484375
,4899,,,,9669.419921875
,4900,,,,9077.5166015625
,4901,,,,8700.361328125
,4902,,,,7066.265625
,4903,,,,7392.2255859375
,4904,,,,9895.69921875
,4905,,,,8573.681640625
,4906,,,,8854.3134765625
,4907,,,,7955.5068359375
,4908,,,,9315.265625
,4909,,,,10906.931640625
,4910,,,,9111.1611328125
,4911,,,,10832.4296875
,4912,,,,12545.447265625
,4913,,,,10323.572265625
,4914,,,,8491.232421875
,4915,,,,10212.68359375
,4916,,,,10035.8974609375
,4917,,,,9194.34375
,4918,,,,9160.7275390625
,4919,,,,11046.75390625
,4920,,,,10380.9541015625
,4921,,,,8399.4677734375
,4922,,,,9997.1826171875
,4923,,,,8204.494140625
,4924,,,,12787.427734375
,4925,,,,9707.919921875
,4926,,,,8652.8154296875
,4927,,,,9410.1103515625
,4928,,,,10615.3583984375
,4929,,,,8973.5283203125
,4930,,,,9824.8486328125
,4931,,,,8589.3173828125
,4932,,,,11090.048828125
,4933,,,,10468.7626953125
,4934,,,,8949.7890625
,4935,,,,10991.982421875
,4936,,,,8857.244140625
,4937,,,,8379.9794921875
,4938,,,,10616.580078125
,4939,,,,10798.9990234375
,4940,,,,11702.73046875
,4941,,,,8421.3330078125
,4942,,,,11747.517578125
,4943,,,,11233.810546875
,4944,,,,11258.94921875
,4945,,,,10682.5029296875
,4946,,,,9009.6123046875
,4947,,,,10065.634765625
,4948,,,,10976.517578125
,4949,,,,8255.859375
,4950,,,,12092.7587890625
,4951,,,,11027.666015625
,4952,,,,8330.7529296875
,4953,,,,8396.53125
,4954,,,,9740.08203125
,4955,,,,7428.86376953125
,4956,,,,9316.42578125
,4957,,,,7454.72802734375
,4958,,,,9096.822265625
,4959,,,,12794.3115234375
79,19599,,,9632.380859375,
79,19599,9936.478515625,,,
80,19649,,10846.5556640625,,
80,19699,,8970.796875,,
80,19749,,10793.4814453125,,
80,19799,,9683.017578125,,
,4960,,,,6589.3466796875
,4961,,,,9626.8388671875
,4962,,,,9090.634765625
,4963,,,,8660.98828125
,4964,,,,7040.50830078125
,4965,,,,7357.7275390625
,4966,,,,9870.921875
,4967,,,,8563.6201171875
,4968,,,,8849.9248046875
,4969,,,,7905.25537109375
,4970,,,,9306.046875
,4971,,,,10898.533203125
,4972,,,,9092.1669921875
,4973,,,,10822.6650390625
,4974,,,,12542.40234375
,4975,,,,10280.4501953125
,4976,,,,8473.125
,4977,,,,10178.009765625
,4978,,,,9999.748046875
,4979,,,,9174.5302734375
,4980,,,,9132.728515625
,4981,,,,11058.845703125
,4982,,,,10363.228515625
,4983,,,,8382.58203125
,4984,,,,9957.3759765625
,4985,,,,8154.93603515625
,4986,,,,12770.76953125
,4987,,,,9681.5146484375
,4988,,,,8645.921875
,4989,,,,9355.5986328125
,4990,,,,10585.462890625
,4991,,,,8929.00390625
,4992,,,,9780.009765625
,4993,,,,8545.7880859375
,4994,,,,11020.4521484375
,4995,,,,10450.4404296875
,4996,,,,8942.3583984375
,4997,,,,10959.4677734375
,4998,,,,8824.7294921875
,4999,,,,8370.2880859375
,5000,,,,10586.306640625
,5001,,,,10819.68359375
,5002,,,,11677.115234375
,5003,,,,8409.662109375
,5004,,,,11691.087890625
,5005,,,,11196.06640625
,5006,,,,11267.2041015625
,5007,,,,10662.68359375
,5008,,,,8977.5595703125
,5009,,,,10078.173828125
,5010,,,,10923.65234375
,5011,,,,8238.1025390625
,5012,,,,12089.20703125
,5013,,,,11021.435546875
,5014,,,,8314.81640625
,5015,,,,8388.845703125
,5016,,,,9694.2255859375
,5017,,,,7410.892578125
,5018,,,,9290.9873046875
,5019,,,,7440.5009765625
,5020,,,,9056.361328125
,5021,,,,12701.150390625
80,19844,,,9608.9501953125,
80,19844,9922.859375,,,
81,19849,,9710.2509765625,,
81,19899,,11303.6953125,,
81,19949,,9741.59765625,,
81,19999,,10207.109375,,
81,20049,,10456.7158203125,,
,5022,,,,6616.98095703125
,5023,,,,9655.15234375
,5024,,,,9112.98828125
,5025,,,,8699.9453125
,5026,,,,7085.11181640625
,5027,,,,7400.5791015625
,5028,,,,9884.0546875
,5029,,,,8597.75
,5030,,,,8884.01953125
,5031,,,,7974.9072265625
,5032,,,,9336.869140625
,5033,,,,10941.4375
,5034,,,,9134.236328125
,5035,,,,10827.0439453125
,5036,,,,12552.603515625
,5037,,,,10292.818359375
,5038,,,,8508.8974609375
,5039,,,,10187.3984375
,5040,,,,10026.4951171875
,5041,,,,9203.0595703125
,5042,,,,9152.58984375
,5043,,,,11092.775390625
,5044,,,,10407.54296875
,5045,,,,8393.25390625
,5046,,,,9978.12890625
,5047,,,,8203.1171875
,5048,,,,12792.734375
,5049,,,,9697.6484375
,5050,,,,8694.5341796875
,5051,,,,9397.4169921875
,5052,,,,10599.3427734375
,5053,,,,8988.580078125
,5054,,,,9842.6435546875
,5055,,,,8585.681640625
,5056,,,,11076.1171875
,5057,,,,10508.8173828125
,5058,,,,8971.3701171875
,5059,,,,10981.044921875
,5060,,,,8838.322265625
,5061,,,,8410.2939453125
,5062,,,,10622.3203125
,5063,,,,10838.875
,5064,,,,11700.970703125
,5065,,,,8424.4189453125
,5066,,,,11724.544921875
,5067,,,,11204.3232421875
,5068,,,,11267.490234375
,5069,,,,10705.833984375
,5070,,,,9015.4384765625
,5071,,,,10103.923828125
,5072,,,,10939.58203125
,5073,,,,8277.5380859375
,5074,,,,12121.041015625
,5075,,,,11054.0087890625
,5076,,,,8375.34765625
,5077,,,,8423.33984375
,5078,,,,9725.3125
,5079,,,,7457.7626953125
,5080,,,,9351.9912109375
,5081,,,,7459.20654296875
,5082,,,,9124.822265625
,5083,,,,12851.4970703125
81,20089,,,9641.875,
81,20089,9912.0205078125,,,
82,20099,,11489.55078125,,
82,20149,,9806.7431640625,,
82,20199,,11817.7802734375,,
82,20249,,9205.796875,,
82,20299,,8662.15625,,
,5084,,,,6572.98828125
,5085,,,,9612.4921875
,5086,,,,9067.3779296875
,5087,,,,8659.7392578125
,5088,,,,7028.849609375
,5089,,,,7370.1904296875
,5090,,,,9857.18359375
,5091,,,,8556.24609375
,5092,,,,8833.0537109375
,5093,,,,7899.5771484375
,5094,,,,9283.361328125
,5095,,,,10871.6953125
,5096,,,,9079.02734375
,5097,,,,10779.970703125
,5098,,,,12509.8212890625
,5099,,,,10252.2158203125
,5100,,,,8450.138671875
,5101,,,,10152.0732421875
,5102,,,,9989.830078125
,5103,,,,9127.6748046875
,5104,,,,9121.88671875
,5105,,,,11026.70703125
,5106,,,,10363.75
,5107,,,,8357.9501953125
,5108,,,,9904.9912109375
,5109,,,,8160.97119140625
,5110,,,,12743.78125
,5111,,,,9671.6484375
,5112,,,,8626.6767578125
,5113,,,,9340.583984375
,5114,,,,10569.298828125
,5115,,,,8929.767578125
,5116,,,,9784.9150390625
,5117,,,,8546.1826171875
,5118,,,,11011.8125
,5119,,,,10438.892578125
,5120,,,,8923.3759765625
,5121,,,,10932.130859375
,5122,,,,8812.513671875
,5123,,,,8352.72265625
,5124,,,,10555.8125
,5125,,,,10792.89453125
,5126,,,,11648.3486328125
,5127,,,,8388.158203125
,5128,,,,11693.109375
,5129,,,,11179.173828125
,5130,,,,11233.5634765625
,5131,,,,10649.5107421875
,5132,,,,8983.7265625
,5133,,,,10051.826171875
,5134,,,,10904.84765625
,5135,,,,8221.8798828125
,5136,,,,12058.935546875
,5137,,,,10991.49609375
,5138,,,,8313.94140625
,5139,,,,8383.8681640625
,5140,,,,9672.865234375
,5141,,,,7404.76611328125
,5142,,,,9253.51171875
,5143,,,,7434.408203125
,5144,,,,9057.4599609375
,5145,,,,12639.236328125
82,20334,,,9592.044921875,
82,20334,9901.8701171875,,,
83,20349,,9500.3505859375,,
83,20399,,10794.703125,,
83,20449,,9378.7734375,,
83,20499,,10749.4140625,,
83,20549,,9999.353515625,,
,5146,,,,6578.85546875
,5147,,,,9623.7802734375
,5148,,,,9111.826171875
,5149,,,,8666.265625
,5150,,,,7051.1220703125
,5151,,,,7352.32861328125
,5152,,,,9850.5419921875
,5153,,,,8571.79296875
,5154,,,,8853.71875
,5155,,,,7940.8837890625
,5156,,,,9302.693359375
,5157,,,,10929.068359375
,5158,,,,9072.91796875
,5159,,,,10780.80078125
,5160,,,,12529.6923828125
,5161,,,,10273.25390625
,5162,,,,8435.7880859375
,5163,,,,10211.1171875
,5164,,,,9997.7568359375
,5165,,,,9159.693359375
,5166,,,,9135.87890625
,5167,,,,11043.255859375
,5168,,,,10383.7734375
,5169,,,,8384.234375
,5170,,,,9943.849609375
,5171,,,,8165.669921875
,5172,,,,12752.4716796875
,5173,,,,9643.033203125
,5174,,,,8659.04296875
,5175,,,,9344.58984375
,5176,,,,10580.56640625
,5177,,,,8909.4267578125
,5178,,,,9770.390625
,5179,,,,8564.9658203125
,5180,,,,11050.5927734375
,5181,,,,10417.68359375
,5182,,,,8925.6025390625
,5183,,,,10954.642578125
,5184,,,,8790.4384765625
,5185,,,,8363.6611328125
,5186,,,,10543.7734375
,5187,,,,10796.099609375
,5188,,,,11669.4794921875
,5189,,,,8396.9033203125
,5190,,,,11712.31640625
,5191,,,,11199.2265625
,5192,,,,11235.1572265625
,5193,,,,10666.33984375
,5194,,,,8982.8037109375
,5195,,,,10076.966796875
,5196,,,,10914.0234375
,5197,,,,8247.3056640625
,5198,,,,12071.08984375
,5199,,,,11035.669921875
,5200,,,,8326.4765625
,5201,,,,8383.6904296875
,5202,,,,9691.138671875
,5203,,,,7400.427734375
,5204,,,,9237.638671875
,5205,,,,7430.52880859375
,5206,,,,9083.6328125
,5207,,,,12718.5517578125
83,20579,,,9604.2548828125,
83,20579,9887.48828125,,,
84,20599,,11830.095703125,,
84,20649,,13011.8828125,,
84,20699,,10124.501953125,,
84,20749,,12439.779296875,,
84,20799,,9658.763671875,,
,5208,,,,6564.3349609375
,5209,,,,9644.3720703125
,5210,,,,9099.12890625
,5211,,,,8669.0859375
,5212,,,,7044.255859375
,5213,,,,7379.2451171875
,5214,,,,9898.65625
,5215,,,,8589.2109375
,5216,,,,8839.4443359375
,5217,,,,7943.09765625
,5218,,,,9308.3935546875
,5219,,,,10919.69140625
,5220,,,,9109.228515625
,5221,,,,10806.2265625
,5222,,,,12517.783203125
,5223,,,,10282.2509765625
,5224,,,,8471.34375
,5225,,,,10188.6171875
,5226,,,,10016.0234375
,5227,,,,9192.2568359375
,5228,,,,9127.923828125
,5229,,,,11064.5546875
,5230,,,,10391.140625
,5231,,,,8421.6572265625
,5232,,,,9961.890625
,5233,,,,8182.17626953125
,5234,,,,12778.3427734375
,5235,,,,9676.3017578125
,5236,,,,8643.7646484375
,5237,,,,9394.078125
,5238,,,,10602.736328125
,5239,,,,8968.568359375
,5240,,,,9760.892578125
,5241,,,,8524.9208984375
,5242,,,,11091.853515625
,5243,,,,10472.3291015625
,5244,,,,8917.734375
,5245,,,,10983.638671875
,5246,,,,8799.111328125
,5247,,,,8381.3173828125
,5248,,,,10578.8369140625
,5249,,,,10782.4033203125
,5250,,,,11696.701171875
,5251,,,,8406.6650390625
,5252,,,,11711.5166015625
,5253,,,,11223.7158203125
,5254,,,,11242.294921875
,5255,,,,10654.3994140625
,5256,,,,8958.0908203125
,5257,,,,10063.1669921875
,5258,,,,10933.5078125
,5259,,,,8271.09765625
,5260,,,,12079.01171875
,5261,,,,11058.591796875
,5262,,,,8339.294921875
,5263,,,,8382.990234375
,5264,,,,9725.34375
,5265,,,,7410.93310546875
,5266,,,,9327.0146484375
,5267,,,,7414.30712890625
,5268,,,,9068.2275390625
,5269,,,,12771.087890625
84,20824,,,9617.140625,
84,20824,9879.03125,,,
85,20849,,8040.1083984375,,
85,20899,,9738.375,,
85,20949,,12375.3515625,,
85,20999,,11142.03515625,,
85,21049,,10434.794921875,,
,5270,,,,6523.193359375
,5271,,,,9595.830078125
,5272,,,,9049.7998046875
,5273,,,,8630.8251953125
,5274,,,,7032.7431640625
,5275,,,,7342.173828125
,5276,,,,9815.041015625
,5277,,,,8519.75
,5278,,,,8792.291015625
,5279,,,,7901.3837890625
,5280,,,,9240.2578125
,5281,,,,10837.123046875
,5282,,,,9050.7451171875
,5283,,,,10756.6318359375
,5284,,,,12475.708984375
,5285,,,,10241.52734375
,5286,,,,8412.658203125
,5287,,,,10102.966796875
,5288,,,,9970.259765625
,5289,,,,9114.55859375
,5290,,,,9093.962890625
,5291,,,,10975.142578125
,5292,,,,10342.8046875
,5293,,,,8339.787109375
,5294,,,,9898.1640625
,5295,,,,8148.2275390625
,5296,,,,12692.119140625
,5297,,,,9635.21484375
,5298,,,,8596.16015625
,5299,,,,9325.259765625
,5300,,,,10538.6259765625
,5301,,,,8919.1640625
,5302,,,,9764.0166015625
,5303,,,,8518.517578125
,5304,,,,10997.1708984375
,5305,,,,10408.943359375
,5306,,,,8871.212890625
,5307,,,,10917.8076171875
,5308,,,,8764.423828125
,5309,,,,8311.56640625
,5310,,,,10515.556640625
,5311,,,,10728.666015625
,5312,,,,11640.0244140625
,5313,,,,8323.84765625
,5314,,,,11650.064453125
,5315,,,,11175.1142578125
,5316,,,,11174.96875
,5317,,,,10607.005859375
,5318,,,,8940.865234375
,5319,,,,10004.330078125
,5320,,,,10856.76171875
,5321,,,,8210.19921875
,5322,,,,12040.9833984375
,5323,,,,10953.20703125
,5324,,,,8305.68359375
,5325,,,,8348.6708984375
,5326,,,,9654.474609375
,5327,,,,7394.82421875
,5328,,,,9217.4248046875
,5329,,,,7403.87548828125
,5330,,,,9020.8505859375
,5331,,,,12747.6533203125
85,21069,,,9562.751953125,
85,21069,9858.1298828125,,,
86,21099,,10214.4423828125,,
86,21149,,8043.9853515625,,
86,21199,,8537.666015625,,
86,21249,,8906.12109375,,
86,21299,,7864.01123046875,,
,5332,,,,6585.8232421875
,5333,,,,9615.013671875
,5334,,,,9053.689453125
,5335,,,,8593.951171875
,5336,,,,7012.5537109375
,5337,,,,7346.8701171875
,5338,,,,9870.4697265625
,5339,,,,8564.0
,5340,,,,8825.86328125
,5341,,,,7899.6376953125
,5342,,,,9280.3515625
,5343,,,,10884.26953125
,5344,,,,9086.11328125
,5345,,,,10761.3369140625
,5346,,,,12493.45703125
,5347,,,,10239.408203125
,5348,,,,8449.755859375
,5349,,,,10159.43359375
,5350,,,,9968.4736328125
,5351,,,,9163.466796875
,5352,,,,9078.01171875
,5353,,,,11036.6279296875
,5354,,,,10345.470703125
,5355,,,,8367.373046875
,5356,,,,9902.7841796875
,5357,,,,8151.81103515625
,5358,,,,12723.142578125
,5359,,,,9623.6005859375
,5360,,,,8652.994140625
,5361,,,,9350.67578125
,5362,,,,10560.888671875
,5363,,,,8908.84375
,5364,,,,9729.798828125
,5365,,,,8487.337890625
,5366,,,,11015.42578125
,5367,,,,10437.54296875
,5368,,,,8876.83203125
,5369,,,,10895.802734375
,5370,,,,8755.86328125
,5371,,,,8358.33203125
,5372,,,,10529.8046875
,5373,,,,10773.5947265625
,5374,,,,11644.83203125
,5375,,,,8370.03515625
,5376,,,,11654.67578125
,5377,,,,11174.8583984375
,5378,,,,11215.87890625
,5379,,,,10622.548828125
,5380,,,,8943.2861328125
,5381,,,,10023.228515625
,5382,,,,10902.85546875
,5383,,,,8203.169921875
,5384,,,,12039.6845703125
,5385,,,,11005.84765625
,5386,,,,8299.857421875
,5387,,,,8349.92578125
,5388,,,,9673.958984375
,5389,,,,7402.1845703125
,5390,,,,9269.3515625
,5391,,,,7402.640625
,5392,,,,9032.71484375
,5393,,,,12737.0048828125
86,21314,,,9579.3251953125,
86,21314,9853.953125,,,
87,21349,,9965.365234375,,
87,21399,,9455.3818359375,,
87,21449,,11238.8515625,,
87,21499,,9012.640625,,
87,21549,,10054.7958984375,,
,5394,,,,6529.80078125
,5395,,,,9571.9228515625
,5396,,,,9007.4453125
,5397,,,,8560.548828125
,5398,,,,6987.5625
,5399,,,,7307.21630859375
,5400,,,,9814.724609375
,5401,,,,8504.9609375
,5402,,,,8784.0625
,5403,,,,7838.45703125
,5404,,,,9227.671875
,5405,,,,10813.0908203125
,5406,,,,9021.4443359375
,5407,,,,10698.486328125
,5408,,,,12448.734375
,5409,,,,10202.615234375
,5410,,,,8402.369140625
,5411,,,,10072.8056640625
,5412,,,,9924.318359375
,5413,,,,9092.3720703125
,5414,,,,9016.76953125
,5415,,,,10961.1279296875
,5416,,,,10323.4267578125
,5417,,,,8308.98828125
,5418,,,,9845.7763671875
,5419,,,,8097.9658203125
,5420,,,,12643.4443359375
,5421,,,,9580.0126953125
,5422,,,,8592.1953125
,5423,,,,9288.3505859375
,5424,,,,10516.1826171875
,5425,,,,8870.5634765625
,5426,,,,9694.427734375
,5427,,,,8454.796875
,5428,,,,10933.052734375
,5429,,,,10406.931640625
,5430,,,,8846.8125
,5431,,,,10829.1416015625
,5432,,,,8716.9912109375
,5433,,,,8295.685546875
,5434,,,,10494.1123046875
,5435,,,,10727.701171875
,5436,,,,11591.6279296875
,5437,,,,8321.1083984375
,5438,,,,11603.58203125
,5439,,,,11119.4755859375
,5440,,,,11163.416015625
,5441,,,,10569.734375
,5442,,,,8903.365234375
,5443,,,,9967.966796875
,5444,,,,10832.5107421875
,5445,,,,8145.796875
,5446,,,,11994.837890625
,5447,,,,10916.5751953125
,5448,,,,8279.5849609375
,5449,,,,8316.4140625
,5450,,,,9610.7734375
,5451,,,,7369.32373046875
,5452,,,,9211.73046875
,5453,,,,7378.2607421875
,5454,,,,8981.57421875
,5455,,,,12587.9384765625
87,21559,,,9527.9033203125,
87,21559,9830.779296875,,,
88,21599,,10103.251953125,,
88,21649,,9866.4423828125,,
88,21699,,11190.98828125,,
88,21749,,10082.2783203125,,
88,21799,,11332.767578125,,
,5456,,,,6506.40478515625
,5457,,,,9539.41015625
,5458,,,,9030.40625
,5459,,,,8590.5966796875
,5460,,,,6984.2802734375
,5461,,,,7288.34375
,5462,,,,9805.5498046875
,5463,,,,8493.720703125
,5464,,,,8777.6298828125
,5465,,,,7822.30517578125
,5466,,,,9216.521484375
,5467,,,,10807.7109375
,5468,,,,9005.318359375
,5469,,,,10698.34765625
,5470,,,,12445.109375
,5471,,,,10191.576171875
,5472,,,,8384.07421875
,5473,,,,10068.0703125
,5474,,,,9924.2158203125
,5475,,,,9065.474609375
,5476,,,,9062.369140625
,5477,,,,10965.9462890625
,5478,,,,10294.509765625
,5479,,,,8309.9970703125
,5480,,,,9858.8984375
,5481,,,,8080.0126953125
,5482,,,,12666.375
,5483,,,,9585.91796875
,5484,,,,8563.099609375
,5485,,,,9272.2509765625
,5486,,,,10500.94921875
,5487,,,,8852.822265625
,5488,,,,9696.03515625
,5489,,,,8474.673828125
,5490,,,,10945.12890625
,5491,,,,10365.478515625
,5492,,,,8862.0244140625
,5493,,,,10857.677734375
,5494,,,,8734.0859375
,5495,,,,8291.2490234375
,5496,,,,10475.59375
,5497,,,,10709.3837890625
,5498,,,,11586.623046875
,5499,,,,8324.0419921875
,5500,,,,11605.6875
,5501,,,,11106.740234375
,5502,,,,11157.07421875
,5503,,,,10550.30078125
,5504,,,,8895.890625
,5505,,,,9977.345703125
,5506,,,,10812.546875
,5507,,,,8157.1201171875
,5508,,,,11969.5458984375
,5509,,,,10923.0546875
,5510,,,,8257.9853515625
,5511,,,,8322.224609375
,5512,,,,9613.36328125
,5513,,,,7352.828125
,5514,,,,9203.5966796875
,5515,,,,7365.6767578125
,5516,,,,8984.078125
,5517,,,,12580.0380859375
88,21804,,,9523.0166015625,
88,21804,9825.4892578125,,,
89,21849,,10018.1259765625,,
89,21899,,8429.185546875,,
89,21949,,7494.7568359375,,
89,21999,,9314.8203125,,
89,22049,,10296.451171875,,
,5518,,,,6562.568359375
,5519,,,,9586.9599609375
,5520,,,,9041.517578125
,5521,,,,8608.919921875
,5522,,,,7006.4130859375
,5523,,,,7329.9794921875
,5524,,,,9826.5009765625
,5525,,,,8519.87109375
,5526,,,,8810.7939453125
,5527,,,,7875.13330078125
,5528,,,,9251.375
,5529,,,,10857.1376953125
,5530,,,,9062.046875
,5531,,,,10749.7900390625
,5532,,,,12439.0390625
,5533,,,,10238.263671875
,5534,,,,8420.294921875
,5535,,,,10126.2744140625
,5536,,,,9939.640625
,5537,,,,9154.1513671875
,5538,,,,9073.380859375
,5539,,,,10984.744140625
,5540,,,,10330.666015625
,5541,,,,8356.0263671875
,5542,,,,9881.048828125
,5543,,,,8111.7548828125
,5544,,,,12675.4482421875
,5545,,,,9618.404296875
,5546,,,,8616.486328125
,5547,,,,9305.650390625
,5548,,,,10515.03515625
,5549,,,,8877.59375
,5550,,,,9701.1123046875
,5551,,,,8496.8251953125
,5552,,,,10980.7724609375
,5553,,,,10390.9736328125
,5554,,,,8843.205078125
,5555,,,,10892.85546875
,5556,,,,8745.212890625
,5557,,,,8310.703125
,5558,,,,10495.52734375
,5559,,,,10721.3857421875
,5560,,,,11631.4765625
,5561,,,,8354.46875
,5562,,,,11632.4921875
,5563,,,,11175.357421875
,5564,,,,11174.8291015625
,5565,,,,10584.8525390625
,5566,,,,8916.087890625
,5567,,,,9982.146484375
,5568,,,,10851.181640625
,5569,,,,8175.56494140625
,5570,,,,12011.9033203125
,5571,,,,10948.44140625
,5572,,,,8266.482421875
,5573,,,,8328.7919921875
,5574,,,,9642.560546875
,5575,,,,7362.62890625
,5576,,,,9225.900390625
,5577,,,,7375.4443359375
,5578,,,,9028.658203125
,5579,,,,12646.7841796875
89,22049,,,9552.0947265625,
89,22049,9809.9599609375,,,
90,22099,,8668.9765625,,
90,22149,,9321.6572265625,,
90,22199,,9296.845703125,,
90,22249,,11888.708984375,,
,5580,,,,6473.6943359375
,5581,,,,9508.02734375
,5582,,,,9011.349609375
,5583,,,,8521.3291015625
,5584,,,,6944.115234375
,5585,,,,7272.83984375
,5586,,,,9788.61328125
,5587,,,,8475.1826171875
,5588,,,,8753.283203125
,5589,,,,7790.2490234375
,5590,,,,9187.7412109375
,5591,,,,10817.234375
,5592,,,,8971.830078125
,5593,,,,10640.005859375
,5594,,,,12392.02734375
,5595,,,,10176.03515625
,5596,,,,8330.6328125
,5597,,,,10067.71484375
,5598,,,,9873.865234375
,5599,,,,9040.1025390625
,5600,,,,8998.8193359375
,5601,,,,10942.6484375
,5602,,,,10274.9541015625
,5603,,,,8305.4853515625
,5604,,,,9837.9931640625
,5605,,,,8057.8955078125
,5606,,,,12604.22265625
,5607,,,,9550.654296875
,5608,,,,8537.287109375
,5609,,,,9241.966796875
,5610,,,,10510.2802734375
,5611,,,,8806.1533203125
,5612,,,,9627.654296875
,5613,,,,8429.087890625
,5614,,,,10937.69140625
,5615,,,,10330.603515625
,5616,,,,8802.091796875
,5617,,,,10828.0771484375
,5618,,,,8681.3720703125
,5619,,,,8256.046875
,5620,,,,10417.73828125
,5621,,,,10656.5048828125
,5622,,,,11571.2998046875
,5623,,,,8276.830078125
,5624,,,,11572.826171875
,5625,,,,11087.2265625
,5626,,,,11140.015625
,5627,,,,10518.9609375
,5628,,,,8863.3232421875
,5629,,,,9932.3671875
,5630,,,,10799.365234375
,5631,,,,8147.61865234375
,5632,,,,11940.93359375
,5633,,,,10935.630859375
,5634,,,,8251.52734375
,5635,,,,8271.7900390625
,5636,,,,9576.685546875
,5637,,,,7319.7734375
,5638,,,,9176.2158203125
,5639,,,,7339.515625
,5640,,,,8934.2490234375
,5641,,,,12576.3056640625
90,22294,,,9491.8359375,
90,22294,9801.0029296875,,,
91,22299,,10116.8818359375,,
91,22349,,10249.724609375,,
91,22399,,12061.400390625,,
91,22449,,11591.0078125,,
91,22499,,9116.26171875,,
,5642,,,,6528.7734375
,5643,,,,9565.4716796875
,5644,,,,9053.5625
,5645,,,,8602.8759765625
,5646,,,,7002.228515625
,5647,,,,7334.7314453125
,5648,,,,9791.583984375
,5649,,,,8523.802734375
,5650,,,,8814.748046875
,5651,,,,7860.3388671875
,5652,,,,9228.326171875
,5653,,,,10851.666015625
,5654,,,,9035.25390625
,5655,,,,10702.123046875
,5656,,,,12470.552734375
,5657,,,,10207.923828125
,5658,,,,8392.6845703125
,5659,,,,10101.6787109375
,5660,,,,9953.19140625
,5661,,,,9092.37109375
,5662,,,,9074.2587890625
,5663,,,,10996.46875
,5664,,,,10334.759765625
,5665,,,,8343.810546875
,5666,,,,9859.09375
,5667,,,,8131.96435546875
,5668,,,,12624.20703125
,5669,,,,9588.12890625
,5670,,,,8604.529296875
,5671,,,,9292.072265625
,5672,,,,10542.73828125
,5673,,,,8875.48046875
,5674,,,,9720.59765625
,5675,,,,8468.1865234375
,5676,,,,10966.4326171875
,5677,,,,10394.611328125
,5678,,,,8878.6630859375
,5679,,,,10880.86328125
,5680,,,,8712.2578125
,5681,,,,8296.390625
,5682,,,,10483.21875
,5683,,,,10721.5205078125
,5684,,,,11605.0517578125
,5685,,,,8338.2158203125
,5686,,,,11630.837890625
,5687,,,,11125.8203125
,5688,,,,11152.009765625
,5689,,,,10579.931640625
,5690,,,,8920.3564453125
,5691,,,,10004.3916015625
,5692,,,,10816.97265625
,5693,,,,8197.17578125
,5694,,,,11999.072265625
,5695,,,,10947.9453125
,5696,,,,8307.4560546875
,5697,,,,8347.486328125
,5698,,,,9638.451171875
,5699,,,,7390.978515625
,5700,,,,9228.560546875
,5701,,,,7376.32568359375
,5702,,,,9016.900390625
,5703,,,,12650.302734375
91,22539,,,9544.384765625,
91,22539,9785.375,,,
92,22549,,9380.9697265625,,
92,22599,,7838.15283203125,,
92,22649,,9393.3984375,,
92,22699,,9233.99609375,,
92,22749,,9074.05859375,,
,5704,,,,6492.67578125
,5705,,,,9518.18359375
,5706,,,,8942.4697265625
,5707,,,,8566.576171875
,5708,,,,6941.0712890625
,5709,,,,7241.2900390625
,5710,,,,9752.4912109375
,5711,,,,8466.08203125
,5712,,,,8727.3203125
,5713,,,,7799.5751953125
,5714,,,,9168.97265625
,5715,,,,10782.6767578125
,5716,,,,8975.8935546875
,5717,,,,10663.0390625
,5718,,,,12373.8544921875
,5719,,,,10168.75390625
,5720,,,,8363.453125
,5721,,,,10015.22265625
,5722,,,,9888.498046875
,5723,,,,9073.373046875
,5724,,,,9005.16796875
,5725,,,,10914.89453125
,5726,,,,10275.4248046875
,5727,,,,8287.3779296875
,5728,,,,9785.52734375
,5729,,,,8067.474609375
,5730,,,,12604.83203125
,5731,,,,9548.994140625
,5732,,,,8536.2080078125
,5733,,,,9242.8359375
,5734,,,,10458.5625
,5735,,,,8786.7431640625
,5736,,,,9621.361328125
,5737,,,,8441.708984375
,5738,,,,10917.984375
,5739,,,,10336.333984375
,5740,,,,8810.525390625
,5741,,,,10805.98828125
,5742,,,,8683.603515625
,5743,,,,8258.0673828125
,5744,,,,10433.73046875
,5745,,,,10645.5546875
,5746,,,,11555.162109375
,5747,,,,8274.310546875
,5748,,,,11557.078125
,5749,,,,11082.5615234375
,5750,,,,11090.546875
,5751,,,,10551.3701171875
,5752,,,,8859.7548828125
,5753,,,,9913.48046875
,5754,,,,10777.8173828125
,5755,,,,8100.4169921875
,5756,,,,11925.6748046875
,5757,,,,10885.7119140625
,5758,,,,8205.2353515625
,5759,,,,8253.6103515625
,5760,,,,9554.529296875
,5761,,,,7328.68408203125
,5762,,,,9164.888671875
,5763,,,,7319.380859375
,5764,,,,8952.046875
,5765,,,,12620.1376953125
92,22784,,,9482.443359375,
92,22784,9773.9609375,,,
93,22799,,11652.17578125,,
93,22849,,8837.15234375,,
93,22899,,9375.2109375,,
93,22949,,13128.8779296875,,
93,22999,,10592.650390625,,
,5766,,,,6462.77099609375
,5767,,,,9503.36328125
,5768,,,,8952.70703125
,5769,,,,8520.0712890625
,5770,,,,6912.376953125
,5771,,,,7250.81640625
,5772,,,,9729.337890625
,5773,,,,8424.701171875
,5774,,,,8718.4140625
,5775,,,,7779.0185546875
,5776,,,,9162.26953125
,5777,,,,10755.6982421875
,5778,,,,8968.740234375
,5779,,,,10647.7451171875
,5780,,,,12356.92578125
,5781,,,,10142.77734375
,5782,,,,8326.8134765625
,5783,,,,10016.9423828125
,5784,,,,9855.4140625
,5785,,,,9019.419921875
,5786,,,,8965.41015625
,5787,,,,10902.287109375
,5788,,,,10262.9345703125
,5789,,,,8259.44921875
,5790,,,,9771.2861328125
,5791,,,,8049.8837890625
,5792,,,,12560.3916015625
,5793,,,,9541.734375
,5794,,,,8536.8232421875
,5795,,,,9227.515625
,5796,,,,10433.3623046875
,5797,,,,8793.71875
,5798,,,,9634.8056640625
,5799,,,,8422.462890625
,5800,,,,10874.328125
,5801,,,,10309.86328125
,5802,,,,8767.9775390625
,5803,,,,10766.3125
,5804,,,,8651.4296875
,5805,,,,8222.861328125
,5806,,,,10396.126953125
,5807,,,,10643.142578125
,5808,,,,11539.5517578125
,5809,,,,8231.4453125
,5810,,,,11529.53515625
,5811,,,,11075.20703125
,5812,,,,11096.765625
,5813,,,,10520.86328125
,5814,,,,8853.255859375
,5815,,,,9888.2744140625
,5816,,,,10756.5517578125
,5817,,,,8109.94677734375
,5818,,,,11935.072265625
,5819,,,,10841.2138671875
,5820,,,,8217.0791015625
,5821,,,,8256.5390625
,5822,,,,9533.67578125
,5823,,,,7304.03271484375
,5824,,,,9119.775390625
,5825,,,,7323.93505859375
,5826,,,,8928.796875
,5827,,,,12552.4658203125
93,23029,,,9462.9169921875,
93,23029,9757.353515625,,,
94,23049,,7502.2626953125,,
94,23099,,9819.72265625,,
94,23149,,9038.234375,,
94,23199,,10476.5888671875,,
94,23249,,8507.767578125,,
,5828,,,,6423.0302734375
,5829,,,,9457.302734375
,5830,,,,8905.646484375
,5831,,,,8495.9521484375
,5832,,,,6885.7978515625
,5833,,,,7214.03759765625
,5834,,,,9681.3720703125
,5835,,,,8393.779296875
,5836,,,,8685.0859375
,5837,,,,7751.0869140625
,5838,,,,9117.5634765625
,5839,,,,10716.791015625
,5840,,,,8912.548828125
,5841,,,,10587.603515625
,5842,,,,12329.6806640625
,5843,,,,10097.1328125
,5844,,,,8282.380859375
,5845,,,,9964.630859375
,5846,,,,9820.0546875
,5847,,,,8970.0224609375
,5848,,,,8942.6845703125
,5849,,,,10843.150390625
,5850,,,,10217.4228515625
,5851,,,,8225.875
,5852,,,,9728.3701171875
,5853,,,,7993.9462890625
,5854,,,,12526.8525390625
,5855,,,,9497.513671875
,5856,,,,8502.2607421875
,5857,,,,9187.4130859375
,5858,,,,10396.3994140625
,5859,,,,8747.697265625
,5860,,,,9595.21875
,5861,,,,8383.318359375
,5862,,,,10844.927734375
,5863,,,,10276.177734375
,5864,,,,8733.666015625
,5865,,,,10738.04296875
,5866,,,,8617.2861328125
,5867,,,,8179.56298828125
,5868,,,,10363.470703125
,5869,,,,10583.900390625
,5870,,,,11477.38671875
,5871,,,,8188.47021484375
,5872,,,,11511.94140625
,5873,,,,11034.15234375
,5874,,,,11033.751953125
,5875,,,,10473.572265625
,5876,,,,8820.333984375
,5877,,,,9852.185546875
,5878,,,,10697.568359375
,5879,,,,8082.1630859375
,5880,,,,11875.8662109375
,5881,,,,10811.1416015625
,5882,,,,8187.1767578125
,5883,,,,8216.2724609375
,5884,,,,9492.22265625
,5885,,,,7264.39501953125
,5886,,,,9061.41015625
,5887,,,,7283.90771484375
,5888,,,,8877.5439453125
,5889,,,,12516.2373046875
94,23274,,,9421.88671875,
94,23274,9754.0068359375,,,
95,23299,,11267.7373046875,,
95,23349,,10288.2578125,,
95,23399,,8623.19140625,,
95,23449,,8079.77685546875,,
95,23499,,9169.8046875,,
,5890,,,,6516.94873046875
,5891,,,,9509.013671875
,5892,,,,8982.3798828125
,5893,,,,8486.7421875
,5894,,,,6932.7890625
,5895,,,,7257.77734375
,5896,,,,9757.142578125
,5897,,,,8472.7080078125
,5898,,,,8764.8515625
,5899,,,,7774.9814453125
,5900,,,,9188.2861328125
,5901,,,,10785.32421875
,5902,,,,8988.8193359375
,5903,,,,10651.3876953125
,5904,,,,12380.640625
,5905,,,,10122.791015625
,5906,,,,8341.00390625
,5907,,,,10012.18359375
,5908,,,,9875.583984375
,5909,,,,9052.42578125
,5910,,,,8991.2109375
,5911,,,,10934.3818359375
,5912,,,,10259.212890625
,5913,,,,8306.765625
,5914,,,,9800.142578125
,5915,,,,8050.4072265625
,5916,,,,12577.7080078125
,5917,,,,9536.419921875
,5918,,,,8574.01953125
,5919,,,,9222.443359375
,5920,,,,10435.544921875
,5921,,,,8778.9921875
,5922,,,,9602.2265625
,5923,,,,8385.7958984375
,5924,,,,10896.056640625
,5925,,,,10337.123046875
,5926,,,,8768.716796875
,5927,,,,10784.47265625
,5928,,,,8645.75390625
,5929,,,,8260.63671875
,5930,,,,10434.556640625
,5931,,,,10654.849609375
,5932,,,,11532.0126953125
,5933,,,,8271.9375
,5934,,,,11538.8369140625
,5935,,,,11072.0126953125
,5936,,,,11115.001953125
,5937,,,,10515.646484375
,5938,,,,8823.2626953125
,5939,,,,9931.765625
,5940,,,,10749.2705078125
,5941,,,,8125.05908203125
,5942,,,,11913.638671875
,5943,,,,10879.2041015625
,5944,,,,8206.5712890625
,5945,,,,8246.587890625
,5946,,,,9560.1796875
,5947,,,,7330.61181640625
,5948,,,,9160.2109375
,5949,,,,7317.9013671875
,5950,,,,8924.9404296875
,5951,,,,12609.572265625
95,23519,,,9475.2685546875,
95,23519,9735.787109375,,,
96,23549,,8893.80859375,,
96,23599,,9164.146484375,,
96,23649,,8371.10546875,,
96,23699,,10483.05078125,,
96,23749,,7887.9931640625,,
,5952,,,,6458.861328125
,5953,,,,9492.9990234375
,5954,,,,8930.724609375
,5955,,,,8505.7333984375
,5956,,,,6908.90283203125
,5957,,,,7223.607421875
,5958,,,,9734.4921875
,5959,,,,8433.1650390625
,5960,,,,8703.9345703125
,5961,,,,7751.30859375
,5962,,,,9162.140625
,5963,,,,10730.3974609375
,5964,,,,8969.40625
,5965,,,,10644.8525390625
,5966,,,,12319.171875
,5967,,,,10125.134765625
,5968,,,,8320.01953125
,5969,,,,9985.578125
,5970,,,,9865.19140625
,5971,,,,9027.62890625
,5972,,,,8961.6025390625
,5973,,,,10881.982421875
,5974,,,,10235.044921875
,5975,,,,8274.3466796875
,5976,,,,9738.7109375
,5977,,,,8034.5751953125
,5978,,,,12540.4521484375
,5979,,,,9517.7666015625
,5980,,,,8504.0595703125
,5981,,,,9217.166015625
,5982,,,,10402.908203125
,5983,,,,8764.888671875
,5984,,,,9574.525390625
,5985,,,,8364.296875
,5986,,,,10876.14453125
,5987,,,,10305.232421875
,5988,,,,8745.2421875
,5989,,,,10772.80078125
,5990,,,,8620.140625
,5991,,,,8207.078125
,5992,,,,10403.1708984375
,5993,,,,10603.787109375
,5994,,,,11514.3544921875
,5995,,,,8223.951171875
,5996,,,,11512.671875
,5997,,,,11066.927734375
,5998,,,,11065.37109375
,5999,,,,10463.5556640625
,6000,,,,8800.31640625
,6001,,,,9875.9599609375
,6002,,,,10728.23046875
,6003,,,,8074.7265625
,6004,,,,11878.7197265625
,6005,,,,10823.333984375
,6006,,,,8177.19140625
,6007,,,,8224.19140625
,6008,,,,9530.71875
,6009,,,,7304.4951171875
,6010,,,,9134.8388671875
,6011,,,,7275.44873046875
,6012,,,,8899.3447265625
,6013,,,,12572.1572265625
96,23764,,,9444.2255859375,
96,23764,9730.3544921875,,,
97,23799,,10228.37890625,,
97,23849,,9740.181640625,,
97,23899,,10072.265625,,
97,23949,,13025.494140625,,
97,23999,,8925.3359375,,
,6014,,,,6456.1083984375
,6015,,,,9468.779296875
,6016,,,,8919.3193359375
,6017,,,,8471.6796875
,6018,,,,6889.7509765625
,6019,,,,7218.19287109375
,6020,,,,9709.033203125
,6021,,,,8418.41796875
,6022,,,,8709.6220703125
,6023,,,,7736.708984375
,6024,,,,9141.2431640625
,6025,,,,10714.5546875
,6026,,,,8944.0986328125
,6027,,,,10604.1513671875
,6028,,,,12316.470703125
,6029,,,,10110.99609375
,6030,,,,8283.107421875
,6031,,,,9968.34375
,6032,,,,9844.177734375
,6033,,,,8985.8720703125
,6034,,,,8940.794921875
,6035,,,,10857.96484375
,6036,,,,10230.90625
,6037,,,,8247.1923828125
,6038,,,,9725.8984375
,6039,,,,8019.9580078125
,6040,,,,12515.345703125
,6041,,,,9485.658203125
,6042,,,,8488.4248046875
,6043,,,,9180.2568359375
,6044,,,,10404.447265625
,6045,,,,8748.845703125
,6046,,,,9580.0126953125
,6047,,,,8363.623046875
,6048,,,,10863.408203125
,6049,,,,10276.521484375
,6050,,,,8740.037109375
,6051,,,,10757.7685546875
,6052,,,,8595.50390625
,6053,,,,8186.60595703125
,6054,,,,10362.6787109375
,6055,,,,10581.5771484375
,6056,,,,11493.931640625
,6057,,,,8194.068359375
,6058,,,,11511.044921875
,6059,,,,11037.5615234375
,6060,,,,11036.7392578125
,6061,,,,10456.046875
,6062,,,,8785.130859375
,6063,,,,9860.96875
,6064,,,,10701.568359375
,6065,,,,8070.9130859375
,6066,,,,11873.013671875
,6067,,,,10813.4375
,6068,,,,8195.447265625
,6069,,,,8219.115234375
,6070,,,,9498.8232421875
,6071,,,,7284.666015625
,6072,,,,9089.92578125
,6073,,,,7278.7763671875
,6074,,,,8899.576171875
,6075,,,,12508.6865234375
97,24009,,,9426.8671875,
97,24009,9720.740234375,,,
98,24049,,8632.916015625,,
98,24099,,9727.720703125,,
98,24149,,12414.23828125,,
98,24199,,8449.2353515625,,
98,24249,,9849.900390625,,
,6076,,,,6490.751953125
,6077,,,,9499.0703125
,6078,,,,8940.9423828125
,6079,,,,8521.7568359375
,6080,,,,6908.0068359375
,6081,,,,7242.0693359375
,6082,,,,9736.447265625
,6083,,,,8450.611328125
,6084,,,,8723.7412109375
,6085,,,,7760.12548828125
,6086,,,,9165.427734375
,6087,,,,10745.662109375
,6088,,,,8971.126953125
,6089,,,,10636.30859375
,6090,,,,12334.9462890625
,6091,,,,10142.2646484375
,6092,,,,8323.984375
,6093,,,,10019.6328125
,6094,,,,9888.11328125
,6095,,,,9029.474609375
,6096,,,,8976.14453125
,6097,,,,10894.38671875
,6098,,,,10258.427734375
,6099,,,,8274.666015625
,6100,,,,9724.70703125
,6101,,,,8048.3486328125
,6102,,,,12558.853515625
,6103,,,,9517.3740234375
,6104,,,,8510.171875
,6105,,,,9210.2939453125
,6106,,,,10438.38671875
,6107,,,,8797.15625
,6108,,,,9610.939453125
,6109,,,,8376.2333984375
,6110,,,,10875.45703125
,6111,,,,10302.8984375
,6112,,,,8762.548828125
,6113,,,,10786.9296875
,6114,,,,8633.1103515625
,6115,,,,8224.7861328125
,6116,,,,10376.8515625
,6117,,,,10627.87109375
,6118,,,,11543.2392578125
,6119,,,,8250.3056640625
,6120,,,,11536.7919921875
,6121,,,,11056.9169921875
,6122,,,,11079.755859375
,6123,,,,10478.416015625
,6124,,,,8825.4189453125
,6125,,,,9908.9365234375
,6126,,,,10734.080078125
,6127,,,,8091.82421875
,6128,,,,11908.5986328125
,6129,,,,10840.79296875
,6130,,,,8215.2919921875
,6131,,,,8262.7421875
,6132,,,,9549.9765625
,6133,,,,7303.0869140625
,6134,,,,9116.361328125
,6135,,,,7299.08203125
,6136,,,,8929.240234375
,6137,,,,12513.80078125
98,24254,,,9457.64453125,
98,24254,9705.6787109375,,,
99,24299,,11440.890625,,
99,24349,,13012.861328125,,
99,24399,,9654.875,,
99,24449,,7771.123046875,,
99,24499,,10984.5966796875,,
,6138,,,,6393.384765625
,6139,,,,9433.216796875
,6140,,,,8877.025390625
,6141,,,,8447.517578125
,6142,,,,6846.07373046875
,6143,,,,7163.3798828125
,6144,,,,9655.623046875
,6145,,,,8379.96484375
,6146,,,,8665.94140625
,6147,,,,7697.4736328125
,6148,,,,9080.611328125
,6149,,,,10680.814453125
,6150,,,,8892.4921875
,6151,,,,10563.115234375
,6152,,,,12270.609375
,6153,,,,10074.23046875
,6154,,,,8240.3515625
,6155,,,,9929.07421875
,6156,,,,9802.3671875
,6157,,,,8957.19921875
,6158,,,,8899.400390625
,6159,,,,10803.7431640625
,6160,,,,10198.8876953125
,6161,,,,8195.853515625
,6162,,,,9672.3564453125
,6163,,,,7961.53759765625
,6164,,,,12471.046875
,6165,,,,9455.607421875
,6166,,,,8455.8193359375
,6167,,,,9152.958984375
,6168,,,,10359.681640625
,6169,,,,8730.619140625
,6170,,,,9540.1435546875
,6171,,,,8315.1318359375
,6172,,,,10811.908203125
,6173,,,,10233.93359375
,6174,,,,8678.9052734375
,6175,,,,10711.16015625
,6176,,,,8551.966796875
,6177,,,,8136.1455078125
,6178,,,,10326.013671875
,6179,,,,10528.6640625
,6180,,,,11472.6298828125
,6181,,,,8151.93310546875
,6182,,,,11453.9892578125
,6183,,,,11010.4638671875
,6184,,,,10986.4931640625
,6185,,,,10417.9599609375
,6186,,,,8753.826171875
,6187,,,,9824.2353515625
,6188,,,,10662.951171875
,6189,,,,8036.6728515625
,6190,,,,11838.173828125
,6191,,,,10756.3125
,6192,,,,8167.8193359375
,6193,,,,8184.48193359375
,6194,,,,9461.623046875
,6195,,,,7238.83447265625
,6196,,,,9025.888671875
,6197,,,,7226.9736328125
,6198,,,,8836.869140625
,6199,,,,12458.1142578125
99,24499,,,9383.9775390625,
99,24499,9704.962890625,,,
