epoch,step,train_loss_epoch,train_loss_step,val_loss_epoch,val_loss_step
0,49,,112.3072738647461,,
0,99,,115.31150817871094,,
,0,,,,107.98262023925781
,1,,,,114.52352905273438
,2,,,,80.37346649169922
,3,,,,83.4751968383789
,4,,,,93.54806518554688
,5,,,,103.47476196289062
,6,,,,102.40790557861328
,7,,,,112.16387939453125
,8,,,,98.02783203125
,9,,,,132.80484008789062
,10,,,,100.47207641601562
,11,,,,101.06513977050781
,12,,,,105.91007232666016
,13,,,,113.75167846679688
,14,,,,69.76705169677734
,15,,,,101.48961639404297
,16,,,,102.4065170288086
,17,,,,120.03974914550781
,18,,,,74.80307006835938
,19,,,,128.115234375
,20,,,,108.67459869384766
,21,,,,68.36075592041016
,22,,,,75.36526489257812
,23,,,,79.21031188964844
,24,,,,123.79743194580078
,25,,,,82.40149688720703
,26,,,,124.41072082519531
,27,,,,138.1232147216797
,28,,,,120.67495727539062
,29,,,,100.3888931274414
,30,,,,88.05382537841797
,31,,,,106.2584228515625
0,124,,,101.8441162109375,
0,124,104.34768676757812,,,
1,149,,120.03254699707031,,
1,199,,108.551513671875,,
1,249,,100.42127227783203,,
,32,,,,107.80049133300781
,33,,,,114.12324523925781
,34,,,,80.18528747558594
,35,,,,83.2527084350586
,36,,,,93.15702819824219
,37,,,,103.31613159179688
,38,,,,102.20074462890625
,39,,,,111.78746032714844
,40,,,,97.78800964355469
,41,,,,132.52662658691406
,42,,,,100.21348571777344
,43,,,,100.72639465332031
,44,,,,105.5869140625
,45,,,,113.56814575195312
,46,,,,69.56619262695312
,47,,,,101.17838287353516
,48,,,,102.12519836425781
,49,,,,119.68098449707031
,50,,,,74.6535415649414
,51,,,,127.86212158203125
,52,,,,108.48667907714844
,53,,,,68.15266418457031
,54,,,,75.19857788085938
,55,,,,78.98287963867188
,56,,,,123.5397720336914
,57,,,,82.31082916259766
,58,,,,124.1417007446289
,59,,,,137.85247802734375
,60,,,,120.4454574584961
,61,,,,100.1458740234375
,62,,,,87.68501281738281
,63,,,,105.96450805664062
1,249,,,101.59142303466797,
1,249,102.96952819824219,,,
2,299,,78.4112548828125,,
2,349,,105.77035522460938,,
,64,,,,107.71430206298828
,65,,,,114.07400512695312
,66,,,,80.11457061767578
,67,,,,83.3087387084961
,68,,,,93.06538391113281
,69,,,,103.27711486816406
,70,,,,102.17137145996094
,71,,,,111.72332763671875
,72,,,,97.79498291015625
,73,,,,132.3846435546875
,74,,,,100.16136169433594
,75,,,,100.62028503417969
,76,,,,105.56534576416016
,77,,,,113.4735107421875
,78,,,,69.53359985351562
,79,,,,101.07667541503906
,80,,,,102.07615661621094
,81,,,,119.64120483398438
,82,,,,74.64395141601562
,83,,,,127.7830810546875
,84,,,,108.50338745117188
,85,,,,68.12788391113281
,86,,,,75.1868896484375
,87,,,,78.9447021484375
,88,,,,123.50401306152344
,89,,,,82.31999969482422
,90,,,,124.0890121459961
,91,,,,137.81442260742188
,92,,,,120.37197875976562
,93,,,,100.1732177734375
,94,,,,87.63423156738281
,95,,,,105.9356689453125
2,374,,,101.54743957519531,
2,374,102.77368927001953,,,
3,399,,86.18045043945312,,
3,449,,80.78668212890625,,
3,499,,85.61302947998047,,
,96,,,,107.67900848388672
,97,,,,114.00698852539062
,98,,,,80.08253479003906
,99,,,,83.22844696044922
,100,,,,93.01783752441406
,101,,,,103.28813934326172
,102,,,,102.17523193359375
,103,,,,111.6176986694336
,104,,,,97.69154357910156
,105,,,,132.4052276611328
,106,,,,100.05357360839844
,107,,,,100.56957244873047
,108,,,,105.4980697631836
,109,,,,113.42056274414062
,110,,,,69.50080871582031
,111,,,,101.0245361328125
,112,,,,102.00689697265625
,113,,,,119.56214904785156
,114,,,,74.56881713867188
,115,,,,127.745849609375
,116,,,,108.44033813476562
,117,,,,68.05618286132812
,118,,,,75.11553955078125
,119,,,,78.89600372314453
,120,,,,123.44546508789062
,121,,,,82.28182983398438
,122,,,,124.00769805908203
,123,,,,137.79075622558594
,124,,,,120.32207489013672
,125,,,,100.05906677246094
,126,,,,87.59369659423828
,127,,,,105.88603210449219
3,499,,,101.49195098876953,
3,499,102.67251586914062,,,
4,549,,87.1207275390625,,
4,599,,96.36167907714844,,
,128,,,,107.67173767089844
,129,,,,113.96263122558594
,130,,,,80.02230834960938
,131,,,,83.21150207519531
,132,,,,92.983642578125
,133,,,,103.23346710205078
,134,,,,102.17122650146484
,135,,,,111.57989501953125
,136,,,,97.65550231933594
,137,,,,132.33084106445312
,138,,,,100.02095794677734
,139,,,,100.5149154663086
,140,,,,105.51729583740234
,141,,,,113.37535858154297
,142,,,,69.49583435058594
,143,,,,100.96943664550781
,144,,,,101.9753189086914
,145,,,,119.53408813476562
,146,,,,74.5258560180664
,147,,,,127.66950225830078
,148,,,,108.40943908691406
,149,,,,68.01741027832031
,150,,,,75.11592864990234
,151,,,,78.79443359375
,152,,,,123.36540222167969
,153,,,,82.22970581054688
,154,,,,124.00822448730469
,155,,,,137.6938934326172
,156,,,,120.30065155029297
,157,,,,100.08888244628906
,158,,,,87.51072692871094
,159,,,,105.83856201171875
4,624,,,101.45331573486328,
4,624,102.60334014892578,,,
5,649,,100.77351379394531,,
5,699,,118.35923767089844,,
5,749,,130.2618408203125,,
,160,,,,107.6225357055664
,161,,,,113.86882019042969
,162,,,,80.00227355957031
,163,,,,83.15670013427734
,164,,,,92.97648620605469
,165,,,,103.21292114257812
,166,,,,102.14247131347656
,167,,,,111.5792007446289
,168,,,,97.67363739013672
,169,,,,132.28179931640625
,170,,,,99.9962158203125
,171,,,,100.48240661621094
,172,,,,105.4780044555664
,173,,,,113.37812805175781
,174,,,,69.45954895019531
,175,,,,100.89157104492188
,176,,,,101.92213439941406
,177,,,,119.56941223144531
,178,,,,74.46914672851562
,179,,,,127.65953826904297
,180,,,,108.3722915649414
,181,,,,68.0009994506836
,182,,,,75.10875701904297
,183,,,,78.78884887695312
,184,,,,123.35611724853516
,185,,,,82.223876953125
,186,,,,123.96129608154297
,187,,,,137.66278076171875
,188,,,,120.25987243652344
,189,,,,100.00310516357422
,190,,,,87.49151611328125
,191,,,,105.81764221191406
5,749,,,101.42420959472656,
5,749,102.54974365234375,,,
6,799,,105.30496215820312,,
6,849,,95.10874938964844,,
,192,,,,107.61600494384766
,193,,,,113.88835144042969
,194,,,,79.95799255371094
,195,,,,83.11624145507812
,196,,,,92.91345977783203
,197,,,,103.21562194824219
,198,,,,102.1318588256836
,199,,,,111.5141830444336
,200,,,,97.59478759765625
,201,,,,132.29745483398438
,202,,,,99.97132873535156
,203,,,,100.48731994628906
,204,,,,105.46951293945312
,205,,,,113.32261657714844
,206,,,,69.43136596679688
,207,,,,100.90725708007812
,208,,,,101.93750762939453
,209,,,,119.49737548828125
,210,,,,74.4913330078125
,211,,,,127.6642074584961
,212,,,,108.36039733886719
,213,,,,67.9476318359375
,214,,,,75.0594711303711
,215,,,,78.7641830444336
,216,,,,123.32624053955078
,217,,,,82.20140075683594
,218,,,,123.94450378417969
,219,,,,137.5836639404297
,220,,,,120.22299194335938
,221,,,,99.96300506591797
,222,,,,87.42376708984375
,223,,,,105.73838806152344
6,874,,,101.39703369140625,
6,874,102.5141372680664,,,
7,899,,100.67179870605469,,
7,949,,97.03221130371094,,
7,999,,107.40960693359375,,
,224,,,,107.58819580078125
,225,,,,113.82574462890625
,226,,,,79.96995544433594
,227,,,,83.1051025390625
,228,,,,92.90046691894531
,229,,,,103.18000793457031
,230,,,,102.11373901367188
,231,,,,111.51348114013672
,232,,,,97.56442260742188
,233,,,,132.24380493164062
,234,,,,99.94342041015625
,235,,,,100.45294952392578
,236,,,,105.44754028320312
,237,,,,113.28086853027344
,238,,,,69.45536041259766
,239,,,,100.8781509399414
,240,,,,101.90830993652344
,241,,,,119.48460388183594
,242,,,,74.46357727050781
,243,,,,127.62213134765625
,244,,,,108.35497283935547
,245,,,,67.949951171875
,246,,,,75.0302734375
,247,,,,78.7337646484375
,248,,,,123.27679443359375
,249,,,,82.18460083007812
,250,,,,123.93620300292969
,251,,,,137.58746337890625
,252,,,,120.21990203857422
,253,,,,99.93643951416016
,254,,,,87.38333129882812
,255,,,,105.74876403808594
7,999,,,101.37512969970703,
7,999,102.48587799072266,,,
8,1049,,114.17628479003906,,
8,1099,,91.00745391845703,,
,256,,,,107.61183166503906
,257,,,,113.8711166381836
,258,,,,79.96849822998047
,259,,,,83.11482238769531
,260,,,,92.90109252929688
,261,,,,103.14749145507812
,262,,,,102.12032318115234
,263,,,,111.54317474365234
,264,,,,97.60334014892578
,265,,,,132.2415313720703
,266,,,,99.92694854736328
,267,,,,100.45016479492188
,268,,,,105.44269561767578
,269,,,,113.30064392089844
,270,,,,69.45650482177734
,271,,,,100.86685180664062
,272,,,,101.90393829345703
,273,,,,119.44984436035156
,274,,,,74.44917297363281
,275,,,,127.56493377685547
,276,,,,108.33998107910156
,277,,,,67.9324951171875
,278,,,,75.05520629882812
,279,,,,78.74896240234375
,280,,,,123.28268432617188
,281,,,,82.1714859008789
,282,,,,123.93765258789062
,283,,,,137.5628662109375
,284,,,,120.19599914550781
,285,,,,99.96074676513672
,286,,,,87.39407348632812
,287,,,,105.79380798339844
8,1124,,,101.3749008178711,
8,1124,102.44905090332031,,,
9,1149,,83.94316101074219,,
9,1199,,78.35892486572266,,
9,1249,,95.79666137695312,,
,288,,,,107.6038818359375
,289,,,,113.82038879394531
,290,,,,79.97533416748047
,291,,,,83.09867858886719
,292,,,,92.93132019042969
,293,,,,103.14994812011719
,294,,,,102.13799285888672
,295,,,,111.50725555419922
,296,,,,97.56841278076172
,297,,,,132.22378540039062
,298,,,,99.93304443359375
,299,,,,100.45877075195312
,300,,,,105.44877624511719
,301,,,,113.27664184570312
,302,,,,69.45068359375
,303,,,,100.8626480102539
,304,,,,101.89506530761719
,305,,,,119.4457778930664
,306,,,,74.4287109375
,307,,,,127.58720397949219
,308,,,,108.3547592163086
,309,,,,67.94078826904297
,310,,,,75.02589416503906
,311,,,,78.69970703125
,312,,,,123.25804901123047
,313,,,,82.17677307128906
,314,,,,123.95120239257812
,315,,,,137.55528259277344
,316,,,,120.19918823242188
,317,,,,99.94307708740234
,318,,,,87.36155700683594
,319,,,,105.77555847167969
9,1249,,,101.36685943603516,
9,1249,102.42985534667969,,,
10,1299,,94.57398986816406,,
10,1349,,117.72080993652344,,
,320,,,,107.60733032226562
,321,,,,113.78644561767578
,322,,,,79.94308471679688
,323,,,,83.03663635253906
,324,,,,92.89533996582031
,325,,,,103.18192291259766
,326,,,,102.13330841064453
,327,,,,111.45538330078125
,328,,,,97.54663848876953
,329,,,,132.2451934814453
,330,,,,99.91864776611328
,331,,,,100.4563980102539
,332,,,,105.42431640625
,333,,,,113.2816390991211
,334,,,,69.44792938232422
,335,,,,100.88909149169922
,336,,,,101.88868713378906
,337,,,,119.42327880859375
,338,,,,74.43942260742188
,339,,,,127.58007049560547
,340,,,,108.37765502929688
,341,,,,67.92305755615234
,342,,,,75.03067779541016
,343,,,,78.69520568847656
,344,,,,123.29206085205078
,345,,,,82.14669799804688
,346,,,,123.96728515625
,347,,,,137.5447540283203
,348,,,,120.20799255371094
,349,,,,99.92333221435547
,350,,,,87.33235168457031
,351,,,,105.65765380859375
10,1374,,,101.35795593261719,
10,1374,102.41272735595703,,,
11,1399,,96.93574523925781,,
11,1449,,92.93113708496094,,
11,1499,,107.70928955078125,,
,352,,,,107.60417175292969
,353,,,,113.80844116210938
,354,,,,79.93479919433594
,355,,,,83.02961730957031
,356,,,,92.86726379394531
,357,,,,103.19880676269531
,358,,,,102.10005950927734
,359,,,,111.45209503173828
,360,,,,97.52294921875
,361,,,,132.24998474121094
,362,,,,99.91082000732422
,363,,,,100.43157958984375
,364,,,,105.4348373413086
,365,,,,113.26307678222656
,366,,,,69.45856475830078
,367,,,,100.87556457519531
,368,,,,101.86736297607422
,369,,,,119.41729736328125
,370,,,,74.44911193847656
,371,,,,127.62361145019531
,372,,,,108.34394073486328
,373,,,,67.92098999023438
,374,,,,75.0062255859375
,375,,,,78.67681884765625
,376,,,,123.31546783447266
,377,,,,82.14140319824219
,378,,,,123.93339538574219
,379,,,,137.50054931640625
,380,,,,120.18862915039062
,381,,,,99.87893676757812
,382,,,,87.32946014404297
,383,,,,105.70533752441406
11,1499,,,101.34917449951172,
11,1499,102.3980941772461,,,
12,1549,,130.4149932861328,,
12,1599,,110.13200378417969,,
,384,,,,107.62109375
,385,,,,113.79495239257812
,386,,,,79.92372131347656
,387,,,,83.02584838867188
,388,,,,92.8792724609375
,389,,,,103.18280029296875
,390,,,,102.12515258789062
,391,,,,111.43821716308594
,392,,,,97.51165008544922
,393,,,,132.2488555908203
,394,,,,99.89021301269531
,395,,,,100.43534851074219
,396,,,,105.44034576416016
,397,,,,113.2479248046875
,398,,,,69.4480972290039
,399,,,,100.86553955078125
,400,,,,101.84278869628906
,401,,,,119.40638732910156
,402,,,,74.40390014648438
,403,,,,127.57556915283203
,404,,,,108.35868835449219
,405,,,,67.90748596191406
,406,,,,75.009521484375
,407,,,,78.67062377929688
,408,,,,123.25553894042969
,409,,,,82.15423583984375
,410,,,,123.93090057373047
,411,,,,137.5019073486328
,412,,,,120.19737243652344
,413,,,,99.89811706542969
,414,,,,87.34443664550781
,415,,,,105.65238952636719
12,1624,,,101.34239959716797,
12,1624,102.3795166015625,,,
13,1649,,86.77458190917969,,
13,1699,,105.52640533447266,,
13,1749,,108.91807556152344,,
,416,,,,107.56854248046875
,417,,,,113.73674011230469
,418,,,,79.90359497070312
,419,,,,83.0472640991211
,420,,,,92.84504699707031
,421,,,,103.17518615722656
,422,,,,102.07777404785156
,423,,,,111.43035888671875
,424,,,,97.48397827148438
,425,,,,132.21517944335938
,426,,,,99.87197875976562
,427,,,,100.39996337890625
,428,,,,105.4263916015625
,429,,,,113.23262023925781
,430,,,,69.42926025390625
,431,,,,100.85920715332031
,432,,,,101.85676574707031
,433,,,,119.40454864501953
,434,,,,74.39064025878906
,435,,,,127.57475280761719
,436,,,,108.31428527832031
,437,,,,67.89777374267578
,438,,,,74.98491668701172
,439,,,,78.65119171142578
,440,,,,123.22325134277344
,441,,,,82.11412811279297
,442,,,,123.88916015625
,443,,,,137.4825897216797
,444,,,,120.13414001464844
,445,,,,99.86924743652344
,446,,,,87.31096649169922
,447,,,,105.59487915039062
13,1749,,,101.31838989257812,
13,1749,102.36925506591797,,,
14,1799,,120.6471176147461,,
14,1849,,114.47947692871094,,
,448,,,,107.58015441894531
,449,,,,113.76701354980469
,450,,,,79.90010833740234
,451,,,,82.99443817138672
,452,,,,92.85249328613281
,453,,,,103.15782165527344
,454,,,,102.1094970703125
,455,,,,111.40070343017578
,456,,,,97.51174926757812
,457,,,,132.21868896484375
,458,,,,99.87870025634766
,459,,,,100.39637756347656
,460,,,,105.41795349121094
,461,,,,113.19884490966797
,462,,,,69.42528533935547
,463,,,,100.8353271484375
,464,,,,101.85044860839844
,465,,,,119.39692687988281
,466,,,,74.38583374023438
,467,,,,127.58039855957031
,468,,,,108.33990478515625
,469,,,,67.88040924072266
,470,,,,74.97761535644531
,471,,,,78.63327026367188
,472,,,,123.23284149169922
,473,,,,82.1181869506836
,474,,,,123.92108154296875
,475,,,,137.46531677246094
,476,,,,120.13258361816406
,477,,,,99.88699340820312
,478,,,,87.28739929199219
,479,,,,105.59779357910156
14,1874,,,101.31629180908203,
14,1874,102.35334014892578,,,
15,1899,,98.41423034667969,,
15,1949,,85.47425842285156,,
15,1999,,97.16963195800781,,
,480,,,,107.56022644042969
,481,,,,113.73905181884766
,482,,,,79.9185562133789
,483,,,,83.00965118408203
,484,,,,92.85868072509766
,485,,,,103.16426086425781
,486,,,,102.08744049072266
,487,,,,111.40740966796875
,488,,,,97.51544952392578
,489,,,,132.21270751953125
,490,,,,99.882568359375
,491,,,,100.41199493408203
,492,,,,105.43280029296875
,493,,,,113.21589660644531
,494,,,,69.43136596679688
,495,,,,100.82697296142578
,496,,,,101.90058898925781
,497,,,,119.39563751220703
,498,,,,74.40669250488281
,499,,,,127.5772476196289
,500,,,,108.3116455078125
,501,,,,67.90364074707031
,502,,,,74.99396514892578
,503,,,,78.64962768554688
,504,,,,123.18338012695312
,505,,,,82.12005615234375
,506,,,,123.94511413574219
,507,,,,137.47962951660156
,508,,,,120.13703918457031
,509,,,,99.89215087890625
,510,,,,87.29060363769531
,511,,,,105.64932250976562
15,1999,,,101.3207778930664,
15,1999,102.34854888916016,,,
16,2049,,98.81069946289062,,
16,2099,,108.4644546508789,,
,512,,,,107.59268188476562
,513,,,,113.75631713867188
,514,,,,79.92304992675781
,515,,,,82.99783325195312
,516,,,,92.87980651855469
,517,,,,103.16259765625
,518,,,,102.10299682617188
,519,,,,111.41159057617188
,520,,,,97.52439880371094
,521,,,,132.2025604248047
,522,,,,99.8846435546875
,523,,,,100.39451599121094
,524,,,,105.42607879638672
,525,,,,113.23704528808594
,526,,,,69.44606018066406
,527,,,,100.82318878173828
,528,,,,101.85022735595703
,529,,,,119.41361999511719
,530,,,,74.38255310058594
,531,,,,127.55250549316406
,532,,,,108.31879425048828
,533,,,,67.8848876953125
,534,,,,74.99626159667969
,535,,,,78.64828491210938
,536,,,,123.22222900390625
,537,,,,82.11310577392578
,538,,,,123.94706726074219
,539,,,,137.48468017578125
,540,,,,120.13848114013672
,541,,,,99.89839172363281
,542,,,,87.30876922607422
,543,,,,105.66609191894531
16,2124,,,101.32292938232422,
16,2124,102.33397674560547,,,
17,2149,,111.09786224365234,,
17,2199,,111.10813903808594,,
17,2249,,81.06210327148438,,
,544,,,,107.55314636230469
,545,,,,113.75576782226562
,546,,,,79.90390014648438
,547,,,,83.00821685791016
,548,,,,92.84125518798828
,549,,,,103.1328353881836
,550,,,,102.06388092041016
,551,,,,111.38423919677734
,552,,,,97.4676513671875
,553,,,,132.1478271484375
,554,,,,99.8445053100586
,555,,,,100.37979125976562
,556,,,,105.38585662841797
,557,,,,113.20555114746094
,558,,,,69.42279815673828
,559,,,,100.79335021972656
,560,,,,101.84056091308594
,561,,,,119.36955261230469
,562,,,,74.37432098388672
,563,,,,127.54421997070312
,564,,,,108.28857421875
,565,,,,67.8759765625
,566,,,,74.96615600585938
,567,,,,78.62553405761719
,568,,,,123.1921615600586
,569,,,,82.0857925415039
,570,,,,123.9019546508789
,571,,,,137.45657348632812
,572,,,,120.09603881835938
,573,,,,99.833984375
,574,,,,87.2960433959961
,575,,,,105.60154724121094
17,2249,,,101.29401397705078,
17,2249,102.32475280761719,,,
18,2299,,106.68132019042969,,
18,2349,,113.04270935058594,,
,576,,,,107.54682159423828
,577,,,,113.69252014160156
,578,,,,79.9180679321289
,579,,,,82.98728942871094
,580,,,,92.83772277832031
,581,,,,103.1392822265625
,582,,,,102.05125427246094
,583,,,,111.35648345947266
,584,,,,97.47349548339844
,585,,,,132.1408233642578
,586,,,,99.84895324707031
,587,,,,100.36883544921875
,588,,,,105.37210083007812
,589,,,,113.20799255371094
,590,,,,69.39244079589844
,591,,,,100.7908935546875
,592,,,,101.81802368164062
,593,,,,119.35407257080078
,594,,,,74.36756896972656
,595,,,,127.55159759521484
,596,,,,108.25881958007812
,597,,,,67.87013244628906
,598,,,,74.96029663085938
,599,,,,78.62602233886719
,600,,,,123.20726776123047
,601,,,,82.09617614746094
,602,,,,123.89732360839844
,603,,,,137.42434692382812
,604,,,,120.07627868652344
,605,,,,99.80796813964844
,606,,,,87.27171325683594
,607,,,,105.61797332763672
18,2374,,,101.28373718261719,
18,2374,102.30363464355469,,,
19,2399,,107.05253601074219,,
19,2449,,78.6434097290039,,
19,2499,,108.70906066894531,,
,608,,,,107.56533813476562
,609,,,,113.7053451538086
,610,,,,79.89137268066406
,611,,,,82.96012878417969
,612,,,,92.81562805175781
,613,,,,103.15534973144531
,614,,,,102.078125
,615,,,,111.33435821533203
,616,,,,97.45114135742188
,617,,,,132.17068481445312
,618,,,,99.84660339355469
,619,,,,100.36050415039062
,620,,,,105.3653564453125
,621,,,,113.18205261230469
,622,,,,69.40385437011719
,623,,,,100.77928924560547
,624,,,,101.82735443115234
,625,,,,119.33936309814453
,626,,,,74.37315368652344
,627,,,,127.54002380371094
,628,,,,108.30982971191406
,629,,,,67.85292053222656
,630,,,,74.95943450927734
,631,,,,78.5982437133789
,632,,,,123.16424560546875
,633,,,,82.07614135742188
,634,,,,123.93269348144531
,635,,,,137.41543579101562
,636,,,,120.11158752441406
,637,,,,99.8013916015625
,638,,,,87.25687408447266
,639,,,,105.53318786621094
19,2499,,,101.28023529052734,
19,2499,102.30442810058594,,,
20,2549,,114.2623062133789,,
20,2599,,109.38845825195312,,
,640,,,,107.56199645996094
,641,,,,113.7163314819336
,642,,,,79.92787170410156
,643,,,,82.98268127441406
,644,,,,92.84671020507812
,645,,,,103.12535858154297
,646,,,,102.08924865722656
,647,,,,111.34910583496094
,648,,,,97.46945190429688
,649,,,,132.15805053710938
,650,,,,99.82569885253906
,651,,,,100.37602233886719
,652,,,,105.37616729736328
,653,,,,113.23080444335938
,654,,,,69.39250946044922
,655,,,,100.81101989746094
,656,,,,101.8247299194336
,657,,,,119.33370971679688
,658,,,,74.35757446289062
,659,,,,127.52515411376953
,660,,,,108.26628112792969
,661,,,,67.87275695800781
,662,,,,74.9814682006836
,663,,,,78.58943176269531
,664,,,,123.19557189941406
,665,,,,82.0786361694336
,666,,,,123.91776275634766
,667,,,,137.43450927734375
,668,,,,120.09796905517578
,669,,,,99.81008911132812
,670,,,,87.26298522949219
,671,,,,105.63795471191406
20,2624,,,101.28630065917969,
20,2624,102.29441833496094,,,
21,2649,,98.03368377685547,,
21,2699,,80.67094421386719,,
21,2749,,145.79876708984375,,
,672,,,,107.53605651855469
,673,,,,113.68595886230469
,674,,,,79.88568878173828
,675,,,,82.96687316894531
,676,,,,92.78012084960938
,677,,,,103.10784149169922
,678,,,,102.0664291381836
,679,,,,111.33055114746094
,680,,,,97.4669189453125
,681,,,,132.18292236328125
,682,,,,99.83392333984375
,683,,,,100.33560180664062
,684,,,,105.35456848144531
,685,,,,113.19585418701172
,686,,,,69.37380981445312
,687,,,,100.77993774414062
,688,,,,101.80966186523438
,689,,,,119.30599975585938
,690,,,,74.35151672363281
,691,,,,127.5346450805664
,692,,,,108.26634979248047
,693,,,,67.86671447753906
,694,,,,74.95230102539062
,695,,,,78.60272216796875
,696,,,,123.18696594238281
,697,,,,82.06317138671875
,698,,,,123.90975189208984
,699,,,,137.43238830566406
,700,,,,120.07748413085938
,701,,,,99.800048828125
,702,,,,87.25648498535156
,703,,,,105.51206970214844
21,2749,,,101.26966857910156,
21,2749,102.287109375,,,
22,2799,,131.55897521972656,,
22,2849,,114.97265625,,
,704,,,,107.50259399414062
,705,,,,113.66741180419922
,706,,,,79.86741638183594
,707,,,,82.970458984375
,708,,,,92.79815673828125
,709,,,,103.08586120605469
,710,,,,102.03443908691406
,711,,,,111.34027099609375
,712,,,,97.43829345703125
,713,,,,132.12698364257812
,714,,,,99.79335021972656
,715,,,,100.34844970703125
,716,,,,105.3563232421875
,717,,,,113.1819076538086
,718,,,,69.3775634765625
,719,,,,100.75038146972656
,720,,,,101.79596710205078
,721,,,,119.33235168457031
,722,,,,74.33699798583984
,723,,,,127.53855895996094
,724,,,,108.23438262939453
,725,,,,67.8788070678711
,726,,,,74.94729614257812
,727,,,,78.60777282714844
,728,,,,123.14375305175781
,729,,,,82.05474090576172
,730,,,,123.88309478759766
,731,,,,137.42977905273438
,732,,,,120.078857421875
,733,,,,99.77650451660156
,734,,,,87.27281188964844
,735,,,,105.57494354248047
22,2874,,,101.25904846191406,
22,2874,102.28326416015625,,,
23,2899,,97.55360412597656,,
23,2949,,98.28567504882812,,
23,2999,,137.58761596679688,,
,736,,,,107.4988021850586
,737,,,,113.63337707519531
,738,,,,79.86309051513672
,739,,,,82.94312286376953
,740,,,,92.78791046142578
,741,,,,103.07850646972656
,742,,,,102.01715087890625
,743,,,,111.27433776855469
,744,,,,97.40472412109375
,745,,,,132.109619140625
,746,,,,99.79486083984375
,747,,,,100.31474304199219
,748,,,,105.3425521850586
,749,,,,113.17440795898438
,750,,,,69.35430908203125
,751,,,,100.73590087890625
,752,,,,101.78003692626953
,753,,,,119.28083801269531
,754,,,,74.31655883789062
,755,,,,127.52273559570312
,756,,,,108.22592163085938
,757,,,,67.84516143798828
,758,,,,74.9164047241211
,759,,,,78.59477233886719
,760,,,,123.1238784790039
,761,,,,82.03829193115234
,762,,,,123.86708068847656
,763,,,,137.42343139648438
,764,,,,120.04962158203125
,765,,,,99.7241439819336
,766,,,,87.24363708496094
,767,,,,105.48760986328125
23,2999,,,101.23685455322266,
23,2999,102.27342224121094,,,
24,3049,,107.07111358642578,,
24,3099,,122.5565185546875,,
,768,,,,107.51785278320312
,769,,,,113.69148254394531
,770,,,,79.87776947021484
,771,,,,82.93856811523438
,772,,,,92.8134765625
,773,,,,103.09521484375
,774,,,,102.04544067382812
,775,,,,111.29219818115234
,776,,,,97.42039489746094
,777,,,,132.15069580078125
,778,,,,99.78101348876953
,779,,,,100.34538269042969
,780,,,,105.35456848144531
,781,,,,113.15986633300781
,782,,,,69.3641586303711
,783,,,,100.74966430664062
,784,,,,101.7769775390625
,785,,,,119.32948303222656
,786,,,,74.35186767578125
,787,,,,127.5228500366211
,788,,,,108.24372100830078
,789,,,,67.85604858398438
,790,,,,74.92893981933594
,791,,,,78.59532165527344
,792,,,,123.14503479003906
,793,,,,82.03427124023438
,794,,,,123.87054443359375
,795,,,,137.39402770996094
,796,,,,120.08905029296875
,797,,,,99.78531646728516
,798,,,,87.2650375366211
,799,,,,105.48712158203125
24,3124,,,101.2530517578125,
24,3124,102.26140594482422,,,
25,3149,,125.51952362060547,,
25,3199,,100.89851379394531,,
25,3249,,101.93959045410156,,
,800,,,,107.51091003417969
,801,,,,113.66311645507812
,802,,,,79.85855102539062
,803,,,,82.93940734863281
,804,,,,92.80734252929688
,805,,,,103.08617401123047
,806,,,,102.02391052246094
,807,,,,111.31877899169922
,808,,,,97.39015197753906
,809,,,,132.1239471435547
,810,,,,99.76895141601562
,811,,,,100.3344955444336
,812,,,,105.35342407226562
,813,,,,113.16786193847656
,814,,,,69.36601257324219
,815,,,,100.74190521240234
,816,,,,101.77145385742188
,817,,,,119.32245635986328
,818,,,,74.33458709716797
,819,,,,127.51346588134766
,820,,,,108.21578979492188
,821,,,,67.86018371582031
,822,,,,74.94352722167969
,823,,,,78.57693481445312
,824,,,,123.09943389892578
,825,,,,82.03545379638672
,826,,,,123.86357879638672
,827,,,,137.41177368164062
,828,,,,120.03815460205078
,829,,,,99.77760314941406
,830,,,,87.26795959472656
,831,,,,105.49454498291016
25,3249,,,101.24353790283203,
25,3249,102.25518798828125,,,
26,3299,,91.76049041748047,,
26,3349,,99.09518432617188,,
,832,,,,107.49734497070312
,833,,,,113.6399154663086
,834,,,,79.86018371582031
,835,,,,82.9248046875
,836,,,,92.77694702148438
,837,,,,103.09439086914062
,838,,,,101.99786376953125
,839,,,,111.25916290283203
,840,,,,97.34310913085938
,841,,,,132.10362243652344
,842,,,,99.74960327148438
,843,,,,100.3140869140625
,844,,,,105.31478118896484
,845,,,,113.17085266113281
,846,,,,69.34610748291016
,847,,,,100.7547607421875
,848,,,,101.76631164550781
,849,,,,119.2767105102539
,850,,,,74.33921813964844
,851,,,,127.5040283203125
,852,,,,108.20030975341797
,853,,,,67.84921264648438
,854,,,,74.91116333007812
,855,,,,78.58297729492188
,856,,,,123.13359069824219
,857,,,,82.01031494140625
,858,,,,123.83172607421875
,859,,,,137.39984130859375
,860,,,,120.0263442993164
,861,,,,99.71896362304688
,862,,,,87.2392349243164
,863,,,,105.44166564941406
26,3374,,,101.22553253173828,
26,3374,102.24002838134766,,,
27,3399,,120.78678894042969,,
27,3449,,118.16986083984375,,
27,3499,,100.49472045898438,,
,864,,,,107.51564025878906
,865,,,,113.6451644897461
,866,,,,79.86180114746094
,867,,,,82.92994689941406
,868,,,,92.80926513671875
,869,,,,103.08163452148438
,870,,,,102.04206085205078
,871,,,,111.29043579101562
,872,,,,97.41801452636719
,873,,,,132.12042236328125
,874,,,,99.79920959472656
,875,,,,100.30787658691406
,876,,,,105.34070587158203
,877,,,,113.17300415039062
,878,,,,69.35629272460938
,879,,,,100.73341369628906
,880,,,,101.76631164550781
,881,,,,119.31600952148438
,882,,,,74.33271026611328
,883,,,,127.50868225097656
,884,,,,108.21936798095703
,885,,,,67.86735534667969
,886,,,,74.93673706054688
,887,,,,78.56332397460938
,888,,,,123.08689880371094
,889,,,,82.03681182861328
,890,,,,123.87752532958984
,891,,,,137.39915466308594
,892,,,,120.05084991455078
,893,,,,99.74372863769531
,894,,,,87.25521850585938
,895,,,,105.50347900390625
27,3499,,,101.24036407470703,
27,3499,102.23701477050781,,,
28,3549,,88.36338806152344,,
28,3599,,91.14640808105469,,
,896,,,,107.48390197753906
,897,,,,113.63938903808594
,898,,,,79.84673309326172
,899,,,,82.93122863769531
,900,,,,92.77813720703125
,901,,,,103.07344055175781
,902,,,,102.00749206542969
,903,,,,111.27375793457031
,904,,,,97.3447265625
,905,,,,132.12442016601562
,906,,,,99.73930358886719
,907,,,,100.29550170898438
,908,,,,105.32913208007812
,909,,,,113.13575744628906
,910,,,,69.33969116210938
,911,,,,100.7013931274414
,912,,,,101.75935363769531
,913,,,,119.29480743408203
,914,,,,74.33935546875
,915,,,,127.50302124023438
,916,,,,108.20726776123047
,917,,,,67.84578704833984
,918,,,,74.91639709472656
,919,,,,78.55357360839844
,920,,,,123.08415222167969
,921,,,,82.00421142578125
,922,,,,123.84962463378906
,923,,,,137.35952758789062
,924,,,,120.04907989501953
,925,,,,99.74872589111328
,926,,,,87.24217224121094
,927,,,,105.50816345214844
28,3624,,,101.22169494628906,
28,3624,102.2339859008789,,,
29,3649,,108.45042419433594,,
29,3699,,113.09904479980469,,
29,3749,,102.10423278808594,,
,928,,,,107.50909423828125
,929,,,,113.65840148925781
,930,,,,79.8438720703125
,931,,,,82.92815399169922
,932,,,,92.78277587890625
,933,,,,103.08851623535156
,934,,,,102.05742645263672
,935,,,,111.27924346923828
,936,,,,97.38088989257812
,937,,,,132.14431762695312
,938,,,,99.76900482177734
,939,,,,100.30400848388672
,940,,,,105.35963439941406
,941,,,,113.15193176269531
,942,,,,69.34712219238281
,943,,,,100.72651672363281
,944,,,,101.78582763671875
,945,,,,119.30028533935547
,946,,,,74.31476593017578
,947,,,,127.50692749023438
,948,,,,108.21578979492188
,949,,,,67.83062744140625
,950,,,,74.90755462646484
,951,,,,78.56416320800781
,952,,,,123.14202880859375
,953,,,,82.01165008544922
,954,,,,123.86622619628906
,955,,,,137.39634704589844
,956,,,,120.05448150634766
,957,,,,99.75009155273438
,958,,,,87.24449157714844
,959,,,,105.48379516601562
29,3749,,,101.23497009277344,
29,3749,102.22107696533203,,,
30,3799,,110.47380065917969,,
30,3849,,107.65515899658203,,
,960,,,,107.44943237304688
,961,,,,113.60031127929688
,962,,,,79.81629180908203
,963,,,,82.89244079589844
,964,,,,92.75318908691406
,965,,,,103.03578186035156
,966,,,,101.98457336425781
,967,,,,111.21772003173828
,968,,,,97.35604858398438
,969,,,,132.10281372070312
,970,,,,99.73011016845703
,971,,,,100.25900268554688
,972,,,,105.31009674072266
,973,,,,113.1258773803711
,974,,,,69.32203674316406
,975,,,,100.68170166015625
,976,,,,101.75393676757812
,977,,,,119.26094818115234
,978,,,,74.30693817138672
,979,,,,127.48629760742188
,980,,,,108.1806640625
,981,,,,67.82633209228516
,982,,,,74.8864517211914
,983,,,,78.53298950195312
,984,,,,123.0712890625
,985,,,,81.97396087646484
,986,,,,123.81143951416016
,987,,,,137.38363647460938
,988,,,,120.00730895996094
,989,,,,99.70849609375
,990,,,,87.21073913574219
,991,,,,105.39832305908203
30,3874,,,101.19641876220703,
30,3874,102.21768951416016,,,
31,3899,,94.97303771972656,,
31,3949,,94.62268829345703,,
31,3999,,139.76190185546875,,
,992,,,,107.48384094238281
,993,,,,113.65176391601562
,994,,,,79.82844543457031
,995,,,,82.9283447265625
,996,,,,92.76356506347656
,997,,,,103.06818389892578
,998,,,,101.99396514892578
,999,,,,111.28333282470703
,1000,,,,97.37136840820312
,1001,,,,132.1103515625
,1002,,,,99.7780532836914
,1003,,,,100.3171615600586
,1004,,,,105.33138275146484
,1005,,,,113.16399383544922
,1006,,,,69.35671997070312
,1007,,,,100.7173843383789
,1008,,,,101.7521743774414
,1009,,,,119.30587005615234
,1010,,,,74.33135986328125
,1011,,,,127.49039459228516
,1012,,,,108.22097778320312
,1013,,,,67.8355484008789
,1014,,,,74.91218566894531
,1015,,,,78.53424072265625
,1016,,,,123.09066772460938
,1017,,,,81.99317932128906
,1018,,,,123.84950256347656
,1019,,,,137.3785400390625
,1020,,,,120.0393295288086
,1021,,,,99.74195861816406
,1022,,,,87.22283935546875
,1023,,,,105.45932006835938
31,3999,,,101.2227554321289,
31,3999,102.21272277832031,,,
32,4049,,99.29910278320312,,
32,4099,,83.82010650634766,,
,1024,,,,107.47450256347656
,1025,,,,113.60000610351562
,1026,,,,79.82255554199219
,1027,,,,82.89726257324219
,1028,,,,92.74388122558594
,1029,,,,103.05354309082031
,1030,,,,101.99059295654297
,1031,,,,111.24397277832031
,1032,,,,97.35125732421875
,1033,,,,132.09390258789062
,1034,,,,99.76223754882812
,1035,,,,100.26385498046875
,1036,,,,105.3101806640625
,1037,,,,113.13724517822266
,1038,,,,69.31775665283203
,1039,,,,100.68321228027344
,1040,,,,101.724609375
,1041,,,,119.28067016601562
,1042,,,,74.31314849853516
,1043,,,,127.47657775878906
,1044,,,,108.20359802246094
,1045,,,,67.81995391845703
,1046,,,,74.87993621826172
,1047,,,,78.53572082519531
,1048,,,,123.06324005126953
,1049,,,,81.9738998413086
,1050,,,,123.83877563476562
,1051,,,,137.3597869873047
,1052,,,,120.02596282958984
,1053,,,,99.71287536621094
,1054,,,,87.22408294677734
,1055,,,,105.44219970703125
32,4124,,,101.20125579833984,
32,4124,102.20569610595703,,,
33,4149,,81.02111053466797,,
33,4199,,74.14486694335938,,
33,4249,,84.88931274414062,,
,1056,,,,107.47183227539062
,1057,,,,113.5999755859375
,1058,,,,79.80790710449219
,1059,,,,82.88445281982422
,1060,,,,92.72577667236328
,1061,,,,103.05177307128906
,1062,,,,101.9857177734375
,1063,,,,111.22450256347656
,1064,,,,97.32493591308594
,1065,,,,132.11746215820312
,1066,,,,99.72845458984375
,1067,,,,100.26924896240234
,1068,,,,105.32028198242188
,1069,,,,113.1048355102539
,1070,,,,69.33280944824219
,1071,,,,100.68364715576172
,1072,,,,101.72645568847656
,1073,,,,119.26937866210938
,1074,,,,74.29864501953125
,1075,,,,127.47652435302734
,1076,,,,108.20828247070312
,1077,,,,67.82242584228516
,1078,,,,74.89250183105469
,1079,,,,78.52853393554688
,1080,,,,123.05253601074219
,1081,,,,81.96829986572266
,1082,,,,123.82880401611328
,1083,,,,137.3441619873047
,1084,,,,120.01998901367188
,1085,,,,99.73411560058594
,1086,,,,87.20108795166016
,1087,,,,105.3980712890625
33,4249,,,101.19537353515625,
33,4249,102.21051788330078,,,
34,4299,,108.66552734375,,
34,4349,,115.69695281982422,,
,1088,,,,107.49159240722656
,1089,,,,113.595947265625
,1090,,,,79.84902954101562
,1091,,,,82.91199493408203
,1092,,,,92.76310729980469
,1093,,,,103.06065368652344
,1094,,,,102.01556396484375
,1095,,,,111.26776123046875
,1096,,,,97.36576843261719
,1097,,,,132.10098266601562
,1098,,,,99.7480239868164
,1099,,,,100.28055572509766
,1100,,,,105.32026672363281
,1101,,,,113.15776062011719
,1102,,,,69.34087371826172
,1103,,,,100.68296813964844
,1104,,,,101.71946716308594
,1105,,,,119.30284118652344
,1106,,,,74.2929916381836
,1107,,,,127.46337890625
,1108,,,,108.2151870727539
,1109,,,,67.83843994140625
,1110,,,,74.89802551269531
,1111,,,,78.53538513183594
,1112,,,,123.05142211914062
,1113,,,,81.98222351074219
,1114,,,,123.84205627441406
,1115,,,,137.37445068359375
,1116,,,,120.03318786621094
,1117,,,,99.76329040527344
,1118,,,,87.23853302001953
,1119,,,,105.45091247558594
34,4374,,,101.21172332763672,
34,4374,102.19631958007812,,,
35,4399,,99.0074691772461,,
35,4449,,94.24566650390625,,
35,4499,,98.5316390991211,,
,1120,,,,107.46333312988281
,1121,,,,113.57743835449219
,1122,,,,79.79815673828125
,1123,,,,82.89741516113281
,1124,,,,92.73844146728516
,1125,,,,103.0269775390625
,1126,,,,101.98182678222656
,1127,,,,111.20828247070312
,1128,,,,97.33071899414062
,1129,,,,132.10243225097656
,1130,,,,99.73822784423828
,1131,,,,100.24661254882812
,1132,,,,105.31397247314453
,1133,,,,113.14511108398438
,1134,,,,69.31082916259766
,1135,,,,100.669189453125
,1136,,,,101.71086883544922
,1137,,,,119.26351165771484
,1138,,,,74.298583984375
,1139,,,,127.48064422607422
,1140,,,,108.17829895019531
,1141,,,,67.83318328857422
,1142,,,,74.88578796386719
,1143,,,,78.51792907714844
,1144,,,,123.0283203125
,1145,,,,81.96638488769531
,1146,,,,123.81798553466797
,1147,,,,137.34393310546875
,1148,,,,120.0047378540039
,1149,,,,99.7041015625
,1150,,,,87.20747375488281
,1151,,,,105.40133666992188
35,4499,,,101.1884994506836,
35,4499,102.18975830078125,,,
36,4549,,77.3349609375,,
36,4599,,103.55989074707031,,
,1152,,,,107.46852111816406
,1153,,,,113.59791564941406
,1154,,,,79.79912567138672
,1155,,,,82.88612365722656
,1156,,,,92.72454071044922
,1157,,,,103.02163696289062
,1158,,,,101.98527526855469
,1159,,,,111.2285385131836
,1160,,,,97.32623291015625
,1161,,,,132.09548950195312
,1162,,,,99.72694396972656
,1163,,,,100.25873565673828
,1164,,,,105.31938171386719
,1165,,,,113.13571166992188
,1166,,,,69.30572509765625
,1167,,,,100.65709686279297
,1168,,,,101.69519805908203
,1169,,,,119.2828369140625
,1170,,,,74.28099060058594
,1171,,,,127.47346496582031
,1172,,,,108.18482208251953
,1173,,,,67.83040618896484
,1174,,,,74.88861083984375
,1175,,,,78.51280212402344
,1176,,,,123.06062316894531
,1177,,,,81.96597290039062
,1178,,,,123.81189727783203
,1179,,,,137.3260955810547
,1180,,,,119.99791717529297
,1181,,,,99.6946792602539
,1182,,,,87.20126342773438
,1183,,,,105.40424346923828
36,4624,,,101.18705749511719,
36,4624,102.1890869140625,,,
37,4649,,79.84078979492188,,
37,4699,,97.4877700805664,,
37,4749,,108.04168701171875,,
,1184,,,,107.46487426757812
,1185,,,,113.5367431640625
,1186,,,,79.7918701171875
,1187,,,,82.8844223022461
,1188,,,,92.73858642578125
,1189,,,,103.03215026855469
,1190,,,,101.96992492675781
,1191,,,,111.21324920654297
,1192,,,,97.32586669921875
,1193,,,,132.091064453125
,1194,,,,99.74166870117188
,1195,,,,100.25718688964844
,1196,,,,105.31427001953125
,1197,,,,113.13404846191406
,1198,,,,69.29376983642578
,1199,,,,100.66664123535156
,1200,,,,101.71978759765625
,1201,,,,119.26862335205078
,1202,,,,74.30642700195312
,1203,,,,127.45686340332031
,1204,,,,108.18443298339844
,1205,,,,67.82425689697266
,1206,,,,74.89031982421875
,1207,,,,78.52169036865234
,1208,,,,123.04710388183594
,1209,,,,81.96228790283203
,1210,,,,123.80023193359375
,1211,,,,137.33395385742188
,1212,,,,120.01353454589844
,1213,,,,99.69700622558594
,1214,,,,87.22370910644531
,1215,,,,105.38072967529297
37,4749,,,101.18565368652344,
37,4749,102.17581176757812,,,
38,4799,,90.89326477050781,,
38,4849,,103.01746368408203,,
,1216,,,,107.44147491455078
,1217,,,,113.55987548828125
,1218,,,,79.8062515258789
,1219,,,,82.8756103515625
,1220,,,,92.73945617675781
,1221,,,,103.00981140136719
,1222,,,,101.95437622070312
,1223,,,,111.20664978027344
,1224,,,,97.32002258300781
,1225,,,,132.05625915527344
,1226,,,,99.71054077148438
,1227,,,,100.24703979492188
,1228,,,,105.2905044555664
,1229,,,,113.14266204833984
,1230,,,,69.31360626220703
,1231,,,,100.64968872070312
,1232,,,,101.68987274169922
,1233,,,,119.23880004882812
,1234,,,,74.27857971191406
,1235,,,,127.44552612304688
,1236,,,,108.17534637451172
,1237,,,,67.81673431396484
,1238,,,,74.87063598632812
,1239,,,,78.51150512695312
,1240,,,,123.00643157958984
,1241,,,,81.96969604492188
,1242,,,,123.80308532714844
,1243,,,,137.32858276367188
,1244,,,,120.01787567138672
,1245,,,,99.69879150390625
,1246,,,,87.20948791503906
,1247,,,,105.46343994140625
38,4874,,,101.17601013183594,
38,4874,102.17298889160156,,,
39,4899,,70.31642150878906,,
39,4949,,104.53366088867188,,
39,4999,,85.79539489746094,,
,1248,,,,107.43870544433594
,1249,,,,113.57960510253906
,1250,,,,79.80586242675781
,1251,,,,82.868408203125
,1252,,,,92.74761199951172
,1253,,,,103.01976776123047
,1254,,,,101.9577865600586
,1255,,,,111.2054672241211
,1256,,,,97.29830932617188
,1257,,,,132.05657958984375
,1258,,,,99.72573852539062
,1259,,,,100.24589538574219
,1260,,,,105.28962707519531
,1261,,,,113.1307601928711
,1262,,,,69.3136215209961
,1263,,,,100.66275024414062
,1264,,,,101.71013641357422
,1265,,,,119.27294921875
,1266,,,,74.27513885498047
,1267,,,,127.472412109375
,1268,,,,108.17228698730469
,1269,,,,67.81985473632812
,1270,,,,74.87930297851562
,1271,,,,78.49835205078125
,1272,,,,123.02767181396484
,1273,,,,81.94793701171875
,1274,,,,123.79541015625
,1275,,,,137.32778930664062
,1276,,,,119.99105834960938
,1277,,,,99.70059967041016
,1278,,,,87.20895385742188
,1279,,,,105.41854095458984
39,4999,,,101.1776351928711,
39,4999,102.16214752197266,,,
40,5049,,85.7552719116211,,
40,5099,,95.48260498046875,,
,1280,,,,107.41116333007812
,1281,,,,113.57872009277344
,1282,,,,79.76983642578125
,1283,,,,82.8611068725586
,1284,,,,92.69833374023438
,1285,,,,103.01422119140625
,1286,,,,101.932373046875
,1287,,,,111.18462371826172
,1288,,,,97.25311279296875
,1289,,,,132.0561981201172
,1290,,,,99.70990753173828
,1291,,,,100.22184753417969
,1292,,,,105.27316284179688
,1293,,,,113.11515808105469
,1294,,,,69.30137634277344
,1295,,,,100.6318359375
,1296,,,,101.68024444580078
,1297,,,,119.22965240478516
,1298,,,,74.30143737792969
,1299,,,,127.43878173828125
,1300,,,,108.18124389648438
,1301,,,,67.80595397949219
,1302,,,,74.86779022216797
,1303,,,,78.4754638671875
,1304,,,,122.9964599609375
,1305,,,,81.9295425415039
,1306,,,,123.78643035888672
,1307,,,,137.292724609375
,1308,,,,119.99838256835938
,1309,,,,99.66596984863281
,1310,,,,87.17214965820312
,1311,,,,105.33928680419922
40,5124,,,101.15742492675781,
40,5124,102.15544891357422,,,
41,5149,,115.7833480834961,,
41,5199,,128.59561157226562,,
41,5249,,118.37448120117188,,
,1312,,,,107.44703674316406
,1313,,,,113.56183624267578
,1314,,,,79.77182006835938
,1315,,,,82.8657455444336
,1316,,,,92.7163314819336
,1317,,,,103.03343963623047
,1318,,,,101.95390319824219
,1319,,,,111.18730926513672
,1320,,,,97.30754089355469
,1321,,,,132.0904083251953
,1322,,,,99.71760559082031
,1323,,,,100.23068237304688
,1324,,,,105.2898941040039
,1325,,,,113.1427001953125
,1326,,,,69.29533386230469
,1327,,,,100.63622283935547
,1328,,,,101.68944549560547
,1329,,,,119.25234985351562
,1330,,,,74.28974151611328
,1331,,,,127.46589660644531
,1332,,,,108.18360900878906
,1333,,,,67.82074737548828
,1334,,,,74.87811279296875
,1335,,,,78.49443054199219
,1336,,,,123.01806640625
,1337,,,,81.95448303222656
,1338,,,,123.7880859375
,1339,,,,137.3045654296875
,1340,,,,119.99140167236328
,1341,,,,99.66925048828125
,1342,,,,87.18927001953125
,1343,,,,105.37141418457031
41,5249,,,101.17057037353516,
41,5249,102.1536636352539,,,
42,5299,,99.05519104003906,,
42,5349,,119.57518768310547,,
,1344,,,,107.4421157836914
,1345,,,,113.57514953613281
,1346,,,,79.7733154296875
,1347,,,,82.87732696533203
,1348,,,,92.72874450683594
,1349,,,,103.01130676269531
,1350,,,,101.9613037109375
,1351,,,,111.20550537109375
,1352,,,,97.33586120605469
,1353,,,,132.07452392578125
,1354,,,,99.70680236816406
,1355,,,,100.22891998291016
,1356,,,,105.2956771850586
,1357,,,,113.14218139648438
,1358,,,,69.30252075195312
,1359,,,,100.62722778320312
,1360,,,,101.691650390625
,1361,,,,119.23629760742188
,1362,,,,74.26634979248047
,1363,,,,127.43793487548828
,1364,,,,108.16944885253906
,1365,,,,67.79812622070312
,1366,,,,74.88330841064453
,1367,,,,78.49303436279297
,1368,,,,122.99645233154297
,1369,,,,81.95030212402344
,1370,,,,123.79773712158203
,1371,,,,137.32449340820312
,1372,,,,119.99569702148438
,1373,,,,99.70639038085938
,1374,,,,87.20055389404297
,1375,,,,105.38771057128906
42,5374,,,101.17064666748047,
42,5374,102.14803314208984,,,
43,5399,,109.88556671142578,,
43,5449,,90.43175506591797,,
43,5499,,95.72776794433594,,
,1376,,,,107.43051147460938
,1377,,,,113.54106140136719
,1378,,,,79.76719665527344
,1379,,,,82.83929443359375
,1380,,,,92.67816162109375
,1381,,,,103.01268768310547
,1382,,,,101.95780944824219
,1383,,,,111.15867614746094
,1384,,,,97.27835083007812
,1385,,,,132.07891845703125
,1386,,,,99.6865234375
,1387,,,,100.23997497558594
,1388,,,,105.2847671508789
,1389,,,,113.11514282226562
,1390,,,,69.2823715209961
,1391,,,,100.60301971435547
,1392,,,,101.67662048339844
,1393,,,,119.2343521118164
,1394,,,,74.26068878173828
,1395,,,,127.46253204345703
,1396,,,,108.1661605834961
,1397,,,,67.80057525634766
,1398,,,,74.8665771484375
,1399,,,,78.47534942626953
,1400,,,,123.01051330566406
,1401,,,,81.92179870605469
,1402,,,,123.79640197753906
,1403,,,,137.30075073242188
,1404,,,,119.98039245605469
,1405,,,,99.67340087890625
,1406,,,,87.16148376464844
,1407,,,,105.4081039428711
43,5499,,,101.1550064086914,
43,5499,102.14045715332031,,,
44,5549,,92.22587585449219,,
44,5599,,102.9217529296875,,
,1408,,,,107.41448974609375
,1409,,,,113.51726531982422
,1410,,,,79.75377655029297
,1411,,,,82.84701538085938
,1412,,,,92.7088623046875
,1413,,,,103.00408935546875
,1414,,,,101.93788146972656
,1415,,,,111.14362335205078
,1416,,,,97.2949447631836
,1417,,,,132.05136108398438
,1418,,,,99.69338989257812
,1419,,,,100.2009506225586
,1420,,,,105.25767517089844
,1421,,,,113.11056518554688
,1422,,,,69.27484130859375
,1423,,,,100.606689453125
,1424,,,,101.65475463867188
,1425,,,,119.22518157958984
,1426,,,,74.27225494384766
,1427,,,,127.42963409423828
,1428,,,,108.15132141113281
,1429,,,,67.80586242675781
,1430,,,,74.85792541503906
,1431,,,,78.49149322509766
,1432,,,,122.9737319946289
,1433,,,,81.94314575195312
,1434,,,,123.78095245361328
,1435,,,,137.29586791992188
,1436,,,,119.99018859863281
,1437,,,,99.63948822021484
,1438,,,,87.17713928222656
,1439,,,,105.32093048095703
44,5624,,,101.14677429199219,
44,5624,102.13859558105469,,,
45,5649,,108.99629211425781,,
45,5699,,114.09567260742188,,
45,5749,,92.97898864746094,,
,1440,,,,107.41915893554688
,1441,,,,113.58790588378906
,1442,,,,79.77617645263672
,1443,,,,82.86344909667969
,1444,,,,92.69017028808594
,1445,,,,102.98886108398438
,1446,,,,101.94728088378906
,1447,,,,111.19001007080078
,1448,,,,97.29112243652344
,1449,,,,132.05941772460938
,1450,,,,99.69185638427734
,1451,,,,100.2216796875
,1452,,,,105.28870391845703
,1453,,,,113.115478515625
,1454,,,,69.28087615966797
,1455,,,,100.61019897460938
,1456,,,,101.66580200195312
,1457,,,,119.22775268554688
,1458,,,,74.2572250366211
,1459,,,,127.43171691894531
,1460,,,,108.16152954101562
,1461,,,,67.82107543945312
,1462,,,,74.8659896850586
,1463,,,,78.50053405761719
,1464,,,,122.97579193115234
,1465,,,,81.92512512207031
,1466,,,,123.76634979248047
,1467,,,,137.30343627929688
,1468,,,,119.9822998046875
,1469,,,,99.68382263183594
,1470,,,,87.19952392578125
,1471,,,,105.38792419433594
45,5749,,,101.15637969970703,
45,5749,102.14688873291016,,,
46,5799,,96.4922866821289,,
46,5849,,106.40912628173828,,
,1472,,,,107.42449188232422
,1473,,,,113.51931762695312
,1474,,,,79.76986694335938
,1475,,,,82.84264373779297
,1476,,,,92.69623565673828
,1477,,,,103.01515197753906
,1478,,,,101.92977905273438
,1479,,,,111.15998840332031
,1480,,,,97.27558898925781
,1481,,,,132.06985473632812
,1482,,,,99.71461486816406
,1483,,,,100.20942687988281
,1484,,,,105.27898406982422
,1485,,,,113.10446166992188
,1486,,,,69.28023529052734
,1487,,,,100.6041259765625
,1488,,,,101.6860580444336
,1489,,,,119.22450256347656
,1490,,,,74.28732299804688
,1491,,,,127.4654541015625
,1492,,,,108.16636657714844
,1493,,,,67.784423828125
,1494,,,,74.85897827148438
,1495,,,,78.47230529785156
,1496,,,,122.96823120117188
,1497,,,,81.91004180908203
,1498,,,,123.79056549072266
,1499,,,,137.3031463623047
,1500,,,,119.97626495361328
,1501,,,,99.65965270996094
,1502,,,,87.1612319946289
,1503,,,,105.34220886230469
46,5874,,,101.15023803710938,
46,5874,102.13450622558594,,,
47,5899,,95.01943969726562,,
47,5949,,76.28727722167969,,
47,5999,,94.34332275390625,,
,1504,,,,107.40277099609375
,1505,,,,113.52323150634766
,1506,,,,79.7457275390625
,1507,,,,82.82439422607422
,1508,,,,92.68187713623047
,1509,,,,102.99635314941406
,1510,,,,101.9134750366211
,1511,,,,111.14290618896484
,1512,,,,97.25715637207031
,1513,,,,132.04666137695312
,1514,,,,99.698486328125
,1515,,,,100.18781280517578
,1516,,,,105.25798034667969
,1517,,,,113.10345458984375
,1518,,,,69.26924896240234
,1519,,,,100.59712219238281
,1520,,,,101.64013671875
,1521,,,,119.191650390625
,1522,,,,74.25597381591797
,1523,,,,127.44596099853516
,1524,,,,108.14950561523438
,1525,,,,67.78514862060547
,1526,,,,74.85205841064453
,1527,,,,78.46798706054688
,1528,,,,122.9603042602539
,1529,,,,81.88228607177734
,1530,,,,123.77323913574219
,1531,,,,137.29544067382812
,1532,,,,119.9600601196289
,1533,,,,99.62449645996094
,1534,,,,87.14614868164062
,1535,,,,105.27701568603516
47,5999,,,101.13274383544922,
47,5999,102.13224029541016,,,
48,6049,,86.17259216308594,,
48,6099,,142.6608123779297,,
,1536,,,,107.40091705322266
,1537,,,,113.51693725585938
,1538,,,,79.77009582519531
,1539,,,,82.83663940429688
,1540,,,,92.69586181640625
,1541,,,,103.00079345703125
,1542,,,,101.9213638305664
,1543,,,,111.15814208984375
,1544,,,,97.26875305175781
,1545,,,,132.04367065429688
,1546,,,,99.68974304199219
,1547,,,,100.21955871582031
,1548,,,,105.26081848144531
,1549,,,,113.1009750366211
,1550,,,,69.28521728515625
,1551,,,,100.6161117553711
,1552,,,,101.65950012207031
,1553,,,,119.2101821899414
,1554,,,,74.25860595703125
,1555,,,,127.44131469726562
,1556,,,,108.15226745605469
,1557,,,,67.79130554199219
,1558,,,,74.84642028808594
,1559,,,,78.47129821777344
,1560,,,,122.9493408203125
,1561,,,,81.89862060546875
,1562,,,,123.75770568847656
,1563,,,,137.3031005859375
,1564,,,,119.97638702392578
,1565,,,,99.64846801757812
,1566,,,,87.16114807128906
,1567,,,,105.35860443115234
48,6124,,,101.14081573486328,
48,6124,102.12059783935547,,,
49,6149,,113.55708312988281,,
49,6199,,114.99895477294922,,
49,6249,,74.50541687011719,,
,1568,,,,107.41493225097656
,1569,,,,113.51902770996094
,1570,,,,79.75029754638672
,1571,,,,82.83972930908203
,1572,,,,92.68849182128906
,1573,,,,102.982177734375
,1574,,,,101.95066833496094
,1575,,,,111.18089294433594
,1576,,,,97.3066177368164
,1577,,,,132.04608154296875
,1578,,,,99.67585754394531
,1579,,,,100.20429229736328
,1580,,,,105.25576782226562
,1581,,,,113.10768127441406
,1582,,,,69.28173828125
,1583,,,,100.60826110839844
,1584,,,,101.63247680664062
,1585,,,,119.19810485839844
,1586,,,,74.2314453125
,1587,,,,127.4114990234375
,1588,,,,108.15974426269531
,1589,,,,67.80381774902344
,1590,,,,74.85267639160156
,1591,,,,78.47113037109375
,1592,,,,122.95301055908203
,1593,,,,81.90773010253906
,1594,,,,123.7783203125
,1595,,,,137.30044555664062
,1596,,,,119.97508239746094
,1597,,,,99.66665649414062
,1598,,,,87.16587829589844
,1599,,,,105.37348937988281
49,6249,,,101.14125061035156,
49,6249,102.12458038330078,,,
50,6299,,93.30834197998047,,
50,6349,,122.58601379394531,,
,1600,,,,107.39283752441406
,1601,,,,113.52383422851562
,1602,,,,79.7451171875
,1603,,,,82.834228515625
,1604,,,,92.66596984863281
,1605,,,,102.98326873779297
,1606,,,,101.92587280273438
,1607,,,,111.14727783203125
,1608,,,,97.28297424316406
,1609,,,,132.0438690185547
,1610,,,,99.6761474609375
,1611,,,,100.1949234008789
,1612,,,,105.24449157714844
,1613,,,,113.09403991699219
,1614,,,,69.2471923828125
,1615,,,,100.59559631347656
,1616,,,,101.63438415527344
,1617,,,,119.19760131835938
,1618,,,,74.259033203125
,1619,,,,127.42066955566406
,1620,,,,108.15501403808594
,1621,,,,67.78263854980469
,1622,,,,74.85423278808594
,1623,,,,78.46647644042969
,1624,,,,122.94961547851562
,1625,,,,81.91158294677734
,1626,,,,123.76075744628906
,1627,,,,137.2968292236328
,1628,,,,119.95527648925781
,1629,,,,99.64254760742188
,1630,,,,87.15750885009766
,1631,,,,105.29873657226562
50,6374,,,101.13174438476562,
50,6374,102.11196899414062,,,
51,6399,,100.13479614257812,,
51,6449,,81.32512664794922,,
51,6499,,81.89208221435547,,
,1632,,,,107.39041137695312
,1633,,,,113.50376892089844
,1634,,,,79.74787902832031
,1635,,,,82.83409118652344
,1636,,,,92.676513671875
,1637,,,,102.99885559082031
,1638,,,,101.92298126220703
,1639,,,,111.12513732910156
,1640,,,,97.24143981933594
,1641,,,,132.04473876953125
,1642,,,,99.65240478515625
,1643,,,,100.19441223144531
,1644,,,,105.25473022460938
,1645,,,,113.0978775024414
,1646,,,,69.26045989990234
,1647,,,,100.58556365966797
,1648,,,,101.62315368652344
,1649,,,,119.18479919433594
,1650,,,,74.23683166503906
,1651,,,,127.4256362915039
,1652,,,,108.13397979736328
,1653,,,,67.79327392578125
,1654,,,,74.85243225097656
,1655,,,,78.45825958251953
,1656,,,,122.93228149414062
,1657,,,,81.88728332519531
,1658,,,,123.75150299072266
,1659,,,,137.27806091308594
,1660,,,,119.96341705322266
,1661,,,,99.65589904785156
,1662,,,,87.14619445800781
,1663,,,,105.24172973632812
51,6499,,,101.12528228759766,
51,6499,102.10991668701172,,,
52,6549,,67.78594970703125,,
52,6599,,129.84983825683594,,
,1664,,,,107.44064331054688
,1665,,,,113.49652099609375
,1666,,,,79.73130798339844
,1667,,,,82.83769226074219
,1668,,,,92.65863037109375
,1669,,,,103.0081787109375
,1670,,,,101.94697570800781
,1671,,,,111.14159393310547
,1672,,,,97.27771759033203
,1673,,,,132.0784454345703
,1674,,,,99.68049621582031
,1675,,,,100.20632934570312
,1676,,,,105.25812530517578
,1677,,,,113.09441375732422
,1678,,,,69.2607650756836
,1679,,,,100.60243225097656
,1680,,,,101.63729095458984
,1681,,,,119.21187591552734
,1682,,,,74.23663330078125
,1683,,,,127.44556427001953
,1684,,,,108.18115997314453
,1685,,,,67.79644012451172
,1686,,,,74.83389282226562
,1687,,,,78.44374084472656
,1688,,,,122.97430419921875
,1689,,,,81.88975524902344
,1690,,,,123.79109191894531
,1691,,,,137.28182983398438
,1692,,,,119.9654541015625
,1693,,,,99.65550994873047
,1694,,,,87.11752319335938
,1695,,,,105.33345031738281
52,6624,,,101.13648986816406,
52,6624,102.11443328857422,,,
53,6649,,96.69458770751953,,
53,6699,,78.25538635253906,,
53,6749,,113.66877746582031,,
,1696,,,,107.39692687988281
,1697,,,,113.49474334716797
,1698,,,,79.7374038696289
,1699,,,,82.84500122070312
,1700,,,,92.6712417602539
,1701,,,,102.97980499267578
,1702,,,,101.92132568359375
,1703,,,,111.14505004882812
,1704,,,,97.26932525634766
,1705,,,,132.0302734375
,1706,,,,99.67121887207031
,1707,,,,100.20259857177734
,1708,,,,105.25140380859375
,1709,,,,113.09930419921875
,1710,,,,69.23294067382812
,1711,,,,100.58607482910156
,1712,,,,101.62146759033203
,1713,,,,119.19647979736328
,1714,,,,74.23374938964844
,1715,,,,127.40914154052734
,1716,,,,108.14335632324219
,1717,,,,67.79208374023438
,1718,,,,74.83858489990234
,1719,,,,78.46348571777344
,1720,,,,122.95913696289062
,1721,,,,81.87944793701172
,1722,,,,123.75421905517578
,1723,,,,137.2859649658203
,1724,,,,119.9466323852539
,1725,,,,99.63386535644531
,1726,,,,87.14991760253906
,1727,,,,105.28274536132812
53,6749,,,101.12521362304688,
53,6749,102.10201263427734,,,
54,6799,,101.2274169921875,,
54,6849,,103.01838684082031,,
,1728,,,,107.36643981933594
,1729,,,,113.45974731445312
,1730,,,,79.72134399414062
,1731,,,,82.80580139160156
,1732,,,,92.63648986816406
,1733,,,,102.98089599609375
,1734,,,,101.90049743652344
,1735,,,,111.09819030761719
,1736,,,,97.25213623046875
,1737,,,,132.0293731689453
,1738,,,,99.66497039794922
,1739,,,,100.19286346435547
,1740,,,,105.25072479248047
,1741,,,,113.08720397949219
,1742,,,,69.22586059570312
,1743,,,,100.54841613769531
,1744,,,,101.61799621582031
,1745,,,,119.17755126953125
,1746,,,,74.21365356445312
,1747,,,,127.4300308227539
,1748,,,,108.12840270996094
,1749,,,,67.7706298828125
,1750,,,,74.82994079589844
,1751,,,,78.43582153320312
,1752,,,,122.93218231201172
,1753,,,,81.86782836914062
,1754,,,,123.74524688720703
,1755,,,,137.26272583007812
,1756,,,,119.94413757324219
,1757,,,,99.5973892211914
,1758,,,,87.12120056152344
,1759,,,,105.2220230102539
54,6874,,,101.10722351074219,
54,6874,102.10103607177734,,,
55,6899,,84.95622253417969,,
55,6949,,78.49829864501953,,
55,6999,,105.29800415039062,,
,1760,,,,107.37321472167969
,1761,,,,113.47283935546875
,1762,,,,79.71473693847656
,1763,,,,82.8166275024414
,1764,,,,92.64642333984375
,1765,,,,102.97483825683594
,1766,,,,101.91209411621094
,1767,,,,111.10909271240234
,1768,,,,97.2547378540039
,1769,,,,132.02049255371094
,1770,,,,99.67352294921875
,1771,,,,100.18165588378906
,1772,,,,105.24063110351562
,1773,,,,113.09762573242188
,1774,,,,69.24098205566406
,1775,,,,100.5719985961914
,1776,,,,101.61760711669922
,1777,,,,119.1783447265625
,1778,,,,74.2215347290039
,1779,,,,127.41555786132812
,1780,,,,108.12721252441406
,1781,,,,67.7750473022461
,1782,,,,74.82417297363281
,1783,,,,78.44486999511719
,1784,,,,122.943115234375
,1785,,,,81.87000274658203
,1786,,,,123.75370788574219
,1787,,,,137.2633819580078
,1788,,,,119.93876647949219
,1789,,,,99.61341857910156
,1790,,,,87.12086486816406
,1791,,,,105.25167846679688
55,6999,,,101.11111450195312,
55,6999,102.09859466552734,,,
56,7049,,77.02395629882812,,
56,7099,,104.72598266601562,,
,1792,,,,107.39974975585938
,1793,,,,113.48533630371094
,1794,,,,79.73387145996094
,1795,,,,82.81788635253906
,1796,,,,92.68441772460938
,1797,,,,102.98101806640625
,1798,,,,101.9443359375
,1799,,,,111.11172485351562
,1800,,,,97.27120971679688
,1801,,,,132.04554748535156
,1802,,,,99.663818359375
,1803,,,,100.1954345703125
,1804,,,,105.24769592285156
,1805,,,,113.09910583496094
,1806,,,,69.26254272460938
,1807,,,,100.57647705078125
,1808,,,,101.63843536376953
,1809,,,,119.20387268066406
,1810,,,,74.23031616210938
,1811,,,,127.426513671875
,1812,,,,108.159423828125
,1813,,,,67.78667449951172
,1814,,,,74.86537170410156
,1815,,,,78.44761657714844
,1816,,,,122.94192504882812
,1817,,,,81.8824462890625
,1818,,,,123.78080749511719
,1819,,,,137.28782653808594
,1820,,,,119.95508575439453
,1821,,,,99.6226806640625
,1822,,,,87.11639404296875
,1823,,,,105.264404296875
56,7124,,,101.12580871582031,
56,7124,102.094482421875,,,
57,7149,,81.17072296142578,,
57,7199,,85.02692413330078,,
57,7249,,83.61662292480469,,
,1824,,,,107.3926773071289
,1825,,,,113.48441314697266
,1826,,,,79.71234130859375
,1827,,,,82.81901550292969
,1828,,,,92.66749572753906
,1829,,,,102.98112487792969
,1830,,,,101.92688751220703
,1831,,,,111.12440490722656
,1832,,,,97.26978302001953
,1833,,,,132.0519256591797
,1834,,,,99.65254974365234
,1835,,,,100.19353485107422
,1836,,,,105.25171661376953
,1837,,,,113.09239196777344
,1838,,,,69.23463439941406
,1839,,,,100.56680297851562
,1840,,,,101.61392974853516
,1841,,,,119.17770385742188
,1842,,,,74.21346282958984
,1843,,,,127.39801025390625
,1844,,,,108.14207458496094
,1845,,,,67.7743911743164
,1846,,,,74.84133911132812
,1847,,,,78.4475326538086
,1848,,,,122.92820739746094
,1849,,,,81.87533569335938
,1850,,,,123.76612854003906
,1851,,,,137.28189086914062
,1852,,,,119.94569396972656
,1853,,,,99.63392639160156
,1854,,,,87.10775756835938
,1855,,,,105.21763610839844
57,7249,,,101.11595153808594,
57,7249,102.08998107910156,,,
58,7299,,96.29930114746094,,
58,7349,,91.79397583007812,,
,1856,,,,107.38065338134766
,1857,,,,113.48345947265625
,1858,,,,79.71711730957031
,1859,,,,82.80440521240234
,1860,,,,92.65641784667969
,1861,,,,102.97742462158203
,1862,,,,101.91558837890625
,1863,,,,111.1147232055664
,1864,,,,97.25885009765625
,1865,,,,132.0330352783203
,1866,,,,99.66413879394531
,1867,,,,100.17648315429688
,1868,,,,105.23407745361328
,1869,,,,113.10108184814453
,1870,,,,69.235595703125
,1871,,,,100.56886291503906
,1872,,,,101.60680389404297
,1873,,,,119.1674575805664
,1874,,,,74.21881103515625
,1875,,,,127.4068374633789
,1876,,,,108.1474609375
,1877,,,,67.7762680053711
,1878,,,,74.83091735839844
,1879,,,,78.43951416015625
,1880,,,,122.92533874511719
,1881,,,,81.86250305175781
,1882,,,,123.74488830566406
,1883,,,,137.28619384765625
,1884,,,,119.95848083496094
,1885,,,,99.60320281982422
,1886,,,,87.095458984375
,1887,,,,105.19271087646484
58,7374,,,101.11009216308594,
58,7374,102.08377075195312,,,
59,7399,,75.5825424194336,,
59,7449,,100.12158203125,,
59,7499,,124.89287567138672,,
,1888,,,,107.39474487304688
,1889,,,,113.48072052001953
,1890,,,,79.71871185302734
,1891,,,,82.80364990234375
,1892,,,,92.65678405761719
,1893,,,,102.96951293945312
,1894,,,,101.91383361816406
,1895,,,,111.10244750976562
,1896,,,,97.25492858886719
,1897,,,,132.0439910888672
,1898,,,,99.67903137207031
,1899,,,,100.17831420898438
,1900,,,,105.24072265625
,1901,,,,113.09272766113281
,1902,,,,69.25167083740234
,1903,,,,100.57398986816406
,1904,,,,101.6142349243164
,1905,,,,119.18761444091797
,1906,,,,74.20173645019531
,1907,,,,127.41813659667969
,1908,,,,108.14612579345703
,1909,,,,67.76895141601562
,1910,,,,74.83727264404297
,1911,,,,78.43348693847656
,1912,,,,122.93312072753906
,1913,,,,81.86228942871094
,1914,,,,123.75205993652344
,1915,,,,137.27703857421875
,1916,,,,119.96685791015625
,1917,,,,99.61659240722656
,1918,,,,87.0919189453125
,1919,,,,105.15885162353516
59,7499,,,101.11209869384766,
59,7499,102.08307647705078,,,
60,7549,,81.00741577148438,,
60,7599,,105.94256591796875,,
,1920,,,,107.37557983398438
,1921,,,,113.44941711425781
,1922,,,,79.70748138427734
,1923,,,,82.79198455810547
,1924,,,,92.65298461914062
,1925,,,,102.97125244140625
,1926,,,,101.89886474609375
,1927,,,,111.09697723388672
,1928,,,,97.24933624267578
,1929,,,,132.02496337890625
,1930,,,,99.68274688720703
,1931,,,,100.16016387939453
,1932,,,,105.24713134765625
,1933,,,,113.10340118408203
,1934,,,,69.22343444824219
,1935,,,,100.56129455566406
,1936,,,,101.59420013427734
,1937,,,,119.19165802001953
,1938,,,,74.2181396484375
,1939,,,,127.40895080566406
,1940,,,,108.13958740234375
,1941,,,,67.7661361694336
,1942,,,,74.83709716796875
,1943,,,,78.43944549560547
,1944,,,,122.91140747070312
,1945,,,,81.86612701416016
,1946,,,,123.74462890625
,1947,,,,137.26083374023438
,1948,,,,119.95193481445312
,1949,,,,99.58863830566406
,1950,,,,87.09933471679688
,1951,,,,105.11723327636719
60,7624,,,101.10382080078125,
60,7624,102.08189392089844,,,
61,7649,,83.65867614746094,,
61,7699,,96.44178771972656,,
61,7749,,115.04421997070312,,
,1952,,,,107.37289428710938
,1953,,,,113.43717956542969
,1954,,,,79.69126892089844
,1955,,,,82.78986358642578
,1956,,,,92.64520263671875
,1957,,,,102.96542358398438
,1958,,,,101.91456604003906
,1959,,,,111.09541320800781
,1960,,,,97.247802734375
,1961,,,,132.0289764404297
,1962,,,,99.65188598632812
,1963,,,,100.16873168945312
,1964,,,,105.24259185791016
,1965,,,,113.07894134521484
,1966,,,,69.22159576416016
,1967,,,,100.52821350097656
,1968,,,,101.59896087646484
,1969,,,,119.15850830078125
,1970,,,,74.21527862548828
,1971,,,,127.40899658203125
,1972,,,,108.12980651855469
,1973,,,,67.7642822265625
,1974,,,,74.85735321044922
,1975,,,,78.43226623535156
,1976,,,,122.90473937988281
,1977,,,,81.8687973022461
,1978,,,,123.7561264038086
,1979,,,,137.25645446777344
,1980,,,,119.94850158691406
,1981,,,,99.59856414794922
,1982,,,,87.08999633789062
,1983,,,,105.15367126464844
61,7749,,,101.09945678710938,
61,7749,102.07595825195312,,,
62,7799,,104.69833374023438,,
62,7849,,100.59686279296875,,
,1984,,,,107.38121032714844
,1985,,,,113.4599609375
,1986,,,,79.69660949707031
,1987,,,,82.80259704589844
,1988,,,,92.63590240478516
,1989,,,,102.97635650634766
,1990,,,,101.91201782226562
,1991,,,,111.11177062988281
,1992,,,,97.25039672851562
,1993,,,,132.03427124023438
,1994,,,,99.65950012207031
,1995,,,,100.17056274414062
,1996,,,,105.23771667480469
,1997,,,,113.08998107910156
,1998,,,,69.22685241699219
,1999,,,,100.54004669189453
,2000,,,,101.6085433959961
,2001,,,,119.17455291748047
,2002,,,,74.20165252685547
,2003,,,,127.4039535522461
,2004,,,,108.14159393310547
,2005,,,,67.76925659179688
,2006,,,,74.84934997558594
,2007,,,,78.42655944824219
,2008,,,,122.92562866210938
,2009,,,,81.85343933105469
,2010,,,,123.7501449584961
,2011,,,,137.26377868652344
,2012,,,,119.94013977050781
,2013,,,,99.60807037353516
,2014,,,,87.09391784667969
,2015,,,,105.15873718261719
62,7874,,,101.10355377197266,
62,7874,102.06945037841797,,,
63,7899,,92.12254333496094,,
63,7949,,79.71835327148438,,
63,7999,,97.36555480957031,,
,2016,,,,107.37539672851562
,2017,,,,113.46849822998047
,2018,,,,79.68449401855469
,2019,,,,82.80001068115234
,2020,,,,92.65231323242188
,2021,,,,102.96064758300781
,2022,,,,101.89846801757812
,2023,,,,111.11019897460938
,2024,,,,97.23306274414062
,2025,,,,132.02764892578125
,2026,,,,99.65196228027344
,2027,,,,100.16107177734375
,2028,,,,105.22915649414062
,2029,,,,113.09405517578125
,2030,,,,69.21580505371094
,2031,,,,100.5375747680664
,2032,,,,101.59862518310547
,2033,,,,119.16542053222656
,2034,,,,74.20687103271484
,2035,,,,127.39859008789062
,2036,,,,108.12632751464844
,2037,,,,67.76373291015625
,2038,,,,74.83560180664062
,2039,,,,78.43008422851562
,2040,,,,122.9118423461914
,2041,,,,81.86089324951172
,2042,,,,123.73072052001953
,2043,,,,137.23800659179688
,2044,,,,119.95159912109375
,2045,,,,99.60681915283203
,2046,,,,87.08558654785156
,2047,,,,105.13497924804688
63,7999,,,101.09744262695312,
63,7999,102.0681381225586,,,
64,8049,,61.23808288574219,,
64,8099,,108.25199127197266,,
,2048,,,,107.36474609375
,2049,,,,113.46110534667969
,2050,,,,79.6932373046875
,2051,,,,82.79664611816406
,2052,,,,92.64048767089844
,2053,,,,102.96806335449219
,2054,,,,101.90037536621094
,2055,,,,111.09335327148438
,2056,,,,97.21826171875
,2057,,,,132.01246643066406
,2058,,,,99.6612548828125
,2059,,,,100.15373992919922
,2060,,,,105.22819519042969
,2061,,,,113.1013412475586
,2062,,,,69.22212219238281
,2063,,,,100.55451202392578
,2064,,,,101.60234069824219
,2065,,,,119.15642547607422
,2066,,,,74.22145080566406
,2067,,,,127.3887710571289
,2068,,,,108.13949584960938
,2069,,,,67.75503540039062
,2070,,,,74.82910919189453
,2071,,,,78.42562103271484
,2072,,,,122.9253158569336
,2073,,,,81.8467025756836
,2074,,,,123.73965454101562
,2075,,,,137.22528076171875
,2076,,,,119.95211791992188
,2077,,,,99.57978820800781
,2078,,,,87.08563995361328
,2079,,,,105.01315307617188
64,8124,,,101.09427642822266,
64,8124,102.0602798461914,,,
65,8149,,116.62705993652344,,
65,8199,,117.68498229980469,,
65,8249,,101.53214263916016,,
,2080,,,,107.35606384277344
,2081,,,,113.44186401367188
,2082,,,,79.68022155761719
,2083,,,,82.77906799316406
,2084,,,,92.6346435546875
,2085,,,,102.96785736083984
,2086,,,,101.90645599365234
,2087,,,,111.08582305908203
,2088,,,,97.21739959716797
,2089,,,,132.03456115722656
,2090,,,,99.65226745605469
,2091,,,,100.13508605957031
,2092,,,,105.22805786132812
,2093,,,,113.09467315673828
,2094,,,,69.20613098144531
,2095,,,,100.53507995605469
,2096,,,,101.58253479003906
,2097,,,,119.14520263671875
,2098,,,,74.19160461425781
,2099,,,,127.37518310546875
,2100,,,,108.12337493896484
,2101,,,,67.75410461425781
,2102,,,,74.83869934082031
,2103,,,,78.41162109375
,2104,,,,122.90861511230469
,2105,,,,81.82524108886719
,2106,,,,123.74222564697266
,2107,,,,137.2281951904297
,2108,,,,119.94389343261719
,2109,,,,99.56848907470703
,2110,,,,87.06576538085938
,2111,,,,105.0153579711914
65,8249,,,101.08524322509766,
65,8249,102.06005096435547,,,
66,8299,,93.08098602294922,,
66,8349,,91.7270278930664,,
,2112,,,,107.35327911376953
,2113,,,,113.43702697753906
,2114,,,,79.67400360107422
,2115,,,,82.78289031982422
,2116,,,,92.61924743652344
,2117,,,,102.94990539550781
,2118,,,,101.90032196044922
,2119,,,,111.09061431884766
,2120,,,,97.20954132080078
,2121,,,,132.02061462402344
,2122,,,,99.64663696289062
,2123,,,,100.13143920898438
,2124,,,,105.22306823730469
,2125,,,,113.08744812011719
,2126,,,,69.2109375
,2127,,,,100.52651977539062
,2128,,,,101.58197784423828
,2129,,,,119.13616180419922
,2130,,,,74.19054412841797
,2131,,,,127.3697738647461
,2132,,,,108.12198638916016
,2133,,,,67.7554702758789
,2134,,,,74.82804870605469
,2135,,,,78.41436767578125
,2136,,,,122.90876007080078
,2137,,,,81.80704498291016
,2138,,,,123.73401641845703
,2139,,,,137.22134399414062
,2140,,,,119.93486785888672
,2141,,,,99.57292175292969
,2142,,,,87.05847930908203
,2143,,,,105.02507019042969
66,8374,,,101.08018493652344,
66,8374,102.05465698242188,,,
67,8399,,108.55226135253906,,
67,8449,,94.840576171875,,
67,8499,,99.03228759765625,,
,2144,,,,107.33601379394531
,2145,,,,113.4282455444336
,2146,,,,79.67277526855469
,2147,,,,82.7718505859375
,2148,,,,92.63094329833984
,2149,,,,102.95356750488281
,2150,,,,101.86454772949219
,2151,,,,111.09820556640625
,2152,,,,97.20555114746094
,2153,,,,131.99847412109375
,2154,,,,99.6431884765625
,2155,,,,100.1207275390625
,2156,,,,105.21844482421875
,2157,,,,113.0695571899414
,2158,,,,69.20311737060547
,2159,,,,100.53057861328125
,2160,,,,101.5902099609375
,2161,,,,119.1430435180664
,2162,,,,74.19890594482422
,2163,,,,127.36183166503906
,2164,,,,108.10507202148438
,2165,,,,67.75019073486328
,2166,,,,74.8433837890625
,2167,,,,78.41045379638672
,2168,,,,122.86278533935547
,2169,,,,81.83016967773438
,2170,,,,123.72209930419922
,2171,,,,137.21115112304688
,2172,,,,119.92398071289062
,2173,,,,99.5667495727539
,2174,,,,87.05428314208984
,2175,,,,105.06510925292969
67,8499,,,101.07476043701172,
67,8499,102.05542755126953,,,
68,8549,,101.88816833496094,,
68,8599,,97.85736083984375,,
,2176,,,,107.34088897705078
,2177,,,,113.41018676757812
,2178,,,,79.65669250488281
,2179,,,,82.78147888183594
,2180,,,,92.58763885498047
,2181,,,,102.9442367553711
,2182,,,,101.8744125366211
,2183,,,,111.09101104736328
,2184,,,,97.20326232910156
,2185,,,,132.0179443359375
,2186,,,,99.64639282226562
,2187,,,,100.1208267211914
,2188,,,,105.22149658203125
,2189,,,,113.06626892089844
,2190,,,,69.19197845458984
,2191,,,,100.50357055664062
,2192,,,,101.5854263305664
,2193,,,,119.14735412597656
,2194,,,,74.19422912597656
,2195,,,,127.36492919921875
,2196,,,,108.11262512207031
,2197,,,,67.75011444091797
,2198,,,,74.82719421386719
,2199,,,,78.40867614746094
,2200,,,,122.87930297851562
,2201,,,,81.81107330322266
,2202,,,,123.72916412353516
,2203,,,,137.22071838378906
,2204,,,,119.91309356689453
,2205,,,,99.56499481201172
,2206,,,,87.03431701660156
,2207,,,,105.03068542480469
68,8624,,,101.07068634033203,
68,8624,102.05136108398438,,,
69,8649,,68.82984924316406,,
69,8699,,95.06965637207031,,
69,8749,,130.66847229003906,,
,2208,,,,107.35890197753906
,2209,,,,113.40093994140625
,2210,,,,79.66475677490234
,2211,,,,82.77438354492188
,2212,,,,92.64095306396484
,2213,,,,102.96940612792969
,2214,,,,101.92123413085938
,2215,,,,111.08000946044922
,2216,,,,97.21852111816406
,2217,,,,132.03086853027344
,2218,,,,99.6500244140625
,2219,,,,100.1302261352539
,2220,,,,105.21883392333984
,2221,,,,113.08952331542969
,2222,,,,69.20264434814453
,2223,,,,100.52134704589844
,2224,,,,101.57921600341797
,2225,,,,119.1557388305664
,2226,,,,74.18211364746094
,2227,,,,127.3883056640625
,2228,,,,108.13351440429688
,2229,,,,67.75518798828125
,2230,,,,74.82965850830078
,2231,,,,78.41624450683594
,2232,,,,122.89891815185547
,2233,,,,81.8265380859375
,2234,,,,123.7492446899414
,2235,,,,137.22299194335938
,2236,,,,119.94062805175781
,2237,,,,99.567138671875
,2238,,,,87.04103088378906
,2239,,,,105.04495239257812
69,8749,,,101.0822525024414,
69,8749,102.047607421875,,,
70,8799,,86.31271362304688,,
70,8849,,107.7863540649414,,
,2240,,,,107.3154067993164
,2241,,,,113.4100341796875
,2242,,,,79.65966033935547
,2243,,,,82.76498413085938
,2244,,,,92.61467742919922
,2245,,,,102.93913269042969
,2246,,,,101.88279724121094
,2247,,,,111.09858703613281
,2248,,,,97.19879150390625
,2249,,,,132.00221252441406
,2250,,,,99.62055969238281
,2251,,,,100.11116027832031
,2252,,,,105.21778869628906
,2253,,,,113.08177185058594
,2254,,,,69.19160461425781
,2255,,,,100.51170349121094
,2256,,,,101.56298828125
,2257,,,,119.13243103027344
,2258,,,,74.18707275390625
,2259,,,,127.34010314941406
,2260,,,,108.12081909179688
,2261,,,,67.73702239990234
,2262,,,,74.83126831054688
,2263,,,,78.40727233886719
,2264,,,,122.87732696533203
,2265,,,,81.81983947753906
,2266,,,,123.72175598144531
,2267,,,,137.19119262695312
,2268,,,,119.92561340332031
,2269,,,,99.5655746459961
,2270,,,,87.05435180664062
,2271,,,,105.01422119140625
70,8874,,,101.06717681884766,
70,8874,102.04349517822266,,,
71,8899,,90.63703155517578,,
71,8949,,119.88290405273438,,
71,8999,,157.45870971679688,,
,2272,,,,107.35492706298828
,2273,,,,113.3915786743164
,2274,,,,79.66421508789062
,2275,,,,82.76911926269531
,2276,,,,92.62433624267578
,2277,,,,102.93929290771484
,2278,,,,101.88443756103516
,2279,,,,111.08534240722656
,2280,,,,97.21028900146484
,2281,,,,132.02491760253906
,2282,,,,99.63883972167969
,2283,,,,100.10005187988281
,2284,,,,105.21715545654297
,2285,,,,113.07403564453125
,2286,,,,69.19775390625
,2287,,,,100.51952362060547
,2288,,,,101.56342315673828
,2289,,,,119.12757873535156
,2290,,,,74.19049072265625
,2291,,,,127.34156799316406
,2292,,,,108.11152648925781
,2293,,,,67.7518310546875
,2294,,,,74.8312759399414
,2295,,,,78.40423583984375
,2296,,,,122.87046813964844
,2297,,,,81.80615997314453
,2298,,,,123.72511291503906
,2299,,,,137.20162963867188
,2300,,,,119.92182159423828
,2301,,,,99.57623291015625
,2302,,,,87.03316497802734
,2303,,,,105.03213500976562
71,8999,,,101.06912994384766,
71,8999,102.04549407958984,,,
72,9049,,126.58952331542969,,
72,9099,,99.60608673095703,,
,2304,,,,107.35485076904297
,2305,,,,113.42559814453125
,2306,,,,79.67059326171875
,2307,,,,82.7589111328125
,2308,,,,92.63681030273438
,2309,,,,102.93710327148438
,2310,,,,101.90251159667969
,2311,,,,111.08615112304688
,2312,,,,97.21859741210938
,2313,,,,132.02923583984375
,2314,,,,99.63583374023438
,2315,,,,100.1443099975586
,2316,,,,105.20708465576172
,2317,,,,113.08033752441406
,2318,,,,69.20890808105469
,2319,,,,100.52378845214844
,2320,,,,101.58641052246094
,2321,,,,119.12615966796875
,2322,,,,74.17913818359375
,2323,,,,127.36064910888672
,2324,,,,108.13107299804688
,2325,,,,67.74646759033203
,2326,,,,74.82093811035156
,2327,,,,78.41098022460938
,2328,,,,122.88700866699219
,2329,,,,81.8195571899414
,2330,,,,123.744140625
,2331,,,,137.2141571044922
,2332,,,,119.92863464355469
,2333,,,,99.57984924316406
,2334,,,,87.04582214355469
,2335,,,,105.06336212158203
72,9124,,,101.0773696899414,
72,9124,102.03669738769531,,,
73,9149,,75.9950180053711,,
73,9199,,82.49209594726562,,
73,9249,,96.92372131347656,,
,2336,,,,107.32282257080078
,2337,,,,113.41075897216797
,2338,,,,79.652099609375
,2339,,,,82.750244140625
,2340,,,,92.61939239501953
,2341,,,,102.94024658203125
,2342,,,,101.89250946044922
,2343,,,,111.0866928100586
,2344,,,,97.19449615478516
,2345,,,,132.01646423339844
,2346,,,,99.63015747070312
,2347,,,,100.11282348632812
,2348,,,,105.21490478515625
,2349,,,,113.08358764648438
,2350,,,,69.19129943847656
,2351,,,,100.50326538085938
,2352,,,,101.57757568359375
,2353,,,,119.11848449707031
,2354,,,,74.1903076171875
,2355,,,,127.34635925292969
,2356,,,,108.10992431640625
,2357,,,,67.7424087524414
,2358,,,,74.82941436767578
,2359,,,,78.40702819824219
,2360,,,,122.88092041015625
,2361,,,,81.80618286132812
,2362,,,,123.72916412353516
,2363,,,,137.1845703125
,2364,,,,119.90768432617188
,2365,,,,99.54849243164062
,2366,,,,87.04396057128906
,2367,,,,104.96772766113281
73,9249,,,101.06515502929688,
73,9249,102.03854370117188,,,
74,9299,,120.66856384277344,,
74,9349,,99.07821655273438,,
,2368,,,,107.33838653564453
,2369,,,,113.41975402832031
,2370,,,,79.66809844970703
,2371,,,,82.76318359375
,2372,,,,92.6156005859375
,2373,,,,102.94164276123047
,2374,,,,101.89590454101562
,2375,,,,111.1070327758789
,2376,,,,97.22010040283203
,2377,,,,132.02853393554688
,2378,,,,99.64714050292969
,2379,,,,100.12307739257812
,2380,,,,105.22308349609375
,2381,,,,113.09383392333984
,2382,,,,69.1942138671875
,2383,,,,100.50979614257812
,2384,,,,101.57730102539062
,2385,,,,119.10875701904297
,2386,,,,74.18318176269531
,2387,,,,127.336181640625
,2388,,,,108.11466979980469
,2389,,,,67.76505279541016
,2390,,,,74.83757019042969
,2391,,,,78.41535186767578
,2392,,,,122.87355041503906
,2393,,,,81.82002258300781
,2394,,,,123.736572265625
,2395,,,,137.20538330078125
,2396,,,,119.9217529296875
,2397,,,,99.57098388671875
,2398,,,,87.05213928222656
,2399,,,,105.0234375
74,9374,,,101.07403564453125,
74,9374,102.0342788696289,,,
75,9399,,116.53553771972656,,
75,9449,,92.57540893554688,,
75,9499,,104.76628112792969,,
,2400,,,,107.32830810546875
,2401,,,,113.40849304199219
,2402,,,,79.65523529052734
,2403,,,,82.75178527832031
,2404,,,,92.61949157714844
,2405,,,,102.92832946777344
,2406,,,,101.8922119140625
,2407,,,,111.10256958007812
,2408,,,,97.20866394042969
,2409,,,,132.01100158691406
,2410,,,,99.62450408935547
,2411,,,,100.11363220214844
,2412,,,,105.20455932617188
,2413,,,,113.09626770019531
,2414,,,,69.187744140625
,2415,,,,100.50526428222656
,2416,,,,101.5670394897461
,2417,,,,119.10734558105469
,2418,,,,74.18244934082031
,2419,,,,127.3187255859375
,2420,,,,108.0840072631836
,2421,,,,67.75320434570312
,2422,,,,74.821044921875
,2423,,,,78.41193389892578
,2424,,,,122.88175964355469
,2425,,,,81.81193542480469
,2426,,,,123.7262191772461
,2427,,,,137.17286682128906
,2428,,,,119.92341613769531
,2429,,,,99.54959869384766
,2430,,,,87.04234313964844
,2431,,,,105.00341033935547
75,9499,,,101.06376647949219,
75,9499,102.02486419677734,,,
76,9549,,95.0655288696289,,
76,9599,,99.70147705078125,,
,2432,,,,107.30430603027344
,2433,,,,113.37914276123047
,2434,,,,79.63148498535156
,2435,,,,82.7542953491211
,2436,,,,92.60836791992188
,2437,,,,102.9284896850586
,2438,,,,101.845703125
,2439,,,,111.07767486572266
,2440,,,,97.17372131347656
,2441,,,,132.0014190673828
,2442,,,,99.61515808105469
,2443,,,,100.09696960449219
,2444,,,,105.18879699707031
,2445,,,,113.06169891357422
,2446,,,,69.17166137695312
,2447,,,,100.48873138427734
,2448,,,,101.55803680419922
,2449,,,,119.11135864257812
,2450,,,,74.16954040527344
,2451,,,,127.3382568359375
,2452,,,,108.07571411132812
,2453,,,,67.73495483398438
,2454,,,,74.82240295410156
,2455,,,,78.3929443359375
,2456,,,,122.84258270263672
,2457,,,,81.80109405517578
,2458,,,,123.70153045654297
,2459,,,,137.1646270751953
,2460,,,,119.89842987060547
,2461,,,,99.53829956054688
,2462,,,,87.03910827636719
,2463,,,,104.98580169677734
76,9624,,,101.04840087890625,
76,9624,102.02857208251953,,,
77,9649,,73.98554229736328,,
77,9699,,104.62818908691406,,
77,9749,,84.19758605957031,,
,2464,,,,107.29351806640625
,2465,,,,113.39236450195312
,2466,,,,79.62550354003906
,2467,,,,82.74915313720703
,2468,,,,92.61262512207031
,2469,,,,102.92158508300781
,2470,,,,101.85902404785156
,2471,,,,111.0836410522461
,2472,,,,97.1699447631836
,2473,,,,131.97732543945312
,2474,,,,99.60845947265625
,2475,,,,100.0965576171875
,2476,,,,105.20759582519531
,2477,,,,113.08012390136719
,2478,,,,69.17516326904297
,2479,,,,100.4881820678711
,2480,,,,101.55003356933594
,2481,,,,119.10902404785156
,2482,,,,74.15987396240234
,2483,,,,127.34388732910156
,2484,,,,108.08256530761719
,2485,,,,67.73773956298828
,2486,,,,74.82110595703125
,2487,,,,78.39539337158203
,2488,,,,122.83888244628906
,2489,,,,81.79385375976562
,2490,,,,123.71212768554688
,2491,,,,137.174072265625
,2492,,,,119.91321563720703
,2493,,,,99.5302734375
,2494,,,,87.0404052734375
,2495,,,,104.91596221923828
77,9749,,,101.04872131347656,
77,9749,102.02655792236328,,,
78,9799,,136.08428955078125,,
78,9849,,101.0799789428711,,
,2496,,,,107.32228088378906
,2497,,,,113.37760925292969
,2498,,,,79.61872863769531
,2499,,,,82.74718475341797
,2500,,,,92.61292266845703
,2501,,,,102.92875671386719
,2502,,,,101.88529205322266
,2503,,,,111.08335876464844
,2504,,,,97.18843078613281
,2505,,,,132.01934814453125
,2506,,,,99.61648559570312
,2507,,,,100.09749603271484
,2508,,,,105.21224975585938
,2509,,,,113.07066345214844
,2510,,,,69.1707534790039
,2511,,,,100.48616790771484
,2512,,,,101.5578842163086
,2513,,,,119.10636138916016
,2514,,,,74.15977478027344
,2515,,,,127.35270690917969
,2516,,,,108.09040832519531
,2517,,,,67.7467269897461
,2518,,,,74.81045532226562
,2519,,,,78.39122009277344
,2520,,,,122.8623046875
,2521,,,,81.78972625732422
,2522,,,,123.72859191894531
,2523,,,,137.16632080078125
,2524,,,,119.92170715332031
,2525,,,,99.52679443359375
,2526,,,,87.02066040039062
,2527,,,,104.99116516113281
78,9874,,,101.05335235595703,
78,9874,102.022216796875,,,
79,9899,,112.86175537109375,,
79,9949,,100.42893981933594,,
79,9999,,88.17247009277344,,
,2528,,,,107.32139587402344
,2529,,,,113.37576293945312
,2530,,,,79.62945556640625
,2531,,,,82.73783874511719
,2532,,,,92.60279846191406
,2533,,,,102.90666198730469
,2534,,,,101.85331726074219
,2535,,,,111.1056900024414
,2536,,,,97.1777572631836
,2537,,,,132.00283813476562
,2538,,,,99.61544036865234
,2539,,,,100.09557342529297
,2540,,,,105.20225524902344
,2541,,,,113.05371856689453
,2542,,,,69.18218994140625
,2543,,,,100.47730255126953
,2544,,,,101.56151580810547
,2545,,,,119.10621643066406
,2546,,,,74.15396118164062
,2547,,,,127.31059265136719
,2548,,,,108.0884780883789
,2549,,,,67.73016357421875
,2550,,,,74.81486511230469
,2551,,,,78.3807373046875
,2552,,,,122.83474731445312
,2553,,,,81.79939270019531
,2554,,,,123.70928955078125
,2555,,,,137.15646362304688
,2556,,,,119.90567016601562
,2557,,,,99.53890991210938
,2558,,,,87.01445770263672
,2559,,,,104.92349243164062
79,9999,,,101.04564666748047,
79,9999,102.02227020263672,,,
80,10049,,105.5350570678711,,
80,10099,,98.46973419189453,,
,2560,,,,107.33006286621094
,2561,,,,113.3779296875
,2562,,,,79.62981414794922
,2563,,,,82.73365783691406
,2564,,,,92.60874938964844
,2565,,,,102.92335510253906
,2566,,,,101.85639953613281
,2567,,,,111.10401153564453
,2568,,,,97.19544982910156
,2569,,,,132.02499389648438
,2570,,,,99.61832427978516
,2571,,,,100.09854125976562
,2572,,,,105.20942687988281
,2573,,,,113.068603515625
,2574,,,,69.17896270751953
,2575,,,,100.4846420288086
,2576,,,,101.56074523925781
,2577,,,,119.10504150390625
,2578,,,,74.16119384765625
,2579,,,,127.33763122558594
,2580,,,,108.0954818725586
,2581,,,,67.7293472290039
,2582,,,,74.80748748779297
,2583,,,,78.38992309570312
,2584,,,,122.8525390625
,2585,,,,81.78562927246094
,2586,,,,123.71894836425781
,2587,,,,137.1655731201172
,2588,,,,119.89328002929688
,2589,,,,99.54961395263672
,2590,,,,87.02351379394531
,2591,,,,104.95082092285156
80,10124,,,101.05139923095703,
80,10124,102.01627349853516,,,
81,10149,,89.67601013183594,,
81,10199,,119.18270874023438,,
81,10249,,82.85309600830078,,
,2592,,,,107.30632019042969
,2593,,,,113.33316802978516
,2594,,,,79.63380432128906
,2595,,,,82.73912048339844
,2596,,,,92.59162902832031
,2597,,,,102.91899108886719
,2598,,,,101.85543060302734
,2599,,,,111.06512451171875
,2600,,,,97.16436767578125
,2601,,,,132.00257873535156
,2602,,,,99.62721252441406
,2603,,,,100.07550048828125
,2604,,,,105.19755554199219
,2605,,,,113.06925964355469
,2606,,,,69.155029296875
,2607,,,,100.47012329101562
,2608,,,,101.52789306640625
,2609,,,,119.10246276855469
,2610,,,,74.1561050415039
,2611,,,,127.33847045898438
,2612,,,,108.10791015625
,2613,,,,67.73045349121094
,2614,,,,74.79914855957031
,2615,,,,78.38554382324219
,2616,,,,122.84112548828125
,2617,,,,81.78154754638672
,2618,,,,123.70091247558594
,2619,,,,137.150634765625
,2620,,,,119.91288757324219
,2621,,,,99.498779296875
,2622,,,,87.01537322998047
,2623,,,,104.91017150878906
81,10249,,,101.03941345214844,
81,10249,102.01670837402344,,,
82,10299,,82.00175476074219,,
82,10349,,79.386962890625,,
,2624,,,,107.31730651855469
,2625,,,,113.358154296875
,2626,,,,79.62083435058594
,2627,,,,82.74441528320312
,2628,,,,92.60734558105469
,2629,,,,102.92869567871094
,2630,,,,101.86383819580078
,2631,,,,111.10865783691406
,2632,,,,97.17544555664062
,2633,,,,132.0210723876953
,2634,,,,99.62889099121094
,2635,,,,100.0753173828125
,2636,,,,105.19184875488281
,2637,,,,113.08406066894531
,2638,,,,69.16555786132812
,2639,,,,100.48089599609375
,2640,,,,101.55828857421875
,2641,,,,119.11863708496094
,2642,,,,74.15266418457031
,2643,,,,127.3282470703125
,2644,,,,108.07896423339844
,2645,,,,67.7354736328125
,2646,,,,74.80458068847656
,2647,,,,78.3812026977539
,2648,,,,122.84666442871094
,2649,,,,81.80390930175781
,2650,,,,123.72490692138672
,2651,,,,137.1640625
,2652,,,,119.89908599853516
,2653,,,,99.52432250976562
,2654,,,,87.027587890625
,2655,,,,104.91517639160156
82,10374,,,101.0479965209961,
82,10374,102.01313018798828,,,
83,10399,,74.6927261352539,,
83,10449,,115.43661499023438,,
83,10499,,87.42875671386719,,
,2656,,,,107.3140869140625
,2657,,,,113.32977294921875
,2658,,,,79.62457275390625
,2659,,,,82.73243713378906
,2660,,,,92.60385131835938
,2661,,,,102.90336608886719
,2662,,,,101.83758544921875
,2663,,,,111.08065032958984
,2664,,,,97.17037963867188
,2665,,,,132.00062561035156
,2666,,,,99.61268615722656
,2667,,,,100.06434631347656
,2668,,,,105.20128631591797
,2669,,,,113.0785903930664
,2670,,,,69.16529846191406
,2671,,,,100.45858001708984
,2672,,,,101.53738403320312
,2673,,,,119.08641815185547
,2674,,,,74.15464782714844
,2675,,,,127.31610870361328
,2676,,,,108.0658950805664
,2677,,,,67.72364807128906
,2678,,,,74.8125
,2679,,,,78.37483215332031
,2680,,,,122.82820129394531
,2681,,,,81.78681182861328
,2682,,,,123.70771026611328
,2683,,,,137.15524291992188
,2684,,,,119.88900756835938
,2685,,,,99.52765655517578
,2686,,,,87.019775390625
,2687,,,,104.9085464477539
83,10499,,,101.03650665283203,
83,10499,102.00902557373047,,,
84,10549,,123.35292053222656,,
84,10599,,87.83120727539062,,
,2688,,,,107.30751037597656
,2689,,,,113.34586334228516
,2690,,,,79.62582397460938
,2691,,,,82.74440002441406
,2692,,,,92.62417602539062
,2693,,,,102.92425537109375
,2694,,,,101.83718872070312
,2695,,,,111.08464813232422
,2696,,,,97.16865539550781
,2697,,,,132.00979614257812
,2698,,,,99.60987854003906
,2699,,,,100.06721496582031
,2700,,,,105.19185638427734
,2701,,,,113.07868957519531
,2702,,,,69.16773223876953
,2703,,,,100.49140167236328
,2704,,,,101.54490661621094
,2705,,,,119.10041046142578
,2706,,,,74.16646575927734
,2707,,,,127.31739044189453
,2708,,,,108.08755493164062
,2709,,,,67.73069763183594
,2710,,,,74.81143188476562
,2711,,,,78.39173126220703
,2712,,,,122.82464599609375
,2713,,,,81.78240966796875
,2714,,,,123.70462036132812
,2715,,,,137.13641357421875
,2716,,,,119.90644836425781
,2717,,,,99.52314758300781
,2718,,,,87.01695251464844
,2719,,,,104.92231750488281
84,10624,,,101.0417709350586,
84,10624,102.00297546386719,,,
85,10649,,91.0880126953125,,
85,10699,,105.06745910644531,,
85,10749,,112.02692413330078,,
,2720,,,,107.302734375
,2721,,,,113.3656997680664
,2722,,,,79.62619018554688
,2723,,,,82.7509994506836
,2724,,,,92.61680603027344
,2725,,,,102.92060089111328
,2726,,,,101.840576171875
,2727,,,,111.09949493408203
,2728,,,,97.16819763183594
,2729,,,,131.9966583251953
,2730,,,,99.61970520019531
,2731,,,,100.08595275878906
,2732,,,,105.19354248046875
,2733,,,,113.08159637451172
,2734,,,,69.17402648925781
,2735,,,,100.49407958984375
,2736,,,,101.54896545410156
,2737,,,,119.10304260253906
,2738,,,,74.15400695800781
,2739,,,,127.31434631347656
,2740,,,,108.06839752197266
,2741,,,,67.73806762695312
,2742,,,,74.8060531616211
,2743,,,,78.38981628417969
,2744,,,,122.82279968261719
,2745,,,,81.78874969482422
,2746,,,,123.69916534423828
,2747,,,,137.1566162109375
,2748,,,,119.91825866699219
,2749,,,,99.5335693359375
,2750,,,,87.03772735595703
,2751,,,,104.93082427978516
85,10749,,,101.04478454589844,
85,10749,102.00623321533203,,,
86,10799,,110.41313171386719,,
86,10849,,86.27127838134766,,
,2752,,,,107.3026123046875
,2753,,,,113.33441162109375
,2754,,,,79.61721801757812
,2755,,,,82.7295913696289
,2756,,,,92.5943832397461
,2757,,,,102.92182159423828
,2758,,,,101.87704467773438
,2759,,,,111.07112121582031
,2760,,,,97.15925598144531
,2761,,,,132.00592041015625
,2762,,,,99.61067199707031
,2763,,,,100.07164001464844
,2764,,,,105.19274139404297
,2765,,,,113.06207275390625
,2766,,,,69.1551513671875
,2767,,,,100.4615478515625
,2768,,,,101.53626251220703
,2769,,,,119.08927917480469
,2770,,,,74.16100311279297
,2771,,,,127.33428192138672
,2772,,,,108.09326934814453
,2773,,,,67.72187805175781
,2774,,,,74.79069519042969
,2775,,,,78.38044738769531
,2776,,,,122.84458923339844
,2777,,,,81.77679443359375
,2778,,,,123.71271514892578
,2779,,,,137.14898681640625
,2780,,,,119.896728515625
,2781,,,,99.52175903320312
,2782,,,,87.00799560546875
,2783,,,,104.96186828613281
86,10874,,,101.0375747680664,
86,10874,102.00570678710938,,,
87,10899,,81.52053833007812,,
87,10949,,122.24581146240234,,
87,10999,,117.38087463378906,,
,2784,,,,107.31553649902344
,2785,,,,113.35806274414062
,2786,,,,79.6109390258789
,2787,,,,82.7314453125
,2788,,,,92.59100341796875
,2789,,,,102.92129516601562
,2790,,,,101.865966796875
,2791,,,,111.0840835571289
,2792,,,,97.15689849853516
,2793,,,,132.00286865234375
,2794,,,,99.60688018798828
,2795,,,,100.07778930664062
,2796,,,,105.19856262207031
,2797,,,,113.0713119506836
,2798,,,,69.16990661621094
,2799,,,,100.46128845214844
,2800,,,,101.54900360107422
,2801,,,,119.08673095703125
,2802,,,,74.15042877197266
,2803,,,,127.31898498535156
,2804,,,,108.08991241455078
,2805,,,,67.70842742919922
,2806,,,,74.78923797607422
,2807,,,,78.3741455078125
,2808,,,,122.84402465820312
,2809,,,,81.77175903320312
,2810,,,,123.73036193847656
,2811,,,,137.14910888671875
,2812,,,,119.89570617675781
,2813,,,,99.53771209716797
,2814,,,,87.00379943847656
,2815,,,,104.87435150146484
87,10999,,,101.03814697265625,
87,10999,102.00286102294922,,,
88,11049,,106.43860626220703,,
88,11099,,108.4501953125,,
,2816,,,,107.30961608886719
,2817,,,,113.37628936767578
,2818,,,,79.63558959960938
,2819,,,,82.72785186767578
,2820,,,,92.60200500488281
,2821,,,,102.92943572998047
,2822,,,,101.8629150390625
,2823,,,,111.07166290283203
,2824,,,,97.14764404296875
,2825,,,,132.00698852539062
,2826,,,,99.6229248046875
,2827,,,,100.07181549072266
,2828,,,,105.18589782714844
,2829,,,,113.0821533203125
,2830,,,,69.15715789794922
,2831,,,,100.47566986083984
,2832,,,,101.52906799316406
,2833,,,,119.08760070800781
,2834,,,,74.1575927734375
,2835,,,,127.32083129882812
,2836,,,,108.09693145751953
,2837,,,,67.72339630126953
,2838,,,,74.78395080566406
,2839,,,,78.38142395019531
,2840,,,,122.84381103515625
,2841,,,,81.7720947265625
,2842,,,,123.6947250366211
,2843,,,,137.14300537109375
,2844,,,,119.90785217285156
,2845,,,,99.51065063476562
,2846,,,,86.99537658691406
,2847,,,,104.87772369384766
88,11124,,,101.03787994384766,
88,11124,102.00054931640625,,,
89,11149,,105.48994445800781,,
89,11199,,101.31719207763672,,
89,11249,,85.54377746582031,,
,2848,,,,107.31156921386719
,2849,,,,113.32974243164062
,2850,,,,79.61459350585938
,2851,,,,82.72108459472656
,2852,,,,92.59211730957031
,2853,,,,102.89599609375
,2854,,,,101.84264373779297
,2855,,,,111.10444641113281
,2856,,,,97.17208862304688
,2857,,,,132.01829528808594
,2858,,,,99.631591796875
,2859,,,,100.07078552246094
,2860,,,,105.1964111328125
,2861,,,,113.06340789794922
,2862,,,,69.15965270996094
,2863,,,,100.45089721679688
,2864,,,,101.56037902832031
,2865,,,,119.09829711914062
,2866,,,,74.14776611328125
,2867,,,,127.3272476196289
,2868,,,,108.07892608642578
,2869,,,,67.72175598144531
,2870,,,,74.79364013671875
,2871,,,,78.37100219726562
,2872,,,,122.80996704101562
,2873,,,,81.77057647705078
,2874,,,,123.71771240234375
,2875,,,,137.14862060546875
,2876,,,,119.89729309082031
,2877,,,,99.53108978271484
,2878,,,,86.98446655273438
,2879,,,,104.91704559326172
89,11249,,,101.0356216430664,
89,11249,101.9958267211914,,,
90,11299,,134.50357055664062,,
90,11349,,80.39139556884766,,
,2880,,,,107.28890228271484
,2881,,,,113.31976318359375
,2882,,,,79.61680603027344
,2883,,,,82.72224426269531
,2884,,,,92.59788513183594
,2885,,,,102.90371704101562
,2886,,,,101.8490219116211
,2887,,,,111.08032989501953
,2888,,,,97.1517333984375
,2889,,,,131.98464965820312
,2890,,,,99.608642578125
,2891,,,,100.06178283691406
,2892,,,,105.18244934082031
,2893,,,,113.07772827148438
,2894,,,,69.14610290527344
,2895,,,,100.46672058105469
,2896,,,,101.53764343261719
,2897,,,,119.07853698730469
,2898,,,,74.13903045654297
,2899,,,,127.31475067138672
,2900,,,,108.08216857910156
,2901,,,,67.71475219726562
,2902,,,,74.79316711425781
,2903,,,,78.36598205566406
,2904,,,,122.82872772216797
,2905,,,,81.76152038574219
,2906,,,,123.68647766113281
,2907,,,,137.13467407226562
,2908,,,,119.89324188232422
,2909,,,,99.50833129882812
,2910,,,,87.00154876708984
,2911,,,,104.87803649902344
90,11374,,,101.02778625488281,
90,11374,101.99818420410156,,,
91,11399,,132.79298400878906,,
91,11449,,124.31197357177734,,
91,11499,,85.2733154296875,,
,2912,,,,107.30421447753906
,2913,,,,113.33857727050781
,2914,,,,79.61599731445312
,2915,,,,82.72872924804688
,2916,,,,92.58061981201172
,2917,,,,102.91944885253906
,2918,,,,101.86182403564453
,2919,,,,111.08416748046875
,2920,,,,97.16566467285156
,2921,,,,132.00765991210938
,2922,,,,99.62604522705078
,2923,,,,100.0689697265625
,2924,,,,105.18002319335938
,2925,,,,113.07154846191406
,2926,,,,69.15216064453125
,2927,,,,100.4708251953125
,2928,,,,101.55095672607422
,2929,,,,119.09716796875
,2930,,,,74.1419677734375
,2931,,,,127.3078384399414
,2932,,,,108.10305786132812
,2933,,,,67.71479797363281
,2934,,,,74.79131317138672
,2935,,,,78.36608123779297
,2936,,,,122.82852172851562
,2937,,,,81.77217102050781
,2938,,,,123.69573974609375
,2939,,,,137.13992309570312
,2940,,,,119.89684295654297
,2941,,,,99.51976013183594
,2942,,,,87.00137329101562
,2943,,,,104.89665222167969
91,11499,,,101.03450775146484,
91,11499,101.99431610107422,,,
92,11549,,151.0164031982422,,
92,11599,,88.9229736328125,,
,2944,,,,107.28317260742188
,2945,,,,113.32649230957031
,2946,,,,79.61116027832031
,2947,,,,82.72822570800781
,2948,,,,92.59182739257812
,2949,,,,102.9105224609375
,2950,,,,101.8599624633789
,2951,,,,111.08262634277344
,2952,,,,97.15695190429688
,2953,,,,131.9927978515625
,2954,,,,99.59861755371094
,2955,,,,100.06836700439453
,2956,,,,105.1847915649414
,2957,,,,113.08280944824219
,2958,,,,69.15176391601562
,2959,,,,100.46186828613281
,2960,,,,101.54527282714844
,2961,,,,119.08012390136719
,2962,,,,74.14810180664062
,2963,,,,127.30355834960938
,2964,,,,108.06562042236328
,2965,,,,67.72068786621094
,2966,,,,74.80546569824219
,2967,,,,78.381103515625
,2968,,,,122.83839416503906
,2969,,,,81.7634506225586
,2970,,,,123.69229125976562
,2971,,,,137.15484619140625
,2972,,,,119.89810943603516
,2973,,,,99.5181655883789
,2974,,,,87.0205078125
,2975,,,,104.8862533569336
92,11624,,,101.03197479248047,
92,11624,101.98924255371094,,,
93,11649,,82.7926025390625,,
93,11699,,98.67131042480469,,
93,11749,,119.7352066040039,,
,2976,,,,107.2869873046875
,2977,,,,113.33654022216797
,2978,,,,79.60722351074219
,2979,,,,82.7115478515625
,2980,,,,92.5748062133789
,2981,,,,102.8983154296875
,2982,,,,101.84283447265625
,2983,,,,111.05754852294922
,2984,,,,97.14688110351562
,2985,,,,132.0034942626953
,2986,,,,99.59447479248047
,2987,,,,100.0593032836914
,2988,,,,105.18154907226562
,2989,,,,113.05543518066406
,2990,,,,69.14362335205078
,2991,,,,100.46234130859375
,2992,,,,101.54450988769531
,2993,,,,119.06234741210938
,2994,,,,74.15679931640625
,2995,,,,127.30809020996094
,2996,,,,108.06082153320312
,2997,,,,67.70443725585938
,2998,,,,74.7901611328125
,2999,,,,78.37158203125
,3000,,,,122.84210968017578
,3001,,,,81.75900268554688
,3002,,,,123.69794464111328
,3003,,,,137.11685180664062
,3004,,,,119.88803100585938
,3005,,,,99.49767303466797
,3006,,,,86.98729705810547
,3007,,,,104.86021423339844
93,11749,,,101.02288818359375,
93,11749,101.99407958984375,,,
94,11799,,105.22662353515625,,
94,11849,,106.65895080566406,,
,3008,,,,107.28390502929688
,3009,,,,113.31626892089844
,3010,,,,79.60851287841797
,3011,,,,82.71060180664062
,3012,,,,92.58473205566406
,3013,,,,102.90081787109375
,3014,,,,101.82676696777344
,3015,,,,111.07879638671875
,3016,,,,97.14968872070312
,3017,,,,131.99066162109375
,3018,,,,99.60519409179688
,3019,,,,100.04705810546875
,3020,,,,105.1868896484375
,3021,,,,113.0633544921875
,3022,,,,69.1416015625
,3023,,,,100.44278717041016
,3024,,,,101.53219604492188
,3025,,,,119.06686401367188
,3026,,,,74.15023803710938
,3027,,,,127.31157684326172
,3028,,,,108.05746459960938
,3029,,,,67.70780944824219
,3030,,,,74.79166412353516
,3031,,,,78.36737060546875
,3032,,,,122.802734375
,3033,,,,81.76416778564453
,3034,,,,123.7005386352539
,3035,,,,137.13247680664062
,3036,,,,119.8812255859375
,3037,,,,99.48818969726562
,3038,,,,86.99237823486328
,3039,,,,104.88076782226562
94,11874,,,101.02095794677734,
94,11874,101.98855590820312,,,
95,11899,,105.2445068359375,,
95,11949,,108.83788299560547,,
95,11999,,98.93269348144531,,
,3040,,,,107.29186248779297
,3041,,,,113.33235168457031
,3042,,,,79.6025161743164
,3043,,,,82.71610260009766
,3044,,,,92.58770751953125
,3045,,,,102.8982925415039
,3046,,,,101.8128662109375
,3047,,,,111.07970428466797
,3048,,,,97.13591766357422
,3049,,,,131.9940185546875
,3050,,,,99.6001968383789
,3051,,,,100.04283142089844
,3052,,,,105.19187927246094
,3053,,,,113.06269836425781
,3054,,,,69.14727783203125
,3055,,,,100.44833374023438
,3056,,,,101.5384292602539
,3057,,,,119.06622314453125
,3058,,,,74.13916015625
,3059,,,,127.31349182128906
,3060,,,,108.06443786621094
,3061,,,,67.70650482177734
,3062,,,,74.77546691894531
,3063,,,,78.3641586303711
,3064,,,,122.79319763183594
,3065,,,,81.76116943359375
,3066,,,,123.70355987548828
,3067,,,,137.13436889648438
,3068,,,,119.88970184326172
,3069,,,,99.49836730957031
,3070,,,,86.99232482910156
,3071,,,,104.8239974975586
95,11999,,,101.02052307128906,
95,11999,101.9881820678711,,,
96,12049,,102.98226928710938,,
96,12099,,102.17356872558594,,
,3072,,,,107.29258728027344
,3073,,,,113.3273696899414
,3074,,,,79.60334777832031
,3075,,,,82.70909118652344
,3076,,,,92.59776306152344
,3077,,,,102.90118408203125
,3078,,,,101.82510375976562
,3079,,,,111.08195495605469
,3080,,,,97.1547622680664
,3081,,,,131.99366760253906
,3082,,,,99.61308288574219
,3083,,,,100.04928588867188
,3084,,,,105.1793212890625
,3085,,,,113.05970764160156
,3086,,,,69.13320922851562
,3087,,,,100.45826721191406
,3088,,,,101.52853393554688
,3089,,,,119.08833312988281
,3090,,,,74.1386489868164
,3091,,,,127.31649780273438
,3092,,,,108.06867980957031
,3093,,,,67.71566772460938
,3094,,,,74.7886734008789
,3095,,,,78.37438201904297
,3096,,,,122.81429290771484
,3097,,,,81.77056884765625
,3098,,,,123.68805694580078
,3099,,,,137.1326446533203
,3100,,,,119.88446807861328
,3101,,,,99.50068664550781
,3102,,,,87.00759887695312
,3103,,,,104.87984466552734
96,12124,,,101.02454376220703,
96,12124,101.98512268066406,,,
97,12149,,124.51181030273438,,
97,12199,,88.15480041503906,,
97,12249,,89.53816223144531,,
,3104,,,,107.30243682861328
,3105,,,,113.33392333984375
,3106,,,,79.61046600341797
,3107,,,,82.72193145751953
,3108,,,,92.58783721923828
,3109,,,,102.89004516601562
,3110,,,,101.82720184326172
,3111,,,,111.07679748535156
,3112,,,,97.14907836914062
,3113,,,,132.00338745117188
,3114,,,,99.60603332519531
,3115,,,,100.05438995361328
,3116,,,,105.17996215820312
,3117,,,,113.05967712402344
,3118,,,,69.15386962890625
,3119,,,,100.45600128173828
,3120,,,,101.54603576660156
,3121,,,,119.07733917236328
,3122,,,,74.13995361328125
,3123,,,,127.29466247558594
,3124,,,,108.06159973144531
,3125,,,,67.71024322509766
,3126,,,,74.80989074707031
,3127,,,,78.36471557617188
,3128,,,,122.81011962890625
,3129,,,,81.76924896240234
,3130,,,,123.69207763671875
,3131,,,,137.12716674804688
,3132,,,,119.8868637084961
,3133,,,,99.51158142089844
,3134,,,,86.98811340332031
,3135,,,,104.85443115234375
97,12249,,,101.02452087402344,
97,12249,101.9858169555664,,,
98,12299,,106.67781066894531,,
98,12349,,104.22232055664062,,
,3136,,,,107.29554748535156
,3137,,,,113.33470153808594
,3138,,,,79.60029602050781
,3139,,,,82.71990966796875
,3140,,,,92.59217834472656
,3141,,,,102.88707733154297
,3142,,,,101.82351684570312
,3143,,,,111.09231567382812
,3144,,,,97.16304016113281
,3145,,,,131.98098754882812
,3146,,,,99.60408020019531
,3147,,,,100.0523452758789
,3148,,,,105.17869567871094
,3149,,,,113.08039855957031
,3150,,,,69.13217163085938
,3151,,,,100.46434783935547
,3152,,,,101.531982421875
,3153,,,,119.08154296875
,3154,,,,74.13619995117188
,3155,,,,127.30805969238281
,3156,,,,108.0427017211914
,3157,,,,67.71673583984375
,3158,,,,74.79962158203125
,3159,,,,78.37989807128906
,3160,,,,122.82335662841797
,3161,,,,81.77235412597656
,3162,,,,123.68299102783203
,3163,,,,137.13565063476562
,3164,,,,119.8886489868164
,3165,,,,99.50674438476562
,3166,,,,87.02230834960938
,3167,,,,104.8742904663086
98,12374,,,101.02558135986328,
98,12374,101.98281860351562,,,
99,12399,,87.95036315917969,,
99,12449,,114.10832214355469,,
99,12499,,123.09393310546875,,
,3168,,,,107.29020690917969
,3169,,,,113.2861328125
,3170,,,,79.58905029296875
,3171,,,,82.70167541503906
,3172,,,,92.58724212646484
,3173,,,,102.88829803466797
,3174,,,,101.79418182373047
,3175,,,,111.05987548828125
,3176,,,,97.15262603759766
,3177,,,,131.98045349121094
,3178,,,,99.59120178222656
,3179,,,,100.043212890625
,3180,,,,105.17855072021484
,3181,,,,113.06037902832031
,3182,,,,69.1399154663086
,3183,,,,100.45468139648438
,3184,,,,101.52394104003906
,3185,,,,119.0458984375
,3186,,,,74.126953125
,3187,,,,127.30364990234375
,3188,,,,108.04197692871094
,3189,,,,67.70480346679688
,3190,,,,74.79631042480469
,3191,,,,78.37200164794922
,3192,,,,122.79808044433594
,3193,,,,81.75640869140625
,3194,,,,123.67729949951172
,3195,,,,137.12567138671875
,3196,,,,119.86930847167969
,3197,,,,99.48085021972656
,3198,,,,86.99435424804688
,3199,,,,104.84178924560547
99,12499,,,101.01203918457031,
99,12499,101.98145294189453,,,
