epoch,step,train_loss_epoch,train_loss_step,val_loss_epoch,val_loss_step
0,49,,111.66131591796875,,
0,99,,100.62652587890625,,
,0,,,,113.4588394165039
,1,,,,117.98465728759766
,2,,,,106.36214447021484
,3,,,,129.54940795898438
,4,,,,73.57667541503906
,5,,,,89.06481170654297
,6,,,,96.89163208007812
,7,,,,108.3555908203125
,8,,,,102.14396667480469
,9,,,,124.32669067382812
,10,,,,93.79499816894531
,11,,,,111.10115814208984
,12,,,,84.215087890625
,13,,,,144.40274047851562
,14,,,,87.10260009765625
,15,,,,97.60691833496094
,16,,,,107.3565673828125
,17,,,,75.59571838378906
,18,,,,110.70539855957031
,19,,,,102.34566497802734
,20,,,,123.0146255493164
,21,,,,109.14861297607422
,22,,,,82.03324890136719
,23,,,,108.29588317871094
,24,,,,120.96241760253906
,25,,,,117.78174591064453
,26,,,,111.25761413574219
,27,,,,94.83345031738281
,28,,,,91.92623901367188
,29,,,,82.88319396972656
,30,,,,114.53589630126953
,31,,,,137.3933563232422
0,124,,,104.54281616210938,
0,124,103.75169372558594,,,
1,149,,89.01321411132812,,
1,199,,129.58969116210938,,
1,249,,92.25810241699219,,
,32,,,,113.20036315917969
,33,,,,117.7803955078125
,34,,,,106.18681335449219
,35,,,,129.31057739257812
,36,,,,73.42378234863281
,37,,,,88.82870483398438
,38,,,,96.65863037109375
,39,,,,108.15825653076172
,40,,,,101.89166259765625
,41,,,,124.04074096679688
,42,,,,93.6238021850586
,43,,,,110.96725463867188
,44,,,,84.00499725341797
,45,,,,144.15084838867188
,46,,,,86.95381164550781
,47,,,,97.23094177246094
,48,,,,107.19802856445312
,49,,,,75.27228546142578
,50,,,,110.42111206054688
,51,,,,102.13102722167969
,52,,,,122.73614501953125
,53,,,,108.94393920898438
,54,,,,81.8851547241211
,55,,,,108.11968994140625
,56,,,,120.73605346679688
,57,,,,117.57589721679688
,58,,,,110.87649536132812
,59,,,,94.61898040771484
,60,,,,91.55458068847656
,61,,,,82.65349578857422
,62,,,,114.29875946044922
,63,,,,137.08895874023438
1,249,,,104.31057739257812,
1,249,102.27516174316406,,,
2,299,,107.6214828491211,,
2,349,,88.58245849609375,,
,64,,,,113.11138916015625
,65,,,,117.76646423339844
,66,,,,106.06291961669922
,67,,,,129.25656127929688
,68,,,,73.40247344970703
,69,,,,88.71249389648438
,70,,,,96.54495239257812
,71,,,,108.08599090576172
,72,,,,101.86981964111328
,73,,,,123.93626403808594
,74,,,,93.5657958984375
,75,,,,110.91351318359375
,76,,,,83.93196105957031
,77,,,,144.16021728515625
,78,,,,86.94410705566406
,79,,,,97.20106506347656
,80,,,,107.094482421875
,81,,,,75.21292877197266
,82,,,,110.43778228759766
,83,,,,102.08592224121094
,84,,,,122.68055725097656
,85,,,,108.87832641601562
,86,,,,81.81285095214844
,87,,,,108.08479309082031
,88,,,,120.65596008300781
,89,,,,117.52566528320312
,90,,,,110.77398681640625
,91,,,,94.50611877441406
,92,,,,91.46946716308594
,93,,,,82.66275024414062
,94,,,,114.23924255371094
,95,,,,137.25852966308594
2,374,,,104.25284576416016,
2,374,102.0826416015625,,,
3,399,,101.45535278320312,,
3,449,,88.86001586914062,,
3,499,,93.06178283691406,,
,96,,,,112.99610137939453
,97,,,,117.63903045654297
,98,,,,106.03985595703125
,99,,,,129.14755249023438
,100,,,,73.36211395263672
,101,,,,88.61819458007812
,102,,,,96.47209930419922
,103,,,,107.9997329711914
,104,,,,101.81356811523438
,105,,,,123.88941192626953
,106,,,,93.49211120605469
,107,,,,110.88858032226562
,108,,,,83.82967376708984
,109,,,,144.13880920410156
,110,,,,86.8804931640625
,111,,,,97.14453125
,112,,,,107.06672668457031
,113,,,,75.12750244140625
,114,,,,110.34806060791016
,115,,,,102.0370101928711
,116,,,,122.64952850341797
,117,,,,108.80622863769531
,118,,,,81.74928283691406
,119,,,,108.0531005859375
,120,,,,120.59660339355469
,121,,,,117.48219299316406
,122,,,,110.70606231689453
,123,,,,94.44490051269531
,124,,,,91.40003204345703
,125,,,,82.62098693847656
,126,,,,114.17555236816406
,127,,,,137.17359924316406
3,499,,,104.1890869140625,
3,499,101.99298858642578,,,
4,549,,97.29619598388672,,
4,599,,128.96035766601562,,
,128,,,,113.01182556152344
,129,,,,117.65919494628906
,130,,,,106.04480743408203
,131,,,,129.14041137695312
,132,,,,73.39570617675781
,133,,,,88.62136840820312
,134,,,,96.44740295410156
,135,,,,108.00365447998047
,136,,,,101.80960083007812
,137,,,,123.89402770996094
,138,,,,93.50334930419922
,139,,,,110.85083770751953
,140,,,,83.84371185302734
,141,,,,144.13397216796875
,142,,,,86.90127563476562
,143,,,,97.12498474121094
,144,,,,107.07093811035156
,145,,,,75.10701751708984
,146,,,,110.36717224121094
,147,,,,102.0203857421875
,148,,,,122.6400146484375
,149,,,,108.85476684570312
,150,,,,81.81541442871094
,151,,,,108.05716705322266
,152,,,,120.59712982177734
,153,,,,117.48065948486328
,154,,,,110.72447204589844
,155,,,,94.46461486816406
,156,,,,91.33882141113281
,157,,,,82.60713195800781
,158,,,,114.18977355957031
,159,,,,137.23226928710938
4,624,,,104.19295501708984,
4,624,101.94391632080078,,,
5,649,,82.48889923095703,,
5,699,,88.66620635986328,,
5,749,,106.98069763183594,,
,160,,,,113.0324478149414
,161,,,,117.67033386230469
,162,,,,106.04399108886719
,163,,,,129.10096740722656
,164,,,,73.37068176269531
,165,,,,88.63426208496094
,166,,,,96.47260284423828
,167,,,,108.00629425048828
,168,,,,101.79005432128906
,169,,,,123.87648010253906
,170,,,,93.44408416748047
,171,,,,110.866455078125
,172,,,,83.83590698242188
,173,,,,144.09266662597656
,174,,,,86.90821838378906
,175,,,,97.08877563476562
,176,,,,107.04209899902344
,177,,,,75.13388061523438
,178,,,,110.32034301757812
,179,,,,101.97779846191406
,180,,,,122.63725280761719
,181,,,,108.80918884277344
,182,,,,81.80342102050781
,183,,,,108.07041931152344
,184,,,,120.56698608398438
,185,,,,117.45064544677734
,186,,,,110.70991516113281
,187,,,,94.47100830078125
,188,,,,91.3612060546875
,189,,,,82.60369110107422
,190,,,,114.20220184326172
,191,,,,137.18194580078125
5,749,,,104.18205261230469,
5,749,101.90689849853516,,,
6,799,,87.59576416015625,,
6,849,,104.73149871826172,,
,192,,,,112.94294738769531
,193,,,,117.65028381347656
,194,,,,106.00408935546875
,195,,,,129.10105895996094
,196,,,,73.35575103759766
,197,,,,88.59695434570312
,198,,,,96.43235778808594
,199,,,,107.97965240478516
,200,,,,101.7911376953125
,201,,,,123.80738830566406
,202,,,,93.4178237915039
,203,,,,110.84280395507812
,204,,,,83.78553771972656
,205,,,,144.07806396484375
,206,,,,86.87319946289062
,207,,,,97.06791687011719
,208,,,,107.00276184082031
,209,,,,75.0833511352539
,210,,,,110.261962890625
,211,,,,101.99996948242188
,212,,,,122.6070327758789
,213,,,,108.81278991699219
,214,,,,81.78994750976562
,215,,,,108.02336120605469
,216,,,,120.51532745361328
,217,,,,117.41928100585938
,218,,,,110.66523742675781
,219,,,,94.4536361694336
,220,,,,91.30831146240234
,221,,,,82.59292602539062
,222,,,,114.18095397949219
,223,,,,137.14218139648438
6,874,,,104.1513442993164,
6,874,101.876220703125,,,
7,899,,91.2669677734375,,
7,949,,99.12458801269531,,
7,999,,81.28060913085938,,
,224,,,,112.92147827148438
,225,,,,117.62981414794922
,226,,,,105.98316955566406
,227,,,,129.1042938232422
,228,,,,73.36268615722656
,229,,,,88.56956481933594
,230,,,,96.40556335449219
,231,,,,107.94842529296875
,232,,,,101.75994873046875
,233,,,,123.83009338378906
,234,,,,93.43704223632812
,235,,,,110.82322692871094
,236,,,,83.77174377441406
,237,,,,144.10255432128906
,238,,,,86.85418701171875
,239,,,,97.05526733398438
,240,,,,107.02326965332031
,241,,,,75.04939270019531
,242,,,,110.29095458984375
,243,,,,102.04409790039062
,244,,,,122.5758056640625
,245,,,,108.77619934082031
,246,,,,81.77925872802734
,247,,,,108.01348876953125
,248,,,,120.46839904785156
,249,,,,117.44119262695312
,250,,,,110.67084503173828
,251,,,,94.44285583496094
,252,,,,91.26805114746094
,253,,,,82.58737182617188
,254,,,,114.1707763671875
,255,,,,137.26524353027344
7,999,,,104.14329528808594,
7,999,101.8550033569336,,,
8,1049,,121.11903381347656,,
8,1099,,79.0546875,,
,256,,,,112.92672729492188
,257,,,,117.5958480834961
,258,,,,105.98307800292969
,259,,,,129.02438354492188
,260,,,,73.35668182373047
,261,,,,88.5649185180664
,262,,,,96.41450500488281
,263,,,,107.95951080322266
,264,,,,101.74250793457031
,265,,,,123.79814910888672
,266,,,,93.40103149414062
,267,,,,110.79179382324219
,268,,,,83.78629302978516
,269,,,,144.07859802246094
,270,,,,86.86537170410156
,271,,,,97.05762481689453
,272,,,,106.98374938964844
,273,,,,75.07356262207031
,274,,,,110.29088592529297
,275,,,,102.00015258789062
,276,,,,122.59585571289062
,277,,,,108.77226257324219
,278,,,,81.79349517822266
,279,,,,108.00775146484375
,280,,,,120.46026611328125
,281,,,,117.4200439453125
,282,,,,110.64666748046875
,283,,,,94.45761108398438
,284,,,,91.27638244628906
,285,,,,82.57731628417969
,286,,,,114.15605926513672
,287,,,,137.1692657470703
8,1124,,,104.13284301757812,
8,1124,101.83967590332031,,,
9,1149,,100.5609130859375,,
9,1199,,133.51699829101562,,
9,1249,,103.060546875,,
,288,,,,112.94053649902344
,289,,,,117.63024139404297
,290,,,,105.95733642578125
,291,,,,129.04656982421875
,292,,,,73.36444091796875
,293,,,,88.56425476074219
,294,,,,96.42294311523438
,295,,,,107.96148681640625
,296,,,,101.75568389892578
,297,,,,123.83331298828125
,298,,,,93.40443420410156
,299,,,,110.81852722167969
,300,,,,83.77641296386719
,301,,,,144.0934600830078
,302,,,,86.85090637207031
,303,,,,97.06964874267578
,304,,,,107.02717590332031
,305,,,,75.06602478027344
,306,,,,110.30345153808594
,307,,,,101.98818969726562
,308,,,,122.6087875366211
,309,,,,108.77473449707031
,310,,,,81.7918930053711
,311,,,,108.01173400878906
,312,,,,120.48689270019531
,313,,,,117.4231185913086
,314,,,,110.65229797363281
,315,,,,94.46495819091797
,316,,,,91.2983169555664
,317,,,,82.5716323852539
,318,,,,114.19070434570312
,319,,,,137.19146728515625
9,1249,,,104.142333984375,
9,1249,101.82364654541016,,,
10,1299,,101.01348876953125,,
10,1349,,73.66242980957031,,
,320,,,,112.91932678222656
,321,,,,117.6097412109375
,322,,,,105.96662902832031
,323,,,,129.06307983398438
,324,,,,73.34645080566406
,325,,,,88.54632568359375
,326,,,,96.39812469482422
,327,,,,107.95573425292969
,328,,,,101.699951171875
,329,,,,123.79685974121094
,330,,,,93.36612701416016
,331,,,,110.7901840209961
,332,,,,83.75459289550781
,333,,,,144.02359008789062
,334,,,,86.83648681640625
,335,,,,97.0517807006836
,336,,,,107.00375366210938
,337,,,,75.02708435058594
,338,,,,110.28312683105469
,339,,,,101.99609375
,340,,,,122.57909393310547
,341,,,,108.75482177734375
,342,,,,81.75403594970703
,343,,,,107.99855041503906
,344,,,,120.42281341552734
,345,,,,117.39900207519531
,346,,,,110.65010833740234
,347,,,,94.42378234863281
,348,,,,91.23526000976562
,349,,,,82.5538558959961
,350,,,,114.13561248779297
,351,,,,137.19708251953125
10,1374,,,104.11653137207031,
10,1374,101.8093490600586,,,
11,1399,,106.89068603515625,,
11,1449,,119.23541259765625,,
11,1499,,103.87458801269531,,
,352,,,,112.94169616699219
,353,,,,117.6164321899414
,354,,,,105.94672393798828
,355,,,,129.0458221435547
,356,,,,73.35651397705078
,357,,,,88.55245971679688
,358,,,,96.40606689453125
,359,,,,107.9853515625
,360,,,,101.7254409790039
,361,,,,123.81007385253906
,362,,,,93.38249206542969
,363,,,,110.80319213867188
,364,,,,83.74711608886719
,365,,,,144.0434112548828
,366,,,,86.85481262207031
,367,,,,97.08099365234375
,368,,,,107.0244140625
,369,,,,75.01896667480469
,370,,,,110.3000717163086
,371,,,,102.01270294189453
,372,,,,122.58932495117188
,373,,,,108.72403717041016
,374,,,,81.77523803710938
,375,,,,108.01318359375
,376,,,,120.44510650634766
,377,,,,117.41001892089844
,378,,,,110.65367126464844
,379,,,,94.44856262207031
,380,,,,91.25212860107422
,381,,,,82.5484619140625
,382,,,,114.19316864013672
,383,,,,137.20448303222656
11,1499,,,104.12826538085938,
11,1499,101.7954330444336,,,
12,1549,,123.697998046875,,
12,1599,,78.53021240234375,,
,384,,,,112.92837524414062
,385,,,,117.60977935791016
,386,,,,105.92940521240234
,387,,,,129.06326293945312
,388,,,,73.33969116210938
,389,,,,88.54139709472656
,390,,,,96.39430236816406
,391,,,,107.96118927001953
,392,,,,101.75523376464844
,393,,,,123.82923889160156
,394,,,,93.40573120117188
,395,,,,110.7952651977539
,396,,,,83.77371978759766
,397,,,,144.03518676757812
,398,,,,86.82723999023438
,399,,,,97.06086730957031
,400,,,,106.98738098144531
,401,,,,75.01878356933594
,402,,,,110.27652740478516
,403,,,,101.98824310302734
,404,,,,122.6036605834961
,405,,,,108.76469421386719
,406,,,,81.75000762939453
,407,,,,108.00798034667969
,408,,,,120.43853759765625
,409,,,,117.41946411132812
,410,,,,110.68621826171875
,411,,,,94.41931915283203
,412,,,,91.25503540039062
,413,,,,82.55438232421875
,414,,,,114.17709350585938
,415,,,,137.2321014404297
12,1624,,,104.1249771118164,
12,1624,101.77882385253906,,,
13,1649,,133.72659301757812,,
13,1699,,87.39639282226562,,
13,1749,,88.1480484008789,,
,416,,,,112.91986083984375
,417,,,,117.59796142578125
,418,,,,105.94032287597656
,419,,,,129.02734375
,420,,,,73.31712341308594
,421,,,,88.53900909423828
,422,,,,96.42086791992188
,423,,,,107.94652557373047
,424,,,,101.73976135253906
,425,,,,123.85214233398438
,426,,,,93.36019134521484
,427,,,,110.7557601928711
,428,,,,83.73896789550781
,429,,,,144.04098510742188
,430,,,,86.82563781738281
,431,,,,97.04006958007812
,432,,,,106.99430847167969
,433,,,,75.00984954833984
,434,,,,110.25932312011719
,435,,,,101.94931030273438
,436,,,,122.62777709960938
,437,,,,108.7708740234375
,438,,,,81.73759460449219
,439,,,,107.99903869628906
,440,,,,120.40872955322266
,441,,,,117.40507507324219
,442,,,,110.67147064208984
,443,,,,94.41336059570312
,444,,,,91.24154663085938
,445,,,,82.51637268066406
,446,,,,114.16973876953125
,447,,,,137.15869140625
13,1749,,,104.11283111572266,
13,1749,101.7692642211914,,,
14,1799,,113.41435241699219,,
14,1849,,84.11009216308594,,
,448,,,,112.91819763183594
,449,,,,117.57122039794922
,450,,,,105.89793395996094
,451,,,,129.0176239013672
,452,,,,73.33958435058594
,453,,,,88.48629760742188
,454,,,,96.37330627441406
,455,,,,107.93742370605469
,456,,,,101.71663665771484
,457,,,,123.8033447265625
,458,,,,93.3525390625
,459,,,,110.76017761230469
,460,,,,83.72158813476562
,461,,,,143.99624633789062
,462,,,,86.81556701660156
,463,,,,97.02005004882812
,464,,,,106.97090911865234
,465,,,,74.98094177246094
,466,,,,110.23385620117188
,467,,,,101.97029113769531
,468,,,,122.54630279541016
,469,,,,108.75433349609375
,470,,,,81.71226501464844
,471,,,,107.95799255371094
,472,,,,120.3881607055664
,473,,,,117.38728332519531
,474,,,,110.71002197265625
,475,,,,94.3955307006836
,476,,,,91.2266845703125
,477,,,,82.51606750488281
,478,,,,114.12267303466797
,479,,,,137.18258666992188
14,1874,,,104.09268188476562,
14,1874,101.75836181640625,,,
15,1899,,85.28380584716797,,
15,1949,,115.12460327148438,,
15,1999,,111.46147918701172,,
,480,,,,112.94538116455078
,481,,,,117.56366729736328
,482,,,,105.93453979492188
,483,,,,129.05108642578125
,484,,,,73.32156372070312
,485,,,,88.4998779296875
,486,,,,96.39459228515625
,487,,,,107.97050476074219
,488,,,,101.7186508178711
,489,,,,123.8299331665039
,490,,,,93.36097717285156
,491,,,,110.75730895996094
,492,,,,83.72148132324219
,493,,,,143.99887084960938
,494,,,,86.79902648925781
,495,,,,97.0267562866211
,496,,,,107.03006744384766
,497,,,,74.98190307617188
,498,,,,110.2447738647461
,499,,,,101.96278381347656
,500,,,,122.5748519897461
,501,,,,108.777587890625
,502,,,,81.7374038696289
,503,,,,107.97428894042969
,504,,,,120.38441467285156
,505,,,,117.41520690917969
,506,,,,110.72210693359375
,507,,,,94.40921020507812
,508,,,,91.21861267089844
,509,,,,82.553955078125
,510,,,,114.1355972290039
,511,,,,137.16818237304688
15,1999,,,104.10588836669922,
15,1999,101.75004577636719,,,
16,2049,,80.57734680175781,,
16,2099,,114.94206237792969,,
,512,,,,112.90713500976562
,513,,,,117.5426025390625
,514,,,,105.90083312988281
,515,,,,129.0082244873047
,516,,,,73.29757690429688
,517,,,,88.4642333984375
,518,,,,96.39347839355469
,519,,,,107.9415283203125
,520,,,,101.69464111328125
,521,,,,123.81195068359375
,522,,,,93.33373260498047
,523,,,,110.72405242919922
,524,,,,83.71212005615234
,525,,,,143.95411682128906
,526,,,,86.78541564941406
,527,,,,96.99783325195312
,528,,,,106.96074676513672
,529,,,,74.97898864746094
,530,,,,110.22115325927734
,531,,,,101.9474105834961
,532,,,,122.55705261230469
,533,,,,108.77986145019531
,534,,,,81.70501708984375
,535,,,,107.93902587890625
,536,,,,120.34140014648438
,537,,,,117.38665008544922
,538,,,,110.71292114257812
,539,,,,94.38899230957031
,540,,,,91.22408294677734
,541,,,,82.53623962402344
,542,,,,114.10580444335938
,543,,,,137.111572265625
16,2124,,,104.0810317993164,
16,2124,101.73965454101562,,,
17,2149,,82.19535827636719,,
17,2199,,100.56533813476562,,
17,2249,,97.23190307617188,,
,544,,,,112.93122100830078
,545,,,,117.55684661865234
,546,,,,105.89213562011719
,547,,,,129.04727172851562
,548,,,,73.30601501464844
,549,,,,88.43051147460938
,550,,,,96.37638092041016
,551,,,,107.91370391845703
,552,,,,101.70343017578125
,553,,,,123.8135986328125
,554,,,,93.32833099365234
,555,,,,110.72576904296875
,556,,,,83.70048522949219
,557,,,,143.97308349609375
,558,,,,86.76724243164062
,559,,,,96.994140625
,560,,,,106.97966003417969
,561,,,,74.9487075805664
,562,,,,110.23564910888672
,563,,,,101.94708251953125
,564,,,,122.49740600585938
,565,,,,108.76200866699219
,566,,,,81.6673583984375
,567,,,,107.91983032226562
,568,,,,120.33306884765625
,569,,,,117.39262390136719
,570,,,,110.68555450439453
,571,,,,94.34871673583984
,572,,,,91.19366455078125
,573,,,,82.51686096191406
,574,,,,114.1134262084961
,575,,,,137.18865966796875
17,2249,,,104.07354736328125,
17,2249,101.72393035888672,,,
18,2299,,121.92945861816406,,
18,2349,,112.39414978027344,,
,576,,,,112.906982421875
,577,,,,117.55397033691406
,578,,,,105.90391540527344
,579,,,,129.0184783935547
,580,,,,73.28350830078125
,581,,,,88.45716857910156
,582,,,,96.39336395263672
,583,,,,107.92185974121094
,584,,,,101.71310424804688
,585,,,,123.82356262207031
,586,,,,93.33943176269531
,587,,,,110.73495483398438
,588,,,,83.69943237304688
,589,,,,143.98153686523438
,590,,,,86.76441955566406
,591,,,,97.01155090332031
,592,,,,106.9804458618164
,593,,,,74.95980072021484
,594,,,,110.24085235595703
,595,,,,101.90240478515625
,596,,,,122.52980041503906
,597,,,,108.76210021972656
,598,,,,81.69190979003906
,599,,,,107.90367126464844
,600,,,,120.34980773925781
,601,,,,117.42222595214844
,602,,,,110.71296691894531
,603,,,,94.3857421875
,604,,,,91.2039794921875
,605,,,,82.53182220458984
,606,,,,114.10828399658203
,607,,,,137.11904907226562
18,2374,,,104.07913970947266,
18,2374,101.71300506591797,,,
19,2399,,97.64396667480469,,
19,2449,,75.34046936035156,,
19,2499,,105.42927551269531,,
,608,,,,112.8913803100586
,609,,,,117.52503967285156
,610,,,,105.87305450439453
,611,,,,128.99819946289062
,612,,,,73.25419616699219
,613,,,,88.42572021484375
,614,,,,96.38418579101562
,615,,,,107.91859436035156
,616,,,,101.70381164550781
,617,,,,123.79935455322266
,618,,,,93.31756591796875
,619,,,,110.73411560058594
,620,,,,83.69591522216797
,621,,,,143.97421264648438
,622,,,,86.74483489990234
,623,,,,96.98258972167969
,624,,,,106.97625732421875
,625,,,,74.9326400756836
,626,,,,110.16030883789062
,627,,,,101.85273742675781
,628,,,,122.54241943359375
,629,,,,108.75749206542969
,630,,,,81.68353271484375
,631,,,,107.90391540527344
,632,,,,120.31631469726562
,633,,,,117.39378356933594
,634,,,,110.67477416992188
,635,,,,94.35369873046875
,636,,,,91.1759033203125
,637,,,,82.47248077392578
,638,,,,114.09626007080078
,639,,,,137.08547973632812
19,2499,,,104.05718231201172,
19,2499,101.70469665527344,,,
20,2549,,88.07222747802734,,
20,2599,,141.24136352539062,,
,640,,,,112.88536071777344
,641,,,,117.49740600585938
,642,,,,105.86642456054688
,643,,,,128.98541259765625
,644,,,,73.24485778808594
,645,,,,88.42912292480469
,646,,,,96.37263488769531
,647,,,,107.9024887084961
,648,,,,101.70602416992188
,649,,,,123.80314636230469
,650,,,,93.3077392578125
,651,,,,110.73818969726562
,652,,,,83.67277526855469
,653,,,,143.99609375
,654,,,,86.73513793945312
,655,,,,96.97698974609375
,656,,,,106.95756530761719
,657,,,,74.91140747070312
,658,,,,110.17190551757812
,659,,,,101.824462890625
,660,,,,122.48609924316406
,661,,,,108.73936462402344
,662,,,,81.66839599609375
,663,,,,107.92680358886719
,664,,,,120.30337524414062
,665,,,,117.38510131835938
,666,,,,110.69561767578125
,667,,,,94.34100341796875
,668,,,,91.19021606445312
,669,,,,82.4947509765625
,670,,,,114.07915496826172
,671,,,,137.0965576171875
20,2624,,,104.0501937866211,
20,2624,101.69134521484375,,,
21,2649,,71.17735290527344,,
21,2699,,93.79261779785156,,
21,2749,,111.76734924316406,,
,672,,,,112.88462829589844
,673,,,,117.5320816040039
,674,,,,105.84944152832031
,675,,,,128.95066833496094
,676,,,,73.22950744628906
,677,,,,88.41572570800781
,678,,,,96.37232208251953
,679,,,,107.86436462402344
,680,,,,101.7286605834961
,681,,,,123.8345947265625
,682,,,,93.29525756835938
,683,,,,110.7575912475586
,684,,,,83.65864562988281
,685,,,,144.0401153564453
,686,,,,86.69721221923828
,687,,,,96.95747375488281
,688,,,,106.95470428466797
,689,,,,74.88969421386719
,690,,,,110.17141723632812
,691,,,,101.77747344970703
,692,,,,122.48072052001953
,693,,,,108.77227783203125
,694,,,,81.6197509765625
,695,,,,107.91060638427734
,696,,,,120.29350280761719
,697,,,,117.40396881103516
,698,,,,110.68505859375
,699,,,,94.30072021484375
,700,,,,91.17369842529297
,701,,,,82.47227478027344
,702,,,,114.05741882324219
,703,,,,137.14523315429688
21,2749,,,104.04217529296875,
21,2749,101.67707061767578,,,
22,2799,,117.86410522460938,,
22,2849,,90.68779754638672,,
,704,,,,112.86224365234375
,705,,,,117.50776672363281
,706,,,,105.85602569580078
,707,,,,128.933349609375
,708,,,,73.22525787353516
,709,,,,88.41572570800781
,710,,,,96.35649871826172
,711,,,,107.86144256591797
,712,,,,101.69972229003906
,713,,,,123.81932830810547
,714,,,,93.28089141845703
,715,,,,110.73660278320312
,716,,,,83.6428451538086
,717,,,,144.0117950439453
,718,,,,86.67642974853516
,719,,,,96.96383666992188
,720,,,,106.94749450683594
,721,,,,74.89720153808594
,722,,,,110.1656265258789
,723,,,,101.77383422851562
,724,,,,122.46622467041016
,725,,,,108.74361419677734
,726,,,,81.61659240722656
,727,,,,107.87321472167969
,728,,,,120.27752685546875
,729,,,,117.3708724975586
,730,,,,110.71080017089844
,731,,,,94.29615783691406
,732,,,,91.13575744628906
,733,,,,82.4731216430664
,734,,,,114.06884002685547
,735,,,,137.13784790039062
22,2874,,,104.03044891357422,
22,2874,101.66986083984375,,,
23,2899,,90.81934356689453,,
23,2949,,103.60749816894531,,
23,2999,,106.21096801757812,,
,736,,,,112.88946533203125
,737,,,,117.49575805664062
,738,,,,105.83257293701172
,739,,,,128.93801879882812
,740,,,,73.23593139648438
,741,,,,88.40473175048828
,742,,,,96.34906005859375
,743,,,,107.84207153320312
,744,,,,101.71399688720703
,745,,,,123.81123352050781
,746,,,,93.26029205322266
,747,,,,110.74223327636719
,748,,,,83.6326675415039
,749,,,,144.01034545898438
,750,,,,86.67217254638672
,751,,,,96.9666748046875
,752,,,,106.94585418701172
,753,,,,74.85868835449219
,754,,,,110.18472290039062
,755,,,,101.75332641601562
,756,,,,122.4756088256836
,757,,,,108.75704193115234
,758,,,,81.59439849853516
,759,,,,107.88372802734375
,760,,,,120.27719116210938
,761,,,,117.39502716064453
,762,,,,110.66671752929688
,763,,,,94.278564453125
,764,,,,91.15313720703125
,765,,,,82.4869384765625
,766,,,,114.04582214355469
,767,,,,137.0908203125
23,2999,,,104.02644348144531,
23,2999,101.6579818725586,,,
24,3049,,115.95136260986328,,
24,3099,,137.751953125,,
,768,,,,112.86355590820312
,769,,,,117.46812438964844
,770,,,,105.79080963134766
,771,,,,128.929443359375
,772,,,,73.20840454101562
,773,,,,88.38658142089844
,774,,,,96.33234405517578
,775,,,,107.81619262695312
,776,,,,101.68592071533203
,777,,,,123.79329681396484
,778,,,,93.24502563476562
,779,,,,110.73987579345703
,780,,,,83.629150390625
,781,,,,144.00588989257812
,782,,,,86.67082977294922
,783,,,,96.93594360351562
,784,,,,106.90731048583984
,785,,,,74.86544036865234
,786,,,,110.14064025878906
,787,,,,101.72244262695312
,788,,,,122.40486145019531
,789,,,,108.71470642089844
,790,,,,81.55899047851562
,791,,,,107.84642028808594
,792,,,,120.240966796875
,793,,,,117.342529296875
,794,,,,110.62740325927734
,795,,,,94.24871826171875
,796,,,,91.13150024414062
,797,,,,82.46748352050781
,798,,,,114.03453063964844
,799,,,,137.12574768066406
24,3124,,,104.00118255615234,
24,3124,101.6422348022461,,,
25,3149,,117.56472778320312,,
25,3199,,113.15657043457031,,
25,3249,,128.7513885498047,,
,800,,,,112.85184478759766
,801,,,,117.51187133789062
,802,,,,105.80089569091797
,803,,,,128.91848754882812
,804,,,,73.19194030761719
,805,,,,88.38235473632812
,806,,,,96.3277587890625
,807,,,,107.82563781738281
,808,,,,101.68920135498047
,809,,,,123.8009033203125
,810,,,,93.22663116455078
,811,,,,110.76129150390625
,812,,,,83.62274169921875
,813,,,,144.03594970703125
,814,,,,86.65956115722656
,815,,,,96.93511199951172
,816,,,,106.90890502929688
,817,,,,74.84222412109375
,818,,,,110.14295196533203
,819,,,,101.69482421875
,820,,,,122.39030456542969
,821,,,,108.71170043945312
,822,,,,81.5706558227539
,823,,,,107.8482666015625
,824,,,,120.25849914550781
,825,,,,117.36701965332031
,826,,,,110.6269760131836
,827,,,,94.26345825195312
,828,,,,91.1387939453125
,829,,,,82.44989013671875
,830,,,,114.05738067626953
,831,,,,137.0821990966797
25,3249,,,104.00270080566406,
25,3249,101.63014221191406,,,
26,3299,,86.36470794677734,,
26,3349,,91.54542541503906,,
,832,,,,112.82803344726562
,833,,,,117.4780044555664
,834,,,,105.78483581542969
,835,,,,128.85943603515625
,836,,,,73.16767883300781
,837,,,,88.35296630859375
,838,,,,96.32384490966797
,839,,,,107.79804992675781
,840,,,,101.66730499267578
,841,,,,123.78564453125
,842,,,,93.20303344726562
,843,,,,110.73875427246094
,844,,,,83.607421875
,845,,,,144.00267028808594
,846,,,,86.63276672363281
,847,,,,96.91426086425781
,848,,,,106.882080078125
,849,,,,74.83676147460938
,850,,,,110.12893676757812
,851,,,,101.67628479003906
,852,,,,122.391357421875
,853,,,,108.67970275878906
,854,,,,81.5447998046875
,855,,,,107.81704711914062
,856,,,,120.1973876953125
,857,,,,117.34003448486328
,858,,,,110.62406921386719
,859,,,,94.22734832763672
,860,,,,91.12178039550781
,861,,,,82.44319152832031
,862,,,,114.03713989257812
,863,,,,137.04995727539062
26,3374,,,103.9793701171875,
26,3374,101.62156677246094,,,
27,3399,,75.51832580566406,,
27,3449,,101.597412109375,,
27,3499,,108.08773040771484,,
,864,,,,112.81997680664062
,865,,,,117.47843933105469
,866,,,,105.75006103515625
,867,,,,128.88150024414062
,868,,,,73.17542266845703
,869,,,,88.33277893066406
,870,,,,96.2979965209961
,871,,,,107.80380249023438
,872,,,,101.69498443603516
,873,,,,123.80311584472656
,874,,,,93.21835327148438
,875,,,,110.7269058227539
,876,,,,83.60386657714844
,877,,,,144.0035858154297
,878,,,,86.63340759277344
,879,,,,96.90686798095703
,880,,,,106.86739349365234
,881,,,,74.80683898925781
,882,,,,110.08735656738281
,883,,,,101.68223571777344
,884,,,,122.36760711669922
,885,,,,108.71377563476562
,886,,,,81.51716613769531
,887,,,,107.81737518310547
,888,,,,120.20504760742188
,889,,,,117.31627655029297
,890,,,,110.66023254394531
,891,,,,94.2101058959961
,892,,,,91.11801147460938
,893,,,,82.45625305175781
,894,,,,113.99070739746094
,895,,,,137.06759643554688
27,3499,,,103.97486114501953,
27,3499,101.6108627319336,,,
28,3549,,99.61936950683594,,
28,3599,,143.56622314453125,,
,896,,,,112.8213119506836
,897,,,,117.48038482666016
,898,,,,105.78253173828125
,899,,,,128.88150024414062
,900,,,,73.17617797851562
,901,,,,88.3633041381836
,902,,,,96.31443786621094
,903,,,,107.83970642089844
,904,,,,101.68366241455078
,905,,,,123.76696014404297
,906,,,,93.20796966552734
,907,,,,110.74494171142578
,908,,,,83.6041259765625
,909,,,,144.00814819335938
,910,,,,86.63850402832031
,911,,,,96.92381286621094
,912,,,,106.86479187011719
,913,,,,74.8134536743164
,914,,,,110.10359191894531
,915,,,,101.68417358398438
,916,,,,122.3873062133789
,917,,,,108.72037506103516
,918,,,,81.53919982910156
,919,,,,107.81786346435547
,920,,,,120.18840026855469
,921,,,,117.3287124633789
,922,,,,110.63667297363281
,923,,,,94.22858428955078
,924,,,,91.1187515258789
,925,,,,82.43360137939453
,926,,,,114.02058410644531
,927,,,,137.0494384765625
28,3624,,,103.98035430908203,
28,3624,101.59774017333984,,,
29,3649,,87.09051513671875,,
29,3699,,98.89222717285156,,
29,3749,,103.57698822021484,,
,928,,,,112.83258056640625
,929,,,,117.50863647460938
,930,,,,105.73375701904297
,931,,,,128.86740112304688
,932,,,,73.15953063964844
,933,,,,88.36125183105469
,934,,,,96.29454803466797
,935,,,,107.79109191894531
,936,,,,101.67048645019531
,937,,,,123.7828369140625
,938,,,,93.20940399169922
,939,,,,110.74093627929688
,940,,,,83.58517456054688
,941,,,,144.0405731201172
,942,,,,86.61397552490234
,943,,,,96.91056823730469
,944,,,,106.842529296875
,945,,,,74.80244445800781
,946,,,,110.09088134765625
,947,,,,101.66934204101562
,948,,,,122.35791015625
,949,,,,108.69960021972656
,950,,,,81.509521484375
,951,,,,107.81158447265625
,952,,,,120.21341705322266
,953,,,,117.31477355957031
,954,,,,110.64521789550781
,955,,,,94.18370056152344
,956,,,,91.13316345214844
,957,,,,82.43505096435547
,958,,,,114.0069580078125
,959,,,,137.0581817626953
29,3749,,,103.97067260742188,
29,3749,101.58548736572266,,,
30,3799,,83.60623168945312,,
30,3849,,101.90870666503906,,
,960,,,,112.79978942871094
,961,,,,117.45462799072266
,962,,,,105.73970031738281
,963,,,,128.85789489746094
,964,,,,73.1573486328125
,965,,,,88.34605407714844
,966,,,,96.28875732421875
,967,,,,107.78852844238281
,968,,,,101.63847351074219
,969,,,,123.78897094726562
,970,,,,93.18446350097656
,971,,,,110.72837829589844
,972,,,,83.57140350341797
,973,,,,144.0113525390625
,974,,,,86.61619567871094
,975,,,,96.90299987792969
,976,,,,106.8365478515625
,977,,,,74.79643249511719
,978,,,,110.07968139648438
,979,,,,101.65237426757812
,980,,,,122.36138916015625
,981,,,,108.68965148925781
,982,,,,81.50544738769531
,983,,,,107.79322814941406
,984,,,,120.17491149902344
,985,,,,117.30201721191406
,986,,,,110.61965942382812
,987,,,,94.20059967041016
,988,,,,91.09367370605469
,989,,,,82.45198059082031
,990,,,,113.9934310913086
,991,,,,137.02418518066406
30,3874,,,103.95781707763672,
30,3874,101.58023071289062,,,
31,3899,,85.710205078125,,
31,3949,,83.55560302734375,,
31,3999,,90.54808044433594,,
,992,,,,112.7628173828125
,993,,,,117.43809509277344
,994,,,,105.7376480102539
,995,,,,128.80838012695312
,996,,,,73.141845703125
,997,,,,88.33486938476562
,998,,,,96.28018188476562
,999,,,,107.76383209228516
,1000,,,,101.6498794555664
,1001,,,,123.77831268310547
,1002,,,,93.17729187011719
,1003,,,,110.74910736083984
,1004,,,,83.56858825683594
,1005,,,,144.00567626953125
,1006,,,,86.58924865722656
,1007,,,,96.89241027832031
,1008,,,,106.83811950683594
,1009,,,,74.79932403564453
,1010,,,,110.06844329833984
,1011,,,,101.65702819824219
,1012,,,,122.34674072265625
,1013,,,,108.71015167236328
,1014,,,,81.4879379272461
,1015,,,,107.7891616821289
,1016,,,,120.1529312133789
,1017,,,,117.31428527832031
,1018,,,,110.59347534179688
,1019,,,,94.16490173339844
,1020,,,,91.1044921875
,1021,,,,82.4059829711914
,1022,,,,114.0073013305664
,1023,,,,137.00146484375
31,3999,,,103.94779968261719,
31,3999,101.56888580322266,,,
32,4049,,90.81782531738281,,
32,4099,,114.28425598144531,,
,1024,,,,112.81683349609375
,1025,,,,117.45011138916016
,1026,,,,105.74110412597656
,1027,,,,128.85903930664062
,1028,,,,73.15864562988281
,1029,,,,88.32688903808594
,1030,,,,96.27394104003906
,1031,,,,107.7507553100586
,1032,,,,101.65362548828125
,1033,,,,123.75489044189453
,1034,,,,93.19276428222656
,1035,,,,110.73789978027344
,1036,,,,83.55314636230469
,1037,,,,144.009765625
,1038,,,,86.61929321289062
,1039,,,,96.88592529296875
,1040,,,,106.85481262207031
,1041,,,,74.7881851196289
,1042,,,,110.0802993774414
,1043,,,,101.66118621826172
,1044,,,,122.3588638305664
,1045,,,,108.71080017089844
,1046,,,,81.50257873535156
,1047,,,,107.77092742919922
,1048,,,,120.16845703125
,1049,,,,117.30094909667969
,1050,,,,110.62382507324219
,1051,,,,94.16865539550781
,1052,,,,91.11896514892578
,1053,,,,82.42576599121094
,1054,,,,113.99201202392578
,1055,,,,137.0462646484375
32,4124,,,103.9543228149414,
32,4124,101.55647277832031,,,
33,4149,,61.60707092285156,,
33,4199,,102.04116821289062,,
33,4249,,87.90850067138672,,
,1056,,,,112.7703857421875
,1057,,,,117.45036315917969
,1058,,,,105.7579574584961
,1059,,,,128.82568359375
,1060,,,,73.15179443359375
,1061,,,,88.32246398925781
,1062,,,,96.28297424316406
,1063,,,,107.79149627685547
,1064,,,,101.63652038574219
,1065,,,,123.75888061523438
,1066,,,,93.17195129394531
,1067,,,,110.74258422851562
,1068,,,,83.57171630859375
,1069,,,,143.99984741210938
,1070,,,,86.6000747680664
,1071,,,,96.89000701904297
,1072,,,,106.8653564453125
,1073,,,,74.77415466308594
,1074,,,,110.08493041992188
,1075,,,,101.63990783691406
,1076,,,,122.34027099609375
,1077,,,,108.65814208984375
,1078,,,,81.48762512207031
,1079,,,,107.7867431640625
,1080,,,,120.17509460449219
,1081,,,,117.29461669921875
,1082,,,,110.59614562988281
,1083,,,,94.17940521240234
,1084,,,,91.10546112060547
,1085,,,,82.40814208984375
,1086,,,,113.98621368408203
,1087,,,,137.01193237304688
33,4249,,,103.94754028320312,
33,4249,101.55845642089844,,,
34,4299,,129.43951416015625,,
34,4349,,97.04693603515625,,
,1088,,,,112.78170776367188
,1089,,,,117.45098114013672
,1090,,,,105.73213195800781
,1091,,,,128.81858825683594
,1092,,,,73.15353393554688
,1093,,,,88.31062316894531
,1094,,,,96.2763671875
,1095,,,,107.77693176269531
,1096,,,,101.63018798828125
,1097,,,,123.7741928100586
,1098,,,,93.15800476074219
,1099,,,,110.71861267089844
,1100,,,,83.5512466430664
,1101,,,,144.0089111328125
,1102,,,,86.59025573730469
,1103,,,,96.8909912109375
,1104,,,,106.83450317382812
,1105,,,,74.76858520507812
,1106,,,,110.04537200927734
,1107,,,,101.63017272949219
,1108,,,,122.32402038574219
,1109,,,,108.66087341308594
,1110,,,,81.45509338378906
,1111,,,,107.74797058105469
,1112,,,,120.14593505859375
,1113,,,,117.27727508544922
,1114,,,,110.6079330444336
,1115,,,,94.13514709472656
,1116,,,,91.09620666503906
,1117,,,,82.39424896240234
,1118,,,,113.98877716064453
,1119,,,,137.0125732421875
34,4374,,,103.93563842773438,
34,4374,101.54914093017578,,,
35,4399,,105.79582977294922,,
35,4449,,89.68008422851562,,
35,4499,,102.85367584228516,,
,1120,,,,112.77366638183594
,1121,,,,117.4510726928711
,1122,,,,105.7318115234375
,1123,,,,128.82662963867188
,1124,,,,73.1529541015625
,1125,,,,88.30255126953125
,1126,,,,96.27879333496094
,1127,,,,107.78807830810547
,1128,,,,101.63818359375
,1129,,,,123.77239990234375
,1130,,,,93.18231201171875
,1131,,,,110.72866821289062
,1132,,,,83.57354736328125
,1133,,,,143.9902801513672
,1134,,,,86.58882141113281
,1135,,,,96.90575408935547
,1136,,,,106.83946228027344
,1137,,,,74.78125
,1138,,,,110.05718994140625
,1139,,,,101.61177062988281
,1140,,,,122.33851623535156
,1141,,,,108.67979431152344
,1142,,,,81.47242736816406
,1143,,,,107.78932189941406
,1144,,,,120.14213562011719
,1145,,,,117.28995513916016
,1146,,,,110.62147521972656
,1147,,,,94.17817687988281
,1148,,,,91.0854263305664
,1149,,,,82.39635467529297
,1150,,,,114.00303649902344
,1151,,,,137.014404296875
35,4499,,,103.94322204589844,
35,4499,101.54056549072266,,,
36,4549,,88.75967407226562,,
36,4599,,100.48860168457031,,
,1152,,,,112.75634765625
,1153,,,,117.43067932128906
,1154,,,,105.70600128173828
,1155,,,,128.81509399414062
,1156,,,,73.13774108886719
,1157,,,,88.28903198242188
,1158,,,,96.26315307617188
,1159,,,,107.74272155761719
,1160,,,,101.61511993408203
,1161,,,,123.74381256103516
,1162,,,,93.15396881103516
,1163,,,,110.7119369506836
,1164,,,,83.55780792236328
,1165,,,,143.9798583984375
,1166,,,,86.56651306152344
,1167,,,,96.89494323730469
,1168,,,,106.8075942993164
,1169,,,,74.76119995117188
,1170,,,,110.06268310546875
,1171,,,,101.62357330322266
,1172,,,,122.32913208007812
,1173,,,,108.68113708496094
,1174,,,,81.46449279785156
,1175,,,,107.7582778930664
,1176,,,,120.10894775390625
,1177,,,,117.2920150756836
,1178,,,,110.60714721679688
,1179,,,,94.15463256835938
,1180,,,,91.08474731445312
,1181,,,,82.39517211914062
,1182,,,,114.00202178955078
,1183,,,,137.00051879882812
36,4624,,,103.92793273925781,
36,4624,101.53541564941406,,,
37,4649,,89.53585815429688,,
37,4699,,147.6356201171875,,
37,4749,,119.10406494140625,,
,1184,,,,112.76541137695312
,1185,,,,117.43181610107422
,1186,,,,105.71255493164062
,1187,,,,128.8177032470703
,1188,,,,73.14281463623047
,1189,,,,88.30126190185547
,1190,,,,96.27194213867188
,1191,,,,107.75300598144531
,1192,,,,101.60980224609375
,1193,,,,123.7685775756836
,1194,,,,93.1519775390625
,1195,,,,110.72953796386719
,1196,,,,83.54959106445312
,1197,,,,143.99697875976562
,1198,,,,86.55668640136719
,1199,,,,96.89136505126953
,1200,,,,106.81783294677734
,1201,,,,74.74354553222656
,1202,,,,110.03419494628906
,1203,,,,101.59332275390625
,1204,,,,122.32950592041016
,1205,,,,108.66832733154297
,1206,,,,81.45833587646484
,1207,,,,107.76831817626953
,1208,,,,120.1298828125
,1209,,,,117.26130676269531
,1210,,,,110.57501220703125
,1211,,,,94.14169311523438
,1212,,,,91.0794906616211
,1213,,,,82.36929321289062
,1214,,,,113.9783935546875
,1215,,,,137.03463745117188
37,4749,,,103.92504119873047,
37,4749,101.52394104003906,,,
38,4799,,105.0294189453125,,
38,4849,,92.32987976074219,,
,1216,,,,112.7770004272461
,1217,,,,117.44062042236328
,1218,,,,105.70162200927734
,1219,,,,128.8115234375
,1220,,,,73.13479614257812
,1221,,,,88.28692626953125
,1222,,,,96.26043701171875
,1223,,,,107.73434448242188
,1224,,,,101.62250518798828
,1225,,,,123.76020812988281
,1226,,,,93.17172241210938
,1227,,,,110.71031951904297
,1228,,,,83.54632568359375
,1229,,,,143.98526000976562
,1230,,,,86.55612182617188
,1231,,,,96.90364074707031
,1232,,,,106.82862854003906
,1233,,,,74.74855041503906
,1234,,,,110.04545593261719
,1235,,,,101.59657287597656
,1236,,,,122.32501983642578
,1237,,,,108.65994262695312
,1238,,,,81.45571899414062
,1239,,,,107.7606201171875
,1240,,,,120.15159606933594
,1241,,,,117.2562484741211
,1242,,,,110.6196517944336
,1243,,,,94.11229705810547
,1244,,,,91.07574462890625
,1245,,,,82.37975311279297
,1246,,,,113.97103881835938
,1247,,,,137.026123046875
38,4874,,,103.9247055053711,
38,4874,101.51856231689453,,,
39,4899,,93.19194030761719,,
39,4949,,100.27835845947266,,
39,4999,,83.36727142333984,,
,1248,,,,112.7645492553711
,1249,,,,117.42276000976562
,1250,,,,105.70027160644531
,1251,,,,128.7867431640625
,1252,,,,73.12321472167969
,1253,,,,88.27339935302734
,1254,,,,96.26441955566406
,1255,,,,107.71941375732422
,1256,,,,101.59003448486328
,1257,,,,123.70980834960938
,1258,,,,93.1605224609375
,1259,,,,110.68988800048828
,1260,,,,83.5450439453125
,1261,,,,143.93240356445312
,1262,,,,86.54753112792969
,1263,,,,96.86550903320312
,1264,,,,106.76033020019531
,1265,,,,74.74533081054688
,1266,,,,110.00254821777344
,1267,,,,101.60772705078125
,1268,,,,122.31553649902344
,1269,,,,108.62759399414062
,1270,,,,81.4439697265625
,1271,,,,107.73738861083984
,1272,,,,120.1224365234375
,1273,,,,117.22181701660156
,1274,,,,110.57427978515625
,1275,,,,94.11474609375
,1276,,,,91.06375885009766
,1277,,,,82.36688232421875
,1278,,,,113.94686889648438
,1279,,,,136.98638916015625
39,4999,,,103.9037857055664,
39,4999,101.51773071289062,,,
40,5049,,101.92146301269531,,
40,5099,,83.36278533935547,,
,1280,,,,112.75462341308594
,1281,,,,117.42466735839844
,1282,,,,105.67889404296875
,1283,,,,128.7787628173828
,1284,,,,73.11295318603516
,1285,,,,88.27523040771484
,1286,,,,96.24311828613281
,1287,,,,107.72868347167969
,1288,,,,101.5964126586914
,1289,,,,123.72953033447266
,1290,,,,93.16230773925781
,1291,,,,110.7095947265625
,1292,,,,83.52880859375
,1293,,,,143.95941162109375
,1294,,,,86.55196380615234
,1295,,,,96.85305786132812
,1296,,,,106.7772445678711
,1297,,,,74.74737548828125
,1298,,,,110.03022766113281
,1299,,,,101.60517883300781
,1300,,,,122.30810546875
,1301,,,,108.63842010498047
,1302,,,,81.43729400634766
,1303,,,,107.74266052246094
,1304,,,,120.12356567382812
,1305,,,,117.23664855957031
,1306,,,,110.58523559570312
,1307,,,,94.12344360351562
,1308,,,,91.05274200439453
,1309,,,,82.35577392578125
,1310,,,,113.96015930175781
,1311,,,,136.98214721679688
40,5124,,,103.90585327148438,
40,5124,101.51347351074219,,,
41,5149,,89.88916015625,,
41,5199,,87.7759017944336,,
41,5249,,132.6218719482422,,
,1312,,,,112.77021789550781
,1313,,,,117.43333435058594
,1314,,,,105.69358825683594
,1315,,,,128.81509399414062
,1316,,,,73.12069702148438
,1317,,,,88.28497314453125
,1318,,,,96.24325561523438
,1319,,,,107.72422790527344
,1320,,,,101.58836364746094
,1321,,,,123.76331329345703
,1322,,,,93.14317321777344
,1323,,,,110.72322082519531
,1324,,,,83.54946899414062
,1325,,,,143.97015380859375
,1326,,,,86.5409164428711
,1327,,,,96.86276245117188
,1328,,,,106.8215103149414
,1329,,,,74.72181701660156
,1330,,,,110.06351470947266
,1331,,,,101.57191467285156
,1332,,,,122.32254791259766
,1333,,,,108.6610107421875
,1334,,,,81.44505310058594
,1335,,,,107.73905944824219
,1336,,,,120.12750244140625
,1337,,,,117.24286651611328
,1338,,,,110.57861328125
,1339,,,,94.13320922851562
,1340,,,,91.07081604003906
,1341,,,,82.34549713134766
,1342,,,,113.9682846069336
,1343,,,,137.051513671875
41,5249,,,103.9136962890625,
41,5249,101.5098648071289,,,
42,5299,,100.70285034179688,,
42,5349,,136.34332275390625,,
,1344,,,,112.74845886230469
,1345,,,,117.41944885253906
,1346,,,,105.68959045410156
,1347,,,,128.77264404296875
,1348,,,,73.12093353271484
,1349,,,,88.24980926513672
,1350,,,,96.2582778930664
,1351,,,,107.72940826416016
,1352,,,,101.59796905517578
,1353,,,,123.72483825683594
,1354,,,,93.14199829101562
,1355,,,,110.68977355957031
,1356,,,,83.5362548828125
,1357,,,,143.97796630859375
,1358,,,,86.54617309570312
,1359,,,,96.84884643554688
,1360,,,,106.7647476196289
,1361,,,,74.72166442871094
,1362,,,,110.01502990722656
,1363,,,,101.59892272949219
,1364,,,,122.29309844970703
,1365,,,,108.62332153320312
,1366,,,,81.43505859375
,1367,,,,107.72740936279297
,1368,,,,120.10426330566406
,1369,,,,117.22360229492188
,1370,,,,110.56509399414062
,1371,,,,94.11477661132812
,1372,,,,91.06536102294922
,1373,,,,82.35980987548828
,1374,,,,113.9432373046875
,1375,,,,137.00660705566406
42,5374,,,103.89950561523438,
42,5374,101.4994888305664,,,
43,5399,,101.96449279785156,,
43,5449,,85.96144104003906,,
43,5499,,116.48106384277344,,
,1376,,,,112.7384033203125
,1377,,,,117.42346954345703
,1378,,,,105.69019317626953
,1379,,,,128.79510498046875
,1380,,,,73.11119079589844
,1381,,,,88.22138977050781
,1382,,,,96.26612854003906
,1383,,,,107.73576354980469
,1384,,,,101.59748840332031
,1385,,,,123.72038269042969
,1386,,,,93.16438293457031
,1387,,,,110.68504333496094
,1388,,,,83.56523132324219
,1389,,,,143.9605712890625
,1390,,,,86.54417419433594
,1391,,,,96.857177734375
,1392,,,,106.76737976074219
,1393,,,,74.71478271484375
,1394,,,,110.0131607055664
,1395,,,,101.60242462158203
,1396,,,,122.29969787597656
,1397,,,,108.62059783935547
,1398,,,,81.43061828613281
,1399,,,,107.71684265136719
,1400,,,,120.10963439941406
,1401,,,,117.2142562866211
,1402,,,,110.56600952148438
,1403,,,,94.12045288085938
,1404,,,,91.04515075683594
,1405,,,,82.34463500976562
,1406,,,,113.93348693847656
,1407,,,,136.9786834716797
43,5499,,,103.89823913574219,
43,5499,101.4960708618164,,,
44,5549,,95.10987854003906,,
44,5599,,94.9422607421875,,
,1408,,,,112.75323486328125
,1409,,,,117.38824462890625
,1410,,,,105.67257690429688
,1411,,,,128.7799835205078
,1412,,,,73.10858154296875
,1413,,,,88.26312255859375
,1414,,,,96.24002838134766
,1415,,,,107.72371673583984
,1416,,,,101.58712768554688
,1417,,,,123.73611450195312
,1418,,,,93.12934875488281
,1419,,,,110.68797302246094
,1420,,,,83.53402709960938
,1421,,,,143.93344116210938
,1422,,,,86.54254150390625
,1423,,,,96.85610961914062
,1424,,,,106.76805877685547
,1425,,,,74.71849060058594
,1426,,,,110.02151489257812
,1427,,,,101.56793212890625
,1428,,,,122.29523468017578
,1429,,,,108.63660430908203
,1430,,,,81.41911315917969
,1431,,,,107.72557067871094
,1432,,,,120.12139129638672
,1433,,,,117.2125244140625
,1434,,,,110.56159973144531
,1435,,,,94.08926391601562
,1436,,,,91.04847717285156
,1437,,,,82.3375015258789
,1438,,,,113.92098999023438
,1439,,,,136.98501586914062
44,5624,,,103.89205932617188,
44,5624,101.48872375488281,,,
45,5649,,120.48055267333984,,
45,5699,,105.39443969726562,,
45,5749,,104.83882904052734,,
,1440,,,,112.74323272705078
,1441,,,,117.4290771484375
,1442,,,,105.67469787597656
,1443,,,,128.76397705078125
,1444,,,,73.1075210571289
,1445,,,,88.25474548339844
,1446,,,,96.22835540771484
,1447,,,,107.71401977539062
,1448,,,,101.61103057861328
,1449,,,,123.71235656738281
,1450,,,,93.14497375488281
,1451,,,,110.70323181152344
,1452,,,,83.53424072265625
,1453,,,,143.971435546875
,1454,,,,86.55193328857422
,1455,,,,96.85299682617188
,1456,,,,106.7623291015625
,1457,,,,74.73007202148438
,1458,,,,110.00151062011719
,1459,,,,101.55355834960938
,1460,,,,122.32017517089844
,1461,,,,108.63655853271484
,1462,,,,81.43944549560547
,1463,,,,107.73301696777344
,1464,,,,120.10842895507812
,1465,,,,117.20191955566406
,1466,,,,110.56363677978516
,1467,,,,94.15167236328125
,1468,,,,91.0413818359375
,1469,,,,82.33531951904297
,1470,,,,113.95655059814453
,1471,,,,136.99539184570312
45,5749,,,103.89701843261719,
45,5749,101.48912048339844,,,
46,5799,,103.1348648071289,,
46,5849,,87.79313659667969,,
,1472,,,,112.74374389648438
,1473,,,,117.40597534179688
,1474,,,,105.67660522460938
,1475,,,,128.7366943359375
,1476,,,,73.09129333496094
,1477,,,,88.24781799316406
,1478,,,,96.26338958740234
,1479,,,,107.72476196289062
,1480,,,,101.59412384033203
,1481,,,,123.7336654663086
,1482,,,,93.15704345703125
,1483,,,,110.69355773925781
,1484,,,,83.53096008300781
,1485,,,,143.93817138671875
,1486,,,,86.54087829589844
,1487,,,,96.8440170288086
,1488,,,,106.75800323486328
,1489,,,,74.75102996826172
,1490,,,,110.00176239013672
,1491,,,,101.5443115234375
,1492,,,,122.32015228271484
,1493,,,,108.64459228515625
,1494,,,,81.41797637939453
,1495,,,,107.72511291503906
,1496,,,,120.10911560058594
,1497,,,,117.21614837646484
,1498,,,,110.56632995605469
,1499,,,,94.12718200683594
,1500,,,,91.04466247558594
,1501,,,,82.34764099121094
,1502,,,,113.94380187988281
,1503,,,,136.96981811523438
46,5874,,,103.89385223388672,
46,5874,101.48090362548828,,,
47,5899,,111.54972839355469,,
47,5949,,116.08416748046875,,
47,5999,,107.31785583496094,,
,1504,,,,112.74165344238281
,1505,,,,117.40052795410156
,1506,,,,105.66299438476562
,1507,,,,128.73895263671875
,1508,,,,73.0936050415039
,1509,,,,88.23126220703125
,1510,,,,96.2371826171875
,1511,,,,107.70289611816406
,1512,,,,101.58959197998047
,1513,,,,123.72167205810547
,1514,,,,93.1250228881836
,1515,,,,110.67793273925781
,1516,,,,83.51544952392578
,1517,,,,143.98094177246094
,1518,,,,86.52625274658203
,1519,,,,96.8388900756836
,1520,,,,106.7525405883789
,1521,,,,74.72479248046875
,1522,,,,109.98470306396484
,1523,,,,101.53992462158203
,1524,,,,122.2913818359375
,1525,,,,108.61032104492188
,1526,,,,81.4136734008789
,1527,,,,107.71565246582031
,1528,,,,120.11628723144531
,1529,,,,117.20220947265625
,1530,,,,110.5660400390625
,1531,,,,94.09955596923828
,1532,,,,91.04080200195312
,1533,,,,82.33653259277344
,1534,,,,113.94519805908203
,1535,,,,136.9810028076172
47,5999,,,103.88382720947266,
47,5999,101.48171997070312,,,
48,6049,,118.7223892211914,,
48,6099,,99.96992492675781,,
,1536,,,,112.75566101074219
,1537,,,,117.41795349121094
,1538,,,,105.66136932373047
,1539,,,,128.7716064453125
,1540,,,,73.08273315429688
,1541,,,,88.23841857910156
,1542,,,,96.23534393310547
,1543,,,,107.71497344970703
,1544,,,,101.59490966796875
,1545,,,,123.73121643066406
,1546,,,,93.12841796875
,1547,,,,110.68013000488281
,1548,,,,83.522705078125
,1549,,,,143.98934936523438
,1550,,,,86.52923583984375
,1551,,,,96.85142517089844
,1552,,,,106.75749206542969
,1553,,,,74.7100830078125
,1554,,,,109.99104309082031
,1555,,,,101.5435562133789
,1556,,,,122.28959655761719
,1557,,,,108.63089752197266
,1558,,,,81.41134643554688
,1559,,,,107.7159423828125
,1560,,,,120.11470031738281
,1561,,,,117.21151733398438
,1562,,,,110.56793212890625
,1563,,,,94.0965576171875
,1564,,,,91.01873779296875
,1565,,,,82.32085418701172
,1566,,,,113.92665100097656
,1567,,,,136.9650421142578
48,6124,,,103.88652038574219,
48,6124,101.47374725341797,,,
49,6149,,88.96177673339844,,
49,6199,,85.2347412109375,,
49,6249,,109.39791870117188,,
,1568,,,,112.73367309570312
,1569,,,,117.39337921142578
,1570,,,,105.66435241699219
,1571,,,,128.73968505859375
,1572,,,,73.08935546875
,1573,,,,88.23503112792969
,1574,,,,96.20774841308594
,1575,,,,107.70814514160156
,1576,,,,101.56880187988281
,1577,,,,123.72158813476562
,1578,,,,93.13385772705078
,1579,,,,110.69059753417969
,1580,,,,83.5173110961914
,1581,,,,143.95523071289062
,1582,,,,86.52047729492188
,1583,,,,96.82986450195312
,1584,,,,106.7678451538086
,1585,,,,74.6975326538086
,1586,,,,109.99755096435547
,1587,,,,101.5263671875
,1588,,,,122.28336334228516
,1589,,,,108.59877014160156
,1590,,,,81.39848327636719
,1591,,,,107.7076416015625
,1592,,,,120.11686706542969
,1593,,,,117.18219757080078
,1594,,,,110.57513427734375
,1595,,,,94.1036376953125
,1596,,,,91.02916717529297
,1597,,,,82.32853698730469
,1598,,,,113.92357635498047
,1599,,,,137.00448608398438
49,6249,,,103.87830352783203,
49,6249,101.4727554321289,,,
50,6299,,113.74121856689453,,
50,6349,,124.86814880371094,,
,1600,,,,112.7354965209961
,1601,,,,117.39738464355469
,1602,,,,105.66017150878906
,1603,,,,128.71240234375
,1604,,,,73.0767822265625
,1605,,,,88.25525665283203
,1606,,,,96.23875427246094
,1607,,,,107.71493530273438
,1608,,,,101.58104705810547
,1609,,,,123.73065185546875
,1610,,,,93.12124633789062
,1611,,,,110.68144989013672
,1612,,,,83.50788879394531
,1613,,,,143.94012451171875
,1614,,,,86.52090454101562
,1615,,,,96.83546447753906
,1616,,,,106.75574493408203
,1617,,,,74.71388244628906
,1618,,,,109.95767974853516
,1619,,,,101.50312805175781
,1620,,,,122.33033752441406
,1621,,,,108.62619018554688
,1622,,,,81.42053985595703
,1623,,,,107.71604919433594
,1624,,,,120.10466003417969
,1625,,,,117.17949676513672
,1626,,,,110.5526351928711
,1627,,,,94.08710479736328
,1628,,,,91.03443908691406
,1629,,,,82.3145523071289
,1630,,,,113.92765045166016
,1631,,,,136.96197509765625
50,6374,,,103.8775863647461,
50,6374,101.4658203125,,,
51,6399,,142.09585571289062,,
51,6449,,85.94503784179688,,
51,6499,,85.2044677734375,,
,1632,,,,112.72938537597656
,1633,,,,117.38514709472656
,1634,,,,105.6597671508789
,1635,,,,128.72848510742188
,1636,,,,73.07353210449219
,1637,,,,88.22537994384766
,1638,,,,96.20906829833984
,1639,,,,107.70177459716797
,1640,,,,101.57215881347656
,1641,,,,123.69702911376953
,1642,,,,93.11256408691406
,1643,,,,110.68269348144531
,1644,,,,83.51461791992188
,1645,,,,143.93035888671875
,1646,,,,86.50468444824219
,1647,,,,96.81678009033203
,1648,,,,106.75410461425781
,1649,,,,74.69649505615234
,1650,,,,109.95906829833984
,1651,,,,101.5410385131836
,1652,,,,122.27509307861328
,1653,,,,108.60238647460938
,1654,,,,81.41739654541016
,1655,,,,107.70469665527344
,1656,,,,120.12152099609375
,1657,,,,117.17847442626953
,1658,,,,110.55290985107422
,1659,,,,94.06703186035156
,1660,,,,91.03543090820312
,1661,,,,82.31143188476562
,1662,,,,113.92044830322266
,1663,,,,136.96881103515625
51,6499,,,103.86954498291016,
51,6499,101.46300506591797,,,
52,6549,,89.30267333984375,,
52,6599,,107.14422607421875,,
,1664,,,,112.7352294921875
,1665,,,,117.39512634277344
,1666,,,,105.65055084228516
,1667,,,,128.74179077148438
,1668,,,,73.08992004394531
,1669,,,,88.23157501220703
,1670,,,,96.217529296875
,1671,,,,107.71039581298828
,1672,,,,101.57850646972656
,1673,,,,123.71204376220703
,1674,,,,93.12429809570312
,1675,,,,110.65980529785156
,1676,,,,83.51666259765625
,1677,,,,143.92001342773438
,1678,,,,86.52958679199219
,1679,,,,96.81946563720703
,1680,,,,106.74659729003906
,1681,,,,74.724365234375
,1682,,,,109.9585952758789
,1683,,,,101.53693389892578
,1684,,,,122.29133605957031
,1685,,,,108.61266326904297
,1686,,,,81.40928649902344
,1687,,,,107.70686340332031
,1688,,,,120.11131286621094
,1689,,,,117.17814636230469
,1690,,,,110.5283203125
,1691,,,,94.08296203613281
,1692,,,,91.018798828125
,1693,,,,82.32424926757812
,1694,,,,113.9238510131836
,1695,,,,136.95571899414062
52,6624,,,103.87281036376953,
52,6624,101.46148681640625,,,
53,6649,,82.6573715209961,,
53,6699,,70.74076843261719,,
53,6749,,95.75479125976562,,
,1696,,,,112.72334289550781
,1697,,,,117.3974380493164
,1698,,,,105.65316772460938
,1699,,,,128.73033142089844
,1700,,,,73.0653076171875
,1701,,,,88.229248046875
,1702,,,,96.21781921386719
,1703,,,,107.70660400390625
,1704,,,,101.58084106445312
,1705,,,,123.71336364746094
,1706,,,,93.12122344970703
,1707,,,,110.67204284667969
,1708,,,,83.52369689941406
,1709,,,,143.94012451171875
,1710,,,,86.51021575927734
,1711,,,,96.82192993164062
,1712,,,,106.73017883300781
,1713,,,,74.70259857177734
,1714,,,,109.93727111816406
,1715,,,,101.51799011230469
,1716,,,,122.30436706542969
,1717,,,,108.61949920654297
,1718,,,,81.38468933105469
,1719,,,,107.71613311767578
,1720,,,,120.10758972167969
,1721,,,,117.16356658935547
,1722,,,,110.52670288085938
,1723,,,,94.07418060302734
,1724,,,,91.01603698730469
,1725,,,,82.31200408935547
,1726,,,,113.90751647949219
,1727,,,,136.92535400390625
53,6749,,,103.86746978759766,
53,6749,101.45476531982422,,,
54,6799,,109.9346923828125,,
54,6849,,94.80477905273438,,
,1728,,,,112.72758483886719
,1729,,,,117.37605285644531
,1730,,,,105.6657485961914
,1731,,,,128.76364135742188
,1732,,,,73.07493591308594
,1733,,,,88.22962188720703
,1734,,,,96.22152709960938
,1735,,,,107.73634338378906
,1736,,,,101.57319641113281
,1737,,,,123.73174285888672
,1738,,,,93.11882019042969
,1739,,,,110.67019653320312
,1740,,,,83.51725006103516
,1741,,,,143.9404296875
,1742,,,,86.53016662597656
,1743,,,,96.81745910644531
,1744,,,,106.74717712402344
,1745,,,,74.70907592773438
,1746,,,,109.942138671875
,1747,,,,101.54305267333984
,1748,,,,122.29867553710938
,1749,,,,108.6201171875
,1750,,,,81.40760040283203
,1751,,,,107.70411682128906
,1752,,,,120.10714721679688
,1753,,,,117.17793273925781
,1754,,,,110.55892944335938
,1755,,,,94.09835815429688
,1756,,,,91.04222106933594
,1757,,,,82.32244873046875
,1758,,,,113.91874694824219
,1759,,,,136.95236206054688
54,6874,,,103.87617492675781,
54,6874,101.4582290649414,,,
55,6899,,119.89437866210938,,
55,6949,,76.62663269042969,,
55,6999,,96.1735610961914,,
,1760,,,,112.71247863769531
,1761,,,,117.37747955322266
,1762,,,,105.6496353149414
,1763,,,,128.72743225097656
,1764,,,,73.0560531616211
,1765,,,,88.20985412597656
,1766,,,,96.21560668945312
,1767,,,,107.6950912475586
,1768,,,,101.57707977294922
,1769,,,,123.70552062988281
,1770,,,,93.12042236328125
,1771,,,,110.66377258300781
,1772,,,,83.51689147949219
,1773,,,,143.92156982421875
,1774,,,,86.5191421508789
,1775,,,,96.81954956054688
,1776,,,,106.72364807128906
,1777,,,,74.7076416015625
,1778,,,,109.9091796875
,1779,,,,101.5174560546875
,1780,,,,122.28311157226562
,1781,,,,108.59083557128906
,1782,,,,81.38599395751953
,1783,,,,107.70153045654297
,1784,,,,120.09514617919922
,1785,,,,117.1462173461914
,1786,,,,110.52806854248047
,1787,,,,94.05895233154297
,1788,,,,91.02135467529297
,1789,,,,82.30308532714844
,1790,,,,113.90216827392578
,1791,,,,136.9099578857422
55,6999,,,103.85885620117188,
55,6999,101.45022583007812,,,
56,7049,,78.35148620605469,,
56,7099,,93.7902603149414,,
,1792,,,,112.73636627197266
,1793,,,,117.38868713378906
,1794,,,,105.63554382324219
,1795,,,,128.74990844726562
,1796,,,,73.05012512207031
,1797,,,,88.20695495605469
,1798,,,,96.21357727050781
,1799,,,,107.71028137207031
,1800,,,,101.58592987060547
,1801,,,,123.71751403808594
,1802,,,,93.1135025024414
,1803,,,,110.67301940917969
,1804,,,,83.49214935302734
,1805,,,,143.9508056640625
,1806,,,,86.51568603515625
,1807,,,,96.7978515625
,1808,,,,106.73420715332031
,1809,,,,74.68826293945312
,1810,,,,109.9263916015625
,1811,,,,101.52393341064453
,1812,,,,122.27081298828125
,1813,,,,108.61872100830078
,1814,,,,81.38249206542969
,1815,,,,107.67739868164062
,1816,,,,120.09622955322266
,1817,,,,117.16146850585938
,1818,,,,110.54340362548828
,1819,,,,94.04743957519531
,1820,,,,91.02154541015625
,1821,,,,82.31715393066406
,1822,,,,113.90406799316406
,1823,,,,136.94354248046875
56,7124,,,103.86198425292969,
56,7124,101.44415283203125,,,
57,7149,,83.0516357421875,,
57,7199,,96.23003387451172,,
57,7249,,107.9666519165039,,
,1824,,,,112.70028686523438
,1825,,,,117.37539672851562
,1826,,,,105.63076782226562
,1827,,,,128.71682739257812
,1828,,,,73.0528564453125
,1829,,,,88.20240020751953
,1830,,,,96.20499420166016
,1831,,,,107.69035339355469
,1832,,,,101.557373046875
,1833,,,,123.70376586914062
,1834,,,,93.12428283691406
,1835,,,,110.69790649414062
,1836,,,,83.50004577636719
,1837,,,,143.91513061523438
,1838,,,,86.49800109863281
,1839,,,,96.80807495117188
,1840,,,,106.76185607910156
,1841,,,,74.70535278320312
,1842,,,,109.95465087890625
,1843,,,,101.5071029663086
,1844,,,,122.29447937011719
,1845,,,,108.59967803955078
,1846,,,,81.412841796875
,1847,,,,107.68388366699219
,1848,,,,120.11998748779297
,1849,,,,117.17293548583984
,1850,,,,110.53826904296875
,1851,,,,94.07107543945312
,1852,,,,91.03130340576172
,1853,,,,82.31793975830078
,1854,,,,113.9084243774414
,1855,,,,136.93328857421875
57,7249,,,103.86211395263672,
57,7249,101.43894958496094,,,
58,7299,,117.99342346191406,,
58,7349,,97.88807678222656,,
,1856,,,,112.69657135009766
,1857,,,,117.36389923095703
,1858,,,,105.64613342285156
,1859,,,,128.70578002929688
,1860,,,,73.05259704589844
,1861,,,,88.21652221679688
,1862,,,,96.20964050292969
,1863,,,,107.69313049316406
,1864,,,,101.56621551513672
,1865,,,,123.68302917480469
,1866,,,,93.09505462646484
,1867,,,,110.65509796142578
,1868,,,,83.49465942382812
,1869,,,,143.93118286132812
,1870,,,,86.50480651855469
,1871,,,,96.78550720214844
,1872,,,,106.71958923339844
,1873,,,,74.68972778320312
,1874,,,,109.90705871582031
,1875,,,,101.50535583496094
,1876,,,,122.28337860107422
,1877,,,,108.57389831542969
,1878,,,,81.39503479003906
,1879,,,,107.69056701660156
,1880,,,,120.09224700927734
,1881,,,,117.14479064941406
,1882,,,,110.51476287841797
,1883,,,,94.07307434082031
,1884,,,,91.02287292480469
,1885,,,,82.29859924316406
,1886,,,,113.90231323242188
,1887,,,,136.89767456054688
58,7374,,,103.8508071899414,
58,7374,101.43511199951172,,,
59,7399,,116.40238952636719,,
59,7449,,85.88710021972656,,
59,7499,,86.33973693847656,,
,1888,,,,112.70034790039062
,1889,,,,117.36027526855469
,1890,,,,105.66613006591797
,1891,,,,128.68881225585938
,1892,,,,73.0484619140625
,1893,,,,88.21549987792969
,1894,,,,96.20849609375
,1895,,,,107.68730163574219
,1896,,,,101.539794921875
,1897,,,,123.66954040527344
,1898,,,,93.10509490966797
,1899,,,,110.6585922241211
,1900,,,,83.5015640258789
,1901,,,,143.90496826171875
,1902,,,,86.48895263671875
,1903,,,,96.80439758300781
,1904,,,,106.71810913085938
,1905,,,,74.70418548583984
,1906,,,,109.94263458251953
,1907,,,,101.50137329101562
,1908,,,,122.29669189453125
,1909,,,,108.56231689453125
,1910,,,,81.3971176147461
,1911,,,,107.6846923828125
,1912,,,,120.11354064941406
,1913,,,,117.15181732177734
,1914,,,,110.5260009765625
,1915,,,,94.0830078125
,1916,,,,91.01765441894531
,1917,,,,82.29838562011719
,1918,,,,113.90560150146484
,1919,,,,136.88516235351562
59,7499,,,103.8519287109375,
59,7499,101.44020080566406,,,
60,7549,,105.76500701904297,,
60,7599,,80.98905181884766,,
,1920,,,,112.69099426269531
,1921,,,,117.36190795898438
,1922,,,,105.62049865722656
,1923,,,,128.6983184814453
,1924,,,,73.05269622802734
,1925,,,,88.19752502441406
,1926,,,,96.18782043457031
,1927,,,,107.6966781616211
,1928,,,,101.548583984375
,1929,,,,123.68475341796875
,1930,,,,93.09261322021484
,1931,,,,110.65299224853516
,1932,,,,83.48109436035156
,1933,,,,143.9033966064453
,1934,,,,86.50341033935547
,1935,,,,96.78239440917969
,1936,,,,106.69447326660156
,1937,,,,74.68309020996094
,1938,,,,109.9207763671875
,1939,,,,101.49759674072266
,1940,,,,122.27372741699219
,1941,,,,108.5677719116211
,1942,,,,81.36585998535156
,1943,,,,107.66311645507812
,1944,,,,120.11079406738281
,1945,,,,117.15234375
,1946,,,,110.52862548828125
,1947,,,,94.063232421875
,1948,,,,90.9957275390625
,1949,,,,82.29893493652344
,1950,,,,113.88964080810547
,1951,,,,136.91159057617188
60,7624,,,103.84284973144531,
60,7624,101.43416595458984,,,
61,7649,,99.38459777832031,,
61,7699,,91.8154525756836,,
61,7749,,107.26197052001953,,
,1952,,,,112.69190216064453
,1953,,,,117.35823822021484
,1954,,,,105.63983154296875
,1955,,,,128.6973876953125
,1956,,,,73.04232788085938
,1957,,,,88.19422912597656
,1958,,,,96.18145751953125
,1959,,,,107.68897247314453
,1960,,,,101.54170227050781
,1961,,,,123.6956787109375
,1962,,,,93.0886001586914
,1963,,,,110.65359497070312
,1964,,,,83.4808120727539
,1965,,,,143.88555908203125
,1966,,,,86.49404907226562
,1967,,,,96.78091430664062
,1968,,,,106.7056884765625
,1969,,,,74.67425537109375
,1970,,,,109.92127227783203
,1971,,,,101.50717163085938
,1972,,,,122.27909851074219
,1973,,,,108.57667541503906
,1974,,,,81.37983703613281
,1975,,,,107.67027282714844
,1976,,,,120.09642028808594
,1977,,,,117.1473159790039
,1978,,,,110.54646301269531
,1979,,,,94.06839752197266
,1980,,,,91.00613403320312
,1981,,,,82.29423522949219
,1982,,,,113.88484954833984
,1983,,,,136.90695190429688
61,7749,,,103.84318542480469,
61,7749,101.42521667480469,,,
62,7799,,83.50238037109375,,
62,7849,,103.50680541992188,,
,1984,,,,112.68913269042969
,1985,,,,117.35494995117188
,1986,,,,105.62803649902344
,1987,,,,128.69854736328125
,1988,,,,73.03837585449219
,1989,,,,88.1996078491211
,1990,,,,96.19534301757812
,1991,,,,107.68671417236328
,1992,,,,101.54377746582031
,1993,,,,123.68683624267578
,1994,,,,93.09918212890625
,1995,,,,110.63832092285156
,1996,,,,83.49612426757812
,1997,,,,143.89462280273438
,1998,,,,86.48989868164062
,1999,,,,96.79826354980469
,2000,,,,106.69184875488281
,2001,,,,74.66999816894531
,2002,,,,109.89213562011719
,2003,,,,101.49331665039062
,2004,,,,122.28662109375
,2005,,,,108.57086181640625
,2006,,,,81.37490844726562
,2007,,,,107.67012786865234
,2008,,,,120.09013366699219
,2009,,,,117.14286804199219
,2010,,,,110.54023742675781
,2011,,,,94.06884002685547
,2012,,,,91.00547790527344
,2013,,,,82.2821044921875
,2014,,,,113.89350128173828
,2015,,,,136.87728881835938
62,7874,,,103.84095001220703,
62,7874,101.4245376586914,,,
63,7899,,108.3747787475586,,
63,7949,,108.67857360839844,,
63,7999,,109.49703979492188,,
,2016,,,,112.69340515136719
,2017,,,,117.349853515625
,2018,,,,105.62069702148438
,2019,,,,128.69732666015625
,2020,,,,73.03252410888672
,2021,,,,88.18177795410156
,2022,,,,96.18801879882812
,2023,,,,107.68408203125
,2024,,,,101.53759765625
,2025,,,,123.68402862548828
,2026,,,,93.09507751464844
,2027,,,,110.64016723632812
,2028,,,,83.48880004882812
,2029,,,,143.89053344726562
,2030,,,,86.47674560546875
,2031,,,,96.78974914550781
,2032,,,,106.7267837524414
,2033,,,,74.67098999023438
,2034,,,,109.89552307128906
,2035,,,,101.49285888671875
,2036,,,,122.27507781982422
,2037,,,,108.58267211914062
,2038,,,,81.37637329101562
,2039,,,,107.66887664794922
,2040,,,,120.09001159667969
,2041,,,,117.1348648071289
,2042,,,,110.53929138183594
,2043,,,,94.05960083007812
,2044,,,,91.01292419433594
,2045,,,,82.30036926269531
,2046,,,,113.87734985351562
,2047,,,,136.91761779785156
63,7999,,,103.8394775390625,
63,7999,101.42241668701172,,,
64,8049,,97.72535705566406,,
64,8099,,109.27073669433594,,
,2048,,,,112.69778442382812
,2049,,,,117.34220886230469
,2050,,,,105.63812255859375
,2051,,,,128.68687438964844
,2052,,,,73.02366638183594
,2053,,,,88.18316650390625
,2054,,,,96.20408630371094
,2055,,,,107.6878433227539
,2056,,,,101.54144287109375
,2057,,,,123.67859649658203
,2058,,,,93.0948486328125
,2059,,,,110.64715576171875
,2060,,,,83.48918914794922
,2061,,,,143.88902282714844
,2062,,,,86.47679138183594
,2063,,,,96.791259765625
,2064,,,,106.69526672363281
,2065,,,,74.68360137939453
,2066,,,,109.90147399902344
,2067,,,,101.48947143554688
,2068,,,,122.27991485595703
,2069,,,,108.54986572265625
,2070,,,,81.34890747070312
,2071,,,,107.66295623779297
,2072,,,,120.06903839111328
,2073,,,,117.12781524658203
,2074,,,,110.55025482177734
,2075,,,,94.06289672851562
,2076,,,,90.98530578613281
,2077,,,,82.27870178222656
,2078,,,,113.8678970336914
,2079,,,,136.86288452148438
64,8124,,,103.83493041992188,
64,8124,101.41757202148438,,,
65,8149,,98.36775207519531,,
65,8199,,75.68488311767578,,
65,8249,,124.33116912841797,,
,2080,,,,112.68111419677734
,2081,,,,117.33788299560547
,2082,,,,105.61958312988281
,2083,,,,128.65394592285156
,2084,,,,73.02119445800781
,2085,,,,88.19297790527344
,2086,,,,96.18121337890625
,2087,,,,107.6861801147461
,2088,,,,101.52859497070312
,2089,,,,123.67648315429688
,2090,,,,93.08106994628906
,2091,,,,110.64028930664062
,2092,,,,83.5019760131836
,2093,,,,143.87550354003906
,2094,,,,86.46351623535156
,2095,,,,96.7878189086914
,2096,,,,106.69499206542969
,2097,,,,74.67304992675781
,2098,,,,109.91038513183594
,2099,,,,101.48722839355469
,2100,,,,122.27792358398438
,2101,,,,108.55857849121094
,2102,,,,81.3839111328125
,2103,,,,107.66865539550781
,2104,,,,120.06928253173828
,2105,,,,117.12055969238281
,2106,,,,110.53931427001953
,2107,,,,94.06068420410156
,2108,,,,90.99284362792969
,2109,,,,82.27537536621094
,2110,,,,113.87629699707031
,2111,,,,136.82838439941406
65,8249,,,103.83123016357422,
65,8249,101.41551208496094,,,
66,8299,,126.39361572265625,,
66,8349,,96.78213500976562,,
,2112,,,,112.67803955078125
,2113,,,,117.34790802001953
,2114,,,,105.61776733398438
,2115,,,,128.69100952148438
,2116,,,,73.03556823730469
,2117,,,,88.17803955078125
,2118,,,,96.185302734375
,2119,,,,107.67776489257812
,2120,,,,101.52344512939453
,2121,,,,123.67527770996094
,2122,,,,93.10009765625
,2123,,,,110.64945220947266
,2124,,,,83.50045776367188
,2125,,,,143.8939666748047
,2126,,,,86.47358703613281
,2127,,,,96.78134155273438
,2128,,,,106.69386291503906
,2129,,,,74.67694091796875
,2130,,,,109.90023803710938
,2131,,,,101.50408935546875
,2132,,,,122.28419494628906
,2133,,,,108.57023620605469
,2134,,,,81.37055969238281
,2135,,,,107.65631866455078
,2136,,,,120.07968139648438
,2137,,,,117.12572479248047
,2138,,,,110.50140380859375
,2139,,,,94.08719635009766
,2140,,,,90.99046325683594
,2141,,,,82.27287292480469
,2142,,,,113.87091064453125
,2143,,,,136.89694213867188
66,8374,,,103.83417510986328,
66,8374,101.4097671508789,,,
67,8399,,103.5069580078125,,
67,8449,,109.12648010253906,,
67,8499,,100.35460662841797,,
,2144,,,,112.67340850830078
,2145,,,,117.34530639648438
,2146,,,,105.62481689453125
,2147,,,,128.6940460205078
,2148,,,,73.03285217285156
,2149,,,,88.17829132080078
,2150,,,,96.17369079589844
,2151,,,,107.66475677490234
,2152,,,,101.53445434570312
,2153,,,,123.66162872314453
,2154,,,,93.10142517089844
,2155,,,,110.66197204589844
,2156,,,,83.47582244873047
,2157,,,,143.90283203125
,2158,,,,86.46934509277344
,2159,,,,96.7786865234375
,2160,,,,106.715576171875
,2161,,,,74.66963195800781
,2162,,,,109.90523529052734
,2163,,,,101.4808349609375
,2164,,,,122.27799987792969
,2165,,,,108.55734252929688
,2166,,,,81.37774658203125
,2167,,,,107.65459442138672
,2168,,,,120.08139038085938
,2169,,,,117.14302825927734
,2170,,,,110.51620483398438
,2171,,,,94.04601287841797
,2172,,,,90.994384765625
,2173,,,,82.27700805664062
,2174,,,,113.86090087890625
,2175,,,,136.91693115234375
67,8499,,,103.83232879638672,
67,8499,101.41092681884766,,,
68,8549,,110.65668487548828,,
68,8599,,87.10787963867188,,
,2176,,,,112.67264556884766
,2177,,,,117.33529663085938
,2178,,,,105.61254119873047
,2179,,,,128.68362426757812
,2180,,,,73.02558898925781
,2181,,,,88.17474365234375
,2182,,,,96.18559265136719
,2183,,,,107.65646362304688
,2184,,,,101.52200317382812
,2185,,,,123.67721557617188
,2186,,,,93.10594940185547
,2187,,,,110.64909362792969
,2188,,,,83.47764587402344
,2189,,,,143.87310791015625
,2190,,,,86.47938537597656
,2191,,,,96.78038024902344
,2192,,,,106.69469451904297
,2193,,,,74.67881774902344
,2194,,,,109.89554595947266
,2195,,,,101.47743225097656
,2196,,,,122.26155853271484
,2197,,,,108.57484436035156
,2198,,,,81.36398315429688
,2199,,,,107.66317749023438
,2200,,,,120.09020233154297
,2201,,,,117.12966918945312
,2202,,,,110.51220703125
,2203,,,,94.06368255615234
,2204,,,,90.99440002441406
,2205,,,,82.26651763916016
,2206,,,,113.86829376220703
,2207,,,,136.8692169189453
68,8624,,,103.82923889160156,
68,8624,101.41012573242188,,,
69,8649,,93.73224639892578,,
69,8699,,95.61935424804688,,
69,8749,,108.81163024902344,,
,2208,,,,112.66015625
,2209,,,,117.34563446044922
,2210,,,,105.60248565673828
,2211,,,,128.68797302246094
,2212,,,,73.01805114746094
,2213,,,,88.16017150878906
,2214,,,,96.19059753417969
,2215,,,,107.64832305908203
,2216,,,,101.5234146118164
,2217,,,,123.66508483886719
,2218,,,,93.07722473144531
,2219,,,,110.61566162109375
,2220,,,,83.4727554321289
,2221,,,,143.88186645507812
,2222,,,,86.46440124511719
,2223,,,,96.76068115234375
,2224,,,,106.67570495605469
,2225,,,,74.65727233886719
,2226,,,,109.87408447265625
,2227,,,,101.47586822509766
,2228,,,,122.26559448242188
,2229,,,,108.56101989746094
,2230,,,,81.34181213378906
,2231,,,,107.64866638183594
,2232,,,,120.07278442382812
,2233,,,,117.09487915039062
,2234,,,,110.51957702636719
,2235,,,,94.0403060913086
,2236,,,,90.98460388183594
,2237,,,,82.26719665527344
,2238,,,,113.84994506835938
,2239,,,,136.8664093017578
69,8749,,,103.81824493408203,
69,8749,101.40479278564453,,,
70,8799,,108.00251007080078,,
70,8849,,101.03773498535156,,
,2240,,,,112.68330383300781
,2241,,,,117.33737182617188
,2242,,,,105.63340759277344
,2243,,,,128.67205810546875
,2244,,,,73.02384948730469
,2245,,,,88.18077087402344
,2246,,,,96.19865417480469
,2247,,,,107.6856460571289
,2248,,,,101.52700805664062
,2249,,,,123.638916015625
,2250,,,,93.09980773925781
,2251,,,,110.64901733398438
,2252,,,,83.49555969238281
,2253,,,,143.89813232421875
,2254,,,,86.47602844238281
,2255,,,,96.76571655273438
,2256,,,,106.71049499511719
,2257,,,,74.67533874511719
,2258,,,,109.89154052734375
,2259,,,,101.48020935058594
,2260,,,,122.28858947753906
,2261,,,,108.55343627929688
,2262,,,,81.38147735595703
,2263,,,,107.65594482421875
,2264,,,,120.06996154785156
,2265,,,,117.12320709228516
,2266,,,,110.51893615722656
,2267,,,,94.09461975097656
,2268,,,,91.00538635253906
,2269,,,,82.26000213623047
,2270,,,,113.86448669433594
,2271,,,,136.8592529296875
70,8874,,,103.83213806152344,
70,8874,101.40240478515625,,,
71,8899,,117.67500305175781,,
71,8949,,122.69924926757812,,
71,8999,,80.44541931152344,,
,2272,,,,112.68074035644531
,2273,,,,117.33097839355469
,2274,,,,105.6053466796875
,2275,,,,128.65478515625
,2276,,,,73.015869140625
,2277,,,,88.1569595336914
,2278,,,,96.18484497070312
,2279,,,,107.67007446289062
,2280,,,,101.51712036132812
,2281,,,,123.65388488769531
,2282,,,,93.0868148803711
,2283,,,,110.63127899169922
,2284,,,,83.4791488647461
,2285,,,,143.88357543945312
,2286,,,,86.45862579345703
,2287,,,,96.74820709228516
,2288,,,,106.6705551147461
,2289,,,,74.65986633300781
,2290,,,,109.85643768310547
,2291,,,,101.45647430419922
,2292,,,,122.25271606445312
,2293,,,,108.55511474609375
,2294,,,,81.3492431640625
,2295,,,,107.64344787597656
,2296,,,,120.06537628173828
,2297,,,,117.10045623779297
,2298,,,,110.51008605957031
,2299,,,,94.05145263671875
,2300,,,,90.99497985839844
,2301,,,,82.26802825927734
,2302,,,,113.8517837524414
,2303,,,,136.8423309326172
71,8999,,,103.81615447998047,
71,8999,101.3971939086914,,,
72,9049,,93.44065856933594,,
72,9099,,98.72408294677734,,
,2304,,,,112.66410064697266
,2305,,,,117.33008575439453
,2306,,,,105.59777069091797
,2307,,,,128.6902618408203
,2308,,,,73.01145935058594
,2309,,,,88.15583801269531
,2310,,,,96.16621398925781
,2311,,,,107.63223266601562
,2312,,,,101.51696014404297
,2313,,,,123.65779113769531
,2314,,,,93.07715606689453
,2315,,,,110.61233520507812
,2316,,,,83.47903442382812
,2317,,,,143.861083984375
,2318,,,,86.45433044433594
,2319,,,,96.7601089477539
,2320,,,,106.6674575805664
,2321,,,,74.66302490234375
,2322,,,,109.86149597167969
,2323,,,,101.48554992675781
,2324,,,,122.24674224853516
,2325,,,,108.52090454101562
,2326,,,,81.34415435791016
,2327,,,,107.6382827758789
,2328,,,,120.0727767944336
,2329,,,,117.10624694824219
,2330,,,,110.51918029785156
,2331,,,,94.01176452636719
,2332,,,,90.9705810546875
,2333,,,,82.27096557617188
,2334,,,,113.83757019042969
,2335,,,,136.87289428710938
72,9124,,,103.8112564086914,
72,9124,101.39871978759766,,,
73,9149,,92.3233871459961,,
73,9199,,110.564208984375,,
73,9249,,95.74993133544922,,
,2336,,,,112.68603515625
,2337,,,,117.35336303710938
,2338,,,,105.61695861816406
,2339,,,,128.6807861328125
,2340,,,,73.02613830566406
,2341,,,,88.1654052734375
,2342,,,,96.17608642578125
,2343,,,,107.65533447265625
,2344,,,,101.52980041503906
,2345,,,,123.66923522949219
,2346,,,,93.08866882324219
,2347,,,,110.64413452148438
,2348,,,,83.4824447631836
,2349,,,,143.889892578125
,2350,,,,86.45983123779297
,2351,,,,96.75694274902344
,2352,,,,106.71408081054688
,2353,,,,74.64753723144531
,2354,,,,109.87959289550781
,2355,,,,101.47248840332031
,2356,,,,122.2630386352539
,2357,,,,108.57481384277344
,2358,,,,81.359130859375
,2359,,,,107.64411163330078
,2360,,,,120.06495666503906
,2361,,,,117.11565399169922
,2362,,,,110.52728271484375
,2363,,,,94.05067443847656
,2364,,,,90.99482727050781
,2365,,,,82.27023315429688
,2366,,,,113.8731689453125
,2367,,,,136.9085693359375
73,9249,,,103.8259048461914,
73,9249,101.39488220214844,,,
74,9299,,99.94562530517578,,
74,9349,,128.35964965820312,,
,2368,,,,112.67317962646484
,2369,,,,117.3171615600586
,2370,,,,105.62127685546875
,2371,,,,128.65008544921875
,2372,,,,73.01158142089844
,2373,,,,88.15682983398438
,2374,,,,96.17918395996094
,2375,,,,107.6602783203125
,2376,,,,101.51817321777344
,2377,,,,123.63764953613281
,2378,,,,93.08527374267578
,2379,,,,110.6396484375
,2380,,,,83.47918701171875
,2381,,,,143.87274169921875
,2382,,,,86.45267486572266
,2383,,,,96.74404907226562
,2384,,,,106.67030334472656
,2385,,,,74.65980529785156
,2386,,,,109.85227966308594
,2387,,,,101.47084045410156
,2388,,,,122.2525634765625
,2389,,,,108.5252685546875
,2390,,,,81.34967803955078
,2391,,,,107.64828491210938
,2392,,,,120.07523345947266
,2393,,,,117.09732818603516
,2394,,,,110.52601623535156
,2395,,,,94.03704833984375
,2396,,,,90.97084045410156
,2397,,,,82.26441955566406
,2398,,,,113.84127044677734
,2399,,,,136.83184814453125
74,9374,,,103.81275939941406,
74,9374,101.3961181640625,,,
75,9399,,95.30065155029297,,
75,9449,,113.44255065917969,,
75,9499,,114.24996948242188,,
,2400,,,,112.68048858642578
,2401,,,,117.32846069335938
,2402,,,,105.59667205810547
,2403,,,,128.6444854736328
,2404,,,,73.01698303222656
,2405,,,,88.15010833740234
,2406,,,,96.18795013427734
,2407,,,,107.66824340820312
,2408,,,,101.52433776855469
,2409,,,,123.67884826660156
,2410,,,,93.11019897460938
,2411,,,,110.64710998535156
,2412,,,,83.48868560791016
,2413,,,,143.9010467529297
,2414,,,,86.46407318115234
,2415,,,,96.7437744140625
,2416,,,,106.675537109375
,2417,,,,74.6575927734375
,2418,,,,109.86231994628906
,2419,,,,101.450927734375
,2420,,,,122.26446533203125
,2421,,,,108.54509735107422
,2422,,,,81.3281021118164
,2423,,,,107.63202667236328
,2424,,,,120.04910278320312
,2425,,,,117.11378479003906
,2426,,,,110.51971435546875
,2427,,,,94.01058197021484
,2428,,,,90.97047424316406
,2429,,,,82.26910400390625
,2430,,,,113.8453369140625
,2431,,,,136.8619384765625
75,9499,,,103.81571197509766,
75,9499,101.39044189453125,,,
76,9549,,96.09640502929688,,
76,9599,,84.80874633789062,,
,2432,,,,112.66688537597656
,2433,,,,117.34012603759766
,2434,,,,105.62141418457031
,2435,,,,128.65908813476562
,2436,,,,73.02025604248047
,2437,,,,88.1686019897461
,2438,,,,96.20221710205078
,2439,,,,107.68309020996094
,2440,,,,101.524658203125
,2441,,,,123.67163848876953
,2442,,,,93.09324645996094
,2443,,,,110.63792419433594
,2444,,,,83.4892578125
,2445,,,,143.888427734375
,2446,,,,86.47156524658203
,2447,,,,96.76342010498047
,2448,,,,106.69793701171875
,2449,,,,74.670654296875
,2450,,,,109.89488220214844
,2451,,,,101.44354248046875
,2452,,,,122.26712799072266
,2453,,,,108.54478454589844
,2454,,,,81.35850524902344
,2455,,,,107.64380645751953
,2456,,,,120.05206298828125
,2457,,,,117.10546875
,2458,,,,110.51971435546875
,2459,,,,94.03028869628906
,2460,,,,90.985595703125
,2461,,,,82.2588119506836
,2462,,,,113.85485076904297
,2463,,,,136.84751892089844
76,9624,,,103.82212829589844,
76,9624,101.3893814086914,,,
77,9649,,85.27531433105469,,
77,9699,,83.70256042480469,,
77,9749,,82.93135833740234,,
,2464,,,,112.66194152832031
,2465,,,,117.33650970458984
,2466,,,,105.59664154052734
,2467,,,,128.65362548828125
,2468,,,,73.01040649414062
,2469,,,,88.1466064453125
,2470,,,,96.17736053466797
,2471,,,,107.65784454345703
,2472,,,,101.51258087158203
,2473,,,,123.63478088378906
,2474,,,,93.08123779296875
,2475,,,,110.61424255371094
,2476,,,,83.46546936035156
,2477,,,,143.87892150878906
,2478,,,,86.45845031738281
,2479,,,,96.73855590820312
,2480,,,,106.67051696777344
,2481,,,,74.6554183959961
,2482,,,,109.855712890625
,2483,,,,101.4563217163086
,2484,,,,122.24715423583984
,2485,,,,108.51081848144531
,2486,,,,81.35172271728516
,2487,,,,107.6343994140625
,2488,,,,120.04021453857422
,2489,,,,117.09171295166016
,2490,,,,110.5186996459961
,2491,,,,94.031982421875
,2492,,,,90.98173522949219
,2493,,,,82.25358581542969
,2494,,,,113.83208465576172
,2495,,,,136.84375
77,9749,,,103.80699157714844,
77,9749,101.38526916503906,,,
78,9799,,85.649169921875,,
78,9849,,107.77557373046875,,
,2496,,,,112.65437316894531
,2497,,,,117.31304931640625
,2498,,,,105.58988952636719
,2499,,,,128.64385986328125
,2500,,,,73.00679016113281
,2501,,,,88.13442993164062
,2502,,,,96.17073059082031
,2503,,,,107.64735412597656
,2504,,,,101.50624084472656
,2505,,,,123.62654113769531
,2506,,,,93.07264709472656
,2507,,,,110.62480163574219
,2508,,,,83.46351623535156
,2509,,,,143.85501098632812
,2510,,,,86.44425201416016
,2511,,,,96.72386932373047
,2512,,,,106.66694641113281
,2513,,,,74.65042114257812
,2514,,,,109.83514404296875
,2515,,,,101.45166015625
,2516,,,,122.2449951171875
,2517,,,,108.53243255615234
,2518,,,,81.34156799316406
,2519,,,,107.62954711914062
,2520,,,,120.03628540039062
,2521,,,,117.08743286132812
,2522,,,,110.50369262695312
,2523,,,,94.01751708984375
,2524,,,,90.9775619506836
,2525,,,,82.25535583496094
,2526,,,,113.83065795898438
,2527,,,,136.84429931640625
78,9874,,,103.79998779296875,
78,9874,101.38553619384766,,,
79,9899,,79.23063659667969,,
79,9949,,94.23799133300781,,
79,9999,,98.84397888183594,,
,2528,,,,112.648681640625
,2529,,,,117.31275939941406
,2530,,,,105.59619140625
,2531,,,,128.64259338378906
,2532,,,,73.01403045654297
,2533,,,,88.14350128173828
,2534,,,,96.16502380371094
,2535,,,,107.6480941772461
,2536,,,,101.49948120117188
,2537,,,,123.63545989990234
,2538,,,,93.06826782226562
,2539,,,,110.62609100341797
,2540,,,,83.46772766113281
,2541,,,,143.8481903076172
,2542,,,,86.4486083984375
,2543,,,,96.7429428100586
,2544,,,,106.67510986328125
,2545,,,,74.6375732421875
,2546,,,,109.8419418334961
,2547,,,,101.46076965332031
,2548,,,,122.24311828613281
,2549,,,,108.5118408203125
,2550,,,,81.34759521484375
,2551,,,,107.63225555419922
,2552,,,,120.03424835205078
,2553,,,,117.0887680053711
,2554,,,,110.51063537597656
,2555,,,,94.02664184570312
,2556,,,,90.96903991699219
,2557,,,,82.25529479980469
,2558,,,,113.83109283447266
,2559,,,,136.862060546875
79,9999,,,103.80125427246094,
79,9999,101.38185119628906,,,
80,10049,,98.45582580566406,,
80,10099,,110.08447265625,,
,2560,,,,112.67351531982422
,2561,,,,117.32283782958984
,2562,,,,105.60008239746094
,2563,,,,128.64093017578125
,2564,,,,73.00580596923828
,2565,,,,88.15081024169922
,2566,,,,96.18792724609375
,2567,,,,107.65167999267578
,2568,,,,101.51800537109375
,2569,,,,123.6617431640625
,2570,,,,93.08937072753906
,2571,,,,110.6300048828125
,2572,,,,83.48538208007812
,2573,,,,143.876708984375
,2574,,,,86.44631958007812
,2575,,,,96.73731994628906
,2576,,,,106.67665100097656
,2577,,,,74.64830017089844
,2578,,,,109.8272476196289
,2579,,,,101.45094299316406
,2580,,,,122.25899505615234
,2581,,,,108.53641510009766
,2582,,,,81.33990478515625
,2583,,,,107.63134002685547
,2584,,,,120.04231262207031
,2585,,,,117.08868408203125
,2586,,,,110.52869415283203
,2587,,,,94.03414916992188
,2588,,,,90.9778060913086
,2589,,,,82.25218200683594
,2590,,,,113.83551025390625
,2591,,,,136.83595275878906
80,10124,,,103.80852508544922,
80,10124,101.38018035888672,,,
81,10149,,125.5675048828125,,
81,10199,,82.53504943847656,,
81,10249,,99.45299530029297,,
,2592,,,,112.65643310546875
,2593,,,,117.32691955566406
,2594,,,,105.61454010009766
,2595,,,,128.63137817382812
,2596,,,,73.00672149658203
,2597,,,,88.16248321533203
,2598,,,,96.16678619384766
,2599,,,,107.66304016113281
,2600,,,,101.50463104248047
,2601,,,,123.653564453125
,2602,,,,93.07152557373047
,2603,,,,110.64080810546875
,2604,,,,83.46353912353516
,2605,,,,143.86807250976562
,2606,,,,86.45352172851562
,2607,,,,96.73487091064453
,2608,,,,106.66465759277344
,2609,,,,74.64335632324219
,2610,,,,109.83023071289062
,2611,,,,101.44926452636719
,2612,,,,122.2535400390625
,2613,,,,108.54052734375
,2614,,,,81.36067199707031
,2615,,,,107.63424682617188
,2616,,,,120.03710174560547
,2617,,,,117.08645629882812
,2618,,,,110.51960754394531
,2619,,,,94.04939270019531
,2620,,,,90.96489715576172
,2621,,,,82.24958801269531
,2622,,,,113.84314727783203
,2623,,,,136.83340454101562
81,10249,,,103.8065185546875,
81,10249,101.37784576416016,,,
82,10299,,111.91337585449219,,
82,10349,,79.91236114501953,,
,2624,,,,112.64693450927734
,2625,,,,117.32279205322266
,2626,,,,105.60408020019531
,2627,,,,128.61849975585938
,2628,,,,73.00277709960938
,2629,,,,88.1476821899414
,2630,,,,96.18368530273438
,2631,,,,107.6488037109375
,2632,,,,101.51123809814453
,2633,,,,123.66183471679688
,2634,,,,93.08538055419922
,2635,,,,110.63347625732422
,2636,,,,83.47421264648438
,2637,,,,143.86793518066406
,2638,,,,86.45162963867188
,2639,,,,96.740234375
,2640,,,,106.66421508789062
,2641,,,,74.64222717285156
,2642,,,,109.8412857055664
,2643,,,,101.43663024902344
,2644,,,,122.25881958007812
,2645,,,,108.52228546142578
,2646,,,,81.33050537109375
,2647,,,,107.62406921386719
,2648,,,,120.03327178955078
,2649,,,,117.076416015625
,2650,,,,110.51321411132812
,2651,,,,94.01310729980469
,2652,,,,90.96829223632812
,2653,,,,82.25151062011719
,2654,,,,113.82830047607422
,2655,,,,136.84739685058594
82,10374,,,103.8021469116211,
82,10374,101.37867736816406,,,
83,10399,,109.42559814453125,,
83,10449,,105.16252136230469,,
83,10499,,93.09001922607422,,
,2656,,,,112.6527099609375
,2657,,,,117.30935668945312
,2658,,,,105.5858383178711
,2659,,,,128.6203155517578
,2660,,,,73.00079345703125
,2661,,,,88.13297271728516
,2662,,,,96.17213439941406
,2663,,,,107.65143585205078
,2664,,,,101.50786590576172
,2665,,,,123.64114379882812
,2666,,,,93.07958984375
,2667,,,,110.6187744140625
,2668,,,,83.47529602050781
,2669,,,,143.8643798828125
,2670,,,,86.45130920410156
,2671,,,,96.72826385498047
,2672,,,,106.65995788574219
,2673,,,,74.6566162109375
,2674,,,,109.82966613769531
,2675,,,,101.43292236328125
,2676,,,,122.24219512939453
,2677,,,,108.51510620117188
,2678,,,,81.33036804199219
,2679,,,,107.63335418701172
,2680,,,,120.01132202148438
,2681,,,,117.0785140991211
,2682,,,,110.51448059082031
,2683,,,,94.00914764404297
,2684,,,,90.95836639404297
,2685,,,,82.24678802490234
,2686,,,,113.83663940429688
,2687,,,,136.83819580078125
83,10499,,,103.79701232910156,
83,10499,101.37359619140625,,,
84,10549,,89.24169921875,,
84,10599,,92.85072326660156,,
,2688,,,,112.64871215820312
,2689,,,,117.30623626708984
,2690,,,,105.6004638671875
,2691,,,,128.63543701171875
,2692,,,,73.00511932373047
,2693,,,,88.15213012695312
,2694,,,,96.17359924316406
,2695,,,,107.64270782470703
,2696,,,,101.49597930908203
,2697,,,,123.66181945800781
,2698,,,,93.07896423339844
,2699,,,,110.63324737548828
,2700,,,,83.46809387207031
,2701,,,,143.8570098876953
,2702,,,,86.44546508789062
,2703,,,,96.73910522460938
,2704,,,,106.65678405761719
,2705,,,,74.64910125732422
,2706,,,,109.84526824951172
,2707,,,,101.44944763183594
,2708,,,,122.24541473388672
,2709,,,,108.52999114990234
,2710,,,,81.33146667480469
,2711,,,,107.63175201416016
,2712,,,,120.03486633300781
,2713,,,,117.07609558105469
,2714,,,,110.52153015136719
,2715,,,,94.02342224121094
,2716,,,,90.97604370117188
,2717,,,,82.24093627929688
,2718,,,,113.83159637451172
,2719,,,,136.83689880371094
84,10624,,,103.801513671875,
84,10624,101.37226867675781,,,
85,10649,,117.99903869628906,,
85,10699,,97.85865783691406,,
85,10749,,84.04469299316406,,
,2720,,,,112.64571380615234
,2721,,,,117.31107330322266
,2722,,,,105.58631134033203
,2723,,,,128.63221740722656
,2724,,,,72.99526977539062
,2725,,,,88.15917205810547
,2726,,,,96.16909790039062
,2727,,,,107.64665222167969
,2728,,,,101.51222229003906
,2729,,,,123.64811706542969
,2730,,,,93.06340026855469
,2731,,,,110.62586212158203
,2732,,,,83.46878051757812
,2733,,,,143.85812377929688
,2734,,,,86.44129943847656
,2735,,,,96.74285888671875
,2736,,,,106.65324401855469
,2737,,,,74.65602111816406
,2738,,,,109.82400512695312
,2739,,,,101.42772674560547
,2740,,,,122.25125122070312
,2741,,,,108.5206527709961
,2742,,,,81.33015441894531
,2743,,,,107.62240600585938
,2744,,,,120.04441833496094
,2745,,,,117.08172607421875
,2746,,,,110.52469635009766
,2747,,,,94.01834869384766
,2748,,,,90.97521209716797
,2749,,,,82.24609375
,2750,,,,113.8559799194336
,2751,,,,136.8062744140625
85,10749,,,103.7996597290039,
85,10749,101.3711166381836,,,
86,10799,,104.57714080810547,,
86,10849,,84.77454376220703,,
,2752,,,,112.64411926269531
,2753,,,,117.31083679199219
,2754,,,,105.58795928955078
,2755,,,,128.62939453125
,2756,,,,72.99146270751953
,2757,,,,88.12918090820312
,2758,,,,96.16384887695312
,2759,,,,107.61771392822266
,2760,,,,101.49349212646484
,2761,,,,123.63430786132812
,2762,,,,93.05635070800781
,2763,,,,110.60538482666016
,2764,,,,83.44934844970703
,2765,,,,143.843994140625
,2766,,,,86.43101501464844
,2767,,,,96.73019409179688
,2768,,,,106.64700317382812
,2769,,,,74.64572143554688
,2770,,,,109.82853698730469
,2771,,,,101.4271240234375
,2772,,,,122.2435302734375
,2773,,,,108.51406860351562
,2774,,,,81.32861328125
,2775,,,,107.6204605102539
,2776,,,,120.02407836914062
,2777,,,,117.07415008544922
,2778,,,,110.50332641601562
,2779,,,,94.01500701904297
,2780,,,,90.96746826171875
,2781,,,,82.24797058105469
,2782,,,,113.81997680664062
,2783,,,,136.81871032714844
86,10874,,,103.7897720336914,
86,10874,101.36397552490234,,,
87,10899,,126.2554931640625,,
87,10949,,95.79537963867188,,
87,10999,,95.79815673828125,,
,2784,,,,112.66966247558594
,2785,,,,117.30918884277344
,2786,,,,105.59172058105469
,2787,,,,128.6317596435547
,2788,,,,72.9886703491211
,2789,,,,88.12701416015625
,2790,,,,96.17198181152344
,2791,,,,107.6258773803711
,2792,,,,101.49240112304688
,2793,,,,123.63571166992188
,2794,,,,93.06156921386719
,2795,,,,110.59974670410156
,2796,,,,83.44645690917969
,2797,,,,143.84405517578125
,2798,,,,86.44440460205078
,2799,,,,96.7224349975586
,2800,,,,106.64170837402344
,2801,,,,74.63577270507812
,2802,,,,109.8182144165039
,2803,,,,101.44357299804688
,2804,,,,122.2421646118164
,2805,,,,108.5050048828125
,2806,,,,81.321533203125
,2807,,,,107.60420227050781
,2808,,,,120.02146911621094
,2809,,,,117.07569122314453
,2810,,,,110.50961303710938
,2811,,,,93.9950942993164
,2812,,,,90.9521255493164
,2813,,,,82.24545288085938
,2814,,,,113.81755828857422
,2815,,,,136.81698608398438
87,10999,,,103.7886734008789,
87,10999,101.36486053466797,,,
88,11049,,100.81950378417969,,
88,11099,,103.05001831054688,,
,2816,,,,112.65921020507812
,2817,,,,117.30894470214844
,2818,,,,105.60062408447266
,2819,,,,128.64645385742188
,2820,,,,72.99098205566406
,2821,,,,88.13658142089844
,2822,,,,96.17929077148438
,2823,,,,107.64717864990234
,2824,,,,101.50292205810547
,2825,,,,123.63538360595703
,2826,,,,93.06315612792969
,2827,,,,110.61338806152344
,2828,,,,83.45613861083984
,2829,,,,143.86595153808594
,2830,,,,86.43363189697266
,2831,,,,96.72541809082031
,2832,,,,106.63948822021484
,2833,,,,74.64116668701172
,2834,,,,109.83206176757812
,2835,,,,101.4358139038086
,2836,,,,122.25572204589844
,2837,,,,108.52320861816406
,2838,,,,81.33707427978516
,2839,,,,107.62214660644531
,2840,,,,120.0235595703125
,2841,,,,117.08543395996094
,2842,,,,110.51739501953125
,2843,,,,93.99319458007812
,2844,,,,90.97479248046875
,2845,,,,82.23681640625
,2846,,,,113.8333740234375
,2847,,,,136.8168487548828
88,11124,,,103.79586029052734,
88,11124,101.36044311523438,,,
89,11149,,145.5277099609375,,
89,11199,,157.20718383789062,,
89,11249,,91.48768615722656,,
,2848,,,,112.64640808105469
,2849,,,,117.31292724609375
,2850,,,,105.60248565673828
,2851,,,,128.6228485107422
,2852,,,,72.99082946777344
,2853,,,,88.12515258789062
,2854,,,,96.16261291503906
,2855,,,,107.6370620727539
,2856,,,,101.4961929321289
,2857,,,,123.64799499511719
,2858,,,,93.06143188476562
,2859,,,,110.61927795410156
,2860,,,,83.46084594726562
,2861,,,,143.85940551757812
,2862,,,,86.42547607421875
,2863,,,,96.718017578125
,2864,,,,106.65632629394531
,2865,,,,74.6439208984375
,2866,,,,109.82929229736328
,2867,,,,101.42686462402344
,2868,,,,122.25746154785156
,2869,,,,108.49734497070312
,2870,,,,81.33174133300781
,2871,,,,107.61860656738281
,2872,,,,120.02093505859375
,2873,,,,117.08135986328125
,2874,,,,110.52356719970703
,2875,,,,93.99274444580078
,2876,,,,90.96134948730469
,2877,,,,82.2418441772461
,2878,,,,113.81588745117188
,2879,,,,136.8319854736328
89,11249,,,103.7918930053711,
89,11249,101.36744689941406,,,
90,11299,,90.69558715820312,,
90,11349,,124.88678741455078,,
,2880,,,,112.64537811279297
,2881,,,,117.29975891113281
,2882,,,,105.59093475341797
,2883,,,,128.6209259033203
,2884,,,,72.98310852050781
,2885,,,,88.12165069580078
,2886,,,,96.1593017578125
,2887,,,,107.62259674072266
,2888,,,,101.49053955078125
,2889,,,,123.62925720214844
,2890,,,,93.05741882324219
,2891,,,,110.6116714477539
,2892,,,,83.45217895507812
,2893,,,,143.84686279296875
,2894,,,,86.42030334472656
,2895,,,,96.71330261230469
,2896,,,,106.65692901611328
,2897,,,,74.64131164550781
,2898,,,,109.81623840332031
,2899,,,,101.42701721191406
,2900,,,,122.2493896484375
,2901,,,,108.51522827148438
,2902,,,,81.3265151977539
,2903,,,,107.61117553710938
,2904,,,,120.03924560546875
,2905,,,,117.0666732788086
,2906,,,,110.51219940185547
,2907,,,,93.99696350097656
,2908,,,,90.96757507324219
,2909,,,,82.23094177246094
,2910,,,,113.83647155761719
,2911,,,,136.81304931640625
90,11374,,,103.78759002685547,
90,11374,101.36285400390625,,,
91,11399,,90.68106079101562,,
91,11449,,82.59598541259766,,
91,11499,,69.32086181640625,,
,2912,,,,112.64549255371094
,2913,,,,117.28809356689453
,2914,,,,105.59942626953125
,2915,,,,128.62600708007812
,2916,,,,72.982666015625
,2917,,,,88.13395690917969
,2918,,,,96.16799926757812
,2919,,,,107.6316146850586
,2920,,,,101.48969268798828
,2921,,,,123.64286804199219
,2922,,,,93.05500793457031
,2923,,,,110.60588073730469
,2924,,,,83.44470977783203
,2925,,,,143.85609436035156
,2926,,,,86.41726684570312
,2927,,,,96.72172546386719
,2928,,,,106.65724182128906
,2929,,,,74.63826751708984
,2930,,,,109.79704284667969
,2931,,,,101.41664123535156
,2932,,,,122.24524688720703
,2933,,,,108.51405334472656
,2934,,,,81.3131103515625
,2935,,,,107.62155151367188
,2936,,,,120.05075073242188
,2937,,,,117.08259582519531
,2938,,,,110.52430725097656
,2939,,,,93.99755859375
,2940,,,,90.96704864501953
,2941,,,,82.23690795898438
,2942,,,,113.83499145507812
,2943,,,,136.82119750976562
91,11499,,,103.78915405273438,
91,11499,101.3603515625,,,
92,11549,,90.94480895996094,,
92,11599,,103.73573303222656,,
,2944,,,,112.63160705566406
,2945,,,,117.29096984863281
,2946,,,,105.58250427246094
,2947,,,,128.6077880859375
,2948,,,,72.9876708984375
,2949,,,,88.13165283203125
,2950,,,,96.15616607666016
,2951,,,,107.61717224121094
,2952,,,,101.50347137451172
,2953,,,,123.63691711425781
,2954,,,,93.05463409423828
,2955,,,,110.6075668334961
,2956,,,,83.44718170166016
,2957,,,,143.827880859375
,2958,,,,86.41561889648438
,2959,,,,96.72361755371094
,2960,,,,106.65625
,2961,,,,74.63459777832031
,2962,,,,109.81674194335938
,2963,,,,101.4168472290039
,2964,,,,122.24324798583984
,2965,,,,108.51432037353516
,2966,,,,81.31880950927734
,2967,,,,107.6015396118164
,2968,,,,120.03984069824219
,2969,,,,117.07521057128906
,2970,,,,110.5290298461914
,2971,,,,93.9903793334961
,2972,,,,90.9639663696289
,2973,,,,82.23176574707031
,2974,,,,113.82316589355469
,2975,,,,136.82058715820312
92,11624,,,103.78507232666016,
92,11624,101.36134338378906,,,
93,11649,,91.85919189453125,,
93,11699,,112.61283874511719,,
93,11749,,83.6160888671875,,
,2976,,,,112.64900207519531
,2977,,,,117.30448913574219
,2978,,,,105.5992660522461
,2979,,,,128.60227966308594
,2980,,,,72.9897232055664
,2981,,,,88.13871002197266
,2982,,,,96.17076110839844
,2983,,,,107.63190460205078
,2984,,,,101.49676513671875
,2985,,,,123.62226104736328
,2986,,,,93.06410217285156
,2987,,,,110.61260986328125
,2988,,,,83.45576477050781
,2989,,,,143.85520935058594
,2990,,,,86.41967010498047
,2991,,,,96.72434997558594
,2992,,,,106.6488037109375
,2993,,,,74.65049743652344
,2994,,,,109.81466674804688
,2995,,,,101.42530822753906
,2996,,,,122.24806213378906
,2997,,,,108.50799560546875
,2998,,,,81.33258056640625
,2999,,,,107.60821533203125
,3000,,,,120.02055358886719
,3001,,,,117.07837677001953
,3002,,,,110.50994873046875
,3003,,,,94.01649475097656
,3004,,,,90.95758056640625
,3005,,,,82.23860168457031
,3006,,,,113.82705688476562
,3007,,,,136.804931640625
93,11749,,,103.7895278930664,
93,11749,101.35240936279297,,,
94,11799,,94.32490539550781,,
94,11849,,83.77894592285156,,
,3008,,,,112.63787841796875
,3009,,,,117.2845230102539
,3010,,,,105.59120178222656
,3011,,,,128.59072875976562
,3012,,,,72.98017883300781
,3013,,,,88.1333999633789
,3014,,,,96.15414428710938
,3015,,,,107.63021850585938
,3016,,,,101.49308013916016
,3017,,,,123.63338470458984
,3018,,,,93.04560089111328
,3019,,,,110.59330749511719
,3020,,,,83.44762420654297
,3021,,,,143.83392333984375
,3022,,,,86.40280151367188
,3023,,,,96.70625305175781
,3024,,,,106.62718200683594
,3025,,,,74.62461853027344
,3026,,,,109.78799438476562
,3027,,,,101.41252136230469
,3028,,,,122.22715759277344
,3029,,,,108.4886245727539
,3030,,,,81.31450653076172
,3031,,,,107.60667419433594
,3032,,,,120.02149200439453
,3033,,,,117.05705261230469
,3034,,,,110.51519775390625
,3035,,,,93.99495697021484
,3036,,,,90.94325256347656
,3037,,,,82.21549987792969
,3038,,,,113.80963897705078
,3039,,,,136.79541015625
94,11874,,,103.77610778808594,
94,11874,101.35263061523438,,,
95,11899,,88.50787353515625,,
95,11949,,112.08099365234375,,
95,11999,,85.93973541259766,,
,3040,,,,112.63475036621094
,3041,,,,117.3016586303711
,3042,,,,105.58761596679688
,3043,,,,128.59707641601562
,3044,,,,72.98255920410156
,3045,,,,88.13058471679688
,3046,,,,96.15581512451172
,3047,,,,107.6294937133789
,3048,,,,101.50191497802734
,3049,,,,123.6167221069336
,3050,,,,93.05093383789062
,3051,,,,110.60855865478516
,3052,,,,83.4456787109375
,3053,,,,143.83433532714844
,3054,,,,86.41307830810547
,3055,,,,96.71623229980469
,3056,,,,106.64469909667969
,3057,,,,74.62454223632812
,3058,,,,109.80458068847656
,3059,,,,101.42088317871094
,3060,,,,122.24079132080078
,3061,,,,108.50198364257812
,3062,,,,81.32341766357422
,3063,,,,107.6026840209961
,3064,,,,120.01300811767578
,3065,,,,117.07235717773438
,3066,,,,110.53346252441406
,3067,,,,94.00482940673828
,3068,,,,90.94419860839844
,3069,,,,82.23094940185547
,3070,,,,113.81661987304688
,3071,,,,136.8059539794922
95,11999,,,103.781982421875,
95,11999,101.35218048095703,,,
96,12049,,88.06195831298828,,
96,12099,,123.54754638671875,,
,3072,,,,112.63088989257812
,3073,,,,117.31375885009766
,3074,,,,105.5904312133789
,3075,,,,128.61798095703125
,3076,,,,72.98246765136719
,3077,,,,88.12532043457031
,3078,,,,96.15235900878906
,3079,,,,107.62504577636719
,3080,,,,101.4991455078125
,3081,,,,123.62820434570312
,3082,,,,93.06761932373047
,3083,,,,110.61825561523438
,3084,,,,83.45211791992188
,3085,,,,143.83953857421875
,3086,,,,86.42146301269531
,3087,,,,96.71503448486328
,3088,,,,106.6458511352539
,3089,,,,74.63289642333984
,3090,,,,109.80894470214844
,3091,,,,101.42481994628906
,3092,,,,122.23268127441406
,3093,,,,108.50389099121094
,3094,,,,81.29967498779297
,3095,,,,107.61270904541016
,3096,,,,120.03327941894531
,3097,,,,117.07611083984375
,3098,,,,110.51509094238281
,3099,,,,93.98605346679688
,3100,,,,90.9373779296875
,3101,,,,82.22422790527344
,3102,,,,113.81292724609375
,3103,,,,136.81881713867188
96,12124,,,103.78339385986328,
96,12124,101.35191345214844,,,
97,12149,,94.15794372558594,,
97,12199,,98.31147766113281,,
97,12249,,86.45361328125,,
,3104,,,,112.62944030761719
,3105,,,,117.2865982055664
,3106,,,,105.58232116699219
,3107,,,,128.60821533203125
,3108,,,,72.96857452392578
,3109,,,,88.11554718017578
,3110,,,,96.15052795410156
,3111,,,,107.6222915649414
,3112,,,,101.48387145996094
,3113,,,,123.6209487915039
,3114,,,,93.05105590820312
,3115,,,,110.58291625976562
,3116,,,,83.43435668945312
,3117,,,,143.8280029296875
,3118,,,,86.4188232421875
,3119,,,,96.70671081542969
,3120,,,,106.6251220703125
,3121,,,,74.63640594482422
,3122,,,,109.78547668457031
,3123,,,,101.420166015625
,3124,,,,122.23123168945312
,3125,,,,108.48158264160156
,3126,,,,81.30703735351562
,3127,,,,107.60518646240234
,3128,,,,120.01048278808594
,3129,,,,117.05895233154297
,3130,,,,110.50718688964844
,3131,,,,93.98847961425781
,3132,,,,90.94418334960938
,3133,,,,82.22322082519531
,3134,,,,113.80613708496094
,3135,,,,136.80975341796875
97,12249,,,103.7735366821289,
97,12249,101.34789276123047,,,
98,12299,,73.48478698730469,,
98,12349,,98.67866516113281,,
,3136,,,,112.63436889648438
,3137,,,,117.28590393066406
,3138,,,,105.5790786743164
,3139,,,,128.59310913085938
,3140,,,,72.97377014160156
,3141,,,,88.13298034667969
,3142,,,,96.13949584960938
,3143,,,,107.62732696533203
,3144,,,,101.49835205078125
,3145,,,,123.62155151367188
,3146,,,,93.05192565917969
,3147,,,,110.60611724853516
,3148,,,,83.44520568847656
,3149,,,,143.83004760742188
,3150,,,,86.41082763671875
,3151,,,,96.6910629272461
,3152,,,,106.6258544921875
,3153,,,,74.63179016113281
,3154,,,,109.78126525878906
,3155,,,,101.42356872558594
,3156,,,,122.23616027832031
,3157,,,,108.495361328125
,3158,,,,81.31398010253906
,3159,,,,107.60343933105469
,3160,,,,120.01727294921875
,3161,,,,117.05073547363281
,3162,,,,110.50856018066406
,3163,,,,94.00315856933594
,3164,,,,90.94279479980469
,3165,,,,82.21990966796875
,3166,,,,113.80113220214844
,3167,,,,136.78619384765625
98,12374,,,103.7751235961914,
98,12374,101.35041046142578,,,
99,12399,,97.14654541015625,,
99,12449,,110.66197204589844,,
99,12499,,98.013427734375,,
,3168,,,,112.65608215332031
,3169,,,,117.3099594116211
,3170,,,,105.5974349975586
,3171,,,,128.63287353515625
,3172,,,,72.98481750488281
,3173,,,,88.11536407470703
,3174,,,,96.17552185058594
,3175,,,,107.63892364501953
,3176,,,,101.4904556274414
,3177,,,,123.62078857421875
,3178,,,,93.06608581542969
,3179,,,,110.5993423461914
,3180,,,,83.4554672241211
,3181,,,,143.84078979492188
,3182,,,,86.42257690429688
,3183,,,,96.7141342163086
,3184,,,,106.63165283203125
,3185,,,,74.63644409179688
,3186,,,,109.80491638183594
,3187,,,,101.42770385742188
,3188,,,,122.2376937866211
,3189,,,,108.48218536376953
,3190,,,,81.31082916259766
,3191,,,,107.61154174804688
,3192,,,,120.01153564453125
,3193,,,,117.06277465820312
,3194,,,,110.51689147949219
,3195,,,,93.9996337890625
,3196,,,,90.93841552734375
,3197,,,,82.23707580566406
,3198,,,,113.80850219726562
,3199,,,,136.7931671142578
99,12499,,,103.7835693359375,
99,12499,101.3472671508789,,,
