epoch,step,train_loss_epoch,train_loss_step,val_loss_epoch,val_loss_step
0,49,,649.42822265625,,
0,99,,731.3548583984375,,
0,149,,741.2553100585938,,
0,199,,777.2147216796875,,
,0,,,,568.35009765625
,1,,,,578.5282592773438
,2,,,,768.5060424804688
,3,,,,713.4727783203125
,4,,,,765.7570190429688
,5,,,,769.1904907226562
,6,,,,929.3896484375
,7,,,,664.0677490234375
,8,,,,757.5156860351562
,9,,,,795.124267578125
,10,,,,681.7955932617188
,11,,,,747.0484619140625
,12,,,,919.99658203125
,13,,,,676.6234741210938
,14,,,,818.0553588867188
,15,,,,835.7445068359375
,16,,,,793.7631225585938
,17,,,,721.805908203125
,18,,,,723.7410278320312
,19,,,,542.3677978515625
,20,,,,959.0036010742188
,21,,,,727.8056640625
,22,,,,797.563232421875
,23,,,,505.738037109375
,24,,,,617.0429077148438
,25,,,,714.5404663085938
,26,,,,611.3839111328125
,27,,,,531.0703735351562
,28,,,,655.6961059570312
,29,,,,622.2242431640625
,30,,,,667.4344482421875
,31,,,,687.496337890625
,32,,,,669.9232177734375
,33,,,,743.7999267578125
,34,,,,624.2224731445312
,35,,,,849.77099609375
,36,,,,602.27587890625
,37,,,,569.7950439453125
,38,,,,598.9354248046875
,39,,,,722.0791015625
,40,,,,819.2186279296875
,41,,,,646.479736328125
,42,,,,526.7147827148438
,43,,,,534.8121948242188
,44,,,,728.3333740234375
,45,,,,693.1134033203125
,46,,,,656.171142578125
,47,,,,656.3150024414062
,48,,,,778.7632446289062
,49,,,,529.528076171875
,50,,,,646.8018798828125
,51,,,,585.0491333007812
,52,,,,752.4088134765625
,53,,,,847.7125854492188
,54,,,,639.7852783203125
,55,,,,609.4203491210938
,56,,,,553.9812622070312
,57,,,,756.507080078125
,58,,,,610.6209106445312
,59,,,,638.535400390625
,60,,,,846.6929931640625
,61,,,,1151.6871337890625
0,244,,,695.171630859375,
0,244,719.2839965820312,,,
1,249,,677.2667236328125,,
1,299,,756.7197265625,,
1,349,,694.5736083984375,,
1,399,,737.7496337890625,,
1,449,,774.6817016601562,,
,62,,,,568.2392578125
,63,,,,578.4468994140625
,64,,,,768.55615234375
,65,,,,713.6502685546875
,66,,,,765.5284423828125
,67,,,,769.0733032226562
,68,,,,929.3179321289062
,69,,,,663.92919921875
,70,,,,757.4151000976562
,71,,,,794.8217163085938
,72,,,,681.482177734375
,73,,,,746.880126953125
,74,,,,920.1312255859375
,75,,,,676.2813110351562
,76,,,,817.8759155273438
,77,,,,835.984375
,78,,,,793.5224609375
,79,,,,721.8388671875
,80,,,,723.4479370117188
,81,,,,542.2483520507812
,82,,,,958.90869140625
,83,,,,727.7379150390625
,84,,,,797.3489379882812
,85,,,,505.3145751953125
,86,,,,616.927001953125
,87,,,,714.5003051757812
,88,,,,611.27734375
,89,,,,530.8345947265625
,90,,,,655.4259033203125
,91,,,,622.0669555664062
,92,,,,667.4019165039062
,93,,,,687.6182861328125
,94,,,,669.6119995117188
,95,,,,743.4464111328125
,96,,,,624.1015625
,97,,,,849.384033203125
,98,,,,602.341552734375
,99,,,,569.888671875
,100,,,,599.0814208984375
,101,,,,721.9715576171875
,102,,,,819.2412109375
,103,,,,646.2894287109375
,104,,,,526.7034301757812
,105,,,,534.720703125
,106,,,,728.0996704101562
,107,,,,693.0982666015625
,108,,,,656.0774536132812
,109,,,,656.246337890625
,110,,,,778.125244140625
,111,,,,529.3126831054688
,112,,,,646.8389892578125
,113,,,,584.8741455078125
,114,,,,752.201904296875
,115,,,,847.6060791015625
,116,,,,639.3062133789062
,117,,,,609.2731323242188
,118,,,,553.74853515625
,119,,,,756.3261108398438
,120,,,,610.5731201171875
,121,,,,638.5550537109375
,122,,,,846.3759765625
,123,,,,1151.622314453125
1,489,,,695.0382080078125,
1,489,714.2740478515625,,,
2,499,,774.8709716796875,,
2,549,,687.8475952148438,,
2,599,,631.398193359375,,
2,649,,667.4154052734375,,
2,699,,677.5286865234375,,
,124,,,,568.1214599609375
,125,,,,578.4442138671875
,126,,,,768.5672607421875
,127,,,,713.518798828125
,128,,,,765.454345703125
,129,,,,768.8826904296875
,130,,,,929.3748779296875
,131,,,,663.98779296875
,132,,,,757.16064453125
,133,,,,794.566162109375
,134,,,,681.4405517578125
,135,,,,746.7579345703125
,136,,,,920.029296875
,137,,,,676.2100830078125
,138,,,,817.80810546875
,139,,,,835.9046630859375
,140,,,,793.6661376953125
,141,,,,721.5692138671875
,142,,,,723.3245849609375
,143,,,,542.0982666015625
,144,,,,958.8717651367188
,145,,,,727.5843505859375
,146,,,,797.2383422851562
,147,,,,505.3186340332031
,148,,,,616.9171752929688
,149,,,,714.5052490234375
,150,,,,611.1614379882812
,151,,,,530.8785400390625
,152,,,,655.3197021484375
,153,,,,622.1466674804688
,154,,,,667.4600830078125
,155,,,,687.4949951171875
,156,,,,669.298828125
,157,,,,743.3219604492188
,158,,,,623.9388427734375
,159,,,,848.7824096679688
,160,,,,602.121826171875
,161,,,,569.8958129882812
,162,,,,598.9425048828125
,163,,,,721.86279296875
,164,,,,819.21875
,165,,,,646.2794189453125
,166,,,,526.6075439453125
,167,,,,534.6497192382812
,168,,,,728.05078125
,169,,,,693.189208984375
,170,,,,656.14013671875
,171,,,,656.237060546875
,172,,,,777.843994140625
,173,,,,529.0235595703125
,174,,,,646.8816528320312
,175,,,,584.9005126953125
,176,,,,752.0311889648438
,177,,,,847.7138061523438
,178,,,,639.4405517578125
,179,,,,609.2760009765625
,180,,,,553.7565307617188
,181,,,,755.9990844726562
,182,,,,610.4766235351562
,183,,,,638.464111328125
,184,,,,846.4544677734375
,185,,,,1151.8277587890625
2,734,,,694.9595947265625,
2,734,714.0682373046875,,,
3,749,,709.1146240234375,,
3,799,,664.8280029296875,,
3,849,,652.61083984375,,
3,899,,778.7144165039062,,
3,949,,760.7240600585938,,
,186,,,,567.9298095703125
,187,,,,578.0926513671875
,188,,,,768.3812866210938
,189,,,,713.3831176757812
,190,,,,765.0968017578125
,191,,,,768.6466064453125
,192,,,,929.1387939453125
,193,,,,663.77685546875
,194,,,,757.042724609375
,195,,,,794.3740234375
,196,,,,681.1681518554688
,197,,,,746.7267456054688
,198,,,,920.0341186523438
,199,,,,676.016357421875
,200,,,,817.601318359375
,201,,,,835.7199096679688
,202,,,,793.251953125
,203,,,,721.3963623046875
,204,,,,723.0455932617188
,205,,,,541.877197265625
,206,,,,958.8004760742188
,207,,,,727.5431518554688
,208,,,,796.9181518554688
,209,,,,505.22119140625
,210,,,,616.8546142578125
,211,,,,714.4368896484375
,212,,,,610.9940185546875
,213,,,,530.74951171875
,214,,,,655.0800170898438
,215,,,,621.880615234375
,216,,,,667.235595703125
,217,,,,687.473876953125
,218,,,,669.217041015625
,219,,,,743.043701171875
,220,,,,623.6827392578125
,221,,,,848.5075073242188
,222,,,,601.989501953125
,223,,,,569.6195068359375
,224,,,,598.8370361328125
,225,,,,721.6236572265625
,226,,,,819.0670776367188
,227,,,,646.172119140625
,228,,,,526.6181640625
,229,,,,534.550537109375
,230,,,,727.9539794921875
,231,,,,692.99755859375
,232,,,,655.9075317382812
,233,,,,656.0926513671875
,234,,,,777.777099609375
,235,,,,528.9523315429688
,236,,,,646.656982421875
,237,,,,584.7838134765625
,238,,,,751.877197265625
,239,,,,847.360107421875
,240,,,,639.2478637695312
,241,,,,609.1842041015625
,242,,,,553.5894775390625
,243,,,,755.836669921875
,244,,,,610.5276489257812
,245,,,,638.26318359375
,246,,,,846.2720947265625
,247,,,,1151.2142333984375
3,979,,,694.7860107421875,
3,979,713.8926391601562,,,
4,999,,706.7060546875,,
4,1049,,797.236083984375,,
4,1099,,721.7540893554688,,
4,1149,,714.4066772460938,,
4,1199,,655.4802856445312,,
,248,,,,567.8986206054688
,249,,,,578.2200927734375
,250,,,,768.360595703125
,251,,,,713.4168701171875
,252,,,,764.9844360351562
,253,,,,768.52197265625
,254,,,,929.1212158203125
,255,,,,663.7086181640625
,256,,,,756.91748046875
,257,,,,794.100830078125
,258,,,,681.1751708984375
,259,,,,746.6326904296875
,260,,,,920.1326904296875
,261,,,,675.9107666015625
,262,,,,817.468994140625
,263,,,,835.6986694335938
,264,,,,793.34375
,265,,,,721.5570068359375
,266,,,,723.063720703125
,267,,,,541.74658203125
,268,,,,958.6392822265625
,269,,,,727.593505859375
,270,,,,796.8275146484375
,271,,,,505.13232421875
,272,,,,616.8629760742188
,273,,,,714.4140625
,274,,,,610.9077758789062
,275,,,,530.7774658203125
,276,,,,655.0052490234375
,277,,,,621.815185546875
,278,,,,667.3182983398438
,279,,,,687.3980102539062
,280,,,,669.0973510742188
,281,,,,742.79638671875
,282,,,,623.6103515625
,283,,,,848.5321044921875
,284,,,,601.7777099609375
,285,,,,569.6357421875
,286,,,,598.86328125
,287,,,,721.651611328125
,288,,,,819.0491333007812
,289,,,,646.1340942382812
,290,,,,526.3438720703125
,291,,,,534.6000366210938
,292,,,,727.9554443359375
,293,,,,693.1192626953125
,294,,,,655.917236328125
,295,,,,655.96826171875
,296,,,,777.6553344726562
,297,,,,528.7315673828125
,298,,,,646.7259521484375
,299,,,,584.8040771484375
,300,,,,751.8302612304688
,301,,,,847.276611328125
,302,,,,639.08642578125
,303,,,,609.1248168945312
,304,,,,553.6097412109375
,305,,,,755.676025390625
,306,,,,610.407958984375
,307,,,,638.1705322265625
,308,,,,846.128173828125
,309,,,,1151.0462646484375
4,1224,,,694.7340087890625,
4,1224,713.7402954101562,,,
5,1249,,749.0537109375,,
5,1299,,702.91015625,,
5,1349,,596.9530029296875,,
5,1399,,677.241455078125,,
5,1449,,670.510498046875,,
,310,,,,567.8984375
,311,,,,578.1996459960938
,312,,,,768.2828369140625
,313,,,,713.2984008789062
,314,,,,764.8321533203125
,315,,,,768.4305419921875
,316,,,,929.004638671875
,317,,,,663.6806640625
,318,,,,756.78662109375
,319,,,,794.0118408203125
,320,,,,681.034912109375
,321,,,,746.4589233398438
,322,,,,919.9619140625
,323,,,,675.939697265625
,324,,,,817.415771484375
,325,,,,835.50341796875
,326,,,,793.3521728515625
,327,,,,721.34130859375
,328,,,,723.1060180664062
,329,,,,541.722900390625
,330,,,,958.5728759765625
,331,,,,727.632080078125
,332,,,,796.806884765625
,333,,,,505.14935302734375
,334,,,,616.7404174804688
,335,,,,714.3211059570312
,336,,,,610.8983154296875
,337,,,,530.6685791015625
,338,,,,654.8719482421875
,339,,,,621.79052734375
,340,,,,667.196533203125
,341,,,,687.3775634765625
,342,,,,669.0287475585938
,343,,,,742.703369140625
,344,,,,623.4664306640625
,345,,,,848.26708984375
,346,,,,601.7107543945312
,347,,,,569.5908203125
,348,,,,598.731689453125
,349,,,,721.6508178710938
,350,,,,818.9852294921875
,351,,,,646.0277099609375
,352,,,,526.2138671875
,353,,,,534.5479736328125
,354,,,,727.904052734375
,355,,,,692.9600830078125
,356,,,,655.7998657226562
,357,,,,655.9580078125
,358,,,,777.3824462890625
,359,,,,528.6407470703125
,360,,,,646.6554565429688
,361,,,,584.80859375
,362,,,,751.5609741210938
,363,,,,847.2435302734375
,364,,,,638.85693359375
,365,,,,609.2268676757812
,366,,,,553.4549560546875
,367,,,,755.593994140625
,368,,,,610.2127685546875
,369,,,,638.0771484375
,370,,,,846.1560668945312
,371,,,,1151.578125
5,1469,,,694.6500854492188,
5,1469,713.6219482421875,,,
6,1499,,704.8580932617188,,
6,1549,,664.5087280273438,,
6,1599,,823.4303588867188,,
6,1649,,745.9857177734375,,
6,1699,,747.5481567382812,,
,372,,,,567.6871948242188
,373,,,,578.0916748046875
,374,,,,768.2510375976562
,375,,,,713.2832641601562
,376,,,,764.7078857421875
,377,,,,768.4915771484375
,378,,,,928.9492797851562
,379,,,,663.5822143554688
,380,,,,756.8387451171875
,381,,,,793.9274291992188
,382,,,,680.94921875
,383,,,,746.48876953125
,384,,,,919.9844360351562
,385,,,,675.8062744140625
,386,,,,817.3319091796875
,387,,,,835.4767456054688
,388,,,,793.2487182617188
,389,,,,721.3374633789062
,390,,,,722.9677734375
,391,,,,541.538818359375
,392,,,,958.481201171875
,393,,,,727.5438232421875
,394,,,,796.8062133789062
,395,,,,505.0401611328125
,396,,,,616.6880493164062
,397,,,,714.3690795898438
,398,,,,610.751220703125
,399,,,,530.619873046875
,400,,,,654.7767333984375
,401,,,,621.7227783203125
,402,,,,667.1771240234375
,403,,,,687.2537231445312
,404,,,,668.9815673828125
,405,,,,742.583251953125
,406,,,,623.395263671875
,407,,,,848.1558837890625
,408,,,,601.730224609375
,409,,,,569.572509765625
,410,,,,598.639404296875
,411,,,,721.5233154296875
,412,,,,818.8878173828125
,413,,,,646.055908203125
,414,,,,526.215576171875
,415,,,,534.4705810546875
,416,,,,727.8236694335938
,417,,,,692.957275390625
,418,,,,655.717041015625
,419,,,,655.9520874023438
,420,,,,777.302734375
,421,,,,528.5224609375
,422,,,,646.6348266601562
,423,,,,584.75732421875
,424,,,,751.7073974609375
,425,,,,847.0828247070312
,426,,,,638.8365478515625
,427,,,,609.090087890625
,428,,,,553.49951171875
,429,,,,755.462158203125
,430,,,,610.1989135742188
,431,,,,638.087890625
,432,,,,846.2850341796875
,433,,,,1151.824951171875
6,1714,,,694.5955200195312,
6,1714,713.536376953125,,,
7,1749,,714.6638793945312,,
7,1799,,651.343994140625,,
7,1849,,747.622802734375,,
7,1899,,664.603271484375,,
7,1949,,697.12451171875,,
,434,,,,567.635498046875
,435,,,,578.0545043945312
,436,,,,768.15380859375
,437,,,,713.2559814453125
,438,,,,764.6666259765625
,439,,,,768.287841796875
,440,,,,928.9122314453125
,441,,,,663.4647827148438
,442,,,,756.5534057617188
,443,,,,793.8461303710938
,444,,,,680.9459228515625
,445,,,,746.4450073242188
,446,,,,919.7752685546875
,447,,,,675.7208862304688
,448,,,,817.239013671875
,449,,,,835.443603515625
,450,,,,793.2494506835938
,451,,,,721.3272705078125
,452,,,,722.9021606445312
,453,,,,541.4779663085938
,454,,,,958.385986328125
,455,,,,727.4033813476562
,456,,,,796.6508178710938
,457,,,,504.9303894042969
,458,,,,616.7689208984375
,459,,,,714.2705688476562
,460,,,,610.7452392578125
,461,,,,530.5875854492188
,462,,,,654.7960205078125
,463,,,,621.7027587890625
,464,,,,667.0604858398438
,465,,,,687.2333374023438
,466,,,,669.0249633789062
,467,,,,742.5914916992188
,468,,,,623.4608154296875
,469,,,,848.1262817382812
,470,,,,601.6691284179688
,471,,,,569.4609985351562
,472,,,,598.678466796875
,473,,,,721.3956298828125
,474,,,,818.878662109375
,475,,,,646.0267944335938
,476,,,,526.232421875
,477,,,,534.5083618164062
,478,,,,727.8297119140625
,479,,,,692.8917236328125
,480,,,,655.544677734375
,481,,,,655.9468994140625
,482,,,,777.28466796875
,483,,,,528.5089721679688
,484,,,,646.6141357421875
,485,,,,584.692626953125
,486,,,,751.572265625
,487,,,,846.9830322265625
,488,,,,638.811767578125
,489,,,,609.0930786132812
,490,,,,553.315673828125
,491,,,,755.3963623046875
,492,,,,610.1663818359375
,493,,,,638.0550537109375
,494,,,,846.04736328125
,495,,,,1151.574462890625
7,1959,,,694.53564453125,
7,1959,713.4536743164062,,,
8,1999,,665.66162109375,,
8,2049,,676.5428466796875,,
8,2099,,841.4129638671875,,
8,2149,,811.112060546875,,
8,2199,,757.5925903320312,,
,496,,,,567.6832275390625
,497,,,,578.0760498046875
,498,,,,768.1893310546875
,499,,,,713.1885986328125
,500,,,,764.6259155273438
,501,,,,768.348388671875
,502,,,,928.81103515625
,503,,,,663.510498046875
,504,,,,756.4552001953125
,505,,,,793.7579956054688
,506,,,,680.902099609375
,507,,,,746.427490234375
,508,,,,919.9285888671875
,509,,,,675.7249755859375
,510,,,,817.16796875
,511,,,,835.4137573242188
,512,,,,793.1463623046875
,513,,,,721.285400390625
,514,,,,722.8611450195312
,515,,,,541.4603271484375
,516,,,,958.3494873046875
,517,,,,727.4166259765625
,518,,,,796.6502685546875
,519,,,,504.9084777832031
,520,,,,616.800537109375
,521,,,,714.3468017578125
,522,,,,610.7734985351562
,523,,,,530.5689697265625
,524,,,,654.7025146484375
,525,,,,621.6387329101562
,526,,,,667.02294921875
,527,,,,687.1522216796875
,528,,,,668.9574584960938
,529,,,,742.4063720703125
,530,,,,623.3775634765625
,531,,,,848.06982421875
,532,,,,601.5428466796875
,533,,,,569.502197265625
,534,,,,598.6253662109375
,535,,,,721.4178466796875
,536,,,,818.8464965820312
,537,,,,646.005859375
,538,,,,526.2169799804688
,539,,,,534.5311889648438
,540,,,,727.746337890625
,541,,,,692.9370727539062
,542,,,,655.5523681640625
,543,,,,655.861328125
,544,,,,777.3510131835938
,545,,,,528.4065551757812
,546,,,,646.617431640625
,547,,,,584.63671875
,548,,,,751.4699096679688
,549,,,,847.0258178710938
,550,,,,638.8312377929688
,551,,,,609.0394897460938
,552,,,,553.3973999023438
,553,,,,755.3955078125
,554,,,,610.1857299804688
,555,,,,637.86865234375
,556,,,,846.0669555664062
,557,,,,1151.4630126953125
8,2204,,,694.510498046875,
8,2204,713.3816528320312,,,
9,2249,,667.2867431640625,,
9,2299,,710.8111572265625,,
9,2349,,637.5552978515625,,
9,2399,,746.3431396484375,,
9,2449,,730.1799926757812,,
,558,,,,567.5888671875
,559,,,,578.0008544921875
,560,,,,768.1298828125
,561,,,,713.2159423828125
,562,,,,764.633056640625
,563,,,,768.212646484375
,564,,,,928.7017822265625
,565,,,,663.3792724609375
,566,,,,756.5044555664062
,567,,,,793.7510986328125
,568,,,,680.7762451171875
,569,,,,746.34716796875
,570,,,,919.7337036132812
,571,,,,675.5008544921875
,572,,,,817.13134765625
,573,,,,835.3836669921875
,574,,,,793.1917114257812
,575,,,,721.2061767578125
,576,,,,722.7764282226562
,577,,,,541.3338623046875
,578,,,,958.3841552734375
,579,,,,727.41845703125
,580,,,,796.5467529296875
,581,,,,504.87432861328125
,582,,,,616.64013671875
,583,,,,714.3010864257812
,584,,,,610.5845947265625
,585,,,,530.468505859375
,586,,,,654.6114501953125
,587,,,,621.56787109375
,588,,,,666.9537353515625
,589,,,,687.1065063476562
,590,,,,668.9255981445312
,591,,,,742.3753662109375
,592,,,,623.2989501953125
,593,,,,848.1925048828125
,594,,,,601.5581665039062
,595,,,,569.3707275390625
,596,,,,598.592529296875
,597,,,,721.2782592773438
,598,,,,818.7369384765625
,599,,,,645.8543090820312
,600,,,,526.2529907226562
,601,,,,534.428466796875
,602,,,,727.736083984375
,603,,,,692.7813720703125
,604,,,,655.466552734375
,605,,,,655.8397216796875
,606,,,,777.4239501953125
,607,,,,528.39501953125
,608,,,,646.5516357421875
,609,,,,584.5894775390625
,610,,,,751.490478515625
,611,,,,846.8511962890625
,612,,,,638.6131591796875
,613,,,,608.9592895507812
,614,,,,553.2957763671875
,615,,,,755.3798217773438
,616,,,,610.2840576171875
,617,,,,637.7235107421875
,618,,,,845.957275390625
,619,,,,1151.5865478515625
9,2449,,,694.4453125,
9,2449,713.3235473632812,,,
10,2499,,749.8739013671875,,
10,2549,,752.1104736328125,,
10,2599,,865.829345703125,,
10,2649,,709.2161254882812,,
,620,,,,567.3927001953125
,621,,,,578.1083984375
,622,,,,768.169677734375
,623,,,,713.2943115234375
,624,,,,764.299560546875
,625,,,,768.338134765625
,626,,,,928.6744384765625
,627,,,,663.3314208984375
,628,,,,756.5072021484375
,629,,,,793.584228515625
,630,,,,680.7214965820312
,631,,,,746.2852172851562
,632,,,,920.0007934570312
,633,,,,675.40966796875
,634,,,,817.2294921875
,635,,,,835.4512939453125
,636,,,,793.1796875
,637,,,,721.244140625
,638,,,,722.9122314453125
,639,,,,541.4757080078125
,640,,,,958.1934814453125
,641,,,,727.5083618164062
,642,,,,796.578369140625
,643,,,,505.00616455078125
,644,,,,616.4922485351562
,645,,,,714.3021240234375
,646,,,,610.5587158203125
,647,,,,530.5762329101562
,648,,,,654.4490966796875
,649,,,,621.6931762695312
,650,,,,667.0460205078125
,651,,,,687.1347045898438
,652,,,,668.7814331054688
,653,,,,742.3206787109375
,654,,,,623.241455078125
,655,,,,847.9017333984375
,656,,,,601.5635986328125
,657,,,,569.4541015625
,658,,,,598.5416259765625
,659,,,,721.3828125
,660,,,,818.9445190429688
,661,,,,645.8800048828125
,662,,,,526.178955078125
,663,,,,534.51953125
,664,,,,727.758056640625
,665,,,,692.8551635742188
,666,,,,655.520263671875
,667,,,,655.7685546875
,668,,,,777.1260986328125
,669,,,,528.348876953125
,670,,,,646.6387329101562
,671,,,,584.6227416992188
,672,,,,751.4864501953125
,673,,,,846.9650268554688
,674,,,,638.534912109375
,675,,,,608.8878173828125
,676,,,,553.3016357421875
,677,,,,755.2236328125
,678,,,,610.156982421875
,679,,,,637.830322265625
,680,,,,846.0116577148438
,681,,,,1151.494384765625
10,2694,,,694.440673828125,
10,2694,713.264892578125,,,
11,2699,,681.0203857421875,,
11,2749,,610.1858520507812,,
11,2799,,823.0665893554688,,
11,2849,,803.9655151367188,,
11,2899,,703.9669189453125,,
,682,,,,567.449951171875
,683,,,,578.049072265625
,684,,,,767.9744262695312
,685,,,,713.18798828125
,686,,,,764.5125732421875
,687,,,,768.272705078125
,688,,,,928.6647338867188
,689,,,,663.3971557617188
,690,,,,756.4452514648438
,691,,,,793.687255859375
,692,,,,680.7041015625
,693,,,,746.2998046875
,694,,,,919.7861938476562
,695,,,,675.5072631835938
,696,,,,817.13427734375
,697,,,,835.365234375
,698,,,,793.1079711914062
,699,,,,721.24267578125
,700,,,,722.8428955078125
,701,,,,541.3399658203125
,702,,,,958.297119140625
,703,,,,727.3760986328125
,704,,,,796.5489501953125
,705,,,,504.8455505371094
,706,,,,616.6555786132812
,707,,,,714.321044921875
,708,,,,610.5186767578125
,709,,,,530.4712524414062
,710,,,,654.5999755859375
,711,,,,621.5219116210938
,712,,,,667.0355834960938
,713,,,,687.0428466796875
,714,,,,668.9257202148438
,715,,,,742.2574462890625
,716,,,,623.3526000976562
,717,,,,848.0524291992188
,718,,,,601.5069580078125
,719,,,,569.38037109375
,720,,,,598.5208740234375
,721,,,,721.28564453125
,722,,,,818.6672973632812
,723,,,,645.9589233398438
,724,,,,526.0584106445312
,725,,,,534.4093627929688
,726,,,,727.6837768554688
,727,,,,692.7706298828125
,728,,,,655.4517822265625
,729,,,,655.872314453125
,730,,,,777.2469482421875
,731,,,,528.338134765625
,732,,,,646.5576171875
,733,,,,584.4525146484375
,734,,,,751.505615234375
,735,,,,846.928955078125
,736,,,,638.579833984375
,737,,,,608.9047241210938
,738,,,,553.248779296875
,739,,,,755.3056640625
,740,,,,610.142578125
,741,,,,637.8143920898438
,742,,,,845.9335327148438
,743,,,,1151.4215087890625
11,2939,,,694.4146728515625,
11,2939,713.21923828125,,,
12,2949,,779.026611328125,,
12,2999,,721.9666137695312,,
12,3049,,560.0006103515625,,
12,3099,,812.0302734375,,
12,3149,,596.9780883789062,,
,744,,,,567.4708251953125
,745,,,,578.0015869140625
,746,,,,768.0343627929688
,747,,,,713.1336059570312
,748,,,,764.4304809570312
,749,,,,768.16162109375
,750,,,,928.604736328125
,751,,,,663.3568115234375
,752,,,,756.44677734375
,753,,,,793.5499877929688
,754,,,,680.7730102539062
,755,,,,746.16796875
,756,,,,919.802978515625
,757,,,,675.39208984375
,758,,,,816.9588012695312
,759,,,,835.2490234375
,760,,,,793.1009521484375
,761,,,,721.1265869140625
,762,,,,722.7868041992188
,763,,,,541.462890625
,764,,,,958.100341796875
,765,,,,727.4158935546875
,766,,,,796.6488037109375
,767,,,,504.89453125
,768,,,,616.6005859375
,769,,,,714.2203369140625
,770,,,,610.6016235351562
,771,,,,530.5703125
,772,,,,654.5120239257812
,773,,,,621.5487670898438
,774,,,,666.9840698242188
,775,,,,687.102783203125
,776,,,,668.7730712890625
,777,,,,742.4232788085938
,778,,,,623.1202392578125
,779,,,,847.84033203125
,780,,,,601.5140380859375
,781,,,,569.3396606445312
,782,,,,598.490966796875
,783,,,,721.2650146484375
,784,,,,818.684814453125
,785,,,,645.77587890625
,786,,,,526.0289306640625
,787,,,,534.37744140625
,788,,,,727.5196533203125
,789,,,,692.858154296875
,790,,,,655.4046630859375
,791,,,,655.80517578125
,792,,,,777.1145629882812
,793,,,,528.30224609375
,794,,,,646.472900390625
,795,,,,584.533935546875
,796,,,,751.314697265625
,797,,,,846.7554931640625
,798,,,,638.5410766601562
,799,,,,608.9205932617188
,800,,,,553.256591796875
,801,,,,755.159912109375
,802,,,,610.0615234375
,803,,,,637.7848510742188
,804,,,,845.7841796875
,805,,,,1151.860595703125
12,3184,,,694.369140625,
12,3184,713.18408203125,,,
13,3199,,663.8505859375,,
13,3249,,727.2692260742188,,
13,3299,,689.8572998046875,,
13,3349,,852.0534057617188,,
13,3399,,711.5657958984375,,
,806,,,,567.3650512695312
,807,,,,578.0200805664062
,808,,,,768.0458374023438
,809,,,,713.1824951171875
,810,,,,764.3917236328125
,811,,,,768.134521484375
,812,,,,928.4925537109375
,813,,,,663.324951171875
,814,,,,756.4816284179688
,815,,,,793.532958984375
,816,,,,680.5914306640625
,817,,,,746.150390625
,818,,,,919.8444213867188
,819,,,,675.4652099609375
,820,,,,816.968994140625
,821,,,,835.3514404296875
,822,,,,793.1632080078125
,823,,,,721.15673828125
,824,,,,722.7650146484375
,825,,,,541.3465576171875
,826,,,,958.2555541992188
,827,,,,727.4107666015625
,828,,,,796.619384765625
,829,,,,504.83819580078125
,830,,,,616.5880126953125
,831,,,,714.191162109375
,832,,,,610.5426025390625
,833,,,,530.44970703125
,834,,,,654.4696044921875
,835,,,,621.52783203125
,836,,,,666.944091796875
,837,,,,687.0314331054688
,838,,,,668.753173828125
,839,,,,742.2935180664062
,840,,,,623.1575927734375
,841,,,,847.938720703125
,842,,,,601.5074462890625
,843,,,,569.333251953125
,844,,,,598.4684448242188
,845,,,,721.2830810546875
,846,,,,818.6498413085938
,847,,,,645.7962646484375
,848,,,,526.0973510742188
,849,,,,534.3140258789062
,850,,,,727.6065673828125
,851,,,,692.8256225585938
,852,,,,655.45166015625
,853,,,,655.727783203125
,854,,,,777.1018676757812
,855,,,,528.2291259765625
,856,,,,646.53515625
,857,,,,584.466552734375
,858,,,,751.3211059570312
,859,,,,846.8388671875
,860,,,,638.47021484375
,861,,,,608.8577880859375
,862,,,,553.1285400390625
,863,,,,755.1669921875
,864,,,,610.0291748046875
,865,,,,637.732666015625
,866,,,,845.8651123046875
,867,,,,1151.5306396484375
13,3429,,,694.3540649414062,
13,3429,713.1511840820312,,,
14,3449,,728.9127197265625,,
14,3499,,648.421630859375,,
14,3549,,611.171142578125,,
14,3599,,674.1723022460938,,
14,3649,,932.5551147460938,,
,868,,,,567.3896484375
,869,,,,577.9556884765625
,870,,,,767.9384155273438
,871,,,,713.1553955078125
,872,,,,764.415771484375
,873,,,,768.167236328125
,874,,,,928.47509765625
,875,,,,663.27734375
,876,,,,756.3687744140625
,877,,,,793.497314453125
,878,,,,680.587646484375
,879,,,,746.186279296875
,880,,,,919.7976684570312
,881,,,,675.3587036132812
,882,,,,817.012451171875
,883,,,,835.331787109375
,884,,,,793.1436767578125
,885,,,,721.105712890625
,886,,,,722.7757568359375
,887,,,,541.37841796875
,888,,,,958.23046875
,889,,,,727.3668823242188
,890,,,,796.54736328125
,891,,,,504.83392333984375
,892,,,,616.5850830078125
,893,,,,714.1746826171875
,894,,,,610.5430908203125
,895,,,,530.4676513671875
,896,,,,654.4930419921875
,897,,,,621.548583984375
,898,,,,666.92236328125
,899,,,,686.9934692382812
,900,,,,668.794677734375
,901,,,,742.2069091796875
,902,,,,623.1890869140625
,903,,,,847.9279174804688
,904,,,,601.4624633789062
,905,,,,569.31591796875
,906,,,,598.4404296875
,907,,,,721.2739868164062
,908,,,,818.667236328125
,909,,,,645.7550048828125
,910,,,,526.1071166992188
,911,,,,534.3610229492188
,912,,,,727.5097045898438
,913,,,,692.7772216796875
,914,,,,655.4325561523438
,915,,,,655.7496337890625
,916,,,,777.127197265625
,917,,,,528.171630859375
,918,,,,646.4857788085938
,919,,,,584.4871826171875
,920,,,,751.3448486328125
,921,,,,846.7808837890625
,922,,,,638.490478515625
,923,,,,608.7944946289062
,924,,,,553.2015380859375
,925,,,,755.1041259765625
,926,,,,609.988037109375
,927,,,,637.699951171875
,928,,,,845.8065185546875
,929,,,,1151.5380859375
14,3674,,,694.3359985351562,
14,3674,713.11376953125,,,
15,3699,,771.0078125,,
15,3749,,766.8626708984375,,
15,3799,,683.361328125,,
15,3849,,943.6856689453125,,
15,3899,,701.3173217773438,,
,930,,,,567.3575439453125
,931,,,,577.8760986328125
,932,,,,767.875244140625
,933,,,,712.9998779296875
,934,,,,764.4177856445312
,935,,,,768.020263671875
,936,,,,928.6182861328125
,937,,,,663.2478637695312
,938,,,,756.404296875
,939,,,,793.4553833007812
,940,,,,680.5631103515625
,941,,,,746.1776123046875
,942,,,,919.6554565429688
,943,,,,675.2816162109375
,944,,,,816.96923828125
,945,,,,835.2056274414062
,946,,,,793.0730590820312
,947,,,,721.0538330078125
,948,,,,722.642822265625
,949,,,,541.2743530273438
,950,,,,958.2147827148438
,951,,,,727.2827758789062
,952,,,,796.5445556640625
,953,,,,504.8467712402344
,954,,,,616.6070556640625
,955,,,,714.1443481445312
,956,,,,610.4426879882812
,957,,,,530.35107421875
,958,,,,654.54150390625
,959,,,,621.4407958984375
,960,,,,666.8907470703125
,961,,,,686.9664306640625
,962,,,,668.7728271484375
,963,,,,742.2269287109375
,964,,,,623.174560546875
,965,,,,847.9332885742188
,966,,,,601.4796752929688
,967,,,,569.2354736328125
,968,,,,598.400390625
,969,,,,721.1493530273438
,970,,,,818.51513671875
,971,,,,645.7967529296875
,972,,,,526.0972290039062
,973,,,,534.3421630859375
,974,,,,727.4573974609375
,975,,,,692.72607421875
,976,,,,655.3348388671875
,977,,,,655.66748046875
,978,,,,777.2724609375
,979,,,,528.2572021484375
,980,,,,646.3797607421875
,981,,,,584.4510498046875
,982,,,,751.29638671875
,983,,,,846.7008056640625
,984,,,,638.468505859375
,985,,,,608.751220703125
,986,,,,553.200439453125
,987,,,,755.1583862304688
,988,,,,609.9913940429688
,989,,,,637.6861572265625
,990,,,,845.7305908203125
,991,,,,1151.5355224609375
15,3919,,,694.297119140625,
15,3919,713.0839233398438,,,
16,3949,,639.6446533203125,,
16,3999,,562.0052490234375,,
16,4049,,737.08447265625,,
16,4099,,742.860595703125,,
16,4149,,765.6474609375,,
,992,,,,567.2789306640625
,993,,,,577.8368530273438
,994,,,,767.93115234375
,995,,,,713.10986328125
,996,,,,764.4466552734375
,997,,,,768.057861328125
,998,,,,928.6292114257812
,999,,,,663.2720336914062
,1000,,,,756.2664184570312
,1001,,,,793.38525390625
,1002,,,,680.664306640625
,1003,,,,746.257080078125
,1004,,,,919.7427368164062
,1005,,,,675.268798828125
,1006,,,,816.9685668945312
,1007,,,,835.247802734375
,1008,,,,792.9937744140625
,1009,,,,721.1138916015625
,1010,,,,722.552490234375
,1011,,,,541.1696166992188
,1012,,,,958.2798461914062
,1013,,,,727.1815185546875
,1014,,,,796.3982543945312
,1015,,,,504.72027587890625
,1016,,,,616.6541137695312
,1017,,,,714.23193359375
,1018,,,,610.39111328125
,1019,,,,530.3040771484375
,1020,,,,654.4899291992188
,1021,,,,621.4012451171875
,1022,,,,666.836181640625
,1023,,,,686.897705078125
,1024,,,,668.8688354492188
,1025,,,,742.1353759765625
,1026,,,,623.1551513671875
,1027,,,,847.9613647460938
,1028,,,,601.4518432617188
,1029,,,,569.2352294921875
,1030,,,,598.4412841796875
,1031,,,,721.1360473632812
,1032,,,,818.4668579101562
,1033,,,,645.8466186523438
,1034,,,,526.1336059570312
,1035,,,,534.3485107421875
,1036,,,,727.51611328125
,1037,,,,692.65576171875
,1038,,,,655.2940673828125
,1039,,,,655.7042236328125
,1040,,,,777.32666015625
,1041,,,,528.2628173828125
,1042,,,,646.364990234375
,1043,,,,584.394775390625
,1044,,,,751.361083984375
,1045,,,,846.6549072265625
,1046,,,,638.5437622070312
,1047,,,,608.7559204101562
,1048,,,,553.187255859375
,1049,,,,755.2064208984375
,1050,,,,610.2377319335938
,1051,,,,637.6588134765625
,1052,,,,845.75048828125
,1053,,,,1151.4237060546875
16,4164,,,694.2955932617188,
16,4164,713.0529174804688,,,
17,4199,,702.2333984375,,
17,4249,,735.88623046875,,
17,4299,,604.1878051757812,,
17,4349,,731.7281494140625,,
17,4399,,752.9581298828125,,
,1054,,,,567.2269897460938
,1055,,,,577.8699340820312
,1056,,,,767.9598388671875
,1057,,,,713.0863647460938
,1058,,,,764.313720703125
,1059,,,,768.0185546875
,1060,,,,928.5643310546875
,1061,,,,663.2095336914062
,1062,,,,756.353759765625
,1063,,,,793.3409423828125
,1064,,,,680.4771728515625
,1065,,,,746.167236328125
,1066,,,,919.7301025390625
,1067,,,,675.285400390625
,1068,,,,816.9192504882812
,1069,,,,835.3086547851562
,1070,,,,793.0426025390625
,1071,,,,721.0765380859375
,1072,,,,722.6273193359375
,1073,,,,541.2440185546875
,1074,,,,958.177001953125
,1075,,,,727.3021850585938
,1076,,,,796.4408569335938
,1077,,,,504.76318359375
,1078,,,,616.609130859375
,1079,,,,714.1144409179688
,1080,,,,610.4698486328125
,1081,,,,530.372314453125
,1082,,,,654.4885864257812
,1083,,,,621.447021484375
,1084,,,,666.9185791015625
,1085,,,,686.938720703125
,1086,,,,668.763916015625
,1087,,,,742.149658203125
,1088,,,,623.1224975585938
,1089,,,,847.742919921875
,1090,,,,601.447265625
,1091,,,,569.2574462890625
,1092,,,,598.4281005859375
,1093,,,,721.1624145507812
,1094,,,,818.5537109375
,1095,,,,645.79296875
,1096,,,,526.0430908203125
,1097,,,,534.4122314453125
,1098,,,,727.5479125976562
,1099,,,,692.7359619140625
,1100,,,,655.3327026367188
,1101,,,,655.647705078125
,1102,,,,777.208251953125
,1103,,,,528.1939086914062
,1104,,,,646.47509765625
,1105,,,,584.4671630859375
,1106,,,,751.3184204101562
,1107,,,,846.6959838867188
,1108,,,,638.474853515625
,1109,,,,608.8319091796875
,1110,,,,553.202880859375
,1111,,,,755.2020263671875
,1112,,,,610.0888671875
,1113,,,,637.7255859375
,1114,,,,845.826416015625
,1115,,,,1151.75244140625
17,4409,,,694.2918701171875,
17,4409,713.0380249023438,,,
18,4449,,646.2000732421875,,
18,4499,,865.999755859375,,
18,4549,,638.5586547851562,,
18,4599,,809.228271484375,,
18,4649,,686.4807739257812,,
,1116,,,,567.2529907226562
,1117,,,,577.8683471679688
,1118,,,,767.8905029296875
,1119,,,,713.0441284179688
,1120,,,,764.315673828125
,1121,,,,768.1270751953125
,1122,,,,928.5142822265625
,1123,,,,663.17724609375
,1124,,,,756.2526245117188
,1125,,,,793.3049926757812
,1126,,,,680.5841064453125
,1127,,,,746.21533203125
,1128,,,,919.7061767578125
,1129,,,,675.17529296875
,1130,,,,816.9124755859375
,1131,,,,835.2825317382812
,1132,,,,793.03466796875
,1133,,,,721.1046142578125
,1134,,,,722.5728149414062
,1135,,,,541.1419067382812
,1136,,,,958.2056884765625
,1137,,,,727.222412109375
,1138,,,,796.411376953125
,1139,,,,504.73651123046875
,1140,,,,616.577880859375
,1141,,,,714.126708984375
,1142,,,,610.3839111328125
,1143,,,,530.3211669921875
,1144,,,,654.4596557617188
,1145,,,,621.5052490234375
,1146,,,,666.9097900390625
,1147,,,,686.901611328125
,1148,,,,668.763671875
,1149,,,,742.0948486328125
,1150,,,,623.0633544921875
,1151,,,,847.807861328125
,1152,,,,601.4249267578125
,1153,,,,569.2822265625
,1154,,,,598.4254150390625
,1155,,,,721.1290283203125
,1156,,,,818.5287475585938
,1157,,,,645.77392578125
,1158,,,,526.001708984375
,1159,,,,534.3741455078125
,1160,,,,727.4701538085938
,1161,,,,692.6356811523438
,1162,,,,655.292236328125
,1163,,,,655.6060791015625
,1164,,,,777.042236328125
,1165,,,,528.22607421875
,1166,,,,646.37255859375
,1167,,,,584.4069213867188
,1168,,,,751.32080078125
,1169,,,,846.60205078125
,1170,,,,638.4417724609375
,1171,,,,608.711669921875
,1172,,,,553.1578369140625
,1173,,,,755.1798095703125
,1174,,,,610.0433349609375
,1175,,,,637.5772094726562
,1176,,,,845.8033447265625
,1177,,,,1151.580810546875
18,4654,,,694.2597045898438,
18,4654,713.01123046875,,,
19,4699,,771.2899169921875,,
19,4749,,813.2216186523438,,
19,4799,,736.4449462890625,,
19,4849,,606.557373046875,,
19,4899,,708.60546875,,
,1178,,,,567.2324829101562
,1179,,,,577.8475952148438
,1180,,,,767.8841552734375
,1181,,,,713.0740966796875
,1182,,,,764.323486328125
,1183,,,,768.0654296875
,1184,,,,928.5740356445312
,1185,,,,663.182373046875
,1186,,,,756.3348388671875
,1187,,,,793.3565673828125
,1188,,,,680.5406494140625
,1189,,,,746.139404296875
,1190,,,,919.6107177734375
,1191,,,,675.1497802734375
,1192,,,,816.8968505859375
,1193,,,,835.260498046875
,1194,,,,793.0501708984375
,1195,,,,721.1070556640625
,1196,,,,722.5726318359375
,1197,,,,541.075927734375
,1198,,,,958.1599731445312
,1199,,,,727.2130737304688
,1200,,,,796.4512939453125
,1201,,,,504.7122802734375
,1202,,,,616.5753173828125
,1203,,,,714.2178955078125
,1204,,,,610.3616333007812
,1205,,,,530.3029174804688
,1206,,,,654.4197998046875
,1207,,,,621.468994140625
,1208,,,,666.95703125
,1209,,,,686.8805541992188
,1210,,,,668.7447509765625
,1211,,,,742.042236328125
,1212,,,,623.0582275390625
,1213,,,,847.839599609375
,1214,,,,601.3743286132812
,1215,,,,569.25439453125
,1216,,,,598.3724365234375
,1217,,,,721.1259155273438
,1218,,,,818.39892578125
,1219,,,,645.7012329101562
,1220,,,,526.030517578125
,1221,,,,534.2969360351562
,1222,,,,727.5037841796875
,1223,,,,692.610107421875
,1224,,,,655.3057250976562
,1225,,,,655.6139526367188
,1226,,,,777.11572265625
,1227,,,,528.1513671875
,1228,,,,646.3488159179688
,1229,,,,584.3796997070312
,1230,,,,751.2891845703125
,1231,,,,846.6077270507812
,1232,,,,638.3401489257812
,1233,,,,608.7691040039062
,1234,,,,553.193359375
,1235,,,,755.194091796875
,1236,,,,610.0335083007812
,1237,,,,637.6201171875
,1238,,,,845.8028564453125
,1239,,,,1151.556640625
19,4899,,,694.24853515625,
19,4899,712.9888916015625,,,
20,4949,,859.519775390625,,
20,4999,,785.189697265625,,
20,5049,,683.2035522460938,,
20,5099,,689.4327392578125,,
,1240,,,,567.2496337890625
,1241,,,,577.852294921875
,1242,,,,767.8873901367188
,1243,,,,713.0265502929688
,1244,,,,764.2880859375
,1245,,,,767.958251953125
,1246,,,,928.5054931640625
,1247,,,,663.162109375
,1248,,,,756.2561645507812
,1249,,,,793.3302612304688
,1250,,,,680.542236328125
,1251,,,,746.1709594726562
,1252,,,,919.622802734375
,1253,,,,675.1753540039062
,1254,,,,816.8616333007812
,1255,,,,835.2164306640625
,1256,,,,792.9332275390625
,1257,,,,720.9959716796875
,1258,,,,722.5397338867188
,1259,,,,541.1282958984375
,1260,,,,958.102294921875
,1261,,,,727.2974853515625
,1262,,,,796.4566650390625
,1263,,,,504.72412109375
,1264,,,,616.5982055664062
,1265,,,,714.0903930664062
,1266,,,,610.3372802734375
,1267,,,,530.3284301757812
,1268,,,,654.482421875
,1269,,,,621.407958984375
,1270,,,,666.8499755859375
,1271,,,,686.84033203125
,1272,,,,668.724853515625
,1273,,,,742.06640625
,1274,,,,623.0269775390625
,1275,,,,847.82763671875
,1276,,,,601.3475341796875
,1277,,,,569.211181640625
,1278,,,,598.428466796875
,1279,,,,721.0697021484375
,1280,,,,818.4583740234375
,1281,,,,645.67333984375
,1282,,,,526.11181640625
,1283,,,,534.3189086914062
,1284,,,,727.4334106445312
,1285,,,,692.6512451171875
,1286,,,,655.2754516601562
,1287,,,,655.6470336914062
,1288,,,,777.060302734375
,1289,,,,528.1226806640625
,1290,,,,646.3661499023438
,1291,,,,584.3720703125
,1292,,,,751.236083984375
,1293,,,,846.618896484375
,1294,,,,638.432861328125
,1295,,,,608.7752685546875
,1296,,,,553.13427734375
,1297,,,,755.06201171875
,1298,,,,609.955078125
,1299,,,,637.578369140625
,1300,,,,845.688720703125
,1301,,,,1151.5552978515625
20,5144,,,694.228271484375,
20,5144,712.9637451171875,,,
21,5149,,571.3980102539062,,
21,5199,,695.7520751953125,,
21,5249,,582.536865234375,,
21,5299,,559.3648681640625,,
21,5349,,757.962890625,,
,1302,,,,567.2776489257812
,1303,,,,577.876708984375
,1304,,,,767.858642578125
,1305,,,,713.03857421875
,1306,,,,764.3157958984375
,1307,,,,767.8992919921875
,1308,,,,928.5101318359375
,1309,,,,663.2420043945312
,1310,,,,756.3232421875
,1311,,,,793.363037109375
,1312,,,,680.5216674804688
,1313,,,,746.1426391601562
,1314,,,,919.6416015625
,1315,,,,675.2814331054688
,1316,,,,816.9266357421875
,1317,,,,835.200439453125
,1318,,,,792.978271484375
,1319,,,,720.9945678710938
,1320,,,,722.56396484375
,1321,,,,541.1275634765625
,1322,,,,958.1475830078125
,1323,,,,727.2701416015625
,1324,,,,796.54150390625
,1325,,,,504.767578125
,1326,,,,616.5283813476562
,1327,,,,714.2025146484375
,1328,,,,610.38818359375
,1329,,,,530.348876953125
,1330,,,,654.4798583984375
,1331,,,,621.4769287109375
,1332,,,,666.8006591796875
,1333,,,,686.8501586914062
,1334,,,,668.7423095703125
,1335,,,,742.075439453125
,1336,,,,623.089599609375
,1337,,,,847.8190307617188
,1338,,,,601.383056640625
,1339,,,,569.2333984375
,1340,,,,598.4016723632812
,1341,,,,721.1038818359375
,1342,,,,818.4744262695312
,1343,,,,645.7237548828125
,1344,,,,526.069091796875
,1345,,,,534.2692260742188
,1346,,,,727.452392578125
,1347,,,,692.674072265625
,1348,,,,655.2750244140625
,1349,,,,655.68701171875
,1350,,,,777.084228515625
,1351,,,,528.1738891601562
,1352,,,,646.4208984375
,1353,,,,584.4034423828125
,1354,,,,751.2442626953125
,1355,,,,846.6110229492188
,1356,,,,638.410400390625
,1357,,,,608.8214111328125
,1358,,,,553.1756591796875
,1359,,,,755.10986328125
,1360,,,,609.9284057617188
,1361,,,,637.624755859375
,1362,,,,845.6780395507812
,1363,,,,1151.565185546875
21,5389,,,694.2474365234375,
21,5389,712.9390869140625,,,
22,5399,,901.3349609375,,
22,5449,,983.7654418945312,,
22,5499,,769.2582397460938,,
22,5549,,809.557373046875,,
22,5599,,647.15380859375,,
,1364,,,,567.2598876953125
,1365,,,,577.8643188476562
,1366,,,,767.893310546875
,1367,,,,713.0250854492188
,1368,,,,764.2882080078125
,1369,,,,767.9263305664062
,1370,,,,928.5201416015625
,1371,,,,663.117919921875
,1372,,,,756.3140869140625
,1373,,,,793.2635498046875
,1374,,,,680.4913330078125
,1375,,,,746.1021118164062
,1376,,,,919.5908813476562
,1377,,,,675.2080078125
,1378,,,,816.84814453125
,1379,,,,835.2250366210938
,1380,,,,792.9788208007812
,1381,,,,720.98046875
,1382,,,,722.50732421875
,1383,,,,541.1107788085938
,1384,,,,958.1061401367188
,1385,,,,727.18896484375
,1386,,,,796.498779296875
,1387,,,,504.68792724609375
,1388,,,,616.5463256835938
,1389,,,,714.1604614257812
,1390,,,,610.3917236328125
,1391,,,,530.3106079101562
,1392,,,,654.3695068359375
,1393,,,,621.452392578125
,1394,,,,666.8321533203125
,1395,,,,686.85986328125
,1396,,,,668.7090454101562
,1397,,,,742.0831298828125
,1398,,,,623.0750732421875
,1399,,,,847.7360229492188
,1400,,,,601.4508056640625
,1401,,,,569.1917724609375
,1402,,,,598.3382568359375
,1403,,,,721.070068359375
,1404,,,,818.4364013671875
,1405,,,,645.654296875
,1406,,,,525.96484375
,1407,,,,534.235107421875
,1408,,,,727.3408203125
,1409,,,,692.6010131835938
,1410,,,,655.262451171875
,1411,,,,655.6243896484375
,1412,,,,777.1004638671875
,1413,,,,528.1227416992188
,1414,,,,646.3038330078125
,1415,,,,584.36572265625
,1416,,,,751.2149658203125
,1417,,,,846.5474243164062
,1418,,,,638.2853393554688
,1419,,,,608.6914672851562
,1420,,,,553.0882568359375
,1421,,,,755.0032958984375
,1422,,,,609.9920043945312
,1423,,,,637.615966796875
,1424,,,,845.5582275390625
,1425,,,,1151.2811279296875
22,5634,,,694.2061157226562,
22,5634,712.9180297851562,,,
23,5649,,563.1554565429688,,
23,5699,,694.99072265625,,
23,5749,,731.3546142578125,,
23,5799,,713.78271484375,,
23,5849,,634.4304809570312,,
,1426,,,,567.2547607421875
,1427,,,,577.861328125
,1428,,,,767.8564453125
,1429,,,,713.0098876953125
,1430,,,,764.1790771484375
,1431,,,,767.8731079101562
,1432,,,,928.4944458007812
,1433,,,,663.12744140625
,1434,,,,756.3194580078125
,1435,,,,793.269287109375
,1436,,,,680.4556884765625
,1437,,,,746.0020751953125
,1438,,,,919.5996704101562
,1439,,,,675.1757202148438
,1440,,,,816.806640625
,1441,,,,835.2095947265625
,1442,,,,793.005126953125
,1443,,,,720.9039306640625
,1444,,,,722.451904296875
,1445,,,,541.152099609375
,1446,,,,958.0757446289062
,1447,,,,727.23486328125
,1448,,,,796.4700317382812
,1449,,,,504.6853332519531
,1450,,,,616.4959716796875
,1451,,,,714.134033203125
,1452,,,,610.3310546875
,1453,,,,530.3178100585938
,1454,,,,654.325927734375
,1455,,,,621.4713134765625
,1456,,,,666.8331298828125
,1457,,,,686.787109375
,1458,,,,668.6000366210938
,1459,,,,742.0743408203125
,1460,,,,623.034423828125
,1461,,,,847.7740478515625
,1462,,,,601.385498046875
,1463,,,,569.2156982421875
,1464,,,,598.342041015625
,1465,,,,721.0518188476562
,1466,,,,818.4114990234375
,1467,,,,645.6185302734375
,1468,,,,526.0711669921875
,1469,,,,534.2681884765625
,1470,,,,727.357666015625
,1471,,,,692.5939331054688
,1472,,,,655.292724609375
,1473,,,,655.5870971679688
,1474,,,,777.0282592773438
,1475,,,,528.101806640625
,1476,,,,646.2708740234375
,1477,,,,584.336669921875
,1478,,,,751.1524047851562
,1479,,,,846.4764404296875
,1480,,,,638.3265380859375
,1481,,,,608.7109375
,1482,,,,553.1275024414062
,1483,,,,755.07861328125
,1484,,,,609.920166015625
,1485,,,,637.5501708984375
,1486,,,,845.5958251953125
,1487,,,,1151.683837890625
23,5879,,,694.190185546875,
23,5879,712.9061279296875,,,
24,5899,,737.1334228515625,,
24,5949,,731.3368530273438,,
24,5999,,613.3851318359375,,
24,6049,,826.9009399414062,,
24,6099,,643.1644287109375,,
,1488,,,,567.253662109375
,1489,,,,577.8477172851562
,1490,,,,767.854248046875
,1491,,,,713.038818359375
,1492,,,,764.223388671875
,1493,,,,767.96923828125
,1494,,,,928.5432739257812
,1495,,,,663.0565185546875
,1496,,,,756.2349853515625
,1497,,,,793.2021484375
,1498,,,,680.5119018554688
,1499,,,,746.0321044921875
,1500,,,,919.5467529296875
,1501,,,,675.1676635742188
,1502,,,,816.76416015625
,1503,,,,835.2550659179688
,1504,,,,792.9512939453125
,1505,,,,720.9336547851562
,1506,,,,722.5215454101562
,1507,,,,541.143310546875
,1508,,,,958.00634765625
,1509,,,,727.218505859375
,1510,,,,796.450439453125
,1511,,,,504.6808776855469
,1512,,,,616.5133666992188
,1513,,,,714.1102905273438
,1514,,,,610.3115234375
,1515,,,,530.2987060546875
,1516,,,,654.3662109375
,1517,,,,621.40234375
,1518,,,,666.825439453125
,1519,,,,686.8438720703125
,1520,,,,668.6873168945312
,1521,,,,742.0653076171875
,1522,,,,623.0487060546875
,1523,,,,847.763427734375
,1524,,,,601.3756713867188
,1525,,,,569.2518310546875
,1526,,,,598.3621826171875
,1527,,,,721.10009765625
,1528,,,,818.4108276367188
,1529,,,,645.6680908203125
,1530,,,,526.0034790039062
,1531,,,,534.32275390625
,1532,,,,727.3118896484375
,1533,,,,692.5986328125
,1534,,,,655.2037353515625
,1535,,,,655.56884765625
,1536,,,,777.018310546875
,1537,,,,528.1118774414062
,1538,,,,646.283447265625
,1539,,,,584.3621826171875
,1540,,,,751.17626953125
,1541,,,,846.5523681640625
,1542,,,,638.28955078125
,1543,,,,608.686279296875
,1544,,,,553.1371459960938
,1545,,,,755.032958984375
,1546,,,,609.9900512695312
,1547,,,,637.5589599609375
,1548,,,,845.6173706054688
,1549,,,,1151.587646484375
24,6124,,,694.191650390625,
24,6124,712.8954467773438,,,
25,6149,,759.9649658203125,,
25,6199,,690.4284057617188,,
25,6249,,716.5757446289062,,
25,6299,,668.1815185546875,,
25,6349,,695.5787963867188,,
,1550,,,,567.2531127929688
,1551,,,,577.824951171875
,1552,,,,767.8356323242188
,1553,,,,713.0125732421875
,1554,,,,764.3370971679688
,1555,,,,767.8760986328125
,1556,,,,928.48583984375
,1557,,,,663.095703125
,1558,,,,756.236083984375
,1559,,,,793.2439575195312
,1560,,,,680.52734375
,1561,,,,746.0726318359375
,1562,,,,919.498046875
,1563,,,,675.265625
,1564,,,,816.839111328125
,1565,,,,835.1934814453125
,1566,,,,792.958740234375
,1567,,,,720.9091186523438
,1568,,,,722.4091796875
,1569,,,,541.1676025390625
,1570,,,,958.05615234375
,1571,,,,727.201171875
,1572,,,,796.4357299804688
,1573,,,,504.6708679199219
,1574,,,,616.5071411132812
,1575,,,,714.149658203125
,1576,,,,610.3275756835938
,1577,,,,530.282958984375
,1578,,,,654.3795776367188
,1579,,,,621.4083251953125
,1580,,,,666.79443359375
,1581,,,,686.8514404296875
,1582,,,,668.7479858398438
,1583,,,,741.9619750976562
,1584,,,,623.0498046875
,1585,,,,847.860107421875
,1586,,,,601.351806640625
,1587,,,,569.1926879882812
,1588,,,,598.341064453125
,1589,,,,721.0708618164062
,1590,,,,818.4053955078125
,1591,,,,645.669189453125
,1592,,,,526.0060424804688
,1593,,,,534.3055419921875
,1594,,,,727.320556640625
,1595,,,,692.579345703125
,1596,,,,655.29443359375
,1597,,,,655.5223388671875
,1598,,,,777.0640869140625
,1599,,,,528.1560668945312
,1600,,,,646.25146484375
,1601,,,,584.294677734375
,1602,,,,751.2113647460938
,1603,,,,846.5386962890625
,1604,,,,638.3095703125
,1605,,,,608.6956787109375
,1606,,,,553.0792236328125
,1607,,,,755.0370483398438
,1608,,,,610.0546264648438
,1609,,,,637.5757446289062
,1610,,,,845.6388549804688
,1611,,,,1151.7177734375
25,6369,,,694.1929321289062,
25,6369,712.8742065429688,,,
26,6399,,703.6573486328125,,
26,6449,,655.3463745117188,,
26,6499,,657.8004760742188,,
26,6549,,861.441162109375,,
26,6599,,691.8823852539062,,
,1612,,,,567.21630859375
,1613,,,,577.8154296875
,1614,,,,767.8419799804688
,1615,,,,712.9606323242188
,1616,,,,764.1412353515625
,1617,,,,767.8795166015625
,1618,,,,928.4298095703125
,1619,,,,663.0640869140625
,1620,,,,756.2477416992188
,1621,,,,793.2406005859375
,1622,,,,680.4374389648438
,1623,,,,746.0259399414062
,1624,,,,919.4657592773438
,1625,,,,675.22314453125
,1626,,,,816.8682861328125
,1627,,,,835.171875
,1628,,,,792.9279174804688
,1629,,,,720.9625854492188
,1630,,,,722.4022827148438
,1631,,,,541.1266479492188
,1632,,,,958.0643920898438
,1633,,,,727.2181396484375
,1634,,,,796.4381103515625
,1635,,,,504.6290588378906
,1636,,,,616.488525390625
,1637,,,,714.0463256835938
,1638,,,,610.283935546875
,1639,,,,530.288818359375
,1640,,,,654.461181640625
,1641,,,,621.4039306640625
,1642,,,,666.7290649414062
,1643,,,,686.8723754882812
,1644,,,,668.641357421875
,1645,,,,742.016845703125
,1646,,,,623.0745849609375
,1647,,,,847.7611083984375
,1648,,,,601.3585205078125
,1649,,,,569.16357421875
,1650,,,,598.3385009765625
,1651,,,,721.0798950195312
,1652,,,,818.3880615234375
,1653,,,,645.607666015625
,1654,,,,525.98095703125
,1655,,,,534.2945556640625
,1656,,,,727.3729858398438
,1657,,,,692.5481567382812
,1658,,,,655.2017211914062
,1659,,,,655.5894775390625
,1660,,,,777.064697265625
,1661,,,,528.1657104492188
,1662,,,,646.294921875
,1663,,,,584.3043823242188
,1664,,,,751.165283203125
,1665,,,,846.5257568359375
,1666,,,,638.3201904296875
,1667,,,,608.6998291015625
,1668,,,,553.0799560546875
,1669,,,,755.031005859375
,1670,,,,609.9984130859375
,1671,,,,637.4581298828125
,1672,,,,845.6396484375
,1673,,,,1151.419189453125
26,6614,,,694.1731567382812,
26,6614,712.8662719726562,,,
27,6649,,686.6262817382812,,
27,6699,,606.8267822265625,,
27,6749,,564.5439453125,,
27,6799,,577.2691040039062,,
27,6849,,739.4205322265625,,
,1674,,,,567.24755859375
,1675,,,,577.76806640625
,1676,,,,767.9113159179688
,1677,,,,713.084228515625
,1678,,,,764.236083984375
,1679,,,,767.9299926757812
,1680,,,,928.5078125
,1681,,,,663.0650634765625
,1682,,,,756.1600341796875
,1683,,,,793.3072509765625
,1684,,,,680.5661010742188
,1685,,,,746.0582885742188
,1686,,,,919.5675048828125
,1687,,,,675.2440795898438
,1688,,,,816.8423461914062
,1689,,,,835.2186889648438
,1690,,,,792.9329223632812
,1691,,,,720.9210205078125
,1692,,,,722.4292602539062
,1693,,,,541.1456298828125
,1694,,,,958.024658203125
,1695,,,,727.27685546875
,1696,,,,796.4647216796875
,1697,,,,504.6602783203125
,1698,,,,616.5377197265625
,1699,,,,714.10498046875
,1700,,,,610.3336181640625
,1701,,,,530.3199462890625
,1702,,,,654.4771118164062
,1703,,,,621.4505615234375
,1704,,,,666.7789306640625
,1705,,,,686.8712768554688
,1706,,,,668.714599609375
,1707,,,,742.0551147460938
,1708,,,,622.9489135742188
,1709,,,,847.7030029296875
,1710,,,,601.3538818359375
,1711,,,,569.171142578125
,1712,,,,598.3387451171875
,1713,,,,721.03369140625
,1714,,,,818.4025268554688
,1715,,,,645.6163940429688
,1716,,,,525.9898681640625
,1717,,,,534.2867431640625
,1718,,,,727.3619384765625
,1719,,,,692.5814208984375
,1720,,,,655.1987915039062
,1721,,,,655.5848388671875
,1722,,,,777.0824584960938
,1723,,,,528.1976318359375
,1724,,,,646.2843017578125
,1725,,,,584.2990112304688
,1726,,,,751.1746826171875
,1727,,,,846.5576171875
,1728,,,,638.2957763671875
,1729,,,,608.7450561523438
,1730,,,,553.0790405273438
,1731,,,,755.056396484375
,1732,,,,609.9835815429688
,1733,,,,637.4990234375
,1734,,,,845.538818359375
,1735,,,,1151.4697265625
27,6859,,,694.1904907226562,
27,6859,712.846435546875,,,
28,6899,,689.9136962890625,,
28,6949,,705.426513671875,,
28,6999,,814.3961791992188,,
28,7049,,613.1212158203125,,
28,7099,,629.1185913085938,,
,1736,,,,567.1533203125
,1737,,,,577.7598876953125
,1738,,,,767.8409423828125
,1739,,,,713.0511474609375
,1740,,,,764.1607055664062
,1741,,,,767.8995971679688
,1742,,,,928.520263671875
,1743,,,,662.986328125
,1744,,,,756.1805419921875
,1745,,,,793.2747192382812
,1746,,,,680.5057373046875
,1747,,,,745.9866943359375
,1748,,,,919.505615234375
,1749,,,,675.1151123046875
,1750,,,,816.8571166992188
,1751,,,,835.145263671875
,1752,,,,792.90234375
,1753,,,,720.9510498046875
,1754,,,,722.3967895507812
,1755,,,,541.0761108398438
,1756,,,,958.046630859375
,1757,,,,727.1849365234375
,1758,,,,796.3811645507812
,1759,,,,504.5948486328125
,1760,,,,616.4833984375
,1761,,,,714.1414184570312
,1762,,,,610.3155517578125
,1763,,,,530.2734375
,1764,,,,654.4190673828125
,1765,,,,621.3736572265625
,1766,,,,666.783447265625
,1767,,,,686.7918701171875
,1768,,,,668.6307983398438
,1769,,,,741.9423217773438
,1770,,,,623.01171875
,1771,,,,847.7557373046875
,1772,,,,601.3005981445312
,1773,,,,569.1586303710938
,1774,,,,598.302978515625
,1775,,,,721.012451171875
,1776,,,,818.3595581054688
,1777,,,,645.6482543945312
,1778,,,,525.9974365234375
,1779,,,,534.290771484375
,1780,,,,727.3006591796875
,1781,,,,692.5546264648438
,1782,,,,655.2073364257812
,1783,,,,655.6030883789062
,1784,,,,777.1343994140625
,1785,,,,528.1749267578125
,1786,,,,646.1996459960938
,1787,,,,584.3020629882812
,1788,,,,751.1514282226562
,1789,,,,846.42919921875
,1790,,,,638.283447265625
,1791,,,,608.6127319335938
,1792,,,,553.054931640625
,1793,,,,755.0390014648438
,1794,,,,609.9874267578125
,1795,,,,637.5117797851562
,1796,,,,845.5745849609375
,1797,,,,1151.620361328125
28,7104,,,694.1583862304688,
28,7104,712.8272094726562,,,
29,7149,,580.4814453125,,
29,7199,,737.4640502929688,,
29,7249,,630.4102783203125,,
29,7299,,693.38134765625,,
29,7349,,596.9632568359375,,
,1798,,,,567.2174072265625
,1799,,,,577.833984375
,1800,,,,767.8271484375
,1801,,,,713.052490234375
,1802,,,,764.1837768554688
,1803,,,,767.95361328125
,1804,,,,928.4547119140625
,1805,,,,663.0391845703125
,1806,,,,756.2431030273438
,1807,,,,793.2149047851562
,1808,,,,680.48193359375
,1809,,,,746.0365600585938
,1810,,,,919.571044921875
,1811,,,,675.0885009765625
,1812,,,,816.8853149414062
,1813,,,,835.2042236328125
,1814,,,,792.9765625
,1815,,,,720.9788818359375
,1816,,,,722.4913330078125
,1817,,,,541.09814453125
,1818,,,,958.0892333984375
,1819,,,,727.240478515625
,1820,,,,796.4262084960938
,1821,,,,504.68585205078125
,1822,,,,616.515869140625
,1823,,,,714.1522827148438
,1824,,,,610.393798828125
,1825,,,,530.2559814453125
,1826,,,,654.3450317382812
,1827,,,,621.4224853515625
,1828,,,,666.8350219726562
,1829,,,,686.766357421875
,1830,,,,668.661865234375
,1831,,,,741.9656372070312
,1832,,,,622.97802734375
,1833,,,,847.712158203125
,1834,,,,601.316162109375
,1835,,,,569.2198486328125
,1836,,,,598.3189697265625
,1837,,,,721.0810546875
,1838,,,,818.4493408203125
,1839,,,,645.635986328125
,1840,,,,525.9679565429688
,1841,,,,534.3199462890625
,1842,,,,727.3600463867188
,1843,,,,692.5996704101562
,1844,,,,655.2093505859375
,1845,,,,655.588623046875
,1846,,,,777.095703125
,1847,,,,528.1110229492188
,1848,,,,646.2747802734375
,1849,,,,584.356689453125
,1850,,,,751.1683959960938
,1851,,,,846.4725341796875
,1852,,,,638.2384033203125
,1853,,,,608.6322021484375
,1854,,,,553.044921875
,1855,,,,755.0777587890625
,1856,,,,609.9332275390625
,1857,,,,637.5059814453125
,1858,,,,845.6834716796875
,1859,,,,1151.323974609375
29,7349,,,694.179443359375,
29,7349,712.8221435546875,,,
30,7399,,698.0650634765625,,
30,7449,,639.1534423828125,,
30,7499,,723.0014038085938,,
30,7549,,673.781982421875,,
,1860,,,,567.13427734375
,1861,,,,577.7591552734375
,1862,,,,767.8160400390625
,1863,,,,712.9664916992188
,1864,,,,764.1603393554688
,1865,,,,767.869873046875
,1866,,,,928.4866333007812
,1867,,,,663.0084228515625
,1868,,,,756.1817016601562
,1869,,,,793.2122192382812
,1870,,,,680.5057373046875
,1871,,,,746.0289306640625
,1872,,,,919.4765014648438
,1873,,,,675.027099609375
,1874,,,,816.7572021484375
,1875,,,,835.1690063476562
,1876,,,,792.9014282226562
,1877,,,,720.9725952148438
,1878,,,,722.3956298828125
,1879,,,,541.0556640625
,1880,,,,958.0362548828125
,1881,,,,727.1829223632812
,1882,,,,796.35888671875
,1883,,,,504.6431579589844
,1884,,,,616.51171875
,1885,,,,714.117431640625
,1886,,,,610.2955322265625
,1887,,,,530.2466430664062
,1888,,,,654.394775390625
,1889,,,,621.3311767578125
,1890,,,,666.7252197265625
,1891,,,,686.774169921875
,1892,,,,668.693603515625
,1893,,,,741.9403076171875
,1894,,,,622.9806518554688
,1895,,,,847.7293701171875
,1896,,,,601.2877807617188
,1897,,,,569.167724609375
,1898,,,,598.3173828125
,1899,,,,720.93505859375
,1900,,,,818.3758544921875
,1901,,,,645.612060546875
,1902,,,,526.01318359375
,1903,,,,534.2384033203125
,1904,,,,727.2796630859375
,1905,,,,692.5559692382812
,1906,,,,655.1188354492188
,1907,,,,655.5676879882812
,1908,,,,777.053955078125
,1909,,,,528.1563720703125
,1910,,,,646.2227783203125
,1911,,,,584.3139038085938
,1912,,,,751.1749877929688
,1913,,,,846.4840698242188
,1914,,,,638.220458984375
,1915,,,,608.6297607421875
,1916,,,,553.0352783203125
,1917,,,,755.039306640625
,1918,,,,609.9869384765625
,1919,,,,637.4281005859375
,1920,,,,845.5777587890625
,1921,,,,1151.6480712890625
30,7594,,,694.142822265625,
30,7594,712.8021850585938,,,
31,7599,,576.70947265625,,
31,7649,,572.5264892578125,,
31,7699,,627.9833984375,,
31,7749,,690.1279907226562,,
31,7799,,615.9669189453125,,
,1922,,,,567.19287109375
,1923,,,,577.723876953125
,1924,,,,767.8143310546875
,1925,,,,712.9677124023438
,1926,,,,764.19384765625
,1927,,,,767.8504638671875
,1928,,,,928.5317993164062
,1929,,,,663.1130981445312
,1930,,,,756.152099609375
,1931,,,,793.2799682617188
,1932,,,,680.566650390625
,1933,,,,746.0482788085938
,1934,,,,919.5302734375
,1935,,,,675.14599609375
,1936,,,,816.7156982421875
,1937,,,,835.1029052734375
,1938,,,,792.9276733398438
,1939,,,,720.84423828125
,1940,,,,722.4512939453125
,1941,,,,541.12060546875
,1942,,,,957.97607421875
,1943,,,,727.1768798828125
,1944,,,,796.4759521484375
,1945,,,,504.7382507324219
,1946,,,,616.468994140625
,1947,,,,714.1622924804688
,1948,,,,610.38427734375
,1949,,,,530.2988891601562
,1950,,,,654.361328125
,1951,,,,621.390380859375
,1952,,,,666.83349609375
,1953,,,,686.7613525390625
,1954,,,,668.6168212890625
,1955,,,,741.9971923828125
,1956,,,,622.95263671875
,1957,,,,847.6875610351562
,1958,,,,601.3392944335938
,1959,,,,569.140869140625
,1960,,,,598.255615234375
,1961,,,,720.9563598632812
,1962,,,,818.377197265625
,1963,,,,645.6174926757812
,1964,,,,525.9249877929688
,1965,,,,534.23388671875
,1966,,,,727.1942749023438
,1967,,,,692.5965576171875
,1968,,,,655.1641235351562
,1969,,,,655.5601196289062
,1970,,,,776.898681640625
,1971,,,,528.1512451171875
,1972,,,,646.2212524414062
,1973,,,,584.3009643554688
,1974,,,,751.0825805664062
,1975,,,,846.4755859375
,1976,,,,638.271240234375
,1977,,,,608.662109375
,1978,,,,553.1408081054688
,1979,,,,754.968505859375
,1980,,,,609.96044921875
,1981,,,,637.5436401367188
,1982,,,,845.5628662109375
,1983,,,,1152.0068359375
31,7839,,,694.1527099609375,
31,7839,712.7904663085938,,,
32,7849,,543.9666748046875,,
32,7899,,635.343505859375,,
32,7949,,722.490966796875,,
32,7999,,749.706298828125,,
32,8049,,704.2716674804688,,
,1984,,,,567.2014770507812
,1985,,,,577.740966796875
,1986,,,,767.8402709960938
,1987,,,,713.0233764648438
,1988,,,,764.1891479492188
,1989,,,,767.8914794921875
,1990,,,,928.435302734375
,1991,,,,663.0407104492188
,1992,,,,756.2136840820312
,1993,,,,793.2172241210938
,1994,,,,680.549072265625
,1995,,,,746.0072021484375
,1996,,,,919.468505859375
,1997,,,,675.1063232421875
,1998,,,,816.8180541992188
,1999,,,,835.137939453125
,2000,,,,792.9835205078125
,2001,,,,720.831787109375
,2002,,,,722.5040893554688
,2003,,,,541.140625
,2004,,,,957.9457397460938
,2005,,,,727.198486328125
,2006,,,,796.4412841796875
,2007,,,,504.6839904785156
,2008,,,,616.4666748046875
,2009,,,,714.0917358398438
,2010,,,,610.350341796875
,2011,,,,530.2522583007812
,2012,,,,654.3170166015625
,2013,,,,621.3994140625
,2014,,,,666.8031005859375
,2015,,,,686.8053588867188
,2016,,,,668.62939453125
,2017,,,,742.043701171875
,2018,,,,622.9728393554688
,2019,,,,847.67529296875
,2020,,,,601.3123779296875
,2021,,,,569.1168212890625
,2022,,,,598.3050537109375
,2023,,,,721.0174560546875
,2024,,,,818.3857421875
,2025,,,,645.61328125
,2026,,,,525.9135131835938
,2027,,,,534.2791748046875
,2028,,,,727.3099365234375
,2029,,,,692.5608520507812
,2030,,,,655.171630859375
,2031,,,,655.5902099609375
,2032,,,,776.9992065429688
,2033,,,,528.153076171875
,2034,,,,646.2408447265625
,2035,,,,584.3411254882812
,2036,,,,751.0946044921875
,2037,,,,846.467529296875
,2038,,,,638.2628784179688
,2039,,,,608.622802734375
,2040,,,,553.1221923828125
,2041,,,,754.9671630859375
,2042,,,,609.921142578125
,2043,,,,637.52294921875
,2044,,,,845.5641479492188
,2045,,,,1151.5272216796875
32,8084,,,694.1527709960938,
32,8084,712.7833862304688,,,
33,8099,,797.4910278320312,,
33,8149,,729.8579711914062,,
33,8199,,702.8767700195312,,
33,8249,,776.33349609375,,
33,8299,,690.36181640625,,
,2046,,,,567.1982421875
,2047,,,,577.7195434570312
,2048,,,,767.7720947265625
,2049,,,,712.913818359375
,2050,,,,764.2005615234375
,2051,,,,767.92529296875
,2052,,,,928.5159912109375
,2053,,,,662.975830078125
,2054,,,,756.1674194335938
,2055,,,,793.2123413085938
,2056,,,,680.4873046875
,2057,,,,746.0575561523438
,2058,,,,919.4896240234375
,2059,,,,675.082275390625
,2060,,,,816.8245849609375
,2061,,,,835.1270751953125
,2062,,,,792.922119140625
,2063,,,,720.8809814453125
,2064,,,,722.34521484375
,2065,,,,541.0941162109375
,2066,,,,958.0028686523438
,2067,,,,727.1363525390625
,2068,,,,796.3797607421875
,2069,,,,504.599365234375
,2070,,,,616.5020141601562
,2071,,,,714.1805419921875
,2072,,,,610.3221435546875
,2073,,,,530.2545776367188
,2074,,,,654.3785400390625
,2075,,,,621.3741455078125
,2076,,,,666.80908203125
,2077,,,,686.7720947265625
,2078,,,,668.6109619140625
,2079,,,,742.0189819335938
,2080,,,,623.0093994140625
,2081,,,,847.7171630859375
,2082,,,,601.3580322265625
,2083,,,,569.153564453125
,2084,,,,598.2891845703125
,2085,,,,720.9482421875
,2086,,,,818.3681030273438
,2087,,,,645.59033203125
,2088,,,,525.912353515625
,2089,,,,534.2012329101562
,2090,,,,727.2894287109375
,2091,,,,692.535888671875
,2092,,,,655.0947875976562
,2093,,,,655.531494140625
,2094,,,,777.012451171875
,2095,,,,528.1355590820312
,2096,,,,646.2044677734375
,2097,,,,584.3224487304688
,2098,,,,751.1134033203125
,2099,,,,846.4710083007812
,2100,,,,638.2720947265625
,2101,,,,608.6669921875
,2102,,,,553.1350708007812
,2103,,,,755.0130004882812
,2104,,,,609.961669921875
,2105,,,,637.54296875
,2106,,,,845.585693359375
,2107,,,,1151.349853515625
33,8329,,,694.1427001953125,
33,8329,712.765869140625,,,
34,8349,,667.566650390625,,
34,8399,,797.9423828125,,
34,8449,,594.8359985351562,,
34,8499,,563.461181640625,,
34,8549,,745.0230712890625,,
,2108,,,,567.1546630859375
,2109,,,,577.7296142578125
,2110,,,,767.7982788085938
,2111,,,,712.9496459960938
,2112,,,,764.1948852539062
,2113,,,,767.93017578125
,2114,,,,928.4633178710938
,2115,,,,663.0109252929688
,2116,,,,756.1480712890625
,2117,,,,793.17138671875
,2118,,,,680.462646484375
,2119,,,,746.0189819335938
,2120,,,,919.47802734375
,2121,,,,675.1060791015625
,2122,,,,816.8045043945312
,2123,,,,835.1842651367188
,2124,,,,792.95849609375
,2125,,,,720.9109497070312
,2126,,,,722.4166259765625
,2127,,,,541.04345703125
,2128,,,,957.9818115234375
,2129,,,,727.1636352539062
,2130,,,,796.4049072265625
,2131,,,,504.6421203613281
,2132,,,,616.4513549804688
,2133,,,,714.1463012695312
,2134,,,,610.31787109375
,2135,,,,530.206298828125
,2136,,,,654.28466796875
,2137,,,,621.357421875
,2138,,,,666.7994995117188
,2139,,,,686.7528076171875
,2140,,,,668.578369140625
,2141,,,,742.0198974609375
,2142,,,,622.9415893554688
,2143,,,,847.697509765625
,2144,,,,601.31201171875
,2145,,,,569.172607421875
,2146,,,,598.267578125
,2147,,,,721.0004272460938
,2148,,,,818.4097900390625
,2149,,,,645.544189453125
,2150,,,,525.9315795898438
,2151,,,,534.2886962890625
,2152,,,,727.3284912109375
,2153,,,,692.5021362304688
,2154,,,,655.118408203125
,2155,,,,655.5066528320312
,2156,,,,777.00830078125
,2157,,,,528.055419921875
,2158,,,,646.2581176757812
,2159,,,,584.2908935546875
,2160,,,,751.146728515625
,2161,,,,846.5313720703125
,2162,,,,638.2344360351562
,2163,,,,608.6275634765625
,2164,,,,553.109375
,2165,,,,754.9590454101562
,2166,,,,609.9307250976562
,2167,,,,637.491943359375
,2168,,,,845.6302490234375
,2169,,,,1151.198486328125
34,8574,,,694.1363525390625,
34,8574,712.7599487304688,,,
35,8599,,586.0767822265625,,
35,8649,,847.4105224609375,,
35,8699,,621.5111083984375,,
35,8749,,728.4031982421875,,
35,8799,,698.0936889648438,,
,2170,,,,567.1077270507812
,2171,,,,577.7068481445312
,2172,,,,767.8382568359375
,2173,,,,712.97802734375
,2174,,,,764.110107421875
,2175,,,,767.8896484375
,2176,,,,928.4853515625
,2177,,,,662.97119140625
,2178,,,,756.1136474609375
,2179,,,,793.17529296875
,2180,,,,680.3994140625
,2181,,,,746.0382080078125
,2182,,,,919.4652709960938
,2183,,,,675.04443359375
,2184,,,,816.7787475585938
,2185,,,,835.0875244140625
,2186,,,,792.922607421875
,2187,,,,720.8585815429688
,2188,,,,722.4500732421875
,2189,,,,541.05712890625
,2190,,,,957.9881591796875
,2191,,,,727.20263671875
,2192,,,,796.33935546875
,2193,,,,504.6390686035156
,2194,,,,616.45654296875
,2195,,,,714.1465454101562
,2196,,,,610.26123046875
,2197,,,,530.232177734375
,2198,,,,654.3330078125
,2199,,,,621.350341796875
,2200,,,,666.8187866210938
,2201,,,,686.7286376953125
,2202,,,,668.6174926757812
,2203,,,,741.9647827148438
,2204,,,,622.9365234375
,2205,,,,847.6195068359375
,2206,,,,601.249267578125
,2207,,,,569.1502075195312
,2208,,,,598.2590942382812
,2209,,,,720.9483642578125
,2210,,,,818.3418579101562
,2211,,,,645.5706176757812
,2212,,,,525.9532470703125
,2213,,,,534.2471923828125
,2214,,,,727.2376708984375
,2215,,,,692.5535278320312
,2216,,,,655.1181640625
,2217,,,,655.4611206054688
,2218,,,,776.9656372070312
,2219,,,,528.0560302734375
,2220,,,,646.2431640625
,2221,,,,584.3157958984375
,2222,,,,751.109619140625
,2223,,,,846.4823608398438
,2224,,,,638.218505859375
,2225,,,,608.6065673828125
,2226,,,,553.05908203125
,2227,,,,754.914794921875
,2228,,,,609.9130859375
,2229,,,,637.442626953125
,2230,,,,845.5547485351562
,2231,,,,1151.8729248046875
35,8819,,,694.1182250976562,
35,8819,712.751220703125,,,
36,8849,,723.6079711914062,,
36,8899,,790.8277587890625,,
36,8949,,719.55419921875,,
36,8999,,710.0238037109375,,
36,9049,,736.41552734375,,
,2232,,,,567.096923828125
,2233,,,,577.6796875
,2234,,,,767.7783813476562
,2235,,,,712.9442138671875
,2236,,,,764.0964965820312
,2237,,,,767.782958984375
,2238,,,,928.4473876953125
,2239,,,,663.0114135742188
,2240,,,,756.13525390625
,2241,,,,793.173583984375
,2242,,,,680.4501953125
,2243,,,,746.034423828125
,2244,,,,919.38330078125
,2245,,,,675.1048583984375
,2246,,,,816.7363891601562
,2247,,,,835.0587768554688
,2248,,,,792.8873291015625
,2249,,,,720.8790283203125
,2250,,,,722.3630981445312
,2251,,,,541.0538330078125
,2252,,,,957.91650390625
,2253,,,,727.1644897460938
,2254,,,,796.3521728515625
,2255,,,,504.6004638671875
,2256,,,,616.454345703125
,2257,,,,714.1630859375
,2258,,,,610.3309326171875
,2259,,,,530.1839599609375
,2260,,,,654.3399658203125
,2261,,,,621.3077392578125
,2262,,,,666.7504272460938
,2263,,,,686.7412109375
,2264,,,,668.5711669921875
,2265,,,,741.9520263671875
,2266,,,,622.959228515625
,2267,,,,847.6572265625
,2268,,,,601.26611328125
,2269,,,,569.125732421875
,2270,,,,598.2315673828125
,2271,,,,720.9017944335938
,2272,,,,818.3096923828125
,2273,,,,645.584228515625
,2274,,,,525.9210815429688
,2275,,,,534.240234375
,2276,,,,727.202880859375
,2277,,,,692.508544921875
,2278,,,,655.077392578125
,2279,,,,655.4912719726562
,2280,,,,776.896728515625
,2281,,,,528.0584106445312
,2282,,,,646.1796264648438
,2283,,,,584.30419921875
,2284,,,,751.0567626953125
,2285,,,,846.3887939453125
,2286,,,,638.2568969726562
,2287,,,,608.625244140625
,2288,,,,553.080322265625
,2289,,,,754.947265625
,2290,,,,609.8680419921875
,2291,,,,637.4132080078125
,2292,,,,845.5040283203125
,2293,,,,1151.8092041015625
36,9064,,,694.1001586914062,
36,9064,712.7371826171875,,,
37,9099,,620.2371215820312,,
37,9149,,802.2910766601562,,
37,9199,,677.4891967773438,,
37,9249,,695.7061767578125,,
37,9299,,800.8045043945312,,
,2294,,,,567.0955810546875
,2295,,,,577.7210693359375
,2296,,,,767.848876953125
,2297,,,,712.9927978515625
,2298,,,,764.0771484375
,2299,,,,767.9182739257812
,2300,,,,928.445068359375
,2301,,,,662.944580078125
,2302,,,,756.1304931640625
,2303,,,,793.16796875
,2304,,,,680.47998046875
,2305,,,,746.052734375
,2306,,,,919.5045166015625
,2307,,,,675.0743408203125
,2308,,,,816.7532958984375
,2309,,,,835.1605224609375
,2310,,,,792.9185791015625
,2311,,,,720.9411010742188
,2312,,,,722.4412841796875
,2313,,,,541.0319213867188
,2314,,,,957.9979248046875
,2315,,,,727.2100830078125
,2316,,,,796.3228759765625
,2317,,,,504.60833740234375
,2318,,,,616.4835205078125
,2319,,,,714.061767578125
,2320,,,,610.268310546875
,2321,,,,530.2058715820312
,2322,,,,654.2468872070312
,2323,,,,621.3963623046875
,2324,,,,666.801513671875
,2325,,,,686.72705078125
,2326,,,,668.5025634765625
,2327,,,,741.945068359375
,2328,,,,622.954833984375
,2329,,,,847.6209716796875
,2330,,,,601.241943359375
,2331,,,,569.152587890625
,2332,,,,598.26513671875
,2333,,,,720.981689453125
,2334,,,,818.3953857421875
,2335,,,,645.5962524414062
,2336,,,,525.9993896484375
,2337,,,,534.24267578125
,2338,,,,727.2769165039062
,2339,,,,692.5844116210938
,2340,,,,655.1251220703125
,2341,,,,655.494873046875
,2342,,,,776.8603515625
,2343,,,,528.038330078125
,2344,,,,646.2490234375
,2345,,,,584.3499755859375
,2346,,,,751.1199951171875
,2347,,,,846.41796875
,2348,,,,638.2003784179688
,2349,,,,608.626220703125
,2350,,,,553.000732421875
,2351,,,,754.953125
,2352,,,,609.871337890625
,2353,,,,637.4008178710938
,2354,,,,845.55224609375
,2355,,,,1151.3848876953125
37,9309,,,694.1160888671875,
37,9309,712.729248046875,,,
38,9349,,799.8983764648438,,
38,9399,,810.4171142578125,,
38,9449,,990.8634643554688,,
38,9499,,590.050048828125,,
38,9549,,750.4059448242188,,
,2356,,,,567.1227416992188
,2357,,,,577.7257080078125
,2358,,,,767.7791748046875
,2359,,,,712.9629516601562
,2360,,,,764.16357421875
,2361,,,,767.8272705078125
,2362,,,,928.43310546875
,2363,,,,662.98974609375
,2364,,,,756.136474609375
,2365,,,,793.1508178710938
,2366,,,,680.5340576171875
,2367,,,,746.0523681640625
,2368,,,,919.4962768554688
,2369,,,,675.1748046875
,2370,,,,816.7578735351562
,2371,,,,835.089111328125
,2372,,,,792.9407958984375
,2373,,,,720.9302978515625
,2374,,,,722.41650390625
,2375,,,,541.1323852539062
,2376,,,,957.8773193359375
,2377,,,,727.262451171875
,2378,,,,796.4005126953125
,2379,,,,504.65753173828125
,2380,,,,616.4442138671875
,2381,,,,714.1536254882812
,2382,,,,610.2990112304688
,2383,,,,530.2206420898438
,2384,,,,654.3056640625
,2385,,,,621.4014892578125
,2386,,,,666.7509765625
,2387,,,,686.7442626953125
,2388,,,,668.55419921875
,2389,,,,742.0139770507812
,2390,,,,622.9332885742188
,2391,,,,847.58447265625
,2392,,,,601.2947998046875
,2393,,,,569.1564331054688
,2394,,,,598.2786254882812
,2395,,,,720.9884033203125
,2396,,,,818.3469848632812
,2397,,,,645.6065673828125
,2398,,,,525.9526977539062
,2399,,,,534.1887817382812
,2400,,,,727.2587890625
,2401,,,,692.5594482421875
,2402,,,,655.1138916015625
,2403,,,,655.5396118164062
,2404,,,,776.9296875
,2405,,,,528.0938720703125
,2406,,,,646.214599609375
,2407,,,,584.2778930664062
,2408,,,,751.0894775390625
,2409,,,,846.47509765625
,2410,,,,638.212646484375
,2411,,,,608.6533203125
,2412,,,,553.1116943359375
,2413,,,,754.9546508789062
,2414,,,,609.8614501953125
,2415,,,,637.466064453125
,2416,,,,845.5660400390625
,2417,,,,1151.5401611328125
38,9554,,,694.1257934570312,
38,9554,712.7240600585938,,,
39,9599,,640.745849609375,,
39,9649,,710.1878662109375,,
39,9699,,613.1498413085938,,
39,9749,,710.3915405273438,,
39,9799,,595.667724609375,,
,2418,,,,567.056396484375
,2419,,,,577.69970703125
,2420,,,,767.74365234375
,2421,,,,712.88427734375
,2422,,,,764.160400390625
,2423,,,,767.7949829101562
,2424,,,,928.5035400390625
,2425,,,,662.991455078125
,2426,,,,756.1414794921875
,2427,,,,793.1688842773438
,2428,,,,680.5150146484375
,2429,,,,746.0142822265625
,2430,,,,919.432373046875
,2431,,,,675.0806884765625
,2432,,,,816.7821655273438
,2433,,,,835.1116943359375
,2434,,,,792.8790283203125
,2435,,,,720.9232177734375
,2436,,,,722.40185546875
,2437,,,,541.0398559570312
,2438,,,,957.99169921875
,2439,,,,727.1839599609375
,2440,,,,796.3055419921875
,2441,,,,504.5830078125
,2442,,,,616.448486328125
,2443,,,,714.1326904296875
,2444,,,,610.267333984375
,2445,,,,530.1995239257812
,2446,,,,654.3052978515625
,2447,,,,621.3261108398438
,2448,,,,666.7559814453125
,2449,,,,686.7535400390625
,2450,,,,668.63134765625
,2451,,,,741.974609375
,2452,,,,622.98486328125
,2453,,,,847.687255859375
,2454,,,,601.2632446289062
,2455,,,,569.1305541992188
,2456,,,,598.2666625976562
,2457,,,,720.9356689453125
,2458,,,,818.3507690429688
,2459,,,,645.6026611328125
,2460,,,,525.9149780273438
,2461,,,,534.2386474609375
,2462,,,,727.2425537109375
,2463,,,,692.4990844726562
,2464,,,,655.130859375
,2465,,,,655.494140625
,2466,,,,776.9698486328125
,2467,,,,528.1077880859375
,2468,,,,646.179443359375
,2469,,,,584.2962646484375
,2470,,,,751.0704345703125
,2471,,,,846.4078369140625
,2472,,,,638.1998291015625
,2473,,,,608.6209716796875
,2474,,,,553.0528564453125
,2475,,,,754.93115234375
,2476,,,,609.8949584960938
,2477,,,,637.4507446289062
,2478,,,,845.5634155273438
,2479,,,,1151.520263671875
39,9799,,,694.1101684570312,
39,9799,712.71044921875,,,
40,9849,,835.9365234375,,
40,9899,,764.2089233398438,,
40,9949,,747.5254516601562,,
40,9999,,752.75048828125,,
,2480,,,,567.07666015625
,2481,,,,577.7259521484375
,2482,,,,767.822021484375
,2483,,,,712.998291015625
,2484,,,,764.0853271484375
,2485,,,,767.8609008789062
,2486,,,,928.4730224609375
,2487,,,,662.9556884765625
,2488,,,,756.0972900390625
,2489,,,,793.160888671875
,2490,,,,680.4871826171875
,2491,,,,745.9183349609375
,2492,,,,919.444580078125
,2493,,,,675.066162109375
,2494,,,,816.746826171875
,2495,,,,835.0733642578125
,2496,,,,792.8900756835938
,2497,,,,720.8395385742188
,2498,,,,722.3766479492188
,2499,,,,541.0604858398438
,2500,,,,957.97216796875
,2501,,,,727.2274169921875
,2502,,,,796.3261108398438
,2503,,,,504.6128845214844
,2504,,,,616.4383544921875
,2505,,,,714.1485595703125
,2506,,,,610.2669067382812
,2507,,,,530.2196044921875
,2508,,,,654.249267578125
,2509,,,,621.3163452148438
,2510,,,,666.8177490234375
,2511,,,,686.6798706054688
,2512,,,,668.60009765625
,2513,,,,742.0038452148438
,2514,,,,622.9103393554688
,2515,,,,847.6053466796875
,2516,,,,601.2388305664062
,2517,,,,569.1368408203125
,2518,,,,598.2528076171875
,2519,,,,720.9561767578125
,2520,,,,818.3495483398438
,2521,,,,645.5543823242188
,2522,,,,525.8973388671875
,2523,,,,534.1965942382812
,2524,,,,727.2012329101562
,2525,,,,692.541015625
,2526,,,,655.1309204101562
,2527,,,,655.4328002929688
,2528,,,,776.8757934570312
,2529,,,,528.04345703125
,2530,,,,646.1666259765625
,2531,,,,584.2509765625
,2532,,,,751.119384765625
,2533,,,,846.4237060546875
,2534,,,,638.1565551757812
,2535,,,,608.623291015625
,2536,,,,553.0056762695312
,2537,,,,754.92041015625
,2538,,,,609.890380859375
,2539,,,,637.4363403320312
,2540,,,,845.5604248046875
,2541,,,,1151.38232421875
40,10044,,,694.097412109375,
40,10044,712.7056884765625,,,
41,10049,,728.6929931640625,,
41,10099,,785.6280517578125,,
41,10149,,769.2278442382812,,
41,10199,,685.4349365234375,,
41,10249,,607.013671875,,
,2542,,,,567.0782470703125
,2543,,,,577.7473754882812
,2544,,,,767.7545776367188
,2545,,,,712.9087524414062
,2546,,,,764.040771484375
,2547,,,,767.8594970703125
,2548,,,,928.495361328125
,2549,,,,663.005126953125
,2550,,,,756.1318969726562
,2551,,,,793.1445922851562
,2552,,,,680.46728515625
,2553,,,,745.94287109375
,2554,,,,919.489501953125
,2555,,,,675.0547485351562
,2556,,,,816.7332763671875
,2557,,,,835.0733032226562
,2558,,,,792.8650512695312
,2559,,,,720.8599853515625
,2560,,,,722.4007568359375
,2561,,,,541.1446533203125
,2562,,,,957.8662109375
,2563,,,,727.2410278320312
,2564,,,,796.3667602539062
,2565,,,,504.6459045410156
,2566,,,,616.358154296875
,2567,,,,714.1105346679688
,2568,,,,610.302001953125
,2569,,,,530.2303466796875
,2570,,,,654.260498046875
,2571,,,,621.3735961914062
,2572,,,,666.8148193359375
,2573,,,,686.7021484375
,2574,,,,668.6560668945312
,2575,,,,742.037109375
,2576,,,,622.9442749023438
,2577,,,,847.5687866210938
,2578,,,,601.25537109375
,2579,,,,569.1094970703125
,2580,,,,598.244384765625
,2581,,,,720.9784545898438
,2582,,,,818.3795166015625
,2583,,,,645.5751953125
,2584,,,,525.9328002929688
,2585,,,,534.2167358398438
,2586,,,,727.2300415039062
,2587,,,,692.546630859375
,2588,,,,655.0919189453125
,2589,,,,655.5045166015625
,2590,,,,776.885986328125
,2591,,,,528.028076171875
,2592,,,,646.1849365234375
,2593,,,,584.2601928710938
,2594,,,,751.063232421875
,2595,,,,846.401123046875
,2596,,,,638.185791015625
,2597,,,,608.6188354492188
,2598,,,,553.0511474609375
,2599,,,,754.853759765625
,2600,,,,609.8694458007812
,2601,,,,637.401123046875
,2602,,,,845.5370483398438
,2603,,,,1151.55224609375
41,10289,,,694.100830078125,
41,10289,712.6932983398438,,,
42,10299,,667.354736328125,,
42,10349,,683.525390625,,
42,10399,,807.6380004882812,,
42,10449,,881.3663330078125,,
42,10499,,736.0545654296875,,
,2604,,,,567.093994140625
,2605,,,,577.7474365234375
,2606,,,,767.7933349609375
,2607,,,,712.95751953125
,2608,,,,764.07470703125
,2609,,,,767.8685913085938
,2610,,,,928.5120849609375
,2611,,,,662.997314453125
,2612,,,,756.064697265625
,2613,,,,793.135498046875
,2614,,,,680.489501953125
,2615,,,,745.9166870117188
,2616,,,,919.4884643554688
,2617,,,,675.0557861328125
,2618,,,,816.7489013671875
,2619,,,,835.0631713867188
,2620,,,,792.941162109375
,2621,,,,720.8696899414062
,2622,,,,722.4210205078125
,2623,,,,541.0062255859375
,2624,,,,957.9566650390625
,2625,,,,727.1911010742188
,2626,,,,796.2919311523438
,2627,,,,504.5896911621094
,2628,,,,616.425048828125
,2629,,,,714.143310546875
,2630,,,,610.3074951171875
,2631,,,,530.2017822265625
,2632,,,,654.2747802734375
,2633,,,,621.33447265625
,2634,,,,666.802001953125
,2635,,,,686.658935546875
,2636,,,,668.5189819335938
,2637,,,,741.978515625
,2638,,,,622.913330078125
,2639,,,,847.585205078125
,2640,,,,601.2471923828125
,2641,,,,569.142333984375
,2642,,,,598.2457275390625
,2643,,,,720.9481201171875
,2644,,,,818.402099609375
,2645,,,,645.5828857421875
,2646,,,,525.889404296875
,2647,,,,534.2190551757812
,2648,,,,727.233154296875
,2649,,,,692.5614013671875
,2650,,,,655.0755615234375
,2651,,,,655.4442138671875
,2652,,,,776.8568115234375
,2653,,,,528.0029296875
,2654,,,,646.17529296875
,2655,,,,584.267822265625
,2656,,,,751.088134765625
,2657,,,,846.46728515625
,2658,,,,638.1607666015625
,2659,,,,608.6029052734375
,2660,,,,552.9889526367188
,2661,,,,754.94921875
,2662,,,,609.8663330078125
,2663,,,,637.3831176757812
,2664,,,,845.5809326171875
,2665,,,,1151.4256591796875
42,10534,,,694.0958251953125,
42,10534,712.6905517578125,,,
43,10549,,664.82861328125,,
43,10599,,716.363037109375,,
43,10649,,744.5588989257812,,
43,10699,,728.5625,,
43,10749,,676.5776977539062,,
,2666,,,,567.0250244140625
,2667,,,,577.6762084960938
,2668,,,,767.8140258789062
,2669,,,,712.9273681640625
,2670,,,,764.0977783203125
,2671,,,,767.7896728515625
,2672,,,,928.4979248046875
,2673,,,,662.917724609375
,2674,,,,756.0430908203125
,2675,,,,793.1224975585938
,2676,,,,680.4996337890625
,2677,,,,746.0042724609375
,2678,,,,919.4072875976562
,2679,,,,674.99951171875
,2680,,,,816.7164916992188
,2681,,,,835.07958984375
,2682,,,,792.8771362304688
,2683,,,,720.7777099609375
,2684,,,,722.29931640625
,2685,,,,540.973876953125
,2686,,,,957.93017578125
,2687,,,,727.11328125
,2688,,,,796.2491455078125
,2689,,,,504.5233154296875
,2690,,,,616.4427490234375
,2691,,,,714.0906982421875
,2692,,,,610.2760620117188
,2693,,,,530.1580810546875
,2694,,,,654.2515869140625
,2695,,,,621.3009033203125
,2696,,,,666.7852172851562
,2697,,,,686.6746826171875
,2698,,,,668.5597534179688
,2699,,,,741.946044921875
,2700,,,,622.8968505859375
,2701,,,,847.6737060546875
,2702,,,,601.220458984375
,2703,,,,569.079833984375
,2704,,,,598.1774291992188
,2705,,,,720.9005737304688
,2706,,,,818.311767578125
,2707,,,,645.540283203125
,2708,,,,525.9031982421875
,2709,,,,534.2127685546875
,2710,,,,727.2225341796875
,2711,,,,692.470458984375
,2712,,,,655.0775146484375
,2713,,,,655.3750610351562
,2714,,,,776.933837890625
,2715,,,,528.062255859375
,2716,,,,646.09033203125
,2717,,,,584.209228515625
,2718,,,,751.0798950195312
,2719,,,,846.3768310546875
,2720,,,,638.1961059570312
,2721,,,,608.5926513671875
,2722,,,,552.9970703125
,2723,,,,754.9544067382812
,2724,,,,609.9453125
,2725,,,,637.3624267578125
,2726,,,,845.5498046875
,2727,,,,1151.5218505859375
43,10779,,,694.0708618164062,
43,10779,712.6827392578125,,,
44,10799,,594.7359619140625,,
44,10849,,832.667724609375,,
44,10899,,623.9195556640625,,
44,10949,,606.8486938476562,,
44,10999,,716.8323974609375,,
,2728,,,,567.0759887695312
,2729,,,,577.7075805664062
,2730,,,,767.8048706054688
,2731,,,,712.9735107421875
,2732,,,,764.125732421875
,2733,,,,767.859619140625
,2734,,,,928.49560546875
,2735,,,,662.939697265625
,2736,,,,756.0233764648438
,2737,,,,793.0960693359375
,2738,,,,680.52783203125
,2739,,,,745.97021484375
,2740,,,,919.4715576171875
,2741,,,,674.9866943359375
,2742,,,,816.7133178710938
,2743,,,,835.1385498046875
,2744,,,,792.9163208007812
,2745,,,,720.8804931640625
,2746,,,,722.328125
,2747,,,,541.0276489257812
,2748,,,,957.9462890625
,2749,,,,727.1744384765625
,2750,,,,796.31005859375
,2751,,,,504.5415344238281
,2752,,,,616.4384155273438
,2753,,,,714.151611328125
,2754,,,,610.2852783203125
,2755,,,,530.1920166015625
,2756,,,,654.267822265625
,2757,,,,621.346435546875
,2758,,,,666.8211059570312
,2759,,,,686.6892700195312
,2760,,,,668.5702514648438
,2761,,,,741.921875
,2762,,,,622.8905029296875
,2763,,,,847.685546875
,2764,,,,601.2232666015625
,2765,,,,569.1328125
,2766,,,,598.279052734375
,2767,,,,720.9085693359375
,2768,,,,818.322265625
,2769,,,,645.56787109375
,2770,,,,525.8710327148438
,2771,,,,534.2578125
,2772,,,,727.2202758789062
,2773,,,,692.4979248046875
,2774,,,,655.0435791015625
,2775,,,,655.451171875
,2776,,,,776.9102172851562
,2777,,,,528.0454711914062
,2778,,,,646.1536865234375
,2779,,,,584.27392578125
,2780,,,,751.0732421875
,2781,,,,846.4603271484375
,2782,,,,638.181640625
,2783,,,,608.6205444335938
,2784,,,,553.0038452148438
,2785,,,,754.9248046875
,2786,,,,609.9282836914062
,2787,,,,637.4671630859375
,2788,,,,845.53857421875
,2789,,,,1151.4989013671875
44,11024,,,694.09375,
44,11024,712.6732788085938,,,
45,11049,,748.56884765625,,
45,11099,,711.0790405273438,,
45,11149,,716.374755859375,,
45,11199,,840.5642700195312,,
45,11249,,633.3892822265625,,
,2790,,,,567.1050415039062
,2791,,,,577.6527099609375
,2792,,,,767.775146484375
,2793,,,,712.9165649414062
,2794,,,,764.0867309570312
,2795,,,,767.7394409179688
,2796,,,,928.4558715820312
,2797,,,,662.9464111328125
,2798,,,,756.007568359375
,2799,,,,793.1383056640625
,2800,,,,680.4812622070312
,2801,,,,745.9764404296875
,2802,,,,919.3887939453125
,2803,,,,675.0078125
,2804,,,,816.7010498046875
,2805,,,,835.0859375
,2806,,,,792.856201171875
,2807,,,,720.79248046875
,2808,,,,722.27587890625
,2809,,,,541.0032348632812
,2810,,,,957.9041137695312
,2811,,,,727.1495361328125
,2812,,,,796.2874755859375
,2813,,,,504.56207275390625
,2814,,,,616.4232177734375
,2815,,,,714.0684814453125
,2816,,,,610.26904296875
,2817,,,,530.17626953125
,2818,,,,654.2291870117188
,2819,,,,621.322509765625
,2820,,,,666.7498779296875
,2821,,,,686.678955078125
,2822,,,,668.5601196289062
,2823,,,,741.9570922851562
,2824,,,,622.9010620117188
,2825,,,,847.6258544921875
,2826,,,,601.251953125
,2827,,,,569.095458984375
,2828,,,,598.2088012695312
,2829,,,,720.890380859375
,2830,,,,818.310546875
,2831,,,,645.518798828125
,2832,,,,525.9398193359375
,2833,,,,534.1725463867188
,2834,,,,727.1881103515625
,2835,,,,692.5111083984375
,2836,,,,655.0733642578125
,2837,,,,655.45166015625
,2838,,,,776.849365234375
,2839,,,,528.0535278320312
,2840,,,,646.1212158203125
,2841,,,,584.2515869140625
,2842,,,,751.068359375
,2843,,,,846.366455078125
,2844,,,,638.1627197265625
,2845,,,,608.64599609375
,2846,,,,553.013916015625
,2847,,,,754.870849609375
,2848,,,,609.8565673828125
,2849,,,,637.371826171875
,2850,,,,845.4744873046875
,2851,,,,1151.519775390625
45,11269,,,694.0662231445312,
45,11269,712.6685791015625,,,
46,11299,,807.6097412109375,,
46,11349,,753.3930053710938,,
46,11399,,709.808837890625,,
46,11449,,780.792724609375,,
46,11499,,785.205078125,,
,2852,,,,567.1107177734375
,2853,,,,577.6944580078125
,2854,,,,767.78564453125
,2855,,,,712.9481811523438
,2856,,,,764.0845947265625
,2857,,,,767.8046875
,2858,,,,928.4906005859375
,2859,,,,662.8912963867188
,2860,,,,756.0667724609375
,2861,,,,793.15966796875
,2862,,,,680.4892578125
,2863,,,,745.9263916015625
,2864,,,,919.381591796875
,2865,,,,675.046142578125
,2866,,,,816.7066650390625
,2867,,,,835.09033203125
,2868,,,,792.8722534179688
,2869,,,,720.8228759765625
,2870,,,,722.33837890625
,2871,,,,541.0164794921875
,2872,,,,957.9329833984375
,2873,,,,727.1834716796875
,2874,,,,796.3087158203125
,2875,,,,504.515380859375
,2876,,,,616.4019775390625
,2877,,,,714.04541015625
,2878,,,,610.259765625
,2879,,,,530.1640014648438
,2880,,,,654.1767578125
,2881,,,,621.32958984375
,2882,,,,666.7664794921875
,2883,,,,686.650146484375
,2884,,,,668.5888671875
,2885,,,,742.021484375
,2886,,,,622.8956298828125
,2887,,,,847.6338500976562
,2888,,,,601.2078247070312
,2889,,,,569.1492919921875
,2890,,,,598.187255859375
,2891,,,,720.9271240234375
,2892,,,,818.3309936523438
,2893,,,,645.5177001953125
,2894,,,,525.8660888671875
,2895,,,,534.1826171875
,2896,,,,727.2269287109375
,2897,,,,692.4898681640625
,2898,,,,655.068115234375
,2899,,,,655.428466796875
,2900,,,,776.8412475585938
,2901,,,,528.022705078125
,2902,,,,646.1180419921875
,2903,,,,584.2755737304688
,2904,,,,751.061767578125
,2905,,,,846.416259765625
,2906,,,,638.0968017578125
,2907,,,,608.6026611328125
,2908,,,,553.0194091796875
,2909,,,,754.9196166992188
,2910,,,,609.8707275390625
,2911,,,,637.357666015625
,2912,,,,845.4955444335938
,2913,,,,1151.3572998046875
46,11514,,,694.0707397460938,
46,11514,712.6595458984375,,,
47,11549,,631.4683837890625,,
47,11599,,784.3433837890625,,
47,11649,,634.8609619140625,,
47,11699,,672.0361328125,,
47,11749,,655.560791015625,,
,2914,,,,567.1083984375
,2915,,,,577.7318725585938
,2916,,,,767.7969970703125
,2917,,,,712.962890625
,2918,,,,764.0487060546875
,2919,,,,767.8396606445312
,2920,,,,928.4252319335938
,2921,,,,662.9435424804688
,2922,,,,756.0771484375
,2923,,,,793.0881958007812
,2924,,,,680.4170532226562
,2925,,,,745.9300537109375
,2926,,,,919.4598388671875
,2927,,,,675.018798828125
,2928,,,,816.7701416015625
,2929,,,,835.104248046875
,2930,,,,792.941162109375
,2931,,,,720.8251953125
,2932,,,,722.38330078125
,2933,,,,541.0372314453125
,2934,,,,957.93994140625
,2935,,,,727.206787109375
,2936,,,,796.3521118164062
,2937,,,,504.60479736328125
,2938,,,,616.371826171875
,2939,,,,714.005126953125
,2940,,,,610.263427734375
,2941,,,,530.1647338867188
,2942,,,,654.16015625
,2943,,,,621.3681640625
,2944,,,,666.790283203125
,2945,,,,686.6549682617188
,2946,,,,668.483642578125
,2947,,,,741.9862060546875
,2948,,,,622.9026489257812
,2949,,,,847.6468505859375
,2950,,,,601.2227783203125
,2951,,,,569.1263427734375
,2952,,,,598.1959228515625
,2953,,,,720.9478759765625
,2954,,,,818.3502197265625
,2955,,,,645.536865234375
,2956,,,,525.8165283203125
,2957,,,,534.181884765625
,2958,,,,727.2316284179688
,2959,,,,692.4998779296875
,2960,,,,655.0972900390625
,2961,,,,655.385986328125
,2962,,,,776.7880249023438
,2963,,,,528.021240234375
,2964,,,,646.188720703125
,2965,,,,584.2564697265625
,2966,,,,751.02001953125
,2967,,,,846.5115356445312
,2968,,,,638.0906982421875
,2969,,,,608.5928344726562
,2970,,,,553.0216674804688
,2971,,,,754.9273071289062
,2972,,,,609.821044921875
,2973,,,,637.4017333984375
,2974,,,,845.5330810546875
,2975,,,,1151.3077392578125
47,11759,,,694.0753784179688,
47,11759,712.6548461914062,,,
48,11799,,739.0357666015625,,
48,11849,,832.8173217773438,,
48,11899,,776.5322875976562,,
48,11949,,554.5120239257812,,
48,11999,,747.357177734375,,
,2976,,,,567.0567016601562
,2977,,,,577.6861572265625
,2978,,,,767.7837524414062
,2979,,,,712.9488525390625
,2980,,,,764.07275390625
,2981,,,,767.7801513671875
,2982,,,,928.5076904296875
,2983,,,,662.9495239257812
,2984,,,,756.08251953125
,2985,,,,793.1656494140625
,2986,,,,680.4030151367188
,2987,,,,745.9844970703125
,2988,,,,919.383056640625
,2989,,,,675.024169921875
,2990,,,,816.7607421875
,2991,,,,835.0643310546875
,2992,,,,792.877685546875
,2993,,,,720.8511962890625
,2994,,,,722.3007202148438
,2995,,,,541.0057373046875
,2996,,,,957.873291015625
,2997,,,,727.1580200195312
,2998,,,,796.3348999023438
,2999,,,,504.54150390625
,3000,,,,616.4137573242188
,3001,,,,714.067626953125
,3002,,,,610.1952514648438
,3003,,,,530.1380615234375
,3004,,,,654.2171020507812
,3005,,,,621.3310546875
,3006,,,,666.771240234375
,3007,,,,686.69677734375
,3008,,,,668.5618896484375
,3009,,,,741.9411010742188
,3010,,,,622.9119873046875
,3011,,,,847.5888671875
,3012,,,,601.1831665039062
,3013,,,,569.0784301757812
,3014,,,,598.2174072265625
,3015,,,,720.8984375
,3016,,,,818.2888793945312
,3017,,,,645.552734375
,3018,,,,525.84375
,3019,,,,534.197998046875
,3020,,,,727.2501220703125
,3021,,,,692.4989624023438
,3022,,,,655.04150390625
,3023,,,,655.3975219726562
,3024,,,,776.8599853515625
,3025,,,,528.00927734375
,3026,,,,646.15380859375
,3027,,,,584.2322998046875
,3028,,,,751.0096435546875
,3029,,,,846.4041748046875
,3030,,,,638.15380859375
,3031,,,,608.611083984375
,3032,,,,553.002685546875
,3033,,,,754.912353515625
,3034,,,,609.8629150390625
,3035,,,,637.3572998046875
,3036,,,,845.4840087890625
,3037,,,,1151.4136962890625
48,12004,,,694.0650634765625,
48,12004,712.6466064453125,,,
49,12049,,688.7734375,,
49,12099,,615.4818115234375,,
49,12149,,902.406982421875,,
49,12199,,755.51318359375,,
49,12249,,657.9627685546875,,
,3038,,,,567.0791625976562
,3039,,,,577.705810546875
,3040,,,,767.7562255859375
,3041,,,,712.9540405273438
,3042,,,,764.0662841796875
,3043,,,,767.8057250976562
,3044,,,,928.466064453125
,3045,,,,662.935791015625
,3046,,,,756.0902099609375
,3047,,,,793.0736083984375
,3048,,,,680.4093017578125
,3049,,,,745.889892578125
,3050,,,,919.4617919921875
,3051,,,,675.0059814453125
,3052,,,,816.7222900390625
,3053,,,,835.0779418945312
,3054,,,,792.932373046875
,3055,,,,720.8486328125
,3056,,,,722.3975219726562
,3057,,,,541.0202026367188
,3058,,,,957.8907470703125
,3059,,,,727.1936645507812
,3060,,,,796.33935546875
,3061,,,,504.5873107910156
,3062,,,,616.412841796875
,3063,,,,714.0902099609375
,3064,,,,610.2344360351562
,3065,,,,530.1767578125
,3066,,,,654.1588745117188
,3067,,,,621.3448486328125
,3068,,,,666.8101806640625
,3069,,,,686.6563110351562
,3070,,,,668.46484375
,3071,,,,741.9583740234375
,3072,,,,622.8914184570312
,3073,,,,847.6058959960938
,3074,,,,601.205078125
,3075,,,,569.1249389648438
,3076,,,,598.2074584960938
,3077,,,,720.9310913085938
,3078,,,,818.3228759765625
,3079,,,,645.5067138671875
,3080,,,,525.8262329101562
,3081,,,,534.1754150390625
,3082,,,,727.2232666015625
,3083,,,,692.5292358398438
,3084,,,,655.0966186523438
,3085,,,,655.3925170898438
,3086,,,,776.8120727539062
,3087,,,,528.0007934570312
,3088,,,,646.1774291992188
,3089,,,,584.2539672851562
,3090,,,,751.0057373046875
,3091,,,,846.3828125
,3092,,,,638.1021728515625
,3093,,,,608.6061401367188
,3094,,,,553.0714111328125
,3095,,,,754.8505859375
,3096,,,,609.7958984375
,3097,,,,637.40576171875
,3098,,,,845.5145263671875
,3099,,,,1151.551513671875
49,12249,,,694.0673217773438,
49,12249,712.6441650390625,,,
50,12299,,754.0353393554688,,
50,12349,,540.07958984375,,
50,12399,,721.0684814453125,,
50,12449,,566.4781494140625,,
,3100,,,,567.0704345703125
,3101,,,,577.6875610351562
,3102,,,,767.7764892578125
,3103,,,,712.9356689453125
,3104,,,,764.0587768554688
,3105,,,,767.7965087890625
,3106,,,,928.4713745117188
,3107,,,,662.948486328125
,3108,,,,756.0225830078125
,3109,,,,793.124755859375
,3110,,,,680.4228515625
,3111,,,,745.8560180664062
,3112,,,,919.38232421875
,3113,,,,675.034423828125
,3114,,,,816.7113037109375
,3115,,,,835.08203125
,3116,,,,792.9228515625
,3117,,,,720.8177490234375
,3118,,,,722.353271484375
,3119,,,,540.9886474609375
,3120,,,,957.90380859375
,3121,,,,727.20458984375
,3122,,,,796.3048095703125
,3123,,,,504.58074951171875
,3124,,,,616.4006958007812
,3125,,,,714.1326293945312
,3126,,,,610.2615966796875
,3127,,,,530.1619262695312
,3128,,,,654.177978515625
,3129,,,,621.3253173828125
,3130,,,,666.7691650390625
,3131,,,,686.6611328125
,3132,,,,668.5665283203125
,3133,,,,741.9835815429688
,3134,,,,622.8797607421875
,3135,,,,847.657958984375
,3136,,,,601.2481079101562
,3137,,,,569.0753784179688
,3138,,,,598.20751953125
,3139,,,,720.8896484375
,3140,,,,818.3477172851562
,3141,,,,645.5162353515625
,3142,,,,525.7677001953125
,3143,,,,534.19873046875
,3144,,,,727.1804809570312
,3145,,,,692.505615234375
,3146,,,,655.044677734375
,3147,,,,655.3875122070312
,3148,,,,776.8167114257812
,3149,,,,527.9884643554688
,3150,,,,646.122802734375
,3151,,,,584.2264404296875
,3152,,,,751.0469970703125
,3153,,,,846.394775390625
,3154,,,,638.1339111328125
,3155,,,,608.598388671875
,3156,,,,553.039306640625
,3157,,,,754.8965454101562
,3158,,,,609.8028564453125
,3159,,,,637.416748046875
,3160,,,,845.5059204101562
,3161,,,,1151.536865234375
50,12494,,,694.0633544921875,
50,12494,712.6356201171875,,,
51,12499,,714.234619140625,,
51,12549,,602.055908203125,,
51,12599,,773.3099365234375,,
51,12649,,711.394287109375,,
51,12699,,814.67529296875,,
,3162,,,,567.059326171875
,3163,,,,577.6680297851562
,3164,,,,767.74169921875
,3165,,,,712.9583129882812
,3166,,,,764.0418701171875
,3167,,,,767.79638671875
,3168,,,,928.466796875
,3169,,,,662.9178466796875
,3170,,,,756.0641479492188
,3171,,,,793.1571044921875
,3172,,,,680.4168701171875
,3173,,,,745.9470825195312
,3174,,,,919.3579711914062
,3175,,,,674.9999389648438
,3176,,,,816.6798095703125
,3177,,,,835.0155029296875
,3178,,,,792.866943359375
,3179,,,,720.8341064453125
,3180,,,,722.2930908203125
,3181,,,,541.009521484375
,3182,,,,957.9256591796875
,3183,,,,727.1293334960938
,3184,,,,796.3944702148438
,3185,,,,504.5324401855469
,3186,,,,616.466064453125
,3187,,,,714.07177734375
,3188,,,,610.25732421875
,3189,,,,530.134521484375
,3190,,,,654.2285766601562
,3191,,,,621.2935180664062
,3192,,,,666.7601928710938
,3193,,,,686.6572875976562
,3194,,,,668.623046875
,3195,,,,741.960693359375
,3196,,,,622.9017333984375
,3197,,,,847.6310424804688
,3198,,,,601.198486328125
,3199,,,,569.0943603515625
,3200,,,,598.230712890625
,3201,,,,720.856201171875
,3202,,,,818.290771484375
,3203,,,,645.5283203125
,3204,,,,525.85107421875
,3205,,,,534.161865234375
,3206,,,,727.2059936523438
,3207,,,,692.49560546875
,3208,,,,655.0372314453125
,3209,,,,655.4095458984375
,3210,,,,776.9313354492188
,3211,,,,528.026611328125
,3212,,,,646.0906982421875
,3213,,,,584.2384033203125
,3214,,,,750.99462890625
,3215,,,,846.3758544921875
,3216,,,,638.1697998046875
,3217,,,,608.6158447265625
,3218,,,,553.0198974609375
,3219,,,,754.895751953125
,3220,,,,609.8333740234375
,3221,,,,637.3907470703125
,3222,,,,845.5070190429688
,3223,,,,1151.50732421875
51,12739,,,694.0618896484375,
51,12739,712.6307983398438,,,
52,12749,,545.1665649414062,,
52,12799,,634.206787109375,,
52,12849,,473.75238037109375,,
52,12899,,534.1048583984375,,
52,12949,,819.6033325195312,,
,3224,,,,567.0673217773438
,3225,,,,577.6653442382812
,3226,,,,767.735595703125
,3227,,,,712.9000244140625
,3228,,,,764.0010375976562
,3229,,,,767.7626953125
,3230,,,,928.4395141601562
,3231,,,,662.9215087890625
,3232,,,,756.0292358398438
,3233,,,,793.1605834960938
,3234,,,,680.3873901367188
,3235,,,,745.8609008789062
,3236,,,,919.2922973632812
,3237,,,,675.0257568359375
,3238,,,,816.7413330078125
,3239,,,,835.06689453125
,3240,,,,792.8609008789062
,3241,,,,720.7462768554688
,3242,,,,722.30810546875
,3243,,,,541.0311889648438
,3244,,,,957.8515625
,3245,,,,727.12353515625
,3246,,,,796.3307495117188
,3247,,,,504.55322265625
,3248,,,,616.38037109375
,3249,,,,714.078125
,3250,,,,610.231201171875
,3251,,,,530.1279296875
,3252,,,,654.19384765625
,3253,,,,621.3204345703125
,3254,,,,666.7249755859375
,3255,,,,686.6351928710938
,3256,,,,668.58349609375
,3257,,,,741.9273681640625
,3258,,,,622.8632202148438
,3259,,,,847.6350708007812
,3260,,,,601.25341796875
,3261,,,,569.101318359375
,3262,,,,598.1988525390625
,3263,,,,720.8692626953125
,3264,,,,818.28857421875
,3265,,,,645.51611328125
,3266,,,,525.8756713867188
,3267,,,,534.1591796875
,3268,,,,727.1610107421875
,3269,,,,692.476318359375
,3270,,,,654.9945678710938
,3271,,,,655.37548828125
,3272,,,,776.8751831054688
,3273,,,,528.0226440429688
,3274,,,,646.130126953125
,3275,,,,584.2120971679688
,3276,,,,751.000732421875
,3277,,,,846.33740234375
,3278,,,,638.1246337890625
,3279,,,,608.623779296875
,3280,,,,553.010009765625
,3281,,,,754.8577880859375
,3282,,,,609.805419921875
,3283,,,,637.3701782226562
,3284,,,,845.4566650390625
,3285,,,,1151.3599853515625
52,12984,,,694.044189453125,
52,12984,712.6220092773438,,,
53,12999,,748.5801391601562,,
53,13049,,844.547119140625,,
53,13099,,608.2003784179688,,
53,13149,,882.1109619140625,,
53,13199,,725.3441162109375,,
,3286,,,,567.03271484375
,3287,,,,577.6697998046875
,3288,,,,767.7393188476562
,3289,,,,712.910888671875
,3290,,,,764.0636596679688
,3291,,,,767.7706298828125
,3292,,,,928.4024047851562
,3293,,,,662.9221801757812
,3294,,,,756.061279296875
,3295,,,,793.1575317382812
,3296,,,,680.3810424804688
,3297,,,,745.8731689453125
,3298,,,,919.321044921875
,3299,,,,675.0347290039062
,3300,,,,816.7140502929688
,3301,,,,835.05224609375
,3302,,,,792.83251953125
,3303,,,,720.7550659179688
,3304,,,,722.3345947265625
,3305,,,,541.032470703125
,3306,,,,957.814208984375
,3307,,,,727.1417236328125
,3308,,,,796.320556640625
,3309,,,,504.53509521484375
,3310,,,,616.4193115234375
,3311,,,,714.07470703125
,3312,,,,610.2442016601562
,3313,,,,530.150390625
,3314,,,,654.21142578125
,3315,,,,621.2996826171875
,3316,,,,666.7188720703125
,3317,,,,686.689697265625
,3318,,,,668.572265625
,3319,,,,741.9640502929688
,3320,,,,622.858642578125
,3321,,,,847.640625
,3322,,,,601.218994140625
,3323,,,,569.1004638671875
,3324,,,,598.2024536132812
,3325,,,,720.903564453125
,3326,,,,818.2705688476562
,3327,,,,645.4730224609375
,3328,,,,525.873779296875
,3329,,,,534.163330078125
,3330,,,,727.1334228515625
,3331,,,,692.4474487304688
,3332,,,,655.020263671875
,3333,,,,655.3479614257812
,3334,,,,776.8432006835938
,3335,,,,528.02587890625
,3336,,,,646.1181640625
,3337,,,,584.2252197265625
,3338,,,,751.0020751953125
,3339,,,,846.318359375
,3340,,,,638.1277465820312
,3341,,,,608.5967407226562
,3342,,,,553.0093994140625
,3343,,,,754.8590087890625
,3344,,,,609.849365234375
,3345,,,,637.3074951171875
,3346,,,,845.4458618164062
,3347,,,,1151.3912353515625
53,13229,,,694.0433959960938,
53,13229,712.6192016601562,,,
54,13249,,707.1220703125,,
54,13299,,710.734375,,
54,13349,,703.4593505859375,,
54,13399,,625.4403076171875,,
54,13449,,657.84375,,
,3348,,,,567.0593872070312
,3349,,,,577.6970825195312
,3350,,,,767.7388916015625
,3351,,,,712.961181640625
,3352,,,,763.9844360351562
,3353,,,,767.7481689453125
,3354,,,,928.4554443359375
,3355,,,,662.9090576171875
,3356,,,,756.0604858398438
,3357,,,,793.142333984375
,3358,,,,680.341552734375
,3359,,,,745.8858642578125
,3360,,,,919.3050537109375
,3361,,,,675.046142578125
,3362,,,,816.675537109375
,3363,,,,835.0723266601562
,3364,,,,792.926025390625
,3365,,,,720.7579345703125
,3366,,,,722.344970703125
,3367,,,,540.9761352539062
,3368,,,,957.8497314453125
,3369,,,,727.1231079101562
,3370,,,,796.256103515625
,3371,,,,504.51287841796875
,3372,,,,616.3709716796875
,3373,,,,714.0608520507812
,3374,,,,610.2138061523438
,3375,,,,530.115478515625
,3376,,,,654.1937255859375
,3377,,,,621.3150634765625
,3378,,,,666.7432250976562
,3379,,,,686.5751953125
,3380,,,,668.588623046875
,3381,,,,741.919677734375
,3382,,,,622.8563232421875
,3383,,,,847.5682983398438
,3384,,,,601.2271118164062
,3385,,,,569.0802001953125
,3386,,,,598.17431640625
,3387,,,,720.9080810546875
,3388,,,,818.306396484375
,3389,,,,645.4970703125
,3390,,,,525.823486328125
,3391,,,,534.1799926757812
,3392,,,,727.180908203125
,3393,,,,692.4524536132812
,3394,,,,654.998046875
,3395,,,,655.3490600585938
,3396,,,,776.8673095703125
,3397,,,,527.9390869140625
,3398,,,,646.1112670898438
,3399,,,,584.23193359375
,3400,,,,750.9658813476562
,3401,,,,846.306640625
,3402,,,,638.1070556640625
,3403,,,,608.5877685546875
,3404,,,,552.987060546875
,3405,,,,754.8460693359375
,3406,,,,609.8255615234375
,3407,,,,637.33544921875
,3408,,,,845.5180053710938
,3409,,,,1151.3717041015625
54,13474,,,694.0360107421875,
54,13474,712.6189575195312,,,
55,13499,,732.218017578125,,
55,13549,,545.0823364257812,,
55,13599,,731.5064697265625,,
55,13649,,837.013916015625,,
55,13699,,604.4828491210938,,
,3410,,,,567.069580078125
,3411,,,,577.6851806640625
,3412,,,,767.7522583007812
,3413,,,,712.9899291992188
,3414,,,,764.038330078125
,3415,,,,767.8037109375
,3416,,,,928.4569091796875
,3417,,,,662.8931274414062
,3418,,,,756.0743408203125
,3419,,,,793.1295166015625
,3420,,,,680.3953857421875
,3421,,,,745.8919677734375
,3422,,,,919.3401489257812
,3423,,,,674.982421875
,3424,,,,816.7152099609375
,3425,,,,835.0857543945312
,3426,,,,792.8992919921875
,3427,,,,720.7821044921875
,3428,,,,722.4130859375
,3429,,,,540.9981079101562
,3430,,,,957.864501953125
,3431,,,,727.1416015625
,3432,,,,796.312744140625
,3433,,,,504.5073547363281
,3434,,,,616.385009765625
,3435,,,,714.0805053710938
,3436,,,,610.2135620117188
,3437,,,,530.1329345703125
,3438,,,,654.1971435546875
,3439,,,,621.3392333984375
,3440,,,,666.788330078125
,3441,,,,686.6333618164062
,3442,,,,668.5582275390625
,3443,,,,741.949951171875
,3444,,,,622.8544921875
,3445,,,,847.6412353515625
,3446,,,,601.2227783203125
,3447,,,,569.1077880859375
,3448,,,,598.1932373046875
,3449,,,,720.9140625
,3450,,,,818.3092041015625
,3451,,,,645.4877319335938
,3452,,,,525.787109375
,3453,,,,534.148193359375
,3454,,,,727.1497802734375
,3455,,,,692.482666015625
,3456,,,,655.0745239257812
,3457,,,,655.3422241210938
,3458,,,,776.8009033203125
,3459,,,,527.9904174804688
,3460,,,,646.1492309570312
,3461,,,,584.240234375
,3462,,,,750.974365234375
,3463,,,,846.326904296875
,3464,,,,638.072998046875
,3465,,,,608.5819702148438
,3466,,,,553.0106201171875
,3467,,,,754.855224609375
,3468,,,,609.81201171875
,3469,,,,637.3281860351562
,3470,,,,845.4956665039062
,3471,,,,1151.4344482421875
55,13719,,,694.0477294921875,
55,13719,712.6094970703125,,,
56,13749,,703.8768920898438,,
56,13799,,666.2630615234375,,
56,13849,,696.9180908203125,,
56,13899,,762.72900390625,,
56,13949,,694.9539184570312,,
,3472,,,,567.0430908203125
,3473,,,,577.6875
,3474,,,,767.79150390625
,3475,,,,712.9447021484375
,3476,,,,764.0283813476562
,3477,,,,767.766845703125
,3478,,,,928.46484375
,3479,,,,662.9227905273438
,3480,,,,756.0315551757812
,3481,,,,793.1561279296875
,3482,,,,680.33740234375
,3483,,,,745.885009765625
,3484,,,,919.3367919921875
,3485,,,,674.9650268554688
,3486,,,,816.684326171875
,3487,,,,835.0780029296875
,3488,,,,792.889892578125
,3489,,,,720.7685546875
,3490,,,,722.3442993164062
,3491,,,,540.9241333007812
,3492,,,,957.8359375
,3493,,,,727.1000366210938
,3494,,,,796.2725830078125
,3495,,,,504.5000915527344
,3496,,,,616.3695068359375
,3497,,,,714.0438232421875
,3498,,,,610.230224609375
,3499,,,,530.1400146484375
,3500,,,,654.1783447265625
,3501,,,,621.3218994140625
,3502,,,,666.76025390625
,3503,,,,686.652099609375
,3504,,,,668.5596923828125
,3505,,,,741.9305419921875
,3506,,,,622.8526000976562
,3507,,,,847.662109375
,3508,,,,601.1964111328125
,3509,,,,569.074951171875
,3510,,,,598.1915283203125
,3511,,,,720.9210205078125
,3512,,,,818.2962646484375
,3513,,,,645.484619140625
,3514,,,,525.8768310546875
,3515,,,,534.1507568359375
,3516,,,,727.148681640625
,3517,,,,692.44287109375
,3518,,,,655.0687255859375
,3519,,,,655.3709716796875
,3520,,,,776.8441162109375
,3521,,,,527.9844970703125
,3522,,,,646.11572265625
,3523,,,,584.2219848632812
,3524,,,,751.0084228515625
,3525,,,,846.3594970703125
,3526,,,,638.1441650390625
,3527,,,,608.569580078125
,3528,,,,552.9566650390625
,3529,,,,754.9033203125
,3530,,,,609.864501953125
,3531,,,,637.358642578125
,3532,,,,845.5003051757812
,3533,,,,1151.48583984375
56,13964,,,694.0423583984375,
56,13964,712.6049194335938,,,
57,13999,,574.133056640625,,
57,14049,,744.040283203125,,
57,14099,,794.436767578125,,
57,14149,,765.91845703125,,
57,14199,,745.4938354492188,,
,3534,,,,567.07421875
,3535,,,,577.70458984375
,3536,,,,767.7743530273438
,3537,,,,712.9202880859375
,3538,,,,763.973388671875
,3539,,,,767.7942504882812
,3540,,,,928.4581298828125
,3541,,,,662.940673828125
,3542,,,,756.0182495117188
,3543,,,,793.106689453125
,3544,,,,680.3969116210938
,3545,,,,745.9042358398438
,3546,,,,919.364990234375
,3547,,,,675.014404296875
,3548,,,,816.7349853515625
,3549,,,,835.0770263671875
,3550,,,,792.8741455078125
,3551,,,,720.782470703125
,3552,,,,722.3843383789062
,3553,,,,541.001220703125
,3554,,,,957.833984375
,3555,,,,727.165771484375
,3556,,,,796.2659301757812
,3557,,,,504.5352783203125
,3558,,,,616.3472900390625
,3559,,,,714.050048828125
,3560,,,,610.2650146484375
,3561,,,,530.151123046875
,3562,,,,654.1829833984375
,3563,,,,621.3422241210938
,3564,,,,666.8141479492188
,3565,,,,686.624267578125
,3566,,,,668.5489501953125
,3567,,,,742.0054931640625
,3568,,,,622.8439331054688
,3569,,,,847.5653076171875
,3570,,,,601.17724609375
,3571,,,,569.1278686523438
,3572,,,,598.2012939453125
,3573,,,,720.9218139648438
,3574,,,,818.3526000976562
,3575,,,,645.4940185546875
,3576,,,,525.8511962890625
,3577,,,,534.2130126953125
,3578,,,,727.191650390625
,3579,,,,692.46337890625
,3580,,,,655.0499877929688
,3581,,,,655.3339233398438
,3582,,,,776.728271484375
,3583,,,,527.9934692382812
,3584,,,,646.14501953125
,3585,,,,584.2357177734375
,3586,,,,751.00244140625
,3587,,,,846.37158203125
,3588,,,,638.10205078125
,3589,,,,608.5762939453125
,3590,,,,552.97021484375
,3591,,,,754.861083984375
,3592,,,,609.8082275390625
,3593,,,,637.3438720703125
,3594,,,,845.5305786132812
,3595,,,,1151.32080078125
57,14209,,,694.0477294921875,
57,14209,712.600830078125,,,
58,14249,,617.8671875,,
58,14299,,769.9664916992188,,
58,14349,,680.0021362304688,,
58,14399,,837.7740478515625,,
58,14449,,734.757568359375,,
,3596,,,,567.0393676757812
,3597,,,,577.685302734375
,3598,,,,767.7543334960938
,3599,,,,712.9190063476562
,3600,,,,764.0401611328125
,3601,,,,767.8140258789062
,3602,,,,928.4879150390625
,3603,,,,662.8645629882812
,3604,,,,756.0575561523438
,3605,,,,793.082275390625
,3606,,,,680.4022216796875
,3607,,,,745.9191284179688
,3608,,,,919.358154296875
,3609,,,,674.9903564453125
,3610,,,,816.7037353515625
,3611,,,,835.0916748046875
,3612,,,,792.8876953125
,3613,,,,720.771484375
,3614,,,,722.3309326171875
,3615,,,,540.9118041992188
,3616,,,,957.9315185546875
,3617,,,,727.1337890625
,3618,,,,796.2445678710938
,3619,,,,504.4686584472656
,3620,,,,616.4021606445312
,3621,,,,714.0460815429688
,3622,,,,610.2191162109375
,3623,,,,530.079833984375
,3624,,,,654.1652221679688
,3625,,,,621.2825927734375
,3626,,,,666.7657470703125
,3627,,,,686.573486328125
,3628,,,,668.5641479492188
,3629,,,,741.9373168945312
,3630,,,,622.887939453125
,3631,,,,847.617431640625
,3632,,,,601.1382446289062
,3633,,,,569.1318359375
,3634,,,,598.1826782226562
,3635,,,,720.8580322265625
,3636,,,,818.3289184570312
,3637,,,,645.521240234375
,3638,,,,525.846923828125
,3639,,,,534.1852416992188
,3640,,,,727.214111328125
,3641,,,,692.4546508789062
,3642,,,,655.04833984375
,3643,,,,655.3057250976562
,3644,,,,776.8834228515625
,3645,,,,527.9605102539062
,3646,,,,646.0929565429688
,3647,,,,584.2135009765625
,3648,,,,751.029052734375
,3649,,,,846.3389282226562
,3650,,,,638.1035766601562
,3651,,,,608.494384765625
,3652,,,,552.9500732421875
,3653,,,,754.8754272460938
,3654,,,,609.8499145507812
,3655,,,,637.3280029296875
,3656,,,,845.519287109375
,3657,,,,1151.27099609375
58,14454,,,694.0379638671875,
58,14454,712.5992431640625,,,
59,14499,,757.277099609375,,
59,14549,,713.473388671875,,
59,14599,,828.0698852539062,,
59,14649,,846.3871459960938,,
59,14699,,627.0548706054688,,
,3658,,,,567.0457763671875
,3659,,,,577.6798706054688
,3660,,,,767.7603759765625
,3661,,,,712.910400390625
,3662,,,,764.0062255859375
,3663,,,,767.766357421875
,3664,,,,928.4489135742188
,3665,,,,662.8883056640625
,3666,,,,755.9780883789062
,3667,,,,793.080078125
,3668,,,,680.4030151367188
,3669,,,,745.883056640625
,3670,,,,919.3077392578125
,3671,,,,675.0477294921875
,3672,,,,816.6874389648438
,3673,,,,835.0380859375
,3674,,,,792.86865234375
,3675,,,,720.7379760742188
,3676,,,,722.3448486328125
,3677,,,,540.9639892578125
,3678,,,,957.8682861328125
,3679,,,,727.1390991210938
,3680,,,,796.27099609375
,3681,,,,504.51409912109375
,3682,,,,616.3883056640625
,3683,,,,714.0037841796875
,3684,,,,610.2174072265625
,3685,,,,530.1217651367188
,3686,,,,654.155517578125
,3687,,,,621.305908203125
,3688,,,,666.7017822265625
,3689,,,,686.6181640625
,3690,,,,668.5281982421875
,3691,,,,741.94091796875
,3692,,,,622.9158325195312
,3693,,,,847.62158203125
,3694,,,,601.1561279296875
,3695,,,,569.1080932617188
,3696,,,,598.1869506835938
,3697,,,,720.8917236328125
,3698,,,,818.3101196289062
,3699,,,,645.5087280273438
,3700,,,,525.8831176757812
,3701,,,,534.197998046875
,3702,,,,727.1504516601562
,3703,,,,692.45654296875
,3704,,,,655.0615234375
,3705,,,,655.324462890625
,3706,,,,776.8184204101562
,3707,,,,527.9634399414062
,3708,,,,646.1236572265625
,3709,,,,584.1975708007812
,3710,,,,750.9908447265625
,3711,,,,846.3151245117188
,3712,,,,638.1040649414062
,3713,,,,608.5568237304688
,3714,,,,552.9842529296875
,3715,,,,754.8296508789062
,3716,,,,609.82421875
,3717,,,,637.3093872070312
,3718,,,,845.5128784179688
,3719,,,,1151.403564453125
59,14699,,,694.0325317382812,
59,14699,712.5932006835938,,,
60,14749,,793.7274169921875,,
60,14799,,778.3834838867188,,
60,14849,,864.5647583007812,,
60,14899,,678.780517578125,,
,3720,,,,567.0621948242188
,3721,,,,577.68212890625
,3722,,,,767.7542114257812
,3723,,,,712.947265625
,3724,,,,764.041259765625
,3725,,,,767.7529296875
,3726,,,,928.4254760742188
,3727,,,,662.8455200195312
,3728,,,,755.9954833984375
,3729,,,,793.1091918945312
,3730,,,,680.4256591796875
,3731,,,,745.8623046875
,3732,,,,919.3168334960938
,3733,,,,675.052490234375
,3734,,,,816.6826171875
,3735,,,,835.0874633789062
,3736,,,,792.8380126953125
,3737,,,,720.7601318359375
,3738,,,,722.3612670898438
,3739,,,,540.9505004882812
,3740,,,,957.8914184570312
,3741,,,,727.085205078125
,3742,,,,796.2637939453125
,3743,,,,504.5100402832031
,3744,,,,616.3944091796875
,3745,,,,714.03125
,3746,,,,610.1932983398438
,3747,,,,530.0953369140625
,3748,,,,654.1527099609375
,3749,,,,621.2710571289062
,3750,,,,666.7003173828125
,3751,,,,686.5785522460938
,3752,,,,668.558349609375
,3753,,,,741.9066772460938
,3754,,,,622.9105224609375
,3755,,,,847.6248779296875
,3756,,,,601.1874389648438
,3757,,,,569.0820922851562
,3758,,,,598.1878662109375
,3759,,,,720.892822265625
,3760,,,,818.2967529296875
,3761,,,,645.4935913085938
,3762,,,,525.8609619140625
,3763,,,,534.1771850585938
,3764,,,,727.1678466796875
,3765,,,,692.461181640625
,3766,,,,655.0281982421875
,3767,,,,655.3299560546875
,3768,,,,776.888427734375
,3769,,,,528.0156860351562
,3770,,,,646.1127319335938
,3771,,,,584.2131958007812
,3772,,,,750.961181640625
,3773,,,,846.3192138671875
,3774,,,,638.126708984375
,3775,,,,608.5863647460938
,3776,,,,552.9498291015625
,3777,,,,754.8611450195312
,3778,,,,609.8486938476562
,3779,,,,637.3477783203125
,3780,,,,845.5044555664062
,3781,,,,1151.44677734375
60,14944,,,694.0339965820312,
60,14944,712.59033203125,,,
61,14949,,771.1400756835938,,
61,14999,,605.0565185546875,,
61,15049,,671.5001831054688,,
61,15099,,704.181884765625,,
61,15149,,626.8447265625,,
,3782,,,,567.039306640625
,3783,,,,577.6627807617188
,3784,,,,767.720703125
,3785,,,,712.9133911132812
,3786,,,,763.999267578125
,3787,,,,767.7242431640625
,3788,,,,928.4285888671875
,3789,,,,662.920654296875
,3790,,,,756.0054931640625
,3791,,,,793.1104736328125
,3792,,,,680.37109375
,3793,,,,745.845703125
,3794,,,,919.2972412109375
,3795,,,,675.0081176757812
,3796,,,,816.6867065429688
,3797,,,,835.0557250976562
,3798,,,,792.8431396484375
,3799,,,,720.7523193359375
,3800,,,,722.3740844726562
,3801,,,,541.0186767578125
,3802,,,,957.8646240234375
,3803,,,,727.0891723632812
,3804,,,,796.3232421875
,3805,,,,504.5201721191406
,3806,,,,616.3485107421875
,3807,,,,714.0399169921875
,3808,,,,610.2157592773438
,3809,,,,530.1187744140625
,3810,,,,654.1661376953125
,3811,,,,621.282958984375
,3812,,,,666.7044677734375
,3813,,,,686.6613159179688
,3814,,,,668.5570068359375
,3815,,,,741.9727783203125
,3816,,,,622.8870239257812
,3817,,,,847.65625
,3818,,,,601.1900634765625
,3819,,,,569.0867919921875
,3820,,,,598.2008056640625
,3821,,,,720.8704833984375
,3822,,,,818.2799682617188
,3823,,,,645.5107421875
,3824,,,,525.87646484375
,3825,,,,534.173583984375
,3826,,,,727.148193359375
,3827,,,,692.4395751953125
,3828,,,,655.0346069335938
,3829,,,,655.36181640625
,3830,,,,776.8416137695312
,3831,,,,528.0174560546875
,3832,,,,646.13427734375
,3833,,,,584.2256469726562
,3834,,,,750.9771118164062
,3835,,,,846.3069458007812
,3836,,,,638.12109375
,3837,,,,608.5625
,3838,,,,552.9559326171875
,3839,,,,754.8841552734375
,3840,,,,609.8045654296875
,3841,,,,637.29150390625
,3842,,,,845.5257568359375
,3843,,,,1151.5047607421875
61,15189,,,694.0339965820312,
61,15189,712.583251953125,,,
62,15199,,568.8427734375,,
62,15249,,720.2947998046875,,
62,15299,,556.953369140625,,
62,15349,,713.5783081054688,,
62,15399,,665.2926025390625,,
,3844,,,,567.0457763671875
,3845,,,,577.6392822265625
,3846,,,,767.7100830078125
,3847,,,,712.8887939453125
,3848,,,,763.9976806640625
,3849,,,,767.7108154296875
,3850,,,,928.4124755859375
,3851,,,,662.8704833984375
,3852,,,,755.965087890625
,3853,,,,793.0789794921875
,3854,,,,680.3656616210938
,3855,,,,745.8250122070312
,3856,,,,919.29638671875
,3857,,,,674.982666015625
,3858,,,,816.652587890625
,3859,,,,835.0361328125
,3860,,,,792.839599609375
,3861,,,,720.7354125976562
,3862,,,,722.322998046875
,3863,,,,540.9782104492188
,3864,,,,957.8367919921875
,3865,,,,727.0535888671875
,3866,,,,796.2763061523438
,3867,,,,504.4991149902344
,3868,,,,616.3367919921875
,3869,,,,714.035400390625
,3870,,,,610.216552734375
,3871,,,,530.0869750976562
,3872,,,,654.135986328125
,3873,,,,621.2514038085938
,3874,,,,666.6905517578125
,3875,,,,686.6082763671875
,3876,,,,668.5233764648438
,3877,,,,741.9219360351562
,3878,,,,622.8468627929688
,3879,,,,847.6397705078125
,3880,,,,601.166259765625
,3881,,,,569.0601806640625
,3882,,,,598.1546630859375
,3883,,,,720.853515625
,3884,,,,818.2512817382812
,3885,,,,645.4952392578125
,3886,,,,525.8434448242188
,3887,,,,534.1512451171875
,3888,,,,727.1051025390625
,3889,,,,692.4320068359375
,3890,,,,655.0182495117188
,3891,,,,655.3467407226562
,3892,,,,776.830078125
,3893,,,,527.9751586914062
,3894,,,,646.09814453125
,3895,,,,584.1981811523438
,3896,,,,750.9622802734375
,3897,,,,846.3124389648438
,3898,,,,638.1142578125
,3899,,,,608.5457763671875
,3900,,,,552.9498291015625
,3901,,,,754.8544921875
,3902,,,,609.7728271484375
,3903,,,,637.2548828125
,3904,,,,845.5075073242188
,3905,,,,1151.414794921875
62,15434,,,694.01025390625,
62,15434,712.4262084960938,,,
63,15449,,796.9291381835938,,
63,15499,,648.783447265625,,
63,15549,,670.1727905273438,,
63,15599,,760.5494384765625,,
63,15649,,958.129150390625,,
,3906,,,,567.0318603515625
,3907,,,,577.6229248046875
,3908,,,,767.7074584960938
,3909,,,,712.8909912109375
,3910,,,,763.994384765625
,3911,,,,767.6866455078125
,3912,,,,928.4169921875
,3913,,,,662.8702392578125
,3914,,,,755.9778442382812
,3915,,,,793.07861328125
,3916,,,,680.3782348632812
,3917,,,,745.825439453125
,3918,,,,919.298828125
,3919,,,,674.987060546875
,3920,,,,816.64892578125
,3921,,,,835.02978515625
,3922,,,,792.8733520507812
,3923,,,,720.7508544921875
,3924,,,,722.2957763671875
,3925,,,,540.9737548828125
,3926,,,,957.83837890625
,3927,,,,727.0623779296875
,3928,,,,796.2836303710938
,3929,,,,504.4842224121094
,3930,,,,616.349853515625
,3931,,,,714.0540771484375
,3932,,,,610.2120361328125
,3933,,,,530.0986328125
,3934,,,,654.1475830078125
,3935,,,,621.2534790039062
,3936,,,,666.704345703125
,3937,,,,686.6046142578125
,3938,,,,668.5333251953125
,3939,,,,741.9090576171875
,3940,,,,622.837158203125
,3941,,,,847.6119995117188
,3942,,,,601.17236328125
,3943,,,,569.0465087890625
,3944,,,,598.168701171875
,3945,,,,720.8585205078125
,3946,,,,818.2461547851562
,3947,,,,645.510986328125
,3948,,,,525.838134765625
,3949,,,,534.139892578125
,3950,,,,727.0963134765625
,3951,,,,692.4329833984375
,3952,,,,654.992431640625
,3953,,,,655.3555908203125
,3954,,,,776.8355712890625
,3955,,,,527.9691162109375
,3956,,,,646.0963745117188
,3957,,,,584.1995239257812
,3958,,,,750.9657592773438
,3959,,,,846.3251953125
,3960,,,,638.135009765625
,3961,,,,608.553955078125
,3962,,,,552.955810546875
,3963,,,,754.8594970703125
,3964,,,,609.783203125
,3965,,,,637.257568359375
,3966,,,,845.51171875
,3967,,,,1151.4931640625
63,15679,,,694.0117797851562,
63,15679,712.421630859375,,,
64,15699,,745.34765625,,
64,15749,,806.0333251953125,,
64,15799,,663.4239501953125,,
64,15849,,718.1476440429688,,
64,15899,,701.3214111328125,,
,3968,,,,567.0390625
,3969,,,,577.6260986328125
,3970,,,,767.703125
,3971,,,,712.8838500976562
,3972,,,,763.9852294921875
,3973,,,,767.7037353515625
,3974,,,,928.4208984375
,3975,,,,662.8565673828125
,3976,,,,755.9627075195312
,3977,,,,793.0745239257812
,3978,,,,680.362060546875
,3979,,,,745.82861328125
,3980,,,,919.282958984375
,3981,,,,674.9756469726562
,3982,,,,816.6390380859375
,3983,,,,835.0369873046875
,3984,,,,792.8621215820312
,3985,,,,720.7537841796875
,3986,,,,722.341796875
,3987,,,,540.9737548828125
,3988,,,,957.8491821289062
,3989,,,,727.0584716796875
,3990,,,,796.260498046875
,3991,,,,504.4882507324219
,3992,,,,616.335205078125
,3993,,,,714.0301513671875
,3994,,,,610.20751953125
,3995,,,,530.0833740234375
,3996,,,,654.1341552734375
,3997,,,,621.2682495117188
,3998,,,,666.7014770507812
,3999,,,,686.5950317382812
,4000,,,,668.521728515625
,4001,,,,741.9053955078125
,4002,,,,622.8499755859375
,4003,,,,847.60546875
,4004,,,,601.1522216796875
,4005,,,,569.0550537109375
,4006,,,,598.1720581054688
,4007,,,,720.85205078125
,4008,,,,818.2457885742188
,4009,,,,645.4832763671875
,4010,,,,525.834228515625
,4011,,,,534.1558837890625
,4012,,,,727.1019287109375
,4013,,,,692.4284057617188
,4014,,,,655.0101928710938
,4015,,,,655.3261108398438
,4016,,,,776.8177490234375
,4017,,,,527.9720458984375
,4018,,,,646.085693359375
,4019,,,,584.1970825195312
,4020,,,,750.9600219726562
,4021,,,,846.30859375
,4022,,,,638.1033325195312
,4023,,,,608.5468139648438
,4024,,,,552.93994140625
,4025,,,,754.8370971679688
,4026,,,,609.76806640625
,4027,,,,637.2416381835938
,4028,,,,845.4847412109375
,4029,,,,1151.416748046875
64,15924,,,694.0055541992188,
64,15924,712.4148559570312,,,
65,15949,,653.47998046875,,
65,15999,,866.9017333984375,,
65,16049,,706.7001342773438,,
65,16099,,644.1511840820312,,
65,16149,,688.681396484375,,
,4030,,,,567.0551147460938
,4031,,,,577.6407470703125
,4032,,,,767.7138671875
,4033,,,,712.9027709960938
,4034,,,,764.0045166015625
,4035,,,,767.7421875
,4036,,,,928.4136962890625
,4037,,,,662.86181640625
,4038,,,,755.97998046875
,4039,,,,793.06494140625
,4040,,,,680.393798828125
,4041,,,,745.8419189453125
,4042,,,,919.3241577148438
,4043,,,,674.9807739257812
,4044,,,,816.6768188476562
,4045,,,,835.0482788085938
,4046,,,,792.8480834960938
,4047,,,,720.75732421875
,4048,,,,722.336669921875
,4049,,,,540.9620971679688
,4050,,,,957.841552734375
,4051,,,,727.0538330078125
,4052,,,,796.2705078125
,4053,,,,504.49847412109375
,4054,,,,616.3327026367188
,4055,,,,714.0611572265625
,4056,,,,610.20703125
,4057,,,,530.0933837890625
,4058,,,,654.137451171875
,4059,,,,621.241943359375
,4060,,,,666.7070922851562
,4061,,,,686.60302734375
,4062,,,,668.5232543945312
,4063,,,,741.92041015625
,4064,,,,622.846923828125
,4065,,,,847.6484375
,4066,,,,601.189453125
,4067,,,,569.0816650390625
,4068,,,,598.1442260742188
,4069,,,,720.8577880859375
,4070,,,,818.2482299804688
,4071,,,,645.4925537109375
,4072,,,,525.827880859375
,4073,,,,534.1603393554688
,4074,,,,727.1240234375
,4075,,,,692.448974609375
,4076,,,,655.0390625
,4077,,,,655.3573608398438
,4078,,,,776.830810546875
,4079,,,,527.9674072265625
,4080,,,,646.0826416015625
,4081,,,,584.1961669921875
,4082,,,,750.9627685546875
,4083,,,,846.3203125
,4084,,,,638.1090087890625
,4085,,,,608.525390625
,4086,,,,552.9534912109375
,4087,,,,754.848388671875
,4088,,,,609.777587890625
,4089,,,,637.278564453125
,4090,,,,845.5227661132812
,4091,,,,1151.4559326171875
65,16169,,,694.0155029296875,
65,16169,712.4136962890625,,,
66,16199,,661.7149658203125,,
66,16249,,636.8146362304688,,
66,16299,,686.6297607421875,,
66,16349,,714.4616088867188,,
66,16399,,871.6818237304688,,
,4092,,,,567.030517578125
,4093,,,,577.6342163085938
,4094,,,,767.7027587890625
,4095,,,,712.8853149414062
,4096,,,,763.9705200195312
,4097,,,,767.7218017578125
,4098,,,,928.4169921875
,4099,,,,662.859619140625
,4100,,,,755.9573974609375
,4101,,,,793.0797729492188
,4102,,,,680.35107421875
,4103,,,,745.8223266601562
,4104,,,,919.291259765625
,4105,,,,674.9437866210938
,4106,,,,816.634033203125
,4107,,,,835.0355224609375
,4108,,,,792.83984375
,4109,,,,720.756591796875
,4110,,,,722.3640747070312
,4111,,,,540.97021484375
,4112,,,,957.8565063476562
,4113,,,,727.0614013671875
,4114,,,,796.2692260742188
,4115,,,,504.48358154296875
,4116,,,,616.3343505859375
,4117,,,,714.0090942382812
,4118,,,,610.2130737304688
,4119,,,,530.0822143554688
,4120,,,,654.1408081054688
,4121,,,,621.2652587890625
,4122,,,,666.6931762695312
,4123,,,,686.6030883789062
,4124,,,,668.5225219726562
,4125,,,,741.9212646484375
,4126,,,,622.8751220703125
,4127,,,,847.6005249023438
,4128,,,,601.1476440429688
,4129,,,,569.0411376953125
,4130,,,,598.1716918945312
,4131,,,,720.84716796875
,4132,,,,818.2435302734375
,4133,,,,645.4639892578125
,4134,,,,525.8370971679688
,4135,,,,534.15283203125
,4136,,,,727.105224609375
,4137,,,,692.44873046875
,4138,,,,655.028076171875
,4139,,,,655.310546875
,4140,,,,776.8115844726562
,4141,,,,527.9570922851562
,4142,,,,646.0887451171875
,4143,,,,584.202880859375
,4144,,,,750.9596557617188
,4145,,,,846.2977294921875
,4146,,,,638.0804443359375
,4147,,,,608.5401611328125
,4148,,,,552.9444580078125
,4149,,,,754.8170776367188
,4150,,,,609.7623291015625
,4151,,,,637.24853515625
,4152,,,,845.4825439453125
,4153,,,,1151.3724365234375
66,16414,,,694.0040893554688,
66,16414,712.4152221679688,,,
67,16449,,680.080810546875,,
67,16499,,727.6456909179688,,
67,16549,,748.5831909179688,,
67,16599,,671.4548950195312,,
67,16649,,779.7799072265625,,
,4154,,,,567.0408935546875
,4155,,,,577.63525390625
,4156,,,,767.713134765625
,4157,,,,712.8775634765625
,4158,,,,763.9964599609375
,4159,,,,767.704345703125
,4160,,,,928.4188232421875
,4161,,,,662.88720703125
,4162,,,,755.96435546875
,4163,,,,793.082763671875
,4164,,,,680.375244140625
,4165,,,,745.8245849609375
,4166,,,,919.3017578125
,4167,,,,675.0009155273438
,4168,,,,816.6569213867188
,4169,,,,835.0354614257812
,4170,,,,792.861083984375
,4171,,,,720.7455444335938
,4172,,,,722.3258056640625
,4173,,,,540.9762573242188
,4174,,,,957.8567504882812
,4175,,,,727.0756225585938
,4176,,,,796.2540283203125
,4177,,,,504.50103759765625
,4178,,,,616.3380126953125
,4179,,,,714.0401611328125
,4180,,,,610.2132568359375
,4181,,,,530.10400390625
,4182,,,,654.1488037109375
,4183,,,,621.27783203125
,4184,,,,666.7069091796875
,4185,,,,686.5960693359375
,4186,,,,668.5445556640625
,4187,,,,741.9229125976562
,4188,,,,622.8568725585938
,4189,,,,847.5986328125
,4190,,,,601.1710205078125
,4191,,,,569.0590209960938
,4192,,,,598.174072265625
,4193,,,,720.856201171875
,4194,,,,818.2715454101562
,4195,,,,645.4935302734375
,4196,,,,525.8414306640625
,4197,,,,534.15869140625
,4198,,,,727.0974731445312
,4199,,,,692.4334106445312
,4200,,,,655.0166015625
,4201,,,,655.3314208984375
,4202,,,,776.8117065429688
,4203,,,,527.9508056640625
,4204,,,,646.1008911132812
,4205,,,,584.2057495117188
,4206,,,,750.9686279296875
,4207,,,,846.3150024414062
,4208,,,,638.11962890625
,4209,,,,608.556884765625
,4210,,,,552.9478759765625
,4211,,,,754.8421630859375
,4212,,,,609.794677734375
,4213,,,,637.2772216796875
,4214,,,,845.5074462890625
,4215,,,,1151.427490234375
67,16659,,,694.013671875,
67,16659,712.4083251953125,,,
68,16699,,826.0845336914062,,
68,16749,,745.2476196289062,,
68,16799,,785.949951171875,,
68,16849,,761.0780029296875,,
68,16899,,604.13232421875,,
,4216,,,,567.0468139648438
,4217,,,,577.6380615234375
,4218,,,,767.7218627929688
,4219,,,,712.891845703125
,4220,,,,763.983642578125
,4221,,,,767.71484375
,4222,,,,928.4246826171875
,4223,,,,662.8703002929688
,4224,,,,755.9535522460938
,4225,,,,793.0650634765625
,4226,,,,680.3665771484375
,4227,,,,745.8248291015625
,4228,,,,919.2838134765625
,4229,,,,674.9583740234375
,4230,,,,816.6578369140625
,4231,,,,835.0233764648438
,4232,,,,792.853759765625
,4233,,,,720.757568359375
,4234,,,,722.3292236328125
,4235,,,,540.9507446289062
,4236,,,,957.8343505859375
,4237,,,,727.0845947265625
,4238,,,,796.2758178710938
,4239,,,,504.49072265625
,4240,,,,616.3369140625
,4241,,,,714.0576782226562
,4242,,,,610.20263671875
,4243,,,,530.0946655273438
,4244,,,,654.150390625
,4245,,,,621.27734375
,4246,,,,666.7080078125
,4247,,,,686.591796875
,4248,,,,668.52197265625
,4249,,,,741.9102783203125
,4250,,,,622.859619140625
,4251,,,,847.6114501953125
,4252,,,,601.1700439453125
,4253,,,,569.0762329101562
,4254,,,,598.1727294921875
,4255,,,,720.8478393554688
,4256,,,,818.28076171875
,4257,,,,645.4931640625
,4258,,,,525.8180541992188
,4259,,,,534.1575927734375
,4260,,,,727.1168212890625
,4261,,,,692.43017578125
,4262,,,,654.9991455078125
,4263,,,,655.33154296875
,4264,,,,776.8120727539062
,4265,,,,527.9593505859375
,4266,,,,646.103271484375
,4267,,,,584.20263671875
,4268,,,,750.964599609375
,4269,,,,846.30322265625
,4270,,,,638.1051025390625
,4271,,,,608.5466918945312
,4272,,,,552.9569091796875
,4273,,,,754.8372192382812
,4274,,,,609.772705078125
,4275,,,,637.2713623046875
,4276,,,,845.5221557617188
,4277,,,,1151.4432373046875
68,16904,,,694.0106201171875,
68,16904,712.4111328125,,,
69,16949,,735.439208984375,,
69,16999,,647.7662353515625,,
69,17049,,655.2354736328125,,
69,17099,,528.326416015625,,
69,17149,,581.9104614257812,,
,4278,,,,567.021240234375
,4279,,,,577.6265869140625
,4280,,,,767.719482421875
,4281,,,,712.8751831054688
,4282,,,,763.981201171875
,4283,,,,767.7225341796875
,4284,,,,928.430908203125
,4285,,,,662.8604736328125
,4286,,,,755.951171875
,4287,,,,793.077392578125
,4288,,,,680.367919921875
,4289,,,,745.8359985351562
,4290,,,,919.2926025390625
,4291,,,,674.9852905273438
,4292,,,,816.669677734375
,4293,,,,835.0198974609375
,4294,,,,792.8422241210938
,4295,,,,720.7525024414062
,4296,,,,722.3076782226562
,4297,,,,540.9478759765625
,4298,,,,957.8316040039062
,4299,,,,727.0567626953125
,4300,,,,796.2361450195312
,4301,,,,504.4806213378906
,4302,,,,616.3282470703125
,4303,,,,714.0584106445312
,4304,,,,610.2099609375
,4305,,,,530.0791015625
,4306,,,,654.1480712890625
,4307,,,,621.2645874023438
,4308,,,,666.7095947265625
,4309,,,,686.5933837890625
,4310,,,,668.5175170898438
,4311,,,,741.912353515625
,4312,,,,622.8516845703125
,4313,,,,847.594482421875
,4314,,,,601.1741333007812
,4315,,,,569.0687255859375
,4316,,,,598.1622924804688
,4317,,,,720.8422241210938
,4318,,,,818.2652587890625
,4319,,,,645.4947509765625
,4320,,,,525.819091796875
,4321,,,,534.1474609375
,4322,,,,727.11279296875
,4323,,,,692.420654296875
,4324,,,,654.999755859375
,4325,,,,655.3342895507812
,4326,,,,776.808349609375
,4327,,,,527.9553833007812
,4328,,,,646.1032104492188
,4329,,,,584.195068359375
,4330,,,,750.9672241210938
,4331,,,,846.31640625
,4332,,,,638.1117553710938
,4333,,,,608.5350341796875
,4334,,,,552.9500122070312
,4335,,,,754.8388671875
,4336,,,,609.761474609375
,4337,,,,637.2703857421875
,4338,,,,845.5257568359375
,4339,,,,1151.4180908203125
69,17149,,,694.006591796875,
69,17149,712.4096069335938,,,
70,17199,,971.6334228515625,,
70,17249,,633.08837890625,,
70,17299,,680.92138671875,,
70,17349,,871.2263793945312,,
,4340,,,,567.0222778320312
,4341,,,,577.6341552734375
,4342,,,,767.7176513671875
,4343,,,,712.88525390625
,4344,,,,763.989013671875
,4345,,,,767.708251953125
,4346,,,,928.424560546875
,4347,,,,662.8632202148438
,4348,,,,755.9671630859375
,4349,,,,793.0632934570312
,4350,,,,680.3713989257812
,4351,,,,745.8173217773438
,4352,,,,919.2786865234375
,4353,,,,674.9794921875
,4354,,,,816.6618041992188
,4355,,,,835.0333251953125
,4356,,,,792.84912109375
,4357,,,,720.7513427734375
,4358,,,,722.3197021484375
,4359,,,,540.9671020507812
,4360,,,,957.843017578125
,4361,,,,727.0791625976562
,4362,,,,796.25927734375
,4363,,,,504.48193359375
,4364,,,,616.3458862304688
,4365,,,,714.0405883789062
,4366,,,,610.2120361328125
,4367,,,,530.0820922851562
,4368,,,,654.1492919921875
,4369,,,,621.2838745117188
,4370,,,,666.7102661132812
,4371,,,,686.5771484375
,4372,,,,668.5385131835938
,4373,,,,741.9271240234375
,4374,,,,622.8643798828125
,4375,,,,847.5861206054688
,4376,,,,601.1649780273438
,4377,,,,569.0631103515625
,4378,,,,598.1734008789062
,4379,,,,720.8555908203125
,4380,,,,818.27392578125
,4381,,,,645.4752197265625
,4382,,,,525.8319091796875
,4383,,,,534.1531372070312
,4384,,,,727.0989990234375
,4385,,,,692.42626953125
,4386,,,,654.996337890625
,4387,,,,655.3136596679688
,4388,,,,776.80615234375
,4389,,,,527.9572143554688
,4390,,,,646.108642578125
,4391,,,,584.2045288085938
,4392,,,,750.9700927734375
,4393,,,,846.2877807617188
,4394,,,,638.0929565429688
,4395,,,,608.5626831054688
,4396,,,,552.935791015625
,4397,,,,754.833984375
,4398,,,,609.7783203125
,4399,,,,637.2711181640625
,4400,,,,845.4957275390625
,4401,,,,1151.443603515625
70,17394,,,694.0078125,
70,17394,712.4072265625,,,
71,17399,,898.8036499023438,,
71,17449,,717.2401123046875,,
71,17499,,657.6688232421875,,
71,17549,,748.639404296875,,
71,17599,,653.4017333984375,,
,4402,,,,567.0288696289062
,4403,,,,577.6275024414062
,4404,,,,767.7125854492188
,4405,,,,712.88671875
,4406,,,,764.0032958984375
,4407,,,,767.7298583984375
,4408,,,,928.44775390625
,4409,,,,662.8800048828125
,4410,,,,755.9534912109375
,4411,,,,793.0907592773438
,4412,,,,680.3875122070312
,4413,,,,745.8472900390625
,4414,,,,919.2981567382812
,4415,,,,675.0064086914062
,4416,,,,816.6795654296875
,4417,,,,835.0255126953125
,4418,,,,792.88037109375
,4419,,,,720.7710571289062
,4420,,,,722.3299560546875
,4421,,,,540.9595336914062
,4422,,,,957.8795166015625
,4423,,,,727.0811767578125
,4424,,,,796.2679443359375
,4425,,,,504.4818420410156
,4426,,,,616.341552734375
,4427,,,,714.0751342773438
,4428,,,,610.2318115234375
,4429,,,,530.09375
,4430,,,,654.1655883789062
,4431,,,,621.2894287109375
,4432,,,,666.7266235351562
,4433,,,,686.59375
,4434,,,,668.5525512695312
,4435,,,,741.9156494140625
,4436,,,,622.8695678710938
,4437,,,,847.599609375
,4438,,,,601.1768798828125
,4439,,,,569.0675048828125
,4440,,,,598.18701171875
,4441,,,,720.8704223632812
,4442,,,,818.2857666015625
,4443,,,,645.504638671875
,4444,,,,525.8269653320312
,4445,,,,534.1552734375
,4446,,,,727.1154174804688
,4447,,,,692.4293212890625
,4448,,,,655.023193359375
,4449,,,,655.3577880859375
,4450,,,,776.8170166015625
,4451,,,,527.9510498046875
,4452,,,,646.1126708984375
,4453,,,,584.2070922851562
,4454,,,,750.9865112304688
,4455,,,,846.3314208984375
,4456,,,,638.1317138671875
,4457,,,,608.559326171875
,4458,,,,552.9605712890625
,4459,,,,754.8511962890625
,4460,,,,609.787353515625
,4461,,,,637.2882080078125
,4462,,,,845.5345458984375
,4463,,,,1151.44140625
71,17639,,,694.0213012695312,
71,17639,712.4039916992188,,,
72,17649,,657.718017578125,,
72,17699,,732.116455078125,,
72,17749,,650.384765625,,
72,17799,,626.1632080078125,,
72,17849,,632.413330078125,,
,4464,,,,567.0238037109375
,4465,,,,577.6467895507812
,4466,,,,767.711181640625
,4467,,,,712.88525390625
,4468,,,,763.9876098632812
,4469,,,,767.712646484375
,4470,,,,928.414794921875
,4471,,,,662.8765869140625
,4472,,,,755.965087890625
,4473,,,,793.0506591796875
,4474,,,,680.371826171875
,4475,,,,745.8092041015625
,4476,,,,919.2821044921875
,4477,,,,674.9962158203125
,4478,,,,816.6785888671875
,4479,,,,835.0364379882812
,4480,,,,792.8494873046875
,4481,,,,720.7371826171875
,4482,,,,722.333251953125
,4483,,,,540.9525146484375
,4484,,,,957.8453979492188
,4485,,,,727.09326171875
,4486,,,,796.2615966796875
,4487,,,,504.50677490234375
,4488,,,,616.33837890625
,4489,,,,714.0521240234375
,4490,,,,610.2098999023438
,4491,,,,530.0874633789062
,4492,,,,654.13818359375
,4493,,,,621.2772216796875
,4494,,,,666.7059326171875
,4495,,,,686.5771484375
,4496,,,,668.5173950195312
,4497,,,,741.9326782226562
,4498,,,,622.8717041015625
,4499,,,,847.595458984375
,4500,,,,601.1698608398438
,4501,,,,569.0602416992188
,4502,,,,598.1600341796875
,4503,,,,720.8583984375
,4504,,,,818.28857421875
,4505,,,,645.4923706054688
,4506,,,,525.825927734375
,4507,,,,534.162353515625
,4508,,,,727.0943603515625
,4509,,,,692.430419921875
,4510,,,,655.0235595703125
,4511,,,,655.3226318359375
,4512,,,,776.8052368164062
,4513,,,,527.9578857421875
,4514,,,,646.106689453125
,4515,,,,584.18994140625
,4516,,,,750.9727783203125
,4517,,,,846.3017578125
,4518,,,,638.1098022460938
,4519,,,,608.554931640625
,4520,,,,552.951416015625
,4521,,,,754.842529296875
,4522,,,,609.782470703125
,4523,,,,637.3035888671875
,4524,,,,845.5177001953125
,4525,,,,1151.453125
72,17884,,,694.01123046875,
72,17884,712.4060668945312,,,
73,17899,,641.18603515625,,
73,17949,,695.9046630859375,,
73,17999,,640.270263671875,,
73,18049,,701.4406127929688,,
73,18099,,835.4617919921875,,
,4526,,,,567.0499267578125
,4527,,,,577.6258544921875
,4528,,,,767.7130737304688
,4529,,,,712.8753051757812
,4530,,,,764.0075073242188
,4531,,,,767.7235107421875
,4532,,,,928.4299926757812
,4533,,,,662.86083984375
,4534,,,,755.945556640625
,4535,,,,793.0618896484375
,4536,,,,680.3660888671875
,4537,,,,745.8350219726562
,4538,,,,919.2886962890625
,4539,,,,674.974609375
,4540,,,,816.666748046875
,4541,,,,835.059814453125
,4542,,,,792.85791015625
,4543,,,,720.7471923828125
,4544,,,,722.3479614257812
,4545,,,,540.95263671875
,4546,,,,957.8560180664062
,4547,,,,727.0738525390625
,4548,,,,796.2733154296875
,4549,,,,504.4996643066406
,4550,,,,616.34326171875
,4551,,,,714.0440673828125
,4552,,,,610.2100830078125
,4553,,,,530.0958862304688
,4554,,,,654.1309814453125
,4555,,,,621.2650756835938
,4556,,,,666.72119140625
,4557,,,,686.5950927734375
,4558,,,,668.5311279296875
,4559,,,,741.9231567382812
,4560,,,,622.8446655273438
,4561,,,,847.612548828125
,4562,,,,601.1782836914062
,4563,,,,569.059326171875
,4564,,,,598.1591186523438
,4565,,,,720.8466186523438
,4566,,,,818.2603759765625
,4567,,,,645.4738159179688
,4568,,,,525.8162841796875
,4569,,,,534.1568603515625
,4570,,,,727.0784912109375
,4571,,,,692.4532470703125
,4572,,,,655.0297241210938
,4573,,,,655.3294677734375
,4574,,,,776.7901611328125
,4575,,,,527.9329833984375
,4576,,,,646.099609375
,4577,,,,584.2042846679688
,4578,,,,750.9595336914062
,4579,,,,846.3150634765625
,4580,,,,638.1063232421875
,4581,,,,608.5420532226562
,4582,,,,552.9491577148438
,4583,,,,754.837646484375
,4584,,,,609.7645874023438
,4585,,,,637.268310546875
,4586,,,,845.5
,4587,,,,1151.4754638671875
73,18129,,,694.0097045898438,
73,18129,712.4058227539062,,,
74,18149,,632.12353515625,,
74,18199,,891.0360717773438,,
74,18249,,856.33935546875,,
74,18299,,677.3384399414062,,
74,18349,,674.599609375,,
,4588,,,,567.02392578125
,4589,,,,577.6206665039062
,4590,,,,767.7144775390625
,4591,,,,712.8807373046875
,4592,,,,763.98828125
,4593,,,,767.7127685546875
,4594,,,,928.43701171875
,4595,,,,662.8582763671875
,4596,,,,755.95849609375
,4597,,,,793.0501708984375
,4598,,,,680.3741455078125
,4599,,,,745.8223876953125
,4600,,,,919.249755859375
,4601,,,,674.9672241210938
,4602,,,,816.6737060546875
,4603,,,,835.044677734375
,4604,,,,792.85302734375
,4605,,,,720.7520141601562
,4606,,,,722.3262939453125
,4607,,,,540.9573974609375
,4608,,,,957.8212280273438
,4609,,,,727.0928955078125
,4610,,,,796.27099609375
,4611,,,,504.4772644042969
,4612,,,,616.329833984375
,4613,,,,714.0399169921875
,4614,,,,610.20556640625
,4615,,,,530.09375
,4616,,,,654.14013671875
,4617,,,,621.27685546875
,4618,,,,666.7247924804688
,4619,,,,686.59814453125
,4620,,,,668.5357666015625
,4621,,,,741.916259765625
,4622,,,,622.8536376953125
,4623,,,,847.6026611328125
,4624,,,,601.1439208984375
,4625,,,,569.0634155273438
,4626,,,,598.1773681640625
,4627,,,,720.8487548828125
,4628,,,,818.278564453125
,4629,,,,645.468994140625
,4630,,,,525.8067016601562
,4631,,,,534.1533203125
,4632,,,,727.0823974609375
,4633,,,,692.432373046875
,4634,,,,655.0008544921875
,4635,,,,655.322021484375
,4636,,,,776.7803344726562
,4637,,,,527.9515991210938
,4638,,,,646.0887451171875
,4639,,,,584.1996459960938
,4640,,,,750.9566650390625
,4641,,,,846.2765502929688
,4642,,,,638.0889892578125
,4643,,,,608.5401611328125
,4644,,,,552.9271240234375
,4645,,,,754.8213500976562
,4646,,,,609.7838745117188
,4647,,,,637.2548217773438
,4648,,,,845.492919921875
,4649,,,,1151.4403076171875
74,18374,,,694.004150390625,
74,18374,712.4052734375,,,
75,18399,,666.2093505859375,,
75,18449,,757.2839965820312,,
75,18499,,697.9273071289062,,
75,18549,,798.08056640625,,
75,18599,,708.37451171875,,
,4650,,,,567.0281982421875
,4651,,,,577.658203125
,4652,,,,767.7343139648438
,4653,,,,712.895751953125
,4654,,,,763.99365234375
,4655,,,,767.7355346679688
,4656,,,,928.439453125
,4657,,,,662.865478515625
,4658,,,,755.9461669921875
,4659,,,,793.0711059570312
,4660,,,,680.375732421875
,4661,,,,745.8306884765625
,4662,,,,919.2904052734375
,4663,,,,674.980712890625
,4664,,,,816.6828002929688
,4665,,,,835.03369140625
,4666,,,,792.86669921875
,4667,,,,720.7652587890625
,4668,,,,722.3110961914062
,4669,,,,540.958740234375
,4670,,,,957.8512573242188
,4671,,,,727.0983276367188
,4672,,,,796.2569580078125
,4673,,,,504.482666015625
,4674,,,,616.3594360351562
,4675,,,,714.0692138671875
,4676,,,,610.22119140625
,4677,,,,530.0950317382812
,4678,,,,654.137451171875
,4679,,,,621.275146484375
,4680,,,,666.7193603515625
,4681,,,,686.5950927734375
,4682,,,,668.5162353515625
,4683,,,,741.93408203125
,4684,,,,622.868408203125
,4685,,,,847.5966796875
,4686,,,,601.16943359375
,4687,,,,569.0743408203125
,4688,,,,598.1844482421875
,4689,,,,720.864990234375
,4690,,,,818.29150390625
,4691,,,,645.491455078125
,4692,,,,525.8185424804688
,4693,,,,534.1600341796875
,4694,,,,727.107177734375
,4695,,,,692.449462890625
,4696,,,,655.0162353515625
,4697,,,,655.3421020507812
,4698,,,,776.823974609375
,4699,,,,527.951171875
,4700,,,,646.1029663085938
,4701,,,,584.2103271484375
,4702,,,,750.970458984375
,4703,,,,846.3219604492188
,4704,,,,638.1071166992188
,4705,,,,608.548095703125
,4706,,,,552.96630859375
,4707,,,,754.8302001953125
,4708,,,,609.7688598632812
,4709,,,,637.2679443359375
,4710,,,,845.52490234375
,4711,,,,1151.431884765625
75,18619,,,694.0157470703125,
75,18619,712.4066162109375,,,
76,18649,,561.3880004882812,,
76,18699,,709.6863403320312,,
76,18749,,697.8004760742188,,
76,18799,,623.9349365234375,,
76,18849,,779.3591918945312,,
,4712,,,,567.029541015625
,4713,,,,577.6280517578125
,4714,,,,767.7155151367188
,4715,,,,712.8883666992188
,4716,,,,763.9786376953125
,4717,,,,767.7101440429688
,4718,,,,928.4368896484375
,4719,,,,662.875
,4720,,,,755.9486083984375
,4721,,,,793.068603515625
,4722,,,,680.3680419921875
,4723,,,,745.8262939453125
,4724,,,,919.28466796875
,4725,,,,674.9759521484375
,4726,,,,816.6605834960938
,4727,,,,835.0369873046875
,4728,,,,792.8631591796875
,4729,,,,720.75341796875
,4730,,,,722.3028564453125
,4731,,,,540.9449462890625
,4732,,,,957.835205078125
,4733,,,,727.085693359375
,4734,,,,796.2632446289062
,4735,,,,504.4788513183594
,4736,,,,616.3369750976562
,4737,,,,714.0601806640625
,4738,,,,610.2130126953125
,4739,,,,530.0919189453125
,4740,,,,654.147705078125
,4741,,,,621.2845458984375
,4742,,,,666.72314453125
,4743,,,,686.5988159179688
,4744,,,,668.5257568359375
,4745,,,,741.912109375
,4746,,,,622.8506469726562
,4747,,,,847.586181640625
,4748,,,,601.1611328125
,4749,,,,569.06201171875
,4750,,,,598.1756591796875
,4751,,,,720.8509521484375
,4752,,,,818.2867431640625
,4753,,,,645.4837036132812
,4754,,,,525.8171997070312
,4755,,,,534.14892578125
,4756,,,,727.0943603515625
,4757,,,,692.4385986328125
,4758,,,,655.0013427734375
,4759,,,,655.3430786132812
,4760,,,,776.7999267578125
,4761,,,,527.942626953125
,4762,,,,646.1068115234375
,4763,,,,584.2037353515625
,4764,,,,750.9599609375
,4765,,,,846.2943115234375
,4766,,,,638.1098022460938
,4767,,,,608.56298828125
,4768,,,,552.953369140625
,4769,,,,754.8285522460938
,4770,,,,609.77392578125
,4771,,,,637.2584228515625
,4772,,,,845.5137939453125
,4773,,,,1151.4111328125
76,18864,,,694.0084838867188,
76,18864,712.4038696289062,,,
77,18899,,708.8221435546875,,
77,18949,,760.85791015625,,
77,18999,,707.8311767578125,,
77,19049,,674.0047607421875,,
77,19099,,684.251220703125,,
,4774,,,,567.035888671875
,4775,,,,577.6356201171875
,4776,,,,767.723876953125
,4777,,,,712.8857421875
,4778,,,,763.97314453125
,4779,,,,767.722412109375
,4780,,,,928.465087890625
,4781,,,,662.8533935546875
,4782,,,,755.9415893554688
,4783,,,,793.0668334960938
,4784,,,,680.3684692382812
,4785,,,,745.8394775390625
,4786,,,,919.286865234375
,4787,,,,674.9732666015625
,4788,,,,816.6680297851562
,4789,,,,835.0419921875
,4790,,,,792.8597412109375
,4791,,,,720.76953125
,4792,,,,722.314697265625
,4793,,,,540.945556640625
,4794,,,,957.8312377929688
,4795,,,,727.087646484375
,4796,,,,796.2572021484375
,4797,,,,504.4764709472656
,4798,,,,616.3421630859375
,4799,,,,714.0823364257812
,4800,,,,610.2176513671875
,4801,,,,530.0870361328125
,4802,,,,654.148681640625
,4803,,,,621.2822265625
,4804,,,,666.728515625
,4805,,,,686.596435546875
,4806,,,,668.529296875
,4807,,,,741.918701171875
,4808,,,,622.8588256835938
,4809,,,,847.5980224609375
,4810,,,,601.1627197265625
,4811,,,,569.074951171875
,4812,,,,598.179931640625
,4813,,,,720.8477783203125
,4814,,,,818.287109375
,4815,,,,645.4825439453125
,4816,,,,525.816650390625
,4817,,,,534.150634765625
,4818,,,,727.1057739257812
,4819,,,,692.4420166015625
,4820,,,,655.0186767578125
,4821,,,,655.3314208984375
,4822,,,,776.8099365234375
,4823,,,,527.9443359375
,4824,,,,646.1055908203125
,4825,,,,584.201171875
,4826,,,,750.973388671875
,4827,,,,846.3013305664062
,4828,,,,638.09716796875
,4829,,,,608.5413818359375
,4830,,,,552.9639892578125
,4831,,,,754.825927734375
,4832,,,,609.7710571289062
,4833,,,,637.2716064453125
,4834,,,,845.5416259765625
,4835,,,,1151.408935546875
77,19109,,,694.0116577148438,
77,19109,712.4041748046875,,,
78,19149,,680.6469116210938,,
78,19199,,926.262939453125,,
78,19249,,952.085693359375,,
78,19299,,662.2197875976562,,
78,19349,,725.671142578125,,
,4836,,,,567.0579223632812
,4837,,,,577.6406860351562
,4838,,,,767.7308959960938
,4839,,,,712.8702392578125
,4840,,,,763.9869384765625
,4841,,,,767.7137451171875
,4842,,,,928.4268798828125
,4843,,,,662.86279296875
,4844,,,,755.9468383789062
,4845,,,,793.057861328125
,4846,,,,680.3690795898438
,4847,,,,745.8179321289062
,4848,,,,919.2740478515625
,4849,,,,674.9752197265625
,4850,,,,816.674072265625
,4851,,,,835.0604248046875
,4852,,,,792.8502197265625
,4853,,,,720.7483520507812
,4854,,,,722.3331298828125
,4855,,,,540.9602661132812
,4856,,,,957.8175048828125
,4857,,,,727.0955200195312
,4858,,,,796.2672119140625
,4859,,,,504.4970703125
,4860,,,,616.33984375
,4861,,,,714.0552978515625
,4862,,,,610.2067260742188
,4863,,,,530.1021728515625
,4864,,,,654.1182250976562
,4865,,,,621.2681884765625
,4866,,,,666.7206420898438
,4867,,,,686.6005859375
,4868,,,,668.5206298828125
,4869,,,,741.9105224609375
,4870,,,,622.8424072265625
,4871,,,,847.611083984375
,4872,,,,601.1542358398438
,4873,,,,569.066162109375
,4874,,,,598.170166015625
,4875,,,,720.8517456054688
,4876,,,,818.2801513671875
,4877,,,,645.4728393554688
,4878,,,,525.80224609375
,4879,,,,534.1707153320312
,4880,,,,727.0916748046875
,4881,,,,692.443359375
,4882,,,,655.0076904296875
,4883,,,,655.3165893554688
,4884,,,,776.7811279296875
,4885,,,,527.943115234375
,4886,,,,646.07958984375
,4887,,,,584.196533203125
,4888,,,,750.954833984375
,4889,,,,846.2782592773438
,4890,,,,638.0885009765625
,4891,,,,608.54736328125
,4892,,,,552.9459838867188
,4893,,,,754.8103637695312
,4894,,,,609.78466796875
,4895,,,,637.2394409179688
,4896,,,,845.4828491210938
,4897,,,,1151.40625
78,19354,,,694.0055541992188,
78,19354,712.3853759765625,,,
79,19399,,796.0302734375,,
79,19449,,655.8380737304688,,
79,19499,,665.1832275390625,,
79,19549,,580.09912109375,,
79,19599,,574.2428588867188,,
,4898,,,,567.0391845703125
,4899,,,,577.643798828125
,4900,,,,767.725341796875
,4901,,,,712.8894653320312
,4902,,,,763.9859619140625
,4903,,,,767.7208251953125
,4904,,,,928.4302978515625
,4905,,,,662.8717041015625
,4906,,,,755.9685668945312
,4907,,,,793.063232421875
,4908,,,,680.3763427734375
,4909,,,,745.8148803710938
,4910,,,,919.287841796875
,4911,,,,674.98046875
,4912,,,,816.6629638671875
,4913,,,,835.0609741210938
,4914,,,,792.8368530273438
,4915,,,,720.7564697265625
,4916,,,,722.31787109375
,4917,,,,540.970947265625
,4918,,,,957.8226318359375
,4919,,,,727.090576171875
,4920,,,,796.256103515625
,4921,,,,504.4840087890625
,4922,,,,616.3349609375
,4923,,,,714.029052734375
,4924,,,,610.207763671875
,4925,,,,530.0875854492188
,4926,,,,654.13818359375
,4927,,,,621.2801513671875
,4928,,,,666.7119140625
,4929,,,,686.5912475585938
,4930,,,,668.5496826171875
,4931,,,,741.9375
,4932,,,,622.8507080078125
,4933,,,,847.5975341796875
,4934,,,,601.1612548828125
,4935,,,,569.0717163085938
,4936,,,,598.1732177734375
,4937,,,,720.8576049804688
,4938,,,,818.2794189453125
,4939,,,,645.4602661132812
,4940,,,,525.8272094726562
,4941,,,,534.152587890625
,4942,,,,727.10693359375
,4943,,,,692.44482421875
,4944,,,,655.0164184570312
,4945,,,,655.3062133789062
,4946,,,,776.7955932617188
,4947,,,,527.9491577148438
,4948,,,,646.0870971679688
,4949,,,,584.2081298828125
,4950,,,,750.9574584960938
,4951,,,,846.2568359375
,4952,,,,638.0733642578125
,4953,,,,608.553466796875
,4954,,,,552.9381103515625
,4955,,,,754.8035888671875
,4956,,,,609.798095703125
,4957,,,,637.24951171875
,4958,,,,845.4761962890625
,4959,,,,1151.386962890625
79,19599,,,694.007080078125,
79,19599,712.3836059570312,,,
80,19649,,900.47412109375,,
80,19699,,665.796630859375,,
80,19749,,897.200927734375,,
80,19799,,639.5327758789062,,
,4960,,,,567.0371704101562
,4961,,,,577.6409912109375
,4962,,,,767.7288818359375
,4963,,,,712.8884887695312
,4964,,,,763.9927978515625
,4965,,,,767.7169189453125
,4966,,,,928.4461669921875
,4967,,,,662.8351440429688
,4968,,,,755.95361328125
,4969,,,,793.0446166992188
,4970,,,,680.3831787109375
,4971,,,,745.8343505859375
,4972,,,,919.2705688476562
,4973,,,,674.9755249023438
,4974,,,,816.6871337890625
,4975,,,,835.0400390625
,4976,,,,792.857666015625
,4977,,,,720.7698364257812
,4978,,,,722.311279296875
,4979,,,,540.94482421875
,4980,,,,957.8587036132812
,4981,,,,727.0963134765625
,4982,,,,796.2587280273438
,4983,,,,504.47698974609375
,4984,,,,616.3412475585938
,4985,,,,714.0625
,4986,,,,610.2122802734375
,4987,,,,530.0780639648438
,4988,,,,654.133544921875
,4989,,,,621.2896728515625
,4990,,,,666.7255859375
,4991,,,,686.572021484375
,4992,,,,668.5035400390625
,4993,,,,741.9183959960938
,4994,,,,622.8675537109375
,4995,,,,847.598388671875
,4996,,,,601.1726684570312
,4997,,,,569.0947265625
,4998,,,,598.1689453125
,4999,,,,720.8709106445312
,5000,,,,818.2786254882812
,5001,,,,645.4819946289062
,5002,,,,525.813232421875
,5003,,,,534.134521484375
,5004,,,,727.0859375
,5005,,,,692.4216918945312
,5006,,,,655.019775390625
,5007,,,,655.340576171875
,5008,,,,776.8192749023438
,5009,,,,527.95263671875
,5010,,,,646.10791015625
,5011,,,,584.2037353515625
,5012,,,,750.9662475585938
,5013,,,,846.2879638671875
,5014,,,,638.076416015625
,5015,,,,608.5470581054688
,5016,,,,552.9591064453125
,5017,,,,754.8282470703125
,5018,,,,609.770751953125
,5019,,,,637.2681274414062
,5020,,,,845.5252685546875
,5021,,,,1151.434326171875
80,19844,,,694.010009765625,
80,19844,712.38330078125,,,
81,19849,,948.3866577148438,,
81,19899,,771.7467041015625,,
81,19949,,659.6871948242188,,
81,19999,,917.7073364257812,,
81,20049,,672.6716918945312,,
,5022,,,,567.0284423828125
,5023,,,,577.6416015625
,5024,,,,767.7306518554688
,5025,,,,712.875244140625
,5026,,,,763.9942626953125
,5027,,,,767.714111328125
,5028,,,,928.4322509765625
,5029,,,,662.8783569335938
,5030,,,,755.9453125
,5031,,,,793.0604248046875
,5032,,,,680.362548828125
,5033,,,,745.82666015625
,5034,,,,919.2930908203125
,5035,,,,674.9822387695312
,5036,,,,816.6842041015625
,5037,,,,835.049560546875
,5038,,,,792.8582763671875
,5039,,,,720.7537841796875
,5040,,,,722.3136596679688
,5041,,,,540.94970703125
,5042,,,,957.8414306640625
,5043,,,,727.0916137695312
,5044,,,,796.2684326171875
,5045,,,,504.50531005859375
,5046,,,,616.3416748046875
,5047,,,,714.0701904296875
,5048,,,,610.2115478515625
,5049,,,,530.0955200195312
,5050,,,,654.1483154296875
,5051,,,,621.283447265625
,5052,,,,666.72314453125
,5053,,,,686.5941162109375
,5054,,,,668.5196533203125
,5055,,,,741.9212646484375
,5056,,,,622.84228515625
,5057,,,,847.60302734375
,5058,,,,601.1851806640625
,5059,,,,569.070068359375
,5060,,,,598.1629638671875
,5061,,,,720.8530883789062
,5062,,,,818.2713623046875
,5063,,,,645.4840698242188
,5064,,,,525.808837890625
,5065,,,,534.1510009765625
,5066,,,,727.0882568359375
,5067,,,,692.4356689453125
,5068,,,,655.0123291015625
,5069,,,,655.34228515625
,5070,,,,776.796142578125
,5071,,,,527.935546875
,5072,,,,646.1168212890625
,5073,,,,584.2003173828125
,5074,,,,750.9688720703125
,5075,,,,846.3123779296875
,5076,,,,638.115478515625
,5077,,,,608.5445556640625
,5078,,,,552.950927734375
,5079,,,,754.8402099609375
,5080,,,,609.7825927734375
,5081,,,,637.28955078125
,5082,,,,845.52490234375
,5083,,,,1151.4693603515625
81,20089,,,694.0121459960938,
81,20089,712.3834228515625,,,
