epoch,step,train_loss_epoch,train_loss_step,val_loss_epoch,val_loss_step
0,49,,1892.915771484375,,
0,99,,1666.638916015625,,
,0,,,,2059.98974609375
,1,,,,1848.74072265625
,2,,,,2123.30810546875
,3,,,,1647.272216796875
,4,,,,1747.72998046875
,5,,,,2239.94482421875
,6,,,,2434.384521484375
,7,,,,1502.964111328125
,8,,,,1564.481689453125
,9,,,,1993.9400634765625
,10,,,,2156.626708984375
,11,,,,1634.3062744140625
,12,,,,1801.830810546875
,13,,,,1845.441162109375
,14,,,,2127.263427734375
,15,,,,1562.06396484375
,16,,,,1841.155029296875
,17,,,,1784.25
,18,,,,1336.941650390625
,19,,,,1641.923583984375
,20,,,,2101.49365234375
,21,,,,2302.036865234375
,22,,,,1744.054443359375
,23,,,,2068.86181640625
,24,,,,2139.981201171875
,25,,,,2225.7890625
,26,,,,2087.867919921875
,27,,,,1682.027587890625
,28,,,,2321.355224609375
,29,,,,2296.915283203125
,30,,,,1826.808837890625
,31,,,,2418.199951171875
0,124,,,1929.4814453125,
0,124,1984.8702392578125,,,
1,149,,2079.01611328125,,
1,199,,1393.0693359375,,
1,249,,1752.9444580078125,,
,32,,,,2059.72314453125
,33,,,,1848.0220947265625
,34,,,,2122.56787109375
,35,,,,1646.5050048828125
,36,,,,1747.59130859375
,37,,,,2240.134033203125
,38,,,,2433.260009765625
,39,,,,1502.4146728515625
,40,,,,1564.0732421875
,41,,,,1992.859619140625
,42,,,,2155.1298828125
,43,,,,1633.6156005859375
,44,,,,1801.281005859375
,45,,,,1845.221923828125
,46,,,,2125.26708984375
,47,,,,1561.75341796875
,48,,,,1840.632080078125
,49,,,,1782.90869140625
,50,,,,1336.1865234375
,51,,,,1641.982177734375
,52,,,,2100.54248046875
,53,,,,2300.590087890625
,54,,,,1744.276123046875
,55,,,,2069.474853515625
,56,,,,2140.152099609375
,57,,,,2226.302734375
,58,,,,2087.25634765625
,59,,,,1681.3118896484375
,60,,,,2319.70458984375
,61,,,,2296.1708984375
,62,,,,1825.8614501953125
,63,,,,2416.752685546875
1,249,,,1928.8631591796875,
1,249,1970.9425048828125,,,
2,299,,1892.0076904296875,,
2,349,,2208.2939453125,,
,64,,,,2057.74853515625
,65,,,,1846.86865234375
,66,,,,2121.111572265625
,67,,,,1645.574462890625
,68,,,,1746.113037109375
,69,,,,2239.04248046875
,70,,,,2431.290283203125
,71,,,,1501.6383056640625
,72,,,,1563.28564453125
,73,,,,1991.39453125
,74,,,,2153.06298828125
,75,,,,1632.580322265625
,76,,,,1800.04736328125
,77,,,,1843.962646484375
,78,,,,2123.5625
,79,,,,1560.9149169921875
,80,,,,1839.4970703125
,81,,,,1781.423828125
,82,,,,1335.443603515625
,83,,,,1641.3704833984375
,84,,,,2098.78271484375
,85,,,,2298.97314453125
,86,,,,1744.072509765625
,87,,,,2066.766357421875
,88,,,,2139.34912109375
,89,,,,2224.149169921875
,90,,,,2085.76123046875
,91,,,,1680.32373046875
,92,,,,2318.12646484375
,93,,,,2294.9208984375
,94,,,,1824.5130615234375
,95,,,,2414.72509765625
2,374,,,1927.5311279296875,
2,374,1952.984375,,,
3,399,,2045.984619140625,,
3,449,,2223.399658203125,,
3,499,,1710.22314453125,,
,96,,,,2054.30029296875
,97,,,,1845.247314453125
,98,,,,2118.810546875
,99,,,,1644.611572265625
,100,,,,1743.17529296875
,101,,,,2236.6962890625
,102,,,,2427.3779296875
,103,,,,1500.83056640625
,104,,,,1562.23388671875
,105,,,,1989.8970947265625
,106,,,,2149.651123046875
,107,,,,1630.5413818359375
,108,,,,1798.4556884765625
,109,,,,1842.32470703125
,110,,,,2121.0888671875
,111,,,,1559.758056640625
,112,,,,1837.58447265625
,113,,,,1779.457275390625
,114,,,,1334.681640625
,115,,,,1640.702880859375
,116,,,,2095.41357421875
,117,,,,2296.56787109375
,118,,,,1742.776611328125
,119,,,,2062.28369140625
,120,,,,2136.82421875
,121,,,,2219.852294921875
,122,,,,2082.90087890625
,123,,,,1679.297119140625
,124,,,,2314.3759765625
,125,,,,2291.54150390625
,126,,,,1822.4136962890625
,127,,,,2412.119384765625
3,499,,,1925.2705078125,
3,499,1937.0689697265625,,,
4,549,,2132.326904296875,,
4,599,,1372.505615234375,,
,128,,,,2052.338623046875
,129,,,,1843.671875
,130,,,,2117.1337890625
,131,,,,1643.57861328125
,132,,,,1741.6793212890625
,133,,,,2234.96630859375
,134,,,,2425.156005859375
,135,,,,1499.868896484375
,136,,,,1561.040771484375
,137,,,,1988.5435791015625
,138,,,,2147.502197265625
,139,,,,1629.1177978515625
,140,,,,1796.840087890625
,141,,,,1840.9361572265625
,142,,,,2119.228759765625
,143,,,,1558.548583984375
,144,,,,1835.8917236328125
,145,,,,1778.010498046875
,146,,,,1333.790283203125
,147,,,,1640.276123046875
,148,,,,2093.491455078125
,149,,,,2294.45849609375
,150,,,,1741.35546875
,151,,,,2060.824951171875
,152,,,,2135.079833984375
,153,,,,2217.23193359375
,154,,,,2080.816650390625
,155,,,,1678.175537109375
,156,,,,2311.64599609375
,157,,,,2290.191162109375
,158,,,,1821.071533203125
,159,,,,2409.80224609375
4,624,,,1923.677001953125,
4,624,1920.8709716796875,,,
5,649,,1842.7479248046875,,
5,699,,1733.484130859375,,
5,749,,1963.4271240234375,,
,160,,,,2048.697509765625
,161,,,,1841.757568359375
,162,,,,2114.56787109375
,163,,,,1642.3084716796875
,164,,,,1739.0225830078125
,165,,,,2232.50732421875
,166,,,,2420.89892578125
,167,,,,1498.653076171875
,168,,,,1559.734130859375
,169,,,,1986.9251708984375
,170,,,,2143.8935546875
,171,,,,1626.696044921875
,172,,,,1794.80126953125
,173,,,,1838.80908203125
,174,,,,2116.67431640625
,175,,,,1557.163818359375
,176,,,,1833.336669921875
,177,,,,1775.8077392578125
,178,,,,1332.735595703125
,179,,,,1638.9962158203125
,180,,,,2090.3388671875
,181,,,,2291.85986328125
,182,,,,1739.28662109375
,183,,,,2055.563720703125
,184,,,,2131.890625
,185,,,,2213.1005859375
,186,,,,2077.91357421875
,187,,,,1676.610107421875
,188,,,,2307.85107421875
,189,,,,2286.54150390625
,190,,,,1818.864501953125
,191,,,,2407.5224609375
5,749,,,1921.1417236328125,
5,749,1907.354248046875,,,
6,799,,1798.4140625,,
6,849,,1855.736328125,,
,192,,,,2046.7493896484375
,193,,,,1839.9913330078125
,194,,,,2112.41162109375
,195,,,,1640.8004150390625
,196,,,,1736.8624267578125
,197,,,,2230.44287109375
,198,,,,2418.465087890625
,199,,,,1497.44580078125
,200,,,,1558.2510986328125
,201,,,,1985.1689453125
,202,,,,2141.255859375
,203,,,,1625.088623046875
,204,,,,1792.93798828125
,205,,,,1837.026123046875
,206,,,,2114.4736328125
,207,,,,1555.7801513671875
,208,,,,1831.440673828125
,209,,,,1773.868896484375
,210,,,,1331.449462890625
,211,,,,1637.930908203125
,212,,,,2087.78076171875
,213,,,,2289.828857421875
,214,,,,1737.4935302734375
,215,,,,2052.99609375
,216,,,,2129.99560546875
,217,,,,2210.602294921875
,218,,,,2075.948974609375
,219,,,,1675.15185546875
,220,,,,2305.36376953125
,221,,,,2284.111328125
,222,,,,1817.014404296875
,223,,,,2404.886474609375
6,874,,,1919.211181640625,
6,874,1894.85498046875,,,
7,899,,1799.353515625,,
7,949,,1503.052734375,,
7,999,,1924.0692138671875,,
,224,,,,2043.332275390625
,225,,,,1838.139404296875
,226,,,,2109.998046875
,227,,,,1639.731689453125
,228,,,,1734.526611328125
,229,,,,2228.072509765625
,230,,,,2414.59521484375
,231,,,,1496.478271484375
,232,,,,1556.9608154296875
,233,,,,1983.7259521484375
,234,,,,2138.123779296875
,235,,,,1622.734130859375
,236,,,,1790.861083984375
,237,,,,1835.2977294921875
,238,,,,2112.077880859375
,239,,,,1554.3214111328125
,240,,,,1829.113525390625
,241,,,,1771.92431640625
,242,,,,1330.4638671875
,243,,,,1637.6954345703125
,244,,,,2085.218994140625
,245,,,,2287.386962890625
,246,,,,1735.4736328125
,247,,,,2048.764404296875
,248,,,,2127.57275390625
,249,,,,2207.012451171875
,250,,,,2073.127685546875
,251,,,,1673.7305908203125
,252,,,,2302.2451171875
,253,,,,2280.880615234375
,254,,,,1814.818603515625
,255,,,,2402.65478515625
7,999,,,1916.96240234375,
7,999,1882.1641845703125,,,
8,1049,,1256.0089111328125,,
8,1099,,1821.3525390625,,
,256,,,,2039.9697265625
,257,,,,1835.746826171875
,258,,,,2107.627197265625
,259,,,,1638.0419921875
,260,,,,1731.9287109375
,261,,,,2224.86767578125
,262,,,,2410.82568359375
,263,,,,1495.0003662109375
,264,,,,1555.235595703125
,265,,,,1981.9605712890625
,266,,,,2134.59765625
,267,,,,1620.22607421875
,268,,,,1788.363037109375
,269,,,,1833.0513916015625
,270,,,,2109.384765625
,271,,,,1552.524658203125
,272,,,,1826.435302734375
,273,,,,1769.4373779296875
,274,,,,1329.0711669921875
,275,,,,1635.906005859375
,276,,,,2082.17724609375
,277,,,,2284.897216796875
,278,,,,1732.69921875
,279,,,,2044.6956787109375
,280,,,,2124.509521484375
,281,,,,2203.3212890625
,282,,,,2070.1591796875
,283,,,,1671.9073486328125
,284,,,,2298.623291015625
,285,,,,2277.66845703125
,286,,,,1812.42822265625
,287,,,,2400.1494140625
8,1124,,,1914.3465576171875,
8,1124,1874.7412109375,,,
9,1149,,2218.0458984375,,
9,1199,,1935.18505859375,,
9,1249,,1749.6162109375,,
,288,,,,2037.547119140625
,289,,,,1833.650634765625
,290,,,,2104.93359375
,291,,,,1636.079345703125
,292,,,,1729.591064453125
,293,,,,2222.287841796875
,294,,,,2407.783935546875
,295,,,,1493.344970703125
,296,,,,1553.25732421875
,297,,,,1979.4473876953125
,298,,,,2131.6298828125
,299,,,,1617.8179931640625
,300,,,,1785.81591796875
,301,,,,1830.523681640625
,302,,,,2106.6484375
,303,,,,1550.790283203125
,304,,,,1824.05126953125
,305,,,,1767.091064453125
,306,,,,1327.571533203125
,307,,,,1634.35205078125
,308,,,,2079.144775390625
,309,,,,2282.244873046875
,310,,,,1730.616943359375
,311,,,,2042.35693359375
,312,,,,2122.009033203125
,313,,,,2200.60107421875
,314,,,,2067.748291015625
,315,,,,1669.994384765625
,316,,,,2295.61328125
,317,,,,2274.837890625
,318,,,,1810.0687255859375
,319,,,,2396.52197265625
9,1249,,,1911.95458984375,
9,1249,1864.826904296875,,,
10,1299,,1572.634033203125,,
10,1349,,2140.12744140625,,
,320,,,,2034.351318359375
,321,,,,1831.38330078125
,322,,,,2102.760498046875
,323,,,,1634.71533203125
,324,,,,1726.9417724609375
,325,,,,2219.43798828125
,326,,,,2404.124267578125
,327,,,,1492.09228515625
,328,,,,1551.8382568359375
,329,,,,1977.986083984375
,330,,,,2128.5263671875
,331,,,,1615.385986328125
,332,,,,1783.3544921875
,333,,,,1828.3759765625
,334,,,,2104.08740234375
,335,,,,1549.161865234375
,336,,,,1821.125
,337,,,,1764.9815673828125
,338,,,,1326.0302734375
,339,,,,1633.328857421875
,340,,,,2076.38037109375
,341,,,,2279.600830078125
,342,,,,1727.731689453125
,343,,,,2038.512939453125
,344,,,,2119.136962890625
,345,,,,2197.32763671875
,346,,,,2064.77880859375
,347,,,,1668.287109375
,348,,,,2292.272705078125
,349,,,,2271.84716796875
,350,,,,1807.586669921875
,351,,,,2393.994140625
10,1374,,,1909.5023193359375,
10,1374,1856.9002685546875,,,
11,1399,,1832.2723388671875,,
11,1449,,2019.8194580078125,,
11,1499,,1909.919189453125,,
,352,,,,2031.019775390625
,353,,,,1828.802490234375
,354,,,,2100.65673828125
,355,,,,1633.2213134765625
,356,,,,1723.9754638671875
,357,,,,2216.524169921875
,358,,,,2399.783935546875
,359,,,,1490.755615234375
,360,,,,1550.232177734375
,361,,,,1976.3076171875
,362,,,,2124.574462890625
,363,,,,1612.825439453125
,364,,,,1781.004638671875
,365,,,,1826.333984375
,366,,,,2101.326171875
,367,,,,1547.53564453125
,368,,,,1818.4310302734375
,369,,,,1762.444091796875
,370,,,,1324.902587890625
,371,,,,1631.7734375
,372,,,,2073.3759765625
,373,,,,2277.15576171875
,374,,,,1725.263427734375
,375,,,,2033.58447265625
,376,,,,2115.79833984375
,377,,,,2193.256591796875
,378,,,,2061.509521484375
,379,,,,1666.4503173828125
,380,,,,2288.131103515625
,381,,,,2268.41943359375
,382,,,,1805.30908203125
,383,,,,2391.49462890625
11,1499,,,1906.8338623046875,
11,1499,1848.59033203125,,,
12,1549,,2007.1732177734375,,
12,1599,,1421.1839599609375,,
,384,,,,2028.158447265625
,385,,,,1826.747314453125
,386,,,,2097.753173828125
,387,,,,1631.86328125
,388,,,,1721.651611328125
,389,,,,2214.0869140625
,390,,,,2396.4765625
,391,,,,1489.447265625
,392,,,,1548.8526611328125
,393,,,,1974.74853515625
,394,,,,2121.52978515625
,395,,,,1610.435546875
,396,,,,1778.4932861328125
,397,,,,1823.9644775390625
,398,,,,2098.77685546875
,399,,,,1546.14013671875
,400,,,,1815.7490234375
,401,,,,1760.194091796875
,402,,,,1323.7646484375
,403,,,,1630.534423828125
,404,,,,2070.435302734375
,405,,,,2274.58642578125
,406,,,,1723.23681640625
,407,,,,2029.6009521484375
,408,,,,2112.91796875
,409,,,,2190.18603515625
,410,,,,2058.630859375
,411,,,,1664.80419921875
,412,,,,2284.787109375
,413,,,,2265.33544921875
,414,,,,1803.02001953125
,415,,,,2389.01904296875
12,1624,,,1904.4534912109375,
12,1624,1841.343505859375,,,
13,1649,,2046.6689453125,,
13,1699,,1844.368896484375,,
13,1749,,2036.853515625,,
,416,,,,2024.7596435546875
,417,,,,1824.1312255859375
,418,,,,2094.59912109375
,419,,,,1629.7940673828125
,420,,,,1718.535400390625
,421,,,,2210.59619140625
,422,,,,2392.35791015625
,423,,,,1487.7919921875
,424,,,,1546.759521484375
,425,,,,1972.374267578125
,426,,,,2117.663818359375
,427,,,,1607.6109619140625
,428,,,,1775.4873046875
,429,,,,1821.1234130859375
,430,,,,2095.70361328125
,431,,,,1544.1611328125
,432,,,,1812.765625
,433,,,,1757.5084228515625
,434,,,,1321.992919921875
,435,,,,1629.173095703125
,436,,,,2067.091796875
,437,,,,2271.54296875
,438,,,,1720.106201171875
,439,,,,2025.76123046875
,440,,,,2109.46142578125
,441,,,,2186.5517578125
,442,,,,2055.232421875
,443,,,,1662.478759765625
,444,,,,2280.812744140625
,445,,,,2262.02001953125
,446,,,,1800.233642578125
,447,,,,2385.529296875
13,1749,,,1901.52197265625,
13,1749,1836.24365234375,,,
14,1799,,1733.785888671875,,
14,1849,,1592.9945068359375,,
,448,,,,2020.9453125
,449,,,,1820.86767578125
,450,,,,2090.83984375
,451,,,,1627.2623291015625
,452,,,,1714.962158203125
,453,,,,2206.771240234375
,454,,,,2387.52978515625
,455,,,,1485.54736328125
,456,,,,1544.1787109375
,457,,,,1969.3251953125
,458,,,,2113.36767578125
,459,,,,1604.221435546875
,460,,,,1772.0419921875
,461,,,,1817.616943359375
,462,,,,2091.708251953125
,463,,,,1541.628662109375
,464,,,,1809.293212890625
,465,,,,1753.9520263671875
,466,,,,1319.8404541015625
,467,,,,1626.795166015625
,468,,,,2062.730712890625
,469,,,,2267.978515625
,470,,,,1716.826171875
,471,,,,2021.672607421875
,472,,,,2105.50244140625
,473,,,,2182.35791015625
,474,,,,2051.390625
,475,,,,1659.785400390625
,476,,,,2276.33056640625
,477,,,,2257.794677734375
,478,,,,1796.905517578125
,479,,,,2381.0751953125
14,1874,,,1898.023681640625,
14,1874,1828.4910888671875,,,
15,1899,,1536.822265625,,
15,1949,,2102.3974609375,,
15,1999,,2125.509521484375,,
,480,,,,2017.5654296875
,481,,,,1818.4669189453125
,482,,,,2088.146484375
,483,,,,1625.7425537109375
,484,,,,1712.547119140625
,485,,,,2204.275390625
,486,,,,2384.03466796875
,487,,,,1484.119873046875
,488,,,,1542.80517578125
,489,,,,1968.01513671875
,490,,,,2110.3310546875
,491,,,,1601.486572265625
,492,,,,1769.160888671875
,493,,,,1815.4779052734375
,494,,,,2088.8564453125
,495,,,,1539.828125
,496,,,,1806.04150390625
,497,,,,1751.385009765625
,498,,,,1318.154541015625
,499,,,,1625.2000732421875
,500,,,,2060.192626953125
,501,,,,2265.505615234375
,502,,,,1714.290771484375
,503,,,,2017.8385009765625
,504,,,,2102.572998046875
,505,,,,2179.046630859375
,506,,,,2048.04248046875
,507,,,,1657.909912109375
,508,,,,2272.879150390625
,509,,,,2254.3955078125
,510,,,,1794.3365478515625
,511,,,,2379.43994140625
15,1999,,,1895.4722900390625,
15,1999,1825.91796875,,,
16,2049,,1806.734619140625,,
16,2099,,1326.0260009765625,,
,512,,,,2014.4449462890625
,513,,,,1815.9677734375
,514,,,,2085.7509765625
,515,,,,1624.31005859375
,516,,,,1710.0057373046875
,517,,,,2201.7412109375
,518,,,,2380.318603515625
,519,,,,1482.786865234375
,520,,,,1541.4541015625
,521,,,,1966.76806640625
,522,,,,2106.728515625
,523,,,,1598.9354248046875
,524,,,,1766.862060546875
,525,,,,1813.366943359375
,526,,,,2086.42578125
,527,,,,1538.194091796875
,528,,,,1803.128173828125
,529,,,,1748.796630859375
,530,,,,1316.970458984375
,531,,,,1623.612548828125
,532,,,,2057.54248046875
,533,,,,2263.295166015625
,534,,,,1711.8001708984375
,535,,,,2013.022216796875
,536,,,,2099.4345703125
,537,,,,2175.62060546875
,538,,,,2044.660400390625
,539,,,,1656.211181640625
,540,,,,2268.853515625
,541,,,,2251.038818359375
,542,,,,1792.080078125
,543,,,,2377.590087890625
16,2124,,,1892.9447021484375,
16,2124,1822.069091796875,,,
17,2149,,1656.725830078125,,
17,2199,,1735.68017578125,,
17,2249,,1259.8665771484375,,
,544,,,,2009.99169921875
,545,,,,1812.667724609375
,546,,,,2081.7744140625
,547,,,,1621.880126953125
,548,,,,1706.139404296875
,549,,,,2197.292236328125
,550,,,,2374.8037109375
,551,,,,1480.5732421875
,552,,,,1538.937255859375
,553,,,,1963.7791748046875
,554,,,,2101.827880859375
,555,,,,1595.137451171875
,556,,,,1762.8275146484375
,557,,,,1809.799560546875
,558,,,,2081.90478515625
,559,,,,1535.703857421875
,560,,,,1799.074462890625
,561,,,,1745.130615234375
,562,,,,1314.592529296875
,563,,,,1621.857421875
,564,,,,2052.83154296875
,565,,,,2259.240234375
,566,,,,1707.679931640625
,567,,,,2008.376220703125
,568,,,,2095.259033203125
,569,,,,2171.220947265625
,570,,,,2040.577880859375
,571,,,,1653.33837890625
,572,,,,2264.13427734375
,573,,,,2246.6064453125
,574,,,,1788.175048828125
,575,,,,2372.84765625
17,2249,,,1889.1629638671875,
17,2249,1816.3106689453125,,,
18,2299,,1886.435302734375,,
18,2349,,1549.90771484375,,
,576,,,,2005.927490234375
,577,,,,1809.44287109375
,578,,,,2077.8310546875
,579,,,,1619.580810546875
,580,,,,1702.8487548828125
,581,,,,2193.58251953125
,582,,,,2369.795166015625
,583,,,,1478.9376220703125
,584,,,,1536.841064453125
,585,,,,1961.4046630859375
,586,,,,2097.232666015625
,587,,,,1591.7646484375
,588,,,,1759.2802734375
,589,,,,1806.2623291015625
,590,,,,2078.314697265625
,591,,,,1533.504638671875
,592,,,,1795.66259765625
,593,,,,1742.0166015625
,594,,,,1312.853515625
,595,,,,1619.9349365234375
,596,,,,2048.98193359375
,597,,,,2255.9765625
,598,,,,1703.989990234375
,599,,,,2003.3116455078125
,600,,,,2090.8505859375
,601,,,,2166.6982421875
,602,,,,2036.375244140625
,603,,,,1650.8890380859375
,604,,,,2259.25
,605,,,,2242.47998046875
,606,,,,1785.2139892578125
,607,,,,2368.636962890625
18,2374,,,1885.734130859375,
18,2374,1811.0615234375,,,
19,2399,,1585.740234375,,
19,2449,,1857.117431640625,,
19,2499,,1388.1058349609375,,
,608,,,,2000.7279052734375
,609,,,,1805.071533203125
,610,,,,2072.930908203125
,611,,,,1616.50732421875
,612,,,,1697.922607421875
,613,,,,2188.509033203125
,614,,,,2363.87255859375
,615,,,,1475.885009765625
,616,,,,1533.4898681640625
,617,,,,1957.5169677734375
,618,,,,2091.779296875
,619,,,,1587.029541015625
,620,,,,1754.6666259765625
,621,,,,1801.6234130859375
,622,,,,2072.9140625
,623,,,,1529.6943359375
,624,,,,1790.912109375
,625,,,,1737.153564453125
,626,,,,1309.736572265625
,627,,,,1616.8389892578125
,628,,,,2043.7406005859375
,629,,,,2250.96630859375
,630,,,,1698.921875
,631,,,,1997.557373046875
,632,,,,2086.08837890625
,633,,,,2161.7021484375
,634,,,,2031.400390625
,635,,,,1647.126708984375
,636,,,,2253.86767578125
,637,,,,2237.35009765625
,638,,,,1780.303955078125
,639,,,,2363.146728515625
19,2499,,,1881.107177734375,
19,2499,1810.55908203125,,,
20,2549,,1632.77392578125,,
20,2599,,1685.404052734375,,
,640,,,,1997.159423828125
,641,,,,1802.430908203125
,642,,,,2069.771484375
,643,,,,1614.61083984375
,644,,,,1694.70263671875
,645,,,,2185.4541015625
,646,,,,2359.94580078125
,647,,,,1474.61376953125
,648,,,,1532.13037109375
,649,,,,1956.41845703125
,650,,,,2087.3603515625
,651,,,,1584.016357421875
,652,,,,1751.196044921875
,653,,,,1798.55810546875
,654,,,,2070.0888671875
,655,,,,1527.9598388671875
,656,,,,1787.3800048828125
,657,,,,1734.2239990234375
,658,,,,1308.29052734375
,659,,,,1615.337158203125
,660,,,,2040.807861328125
,661,,,,2248.019775390625
,662,,,,1696.099365234375
,663,,,,1992.4923095703125
,664,,,,2082.0400390625
,665,,,,2157.6533203125
,666,,,,2027.2484130859375
,667,,,,1645.058349609375
,668,,,,2249.294677734375
,669,,,,2233.64599609375
,670,,,,1777.28076171875
,671,,,,2361.01708984375
20,2624,,,1878.129150390625,
20,2624,1803.8240966796875,,,
21,2649,,2014.7293701171875,,
21,2699,,1693.93408203125,,
21,2749,,2082.70458984375,,
,672,,,,1992.9952392578125
,673,,,,1799.40087890625
,674,,,,2065.953857421875
,675,,,,1613.25048828125
,676,,,,1691.65478515625
,677,,,,2181.771484375
,678,,,,2355.04296875
,679,,,,1473.0535888671875
,680,,,,1530.69091796875
,681,,,,1954.565185546875
,682,,,,2083.204833984375
,683,,,,1580.85595703125
,684,,,,1748.5347900390625
,685,,,,1795.828857421875
,686,,,,2066.6923828125
,687,,,,1526.4029541015625
,688,,,,1784.5208740234375
,689,,,,1731.13427734375
,690,,,,1306.84326171875
,691,,,,1613.6981201171875
,692,,,,2036.9339599609375
,693,,,,2245.254150390625
,694,,,,1692.450439453125
,695,,,,1987.26171875
,696,,,,2077.81689453125
,697,,,,2153.301513671875
,698,,,,2023.576904296875
,699,,,,1642.950439453125
,700,,,,2244.412109375
,701,,,,2229.375
,702,,,,1774.5389404296875
,703,,,,2357.841796875
21,2749,,,1874.98974609375,
21,2749,1799.370849609375,,,
22,2799,,2094.08056640625,,
22,2849,,1772.0252685546875,,
,704,,,,1987.0667724609375
,705,,,,1794.162841796875
,706,,,,2060.78564453125
,707,,,,1609.363037109375
,708,,,,1686.492431640625
,709,,,,2176.641357421875
,710,,,,2348.316650390625
,711,,,,1469.60400390625
,712,,,,1526.8155517578125
,713,,,,1950.816650390625
,714,,,,2076.6142578125
,715,,,,1575.3243408203125
,716,,,,1742.4373779296875
,717,,,,1790.8660888671875
,718,,,,2060.61376953125
,719,,,,1521.966552734375
,720,,,,1777.89990234375
,721,,,,1725.967529296875
,722,,,,1302.8349609375
,723,,,,1610.397216796875
,724,,,,2031.155517578125
,725,,,,2239.781494140625
,726,,,,1687.349853515625
,727,,,,1980.743896484375
,728,,,,2071.7548828125
,729,,,,2147.447021484375
,730,,,,2017.255859375
,731,,,,1639.047119140625
,732,,,,2237.54248046875
,733,,,,2223.035888671875
,734,,,,1769.2425537109375
,735,,,,2352.75439453125
22,2874,,,1869.6810302734375,
22,2874,1793.9256591796875,,,
23,2899,,1731.9873046875,,
23,2949,,1993.5048828125,,
23,2999,,2314.9189453125,,
,736,,,,1982.4400634765625
,737,,,,1790.676025390625
,738,,,,2056.365966796875
,739,,,,1607.213623046875
,740,,,,1682.1009521484375
,741,,,,2171.796875
,742,,,,2342.612548828125
,743,,,,1467.827392578125
,744,,,,1524.6082763671875
,745,,,,1947.94091796875
,746,,,,2071.189208984375
,747,,,,1571.4305419921875
,748,,,,1738.6583251953125
,749,,,,1787.1285400390625
,750,,,,2056.29638671875
,751,,,,1519.696044921875
,752,,,,1774.284423828125
,753,,,,1721.91064453125
,754,,,,1301.1112060546875
,755,,,,1608.8414306640625
,756,,,,2026.51708984375
,757,,,,2236.065673828125
,758,,,,1683.2269287109375
,759,,,,1974.7474365234375
,760,,,,2066.8759765625
,761,,,,2142.42431640625
,762,,,,2012.683349609375
,763,,,,1635.988525390625
,764,,,,2231.951171875
,765,,,,2218.577880859375
,766,,,,1765.6385498046875
,767,,,,2347.93798828125
23,2999,,,1865.78564453125,
23,2999,1791.4830322265625,,,
24,3049,,1513.064453125,,
24,3099,,1511.1307373046875,,
,768,,,,1977.4281005859375
,769,,,,1787.0501708984375
,770,,,,2052.056884765625
,771,,,,1604.822265625
,772,,,,1678.123779296875
,773,,,,2167.2646484375
,774,,,,2336.16845703125
,775,,,,1465.651123046875
,776,,,,1522.22900390625
,777,,,,1945.012451171875
,778,,,,2065.6044921875
,779,,,,1567.290771484375
,780,,,,1734.628173828125
,781,,,,1783.290283203125
,782,,,,2051.83251953125
,783,,,,1517.085693359375
,784,,,,1769.859130859375
,785,,,,1718.14501953125
,786,,,,1299.142578125
,787,,,,1606.3719482421875
,788,,,,2021.8580322265625
,789,,,,2232.863037109375
,790,,,,1679.53271484375
,791,,,,1968.925048828125
,792,,,,2061.580810546875
,793,,,,2137.080078125
,794,,,,2007.35546875
,795,,,,1633.1424560546875
,796,,,,2226.145263671875
,797,,,,2213.738525390625
,798,,,,1762.0703125
,799,,,,2343.925537109375
24,3124,,,1861.738525390625,
24,3124,1788.3162841796875,,,
25,3149,,1675.697265625,,
25,3199,,2123.48095703125,,
25,3249,,1809.736572265625,,
,800,,,,1973.39501953125
,801,,,,1783.6826171875
,802,,,,2048.03076171875
,803,,,,1602.653564453125
,804,,,,1674.667236328125
,805,,,,2163.44677734375
,806,,,,2331.734619140625
,807,,,,1464.085693359375
,808,,,,1520.26220703125
,809,,,,1943.8551025390625
,810,,,,2060.10791015625
,811,,,,1563.611328125
,812,,,,1730.618896484375
,813,,,,1779.9705810546875
,814,,,,2048.754150390625
,815,,,,1514.6806640625
,816,,,,1765.6956787109375
,817,,,,1714.795654296875
,818,,,,1297.4879150390625
,819,,,,1604.70849609375
,820,,,,2018.3348388671875
,821,,,,2228.9638671875
,822,,,,1675.23876953125
,823,,,,1962.660400390625
,824,,,,2057.080078125
,825,,,,2132.4345703125
,826,,,,2002.17333984375
,827,,,,1630.7833251953125
,828,,,,2220.6533203125
,829,,,,2209.642578125
,830,,,,1758.86474609375
,831,,,,2340.6630859375
25,3249,,,1858.183349609375,
25,3249,1786.2071533203125,,,
26,3299,,2035.04345703125,,
26,3349,,2014.791015625,,
,832,,,,1965.115234375
,833,,,,1777.4619140625
,834,,,,2040.42529296875
,835,,,,1597.6468505859375
,836,,,,1667.08154296875
,837,,,,2155.994384765625
,838,,,,2321.94873046875
,839,,,,1459.684326171875
,840,,,,1515.69140625
,841,,,,1937.58154296875
,842,,,,2051.3466796875
,843,,,,1556.4024658203125
,844,,,,1723.724609375
,845,,,,1772.7645263671875
,846,,,,2039.7393798828125
,847,,,,1509.55126953125
,848,,,,1758.4107666015625
,849,,,,1707.7144775390625
,850,,,,1292.484130859375
,851,,,,1600.370361328125
,852,,,,2009.34765625
,853,,,,2221.483642578125
,854,,,,1667.802490234375
,855,,,,1953.9306640625
,856,,,,2048.930908203125
,857,,,,2124.818603515625
,858,,,,1994.6954345703125
,859,,,,1624.998046875
,860,,,,2212.2890625
,861,,,,2201.185302734375
,862,,,,1751.525146484375
,863,,,,2331.337890625
26,3374,,,1851.0394287109375,
26,3374,1783.117919921875,,,
27,3399,,1189.3865966796875,,
27,3449,,2181.87744140625,,
27,3499,,1805.15966796875,,
,864,,,,1958.807373046875
,865,,,,1772.646240234375
,866,,,,2034.599853515625
,867,,,,1594.1011962890625
,868,,,,1661.275390625
,869,,,,2149.8486328125
,870,,,,2314.820068359375
,871,,,,1457.181884765625
,872,,,,1511.5816650390625
,873,,,,1934.121337890625
,874,,,,2043.799560546875
,875,,,,1550.521240234375
,876,,,,1717.1512451171875
,877,,,,1767.40087890625
,878,,,,2033.697998046875
,879,,,,1505.805419921875
,880,,,,1752.6337890625
,881,,,,1701.86328125
,882,,,,1289.1435546875
,883,,,,1597.976806640625
,884,,,,2003.802001953125
,885,,,,2215.18701171875
,886,,,,1661.639892578125
,887,,,,1946.266845703125
,888,,,,2042.8482666015625
,889,,,,2118.536865234375
,890,,,,1988.4169921875
,891,,,,1620.8358154296875
,892,,,,2205.2734375
,893,,,,2195.105224609375
,894,,,,1745.49658203125
,895,,,,2327.119140625
27,3499,,,1845.5731201171875,
27,3499,1778.8553466796875,,,
28,3549,,1565.31005859375,,
28,3599,,1828.43896484375,,
,896,,,,1952.9281005859375
,897,,,,1767.1103515625
,898,,,,2029.693359375
,899,,,,1591.2122802734375
,900,,,,1657.3260498046875
,901,,,,2144.423583984375
,902,,,,2307.291748046875
,903,,,,1453.42529296875
,904,,,,1508.9200439453125
,905,,,,1930.8798828125
,906,,,,2038.044189453125
,907,,,,1545.898193359375
,908,,,,1712.44580078125
,909,,,,1763.8017578125
,910,,,,2030.043212890625
,911,,,,1502.7235107421875
,912,,,,1747.2540283203125
,913,,,,1697.912109375
,914,,,,1286.95654296875
,915,,,,1593.7440185546875
,916,,,,1998.0767822265625
,917,,,,2212.785888671875
,918,,,,1658.3310546875
,919,,,,1939.717041015625
,920,,,,2036.18017578125
,921,,,,2111.842041015625
,922,,,,1981.3406982421875
,923,,,,1617.670166015625
,924,,,,2196.82275390625
,925,,,,2188.14990234375
,926,,,,1742.90869140625
,927,,,,2323.79345703125
28,3624,,,1840.8580322265625,
28,3624,1776.5086669921875,,,
29,3649,,1371.64404296875,,
29,3699,,1538.433349609375,,
29,3749,,1927.7943115234375,,
,928,,,,1946.51416015625
,929,,,,1762.072021484375
,930,,,,2023.29052734375
,931,,,,1587.39501953125
,932,,,,1650.8929443359375
,933,,,,2138.273193359375
,934,,,,2300.5
,935,,,,1450.9871826171875
,936,,,,1505.7314453125
,937,,,,1927.359375
,938,,,,2029.8055419921875
,939,,,,1539.744384765625
,940,,,,1705.501953125
,941,,,,1757.98779296875
,942,,,,2022.693359375
,943,,,,1498.392333984375
,944,,,,1740.5391845703125
,945,,,,1691.590576171875
,946,,,,1282.94140625
,947,,,,1591.6898193359375
,948,,,,1991.8321533203125
,949,,,,2205.707763671875
,950,,,,1651.19482421875
,951,,,,1931.177978515625
,952,,,,2029.220703125
,953,,,,2105.79638671875
,954,,,,1974.7152099609375
,955,,,,1613.4552001953125
,956,,,,2189.69921875
,957,,,,2181.63134765625
,958,,,,1735.7725830078125
,959,,,,2316.9609375
29,3749,,,1834.9873046875,
29,3749,1773.6046142578125,,,
30,3799,,1591.103515625,,
30,3849,,1507.245849609375,,
,960,,,,1941.232666015625
,961,,,,1757.4931640625
,962,,,,2019.1217041015625
,963,,,,1585.2529296875
,964,,,,1647.282470703125
,965,,,,2134.54638671875
,966,,,,2294.3642578125
,967,,,,1448.51904296875
,968,,,,1504.588623046875
,969,,,,1925.252685546875
,970,,,,2024.191650390625
,971,,,,1535.718505859375
,972,,,,1701.5406494140625
,973,,,,1754.4395751953125
,974,,,,2018.8277587890625
,975,,,,1495.5848388671875
,976,,,,1735.0750732421875
,977,,,,1688.355224609375
,978,,,,1281.1683349609375
,979,,,,1588.64306640625
,980,,,,1986.7958984375
,981,,,,2203.2998046875
,982,,,,1647.8184814453125
,983,,,,1924.7099609375
,984,,,,2023.106201171875
,985,,,,2099.18408203125
,986,,,,1968.70556640625
,987,,,,1611.1663818359375
,988,,,,2182.765380859375
,989,,,,2175.86279296875
,990,,,,1733.3543701171875
,991,,,,2315.47265625
30,3874,,,1830.93896484375,
30,3874,1771.740478515625,,,
31,3899,,1569.8076171875,,
31,3949,,1762.933837890625,,
31,3999,,1603.6199951171875,,
,992,,,,1932.4183349609375
,993,,,,1751.021484375
,994,,,,2010.7059326171875
,995,,,,1579.590576171875
,996,,,,1638.372314453125
,997,,,,2124.69287109375
,998,,,,2282.53759765625
,999,,,,1443.8345947265625
,1000,,,,1498.557373046875
,1001,,,,1917.573974609375
,1002,,,,2014.749267578125
,1003,,,,1528.2138671875
,1004,,,,1694.0625
,1005,,,,1746.064208984375
,1006,,,,2009.53564453125
,1007,,,,1490.064697265625
,1008,,,,1727.9639892578125
,1009,,,,1680.491943359375
,1010,,,,1277.3189697265625
,1011,,,,1584.3541259765625
,1012,,,,1977.064208984375
,1013,,,,2196.242919921875
,1014,,,,1640.4296875
,1015,,,,1914.8759765625
,1016,,,,2014.2579345703125
,1017,,,,2090.765380859375
,1018,,,,1960.432861328125
,1019,,,,1604.641845703125
,1020,,,,2172.64697265625
,1021,,,,2167.019775390625
,1022,,,,1725.636962890625
,1023,,,,2302.62646484375
31,3999,,,1823.0975341796875,
31,3999,1769.5438232421875,,,
32,4049,,1498.3846435546875,,
32,4099,,1765.9072265625,,
,1024,,,,1925.714599609375
,1025,,,,1746.5621337890625
,1026,,,,2004.943603515625
,1027,,,,1577.9833984375
,1028,,,,1633.8076171875
,1029,,,,2119.96337890625
,1030,,,,2275.87841796875
,1031,,,,1441.7198486328125
,1032,,,,1496.94287109375
,1033,,,,1916.018310546875
,1034,,,,2006.889892578125
,1035,,,,1522.5302734375
,1036,,,,1689.16845703125
,1037,,,,1741.969970703125
,1038,,,,2003.3828125
,1039,,,,1486.8843994140625
,1040,,,,1721.9266357421875
,1041,,,,1675.174560546875
,1042,,,,1273.62109375
,1043,,,,1581.891845703125
,1044,,,,1971.1171875
,1045,,,,2191.837158203125
,1046,,,,1634.477783203125
,1047,,,,1907.362548828125
,1048,,,,2008.077392578125
,1049,,,,2084.52490234375
,1050,,,,1953.549072265625
,1051,,,,1601.6690673828125
,1052,,,,2165.4658203125
,1053,,,,2160.459228515625
,1054,,,,1720.815673828125
,1055,,,,2299.99609375
32,4124,,,1818.1544189453125,
32,4124,1765.571044921875,,,
33,4149,,2050.648193359375,,
33,4199,,1851.18359375,,
33,4249,,1647.911376953125,,
,1056,,,,1920.43994140625
,1057,,,,1742.3873291015625
,1058,,,,1999.626953125
,1059,,,,1574.765380859375
,1060,,,,1629.744873046875
,1061,,,,2114.9892578125
,1062,,,,2270.505859375
,1063,,,,1438.833251953125
,1064,,,,1494.906494140625
,1065,,,,1914.7138671875
,1066,,,,1999.8599853515625
,1067,,,,1517.347900390625
,1068,,,,1683.2333984375
,1069,,,,1737.9365234375
,1070,,,,1999.322998046875
,1071,,,,1483.225341796875
,1072,,,,1715.9599609375
,1073,,,,1670.177490234375
,1074,,,,1270.4970703125
,1075,,,,1578.8974609375
,1076,,,,1967.38037109375
,1077,,,,2188.00830078125
,1078,,,,1628.271728515625
,1079,,,,1898.58740234375
,1080,,,,2002.726318359375
,1081,,,,2077.9814453125
,1082,,,,1947.2806396484375
,1083,,,,1597.280029296875
,1084,,,,2158.06689453125
,1085,,,,2155.35986328125
,1086,,,,1716.57763671875
,1087,,,,2300.5185546875
33,4249,,,1813.4407958984375,
33,4249,1763.718017578125,,,
34,4299,,1990.9847412109375,,
34,4349,,1523.6429443359375,,
,1088,,,,1909.558349609375
,1089,,,,1733.9329833984375
,1090,,,,1988.337646484375
,1091,,,,1568.5125732421875
,1092,,,,1619.225341796875
,1093,,,,2103.953369140625
,1094,,,,2256.71728515625
,1095,,,,1433.052734375
,1096,,,,1488.51904296875
,1097,,,,1905.55908203125
,1098,,,,1987.9716796875
,1099,,,,1507.0787353515625
,1100,,,,1672.76318359375
,1101,,,,1728.757080078125
,1102,,,,1987.0283203125
,1103,,,,1477.506591796875
,1104,,,,1706.6571044921875
,1105,,,,1660.7060546875
,1106,,,,1265.0115966796875
,1107,,,,1574.2266845703125
,1108,,,,1955.1781005859375
,1109,,,,2176.14599609375
,1110,,,,1617.41064453125
,1111,,,,1886.91748046875
,1112,,,,1992.8741455078125
,1113,,,,2067.45947265625
,1114,,,,1938.6868896484375
,1115,,,,1589.9052734375
,1116,,,,2146.1015625
,1117,,,,2144.32568359375
,1118,,,,1704.92236328125
,1119,,,,2284.6669921875
34,4374,,,1803.717529296875,
34,4374,1762.9000244140625,,,
35,4399,,1695.40234375,,
35,4449,,1774.221435546875,,
35,4499,,2113.58984375,,
,1120,,,,1904.494140625
,1121,,,,1728.7607421875
,1122,,,,1983.507568359375
,1123,,,,1566.252685546875
,1124,,,,1614.896240234375
,1125,,,,2099.234375
,1126,,,,2250.11181640625
,1127,,,,1431.809326171875
,1128,,,,1485.859130859375
,1129,,,,1904.240966796875
,1130,,,,1980.6116943359375
,1131,,,,1502.652587890625
,1132,,,,1668.194580078125
,1133,,,,1723.769287109375
,1134,,,,1982.9569091796875
,1135,,,,1473.572509765625
,1136,,,,1701.842529296875
,1137,,,,1656.678955078125
,1138,,,,1262.866455078125
,1139,,,,1571.370849609375
,1140,,,,1950.497314453125
,1141,,,,2172.96337890625
,1142,,,,1613.224365234375
,1143,,,,1879.5576171875
,1144,,,,1986.1138916015625
,1145,,,,2062.097412109375
,1146,,,,1930.64794921875
,1147,,,,1587.687255859375
,1148,,,,2139.343994140625
,1149,,,,2139.458251953125
,1150,,,,1701.9088134765625
,1151,,,,2283.103759765625
35,4499,,,1799.2947998046875,
35,4499,1757.9031982421875,,,
36,4549,,2097.7138671875,,
36,4599,,2071.438720703125,,
,1152,,,,1895.8115234375
,1153,,,,1721.5155029296875
,1154,,,,1975.4346923828125
,1155,,,,1560.4114990234375
,1156,,,,1607.166015625
,1157,,,,2092.072998046875
,1158,,,,2240.61474609375
,1159,,,,1426.5111083984375
,1160,,,,1480.73828125
,1161,,,,1898.7655029296875
,1162,,,,1969.6025390625
,1163,,,,1494.424560546875
,1164,,,,1659.9072265625
,1165,,,,1717.2235107421875
,1166,,,,1974.443603515625
,1167,,,,1468.2279052734375
,1168,,,,1693.072021484375
,1169,,,,1648.251708984375
,1170,,,,1257.7694091796875
,1171,,,,1566.5672607421875
,1172,,,,1943.239013671875
,1173,,,,2164.820068359375
,1174,,,,1606.06201171875
,1175,,,,1868.5833740234375
,1176,,,,1977.5501708984375
,1177,,,,2053.368896484375
,1178,,,,1921.7001953125
,1179,,,,1580.64306640625
,1180,,,,2128.801513671875
,1181,,,,2130.925537109375
,1182,,,,1694.177490234375
,1183,,,,2276.22265625
36,4624,,,1791.5985107421875,
36,4624,1758.0208740234375,,,
37,4649,,1808.5164794921875,,
37,4699,,1922.328857421875,,
37,4749,,1835.9117431640625,,
,1184,,,,1887.258056640625
,1185,,,,1713.9554443359375
,1186,,,,1967.9493408203125
,1187,,,,1556.58984375
,1188,,,,1600.269775390625
,1189,,,,2084.8642578125
,1190,,,,2230.700927734375
,1191,,,,1422.647216796875
,1192,,,,1477.07470703125
,1193,,,,1895.79052734375
,1194,,,,1959.5887451171875
,1195,,,,1486.28173828125
,1196,,,,1650.338623046875
,1197,,,,1709.538330078125
,1198,,,,1965.6282958984375
,1199,,,,1463.0001220703125
,1200,,,,1683.145751953125
,1201,,,,1641.19140625
,1202,,,,1252.379150390625
,1203,,,,1562.6187744140625
,1204,,,,1934.12060546875
,1205,,,,2156.859619140625
,1206,,,,1598.712646484375
,1207,,,,1859.36669921875
,1208,,,,1968.112060546875
,1209,,,,2044.980224609375
,1210,,,,1911.9332275390625
,1211,,,,1576.2119140625
,1212,,,,2118.32275390625
,1213,,,,2120.4990234375
,1214,,,,1686.9443359375
,1215,,,,2269.5546875
37,4749,,,1784.136474609375,
37,4749,1754.632568359375,,,
38,4799,,1382.81103515625,,
38,4849,,1686.7841796875,,
,1216,,,,1877.7474365234375
,1217,,,,1706.261962890625
,1218,,,,1958.548095703125
,1219,,,,1549.8114013671875
,1220,,,,1590.550537109375
,1221,,,,2074.2646484375
,1222,,,,2218.60546875
,1223,,,,1416.71142578125
,1224,,,,1470.071044921875
,1225,,,,1887.2392578125
,1226,,,,1948.4609375
,1227,,,,1478.00732421875
,1228,,,,1641.1346435546875
,1229,,,,1701.1678466796875
,1230,,,,1956.053955078125
,1231,,,,1456.043212890625
,1232,,,,1675.164306640625
,1233,,,,1632.5548095703125
,1234,,,,1249.170654296875
,1235,,,,1556.5133056640625
,1236,,,,1923.9228515625
,1237,,,,2150.16943359375
,1238,,,,1590.258056640625
,1239,,,,1848.2249755859375
,1240,,,,1957.9903564453125
,1241,,,,2035.43798828125
,1242,,,,1902.328125
,1243,,,,1569.279052734375
,1244,,,,2106.031982421875
,1245,,,,2110.7705078125
,1246,,,,1678.50146484375
,1247,,,,2259.42529296875
38,4874,,,1775.4190673828125,
38,4874,1751.8104248046875,,,
39,4899,,2036.2061767578125,,
39,4949,,2454.806884765625,,
39,4999,,1259.1007080078125,,
,1248,,,,1867.826416015625
,1249,,,,1699.21435546875
,1250,,,,1948.724365234375
,1251,,,,1543.3839111328125
,1252,,,,1580.759521484375
,1253,,,,2063.11083984375
,1254,,,,2207.51171875
,1255,,,,1411.45166015625
,1256,,,,1463.9864501953125
,1257,,,,1878.68408203125
,1258,,,,1938.5692138671875
,1259,,,,1469.844970703125
,1260,,,,1634.07861328125
,1261,,,,1692.40234375
,1262,,,,1945.890625
,1263,,,,1450.355224609375
,1264,,,,1667.403076171875
,1265,,,,1624.5218505859375
,1266,,,,1244.4638671875
,1267,,,,1551.4349365234375
,1268,,,,1912.6650390625
,1269,,,,2142.31884765625
,1270,,,,1581.8404541015625
,1271,,,,1837.9820556640625
,1272,,,,1947.800537109375
,1273,,,,2026.3367919921875
,1274,,,,1892.8441162109375
,1275,,,,1562.232177734375
,1276,,,,2095.18212890625
,1277,,,,2100.633056640625
,1278,,,,1670.056640625
,1279,,,,2247.247314453125
39,4999,,,1766.8900146484375,
39,4999,1751.25341796875,,,
40,5049,,1296.769775390625,,
40,5099,,1365.6046142578125,,
,1280,,,,1867.696533203125
,1281,,,,1699.77783203125
,1282,,,,1949.23974609375
,1283,,,,1546.95947265625
,1284,,,,1585.3665771484375
,1285,,,,2066.177490234375
,1286,,,,2209.60986328125
,1287,,,,1413.3431396484375
,1288,,,,1468.4970703125
,1289,,,,1885.98681640625
,1290,,,,1935.9832763671875
,1291,,,,1470.2918701171875
,1292,,,,1633.390625
,1293,,,,1694.1077880859375
,1294,,,,1949.122314453125
,1295,,,,1452.011474609375
,1296,,,,1665.5419921875
,1297,,,,1624.604736328125
,1298,,,,1244.49609375
,1299,,,,1553.0927734375
,1300,,,,1916.916015625
,1301,,,,2144.319580078125
,1302,,,,1580.99169921875
,1303,,,,1834.967529296875
,1304,,,,1948.1512451171875
,1305,,,,2025.199951171875
,1306,,,,1890.61474609375
,1307,,,,1563.7445068359375
,1308,,,,2093.29541015625
,1309,,,,2100.75048828125
,1310,,,,1672.6268310546875
,1311,,,,2259.8916015625
40,5124,,,1768.05908203125,
40,5124,1750.0369873046875,,,
41,5149,,1974.345947265625,,
41,5199,,1743.2969970703125,,
41,5249,,1522.269775390625,,
,1312,,,,1852.4691162109375
,1313,,,,1689.553955078125
,1314,,,,1936.097900390625
,1315,,,,1538.4150390625
,1316,,,,1571.4290771484375
,1317,,,,2051.016357421875
,1318,,,,2191.50146484375
,1319,,,,1404.2587890625
,1320,,,,1461.4033203125
,1321,,,,1873.127685546875
,1322,,,,1923.5557861328125
,1323,,,,1457.9534912109375
,1324,,,,1622.673828125
,1325,,,,1681.6630859375
,1326,,,,1932.732177734375
,1327,,,,1442.314453125
,1328,,,,1653.509765625
,1329,,,,1612.0172119140625
,1330,,,,1237.385009765625
,1331,,,,1544.764404296875
,1332,,,,1899.4276123046875
,1333,,,,2133.15771484375
,1334,,,,1569.2156982421875
,1335,,,,1822.0164794921875
,1336,,,,1933.2861328125
,1337,,,,2013.189453125
,1338,,,,1878.4501953125
,1339,,,,1554.01708984375
,1340,,,,2078.38720703125
,1341,,,,2085.145751953125
,1342,,,,1659.5885009765625
,1343,,,,2240.264404296875
41,5249,,,1755.640869140625,
41,5249,1746.8441162109375,,,
42,5299,,1662.5223388671875,,
42,5349,,1527.1856689453125,,
,1344,,,,1849.9527587890625
,1345,,,,1687.6048583984375
,1346,,,,1931.962646484375
,1347,,,,1538.632080078125
,1348,,,,1568.473388671875
,1349,,,,2046.8983154296875
,1350,,,,2189.188232421875
,1351,,,,1404.3687744140625
,1352,,,,1459.5352783203125
,1353,,,,1872.919921875
,1354,,,,1918.747802734375
,1355,,,,1455.91259765625
,1356,,,,1620.01220703125
,1357,,,,1679.96435546875
,1358,,,,1932.075927734375
,1359,,,,1442.0130615234375
,1360,,,,1652.353515625
,1361,,,,1609.818359375
,1362,,,,1237.07568359375
,1363,,,,1544.85791015625
,1364,,,,1898.0556640625
,1365,,,,2130.333984375
,1366,,,,1565.265869140625
,1367,,,,1815.442626953125
,1368,,,,1929.057373046875
,1369,,,,2008.3582763671875
,1370,,,,1874.082275390625
,1371,,,,1552.755859375
,1372,,,,2073.42529296875
,1373,,,,2082.338623046875
,1374,,,,1657.6390380859375
,1375,,,,2239.35205078125
42,5374,,,1753.246826171875,
42,5374,1745.255615234375,,,
43,5399,,1942.226806640625,,
43,5449,,1656.2772216796875,,
43,5499,,1555.28076171875,,
,1376,,,,1839.9625244140625
,1377,,,,1676.9970703125
,1378,,,,1921.185546875
,1379,,,,1529.36962890625
,1380,,,,1556.8154296875
,1381,,,,2034.328125
,1382,,,,2174.8173828125
,1383,,,,1397.6357421875
,1384,,,,1450.270263671875
,1385,,,,1862.7745361328125
,1386,,,,1906.904541015625
,1387,,,,1446.5491943359375
,1388,,,,1608.1229248046875
,1389,,,,1668.8924560546875
,1390,,,,1921.97216796875
,1391,,,,1432.627685546875
,1392,,,,1640.839111328125
,1393,,,,1601.057861328125
,1394,,,,1230.878662109375
,1395,,,,1537.0177001953125
,1396,,,,1885.552978515625
,1397,,,,2120.78857421875
,1398,,,,1556.997314453125
,1399,,,,1804.890380859375
,1400,,,,1916.43798828125
,1401,,,,1997.4072265625
,1402,,,,1861.50390625
,1403,,,,1544.056640625
,1404,,,,2059.90771484375
,1405,,,,2070.562255859375
,1406,,,,1647.86865234375
,1407,,,,2224.7998046875
43,5499,,,1742.7581787109375,
43,5499,1745.2470703125,,,
44,5549,,1787.0302734375,,
44,5599,,1423.443359375,,
,1408,,,,1829.0517578125
,1409,,,,1671.846923828125
,1410,,,,1911.7120361328125
,1411,,,,1525.634521484375
,1412,,,,1550.533203125
,1413,,,,2029.2178955078125
,1414,,,,2166.3134765625
,1415,,,,1393.570556640625
,1416,,,,1449.396728515625
,1417,,,,1859.860107421875
,1418,,,,1893.958251953125
,1419,,,,1435.5458984375
,1420,,,,1598.34375
,1421,,,,1661.5350341796875
,1422,,,,1908.353271484375
,1423,,,,1427.4442138671875
,1424,,,,1631.7138671875
,1425,,,,1589.513916015625
,1426,,,,1222.023681640625
,1427,,,,1534.1287841796875
,1428,,,,1876.483154296875
,1429,,,,2111.728759765625
,1430,,,,1545.0191650390625
,1431,,,,1793.0859375
,1432,,,,1910.143310546875
,1433,,,,1987.4345703125
,1434,,,,1856.47265625
,1435,,,,1537.01123046875
,1436,,,,2051.28125
,1437,,,,2062.2451171875
,1438,,,,1635.9659423828125
,1439,,,,2219.943603515625
44,5624,,,1734.769775390625,
44,5624,1741.3892822265625,,,
45,5649,,1582.820556640625,,
45,5699,,1744.78857421875,,
45,5749,,2598.37841796875,,
,1440,,,,1829.234130859375
,1441,,,,1665.82958984375
,1442,,,,1910.7752685546875
,1443,,,,1522.498046875
,1444,,,,1547.39306640625
,1445,,,,2024.84228515625
,1446,,,,2161.13525390625
,1447,,,,1391.501953125
,1448,,,,1444.138671875
,1449,,,,1858.322021484375
,1450,,,,1890.3857421875
,1451,,,,1434.411376953125
,1452,,,,1592.362060546875
,1453,,,,1658.871337890625
,1454,,,,1910.7347412109375
,1455,,,,1423.20654296875
,1456,,,,1628.6629638671875
,1457,,,,1590.16650390625
,1458,,,,1224.2032470703125
,1459,,,,1530.8477783203125
,1460,,,,1877.0457763671875
,1461,,,,2109.8251953125
,1462,,,,1546.184814453125
,1463,,,,1787.84912109375
,1464,,,,1903.80517578125
,1465,,,,1983.8427734375
,1466,,,,1848.349853515625
,1467,,,,1536.0562744140625
,1468,,,,2043.4541015625
,1469,,,,2058.96630859375
,1470,,,,1636.70068359375
,1471,,,,2220.98583984375
45,5749,,,1732.058837890625,
45,5749,1740.3409423828125,,,
46,5799,,1596.28515625,,
46,5849,,1611.22900390625,,
,1472,,,,1819.888916015625
,1473,,,,1660.70849609375
,1474,,,,1901.215087890625
,1475,,,,1518.0849609375
,1476,,,,1539.4439697265625
,1477,,,,2016.091796875
,1478,,,,2150.46240234375
,1479,,,,1386.57666015625
,1480,,,,1441.50048828125
,1481,,,,1851.1156005859375
,1482,,,,1882.2860107421875
,1483,,,,1427.252197265625
,1484,,,,1587.9534912109375
,1485,,,,1651.813232421875
,1486,,,,1898.7274169921875
,1487,,,,1418.877685546875
,1488,,,,1622.072021484375
,1489,,,,1582.0980224609375
,1490,,,,1219.3409423828125
,1491,,,,1527.59765625
,1492,,,,1865.9478759765625
,1493,,,,2104.72265625
,1494,,,,1537.513427734375
,1495,,,,1780.708251953125
,1496,,,,1895.6593017578125
,1497,,,,1976.5859375
,1498,,,,1841.8785400390625
,1499,,,,1529.349365234375
,1500,,,,2035.6915283203125
,1501,,,,2048.802490234375
,1502,,,,1629.9149169921875
,1503,,,,2206.713623046875
46,5874,,,1724.849609375,
46,5874,1737.6763916015625,,,
47,5899,,1868.318115234375,,
47,5949,,2041.892333984375,,
47,5999,,1757.419677734375,,
,1504,,,,1813.8062744140625
,1505,,,,1653.3856201171875
,1506,,,,1893.1142578125
,1507,,,,1513.144287109375
,1508,,,,1532.01708984375
,1509,,,,2007.5272216796875
,1510,,,,2143.0556640625
,1511,,,,1382.882568359375
,1512,,,,1435.1142578125
,1513,,,,1845.93310546875
,1514,,,,1872.0166015625
,1515,,,,1419.515869140625
,1516,,,,1578.8896484375
,1517,,,,1644.46728515625
,1518,,,,1892.3646240234375
,1519,,,,1413.219482421875
,1520,,,,1614.489013671875
,1521,,,,1575.5823974609375
,1522,,,,1214.2039794921875
,1523,,,,1523.138916015625
,1524,,,,1858.972412109375
,1525,,,,2096.895751953125
,1526,,,,1529.4580078125
,1527,,,,1771.276123046875
,1528,,,,1888.0792236328125
,1529,,,,1968.981201171875
,1530,,,,1833.711669921875
,1531,,,,1524.427490234375
,1532,,,,2027.526123046875
,1533,,,,2042.16943359375
,1534,,,,1621.519287109375
,1535,,,,2201.082763671875
47,5999,,,1717.7967529296875,
47,5999,1734.9810791015625,,,
48,6049,,2243.421142578125,,
48,6099,,2450.2275390625,,
,1536,,,,1804.415283203125
,1537,,,,1645.494140625
,1538,,,,1887.1806640625
,1539,,,,1506.680419921875
,1540,,,,1525.046630859375
,1541,,,,2000.494873046875
,1542,,,,2132.0185546875
,1543,,,,1376.098388671875
,1544,,,,1430.225830078125
,1545,,,,1840.08984375
,1546,,,,1863.9425048828125
,1547,,,,1411.7537841796875
,1548,,,,1569.7615966796875
,1549,,,,1637.556884765625
,1550,,,,1883.1265869140625
,1551,,,,1405.6512451171875
,1552,,,,1603.435302734375
,1553,,,,1567.300048828125
,1554,,,,1208.511474609375
,1555,,,,1515.8203125
,1556,,,,1847.8489990234375
,1557,,,,2091.99658203125
,1558,,,,1523.09423828125
,1559,,,,1764.322509765625
,1560,,,,1878.3431396484375
,1561,,,,1960.187255859375
,1562,,,,1824.09716796875
,1563,,,,1518.922607421875
,1564,,,,2015.621337890625
,1565,,,,2031.35888671875
,1566,,,,1615.627197265625
,1567,,,,2195.99267578125
48,6124,,,1709.9210205078125,
48,6124,1736.09375,,,
49,6149,,1487.6995849609375,,
49,6199,,1783.755126953125,,
49,6249,,2017.5992431640625,,
,1568,,,,1798.989990234375
,1569,,,,1641.772705078125
,1570,,,,1879.729248046875
,1571,,,,1502.4676513671875
,1572,,,,1516.03466796875
,1573,,,,1994.536865234375
,1574,,,,2125.176025390625
,1575,,,,1375.485107421875
,1576,,,,1425.9775390625
,1577,,,,1835.3648681640625
,1578,,,,1853.253173828125
,1579,,,,1405.457763671875
,1580,,,,1564.0921630859375
,1581,,,,1629.6343994140625
,1582,,,,1873.5318603515625
,1583,,,,1402.064208984375
,1584,,,,1599.208740234375
,1585,,,,1559.1473388671875
,1586,,,,1204.548583984375
,1587,,,,1515.227294921875
,1588,,,,1843.258056640625
,1589,,,,2083.2041015625
,1590,,,,1515.580078125
,1591,,,,1754.1268310546875
,1592,,,,1873.589599609375
,1593,,,,1953.6859130859375
,1594,,,,1819.63037109375
,1595,,,,1513.10302734375
,1596,,,,2011.7303466796875
,1597,,,,2027.8267822265625
,1598,,,,1605.431640625
,1599,,,,2185.599609375
49,6249,,,1703.9764404296875,
49,6249,1733.7191162109375,,,
50,6299,,1898.7607421875,,
50,6349,,1666.58349609375,,
,1600,,,,1790.3917236328125
,1601,,,,1633.04931640625
,1602,,,,1874.120361328125
,1603,,,,1495.900390625
,1604,,,,1512.1478271484375
,1605,,,,1988.3912353515625
,1606,,,,2116.0478515625
,1607,,,,1367.5849609375
,1608,,,,1422.382080078125
,1609,,,,1832.3131103515625
,1610,,,,1845.671875
,1611,,,,1395.593017578125
,1612,,,,1552.1583251953125
,1613,,,,1623.076416015625
,1614,,,,1866.4437255859375
,1615,,,,1396.172607421875
,1616,,,,1584.7933349609375
,1617,,,,1553.167236328125
,1618,,,,1197.804443359375
,1619,,,,1508.232666015625
,1620,,,,1833.43798828125
,1621,,,,2076.40576171875
,1622,,,,1508.2626953125
,1623,,,,1747.6483154296875
,1624,,,,1864.612060546875
,1625,,,,1945.514404296875
,1626,,,,1809.62744140625
,1627,,,,1507.9697265625
,1628,,,,1999.025634765625
,1629,,,,2016.5635986328125
,1630,,,,1599.234619140625
,1631,,,,2181.848388671875
50,6374,,,1696.294677734375,
50,6374,1732.433837890625,,,
51,6399,,2038.7646484375,,
51,6449,,1557.412109375,,
51,6499,,1347.768310546875,,
,1632,,,,1789.0401611328125
,1633,,,,1629.6966552734375
,1634,,,,1870.108154296875
,1635,,,,1491.973876953125
,1636,,,,1506.1988525390625
,1637,,,,1981.64306640625
,1638,,,,2112.417236328125
,1639,,,,1367.263427734375
,1640,,,,1416.8292236328125
,1641,,,,1825.128662109375
,1642,,,,1841.078125
,1643,,,,1394.524169921875
,1644,,,,1551.259521484375
,1645,,,,1618.063720703125
,1646,,,,1864.6053466796875
,1647,,,,1393.11328125
,1648,,,,1585.1302490234375
,1649,,,,1552.1334228515625
,1650,,,,1197.9544677734375
,1651,,,,1507.410400390625
,1652,,,,1831.21240234375
,1653,,,,2071.804931640625
,1654,,,,1506.224853515625
,1655,,,,1743.1512451171875
,1656,,,,1859.063232421875
,1657,,,,1943.3109130859375
,1658,,,,1805.2626953125
,1659,,,,1504.0406494140625
,1660,,,,1996.32568359375
,1661,,,,2015.029541015625
,1662,,,,1594.970703125
,1663,,,,2170.400390625
51,6499,,,1693.07421875,
51,6499,1731.3343505859375,,,
52,6549,,1617.9638671875,,
52,6599,,1664.619873046875,,
,1664,,,,1783.6773681640625
,1665,,,,1626.5042724609375
,1666,,,,1865.59716796875
,1667,,,,1490.116455078125
,1668,,,,1502.2197265625
,1669,,,,1976.67041015625
,1670,,,,2106.1123046875
,1671,,,,1366.185302734375
,1672,,,,1415.7762451171875
,1673,,,,1823.922119140625
,1674,,,,1835.7044677734375
,1675,,,,1390.442626953125
,1676,,,,1547.33251953125
,1677,,,,1612.88818359375
,1678,,,,1856.7607421875
,1679,,,,1388.56884765625
,1680,,,,1581.7197265625
,1681,,,,1545.2022705078125
,1682,,,,1193.80615234375
,1683,,,,1505.572021484375
,1684,,,,1825.1024169921875
,1685,,,,2069.02734375
,1686,,,,1500.538330078125
,1687,,,,1738.773193359375
,1688,,,,1854.3311767578125
,1689,,,,1939.004150390625
,1690,,,,1800.7216796875
,1691,,,,1501.195068359375
,1692,,,,1992.687744140625
,1693,,,,2009.544677734375
,1694,,,,1590.84765625
,1695,,,,2165.33544921875
52,6624,,,1688.892333984375,
52,6624,1729.0328369140625,,,
53,6649,,1441.555419921875,,
53,6699,,1511.153076171875,,
53,6749,,1860.8692626953125,,
,1696,,,,1780.2464599609375
,1697,,,,1623.4912109375
,1698,,,,1861.5048828125
,1699,,,,1489.6846923828125
,1700,,,,1499.904296875
,1701,,,,1974.384765625
,1702,,,,2103.93408203125
,1703,,,,1363.33740234375
,1704,,,,1415.3067626953125
,1705,,,,1819.8109130859375
,1706,,,,1833.1619873046875
,1707,,,,1387.6875
,1708,,,,1543.8465576171875
,1709,,,,1611.5477294921875
,1710,,,,1854.290283203125
,1711,,,,1389.5389404296875
,1712,,,,1578.119873046875
,1713,,,,1543.718994140625
,1714,,,,1192.22607421875
,1715,,,,1504.3851318359375
,1716,,,,1822.1971435546875
,1717,,,,2063.592529296875
,1718,,,,1498.740966796875
,1719,,,,1735.3453369140625
,1720,,,,1853.186279296875
,1721,,,,1934.2587890625
,1722,,,,1799.21337890625
,1723,,,,1499.586669921875
,1724,,,,1988.419677734375
,1725,,,,2006.77880859375
,1726,,,,1587.561279296875
,1727,,,,2165.898681640625
53,6749,,,1686.41552734375,
53,6749,1726.6400146484375,,,
54,6799,,1804.441650390625,,
54,6849,,1262.3223876953125,,
,1728,,,,1777.170654296875
,1729,,,,1618.963623046875
,1730,,,,1858.41748046875
,1731,,,,1485.8492431640625
,1732,,,,1497.3656005859375
,1733,,,,1970.9244384765625
,1734,,,,2099.41162109375
,1735,,,,1360.849853515625
,1736,,,,1410.83154296875
,1737,,,,1818.811767578125
,1738,,,,1826.654541015625
,1739,,,,1383.3271484375
,1740,,,,1537.974365234375
,1741,,,,1608.1104736328125
,1742,,,,1851.788818359375
,1743,,,,1385.281494140625
,1744,,,,1571.7078857421875
,1745,,,,1540.62548828125
,1746,,,,1188.900390625
,1747,,,,1501.499267578125
,1748,,,,1820.087158203125
,1749,,,,2059.7919921875
,1750,,,,1494.9197998046875
,1751,,,,1730.57958984375
,1752,,,,1847.354736328125
,1753,,,,1929.8720703125
,1754,,,,1792.5947265625
,1755,,,,1496.4151611328125
,1756,,,,1981.8294677734375
,1757,,,,2001.8203125
,1758,,,,1584.0545654296875
,1759,,,,2163.6640625
54,6874,,,1682.3902587890625,
54,6874,1725.5179443359375,,,
55,6899,,1829.5634765625,,
55,6949,,1556.469482421875,,
55,6999,,2017.11962890625,,
,1760,,,,1772.0814208984375
,1761,,,,1615.91064453125
,1762,,,,1856.405517578125
,1763,,,,1482.52587890625
,1764,,,,1497.26123046875
,1765,,,,1967.3101806640625
,1766,,,,2094.654296875
,1767,,,,1356.356201171875
,1768,,,,1410.123291015625
,1769,,,,1815.2601318359375
,1770,,,,1827.02099609375
,1771,,,,1382.441650390625
,1772,,,,1538.85888671875
,1773,,,,1606.650146484375
,1774,,,,1849.625244140625
,1775,,,,1383.576904296875
,1776,,,,1568.072265625
,1777,,,,1538.292724609375
,1778,,,,1188.4207763671875
,1779,,,,1497.290283203125
,1780,,,,1815.6307373046875
,1781,,,,2063.529296875
,1782,,,,1494.92333984375
,1783,,,,1731.2286376953125
,1784,,,,1842.969482421875
,1785,,,,1928.126220703125
,1786,,,,1787.752685546875
,1787,,,,1494.3629150390625
,1788,,,,1975.4691162109375
,1789,,,,1995.903564453125
,1790,,,,1585.7724609375
,1791,,,,2162.095703125
55,6999,,,1680.1385498046875,
55,6999,1723.9593505859375,,,
56,7049,,1655.83251953125,,
56,7099,,1775.43310546875,,
,1792,,,,1769.2060546875
,1793,,,,1612.843994140625
,1794,,,,1850.414306640625
,1795,,,,1480.409423828125
,1796,,,,1491.7684326171875
,1797,,,,1962.3463134765625
,1798,,,,2088.5625
,1799,,,,1355.149169921875
,1800,,,,1406.6949462890625
,1801,,,,1809.997802734375
,1802,,,,1820.158935546875
,1803,,,,1377.9783935546875
,1804,,,,1533.0543212890625
,1805,,,,1601.278076171875
,1806,,,,1843.458251953125
,1807,,,,1381.69482421875
,1808,,,,1565.98974609375
,1809,,,,1534.43994140625
,1810,,,,1186.37109375
,1811,,,,1497.3082275390625
,1812,,,,1810.551513671875
,1813,,,,2055.563232421875
,1814,,,,1490.4482421875
,1815,,,,1725.0789794921875
,1816,,,,1839.915283203125
,1817,,,,1924.5390625
,1818,,,,1784.464111328125
,1819,,,,1491.287109375
,1820,,,,1973.3233642578125
,1821,,,,1993.161376953125
,1822,,,,1579.59716796875
,1823,,,,2153.4658203125
56,7124,,,1676.013671875,
56,7124,1722.10986328125,,,
57,7149,,1286.0943603515625,,
57,7199,,1959.658203125,,
57,7249,,2183.337646484375,,
,1824,,,,1768.551513671875
,1825,,,,1615.144775390625
,1826,,,,1851.43359375
,1827,,,,1482.82666015625
,1828,,,,1494.4208984375
,1829,,,,1966.127685546875
,1830,,,,2090.7158203125
,1831,,,,1356.143798828125
,1832,,,,1411.28759765625
,1833,,,,1814.7274169921875
,1834,,,,1820.1767578125
,1835,,,,1378.401123046875
,1836,,,,1534.55078125
,1837,,,,1602.743408203125
,1838,,,,1844.251220703125
,1839,,,,1381.3848876953125
,1840,,,,1565.58935546875
,1841,,,,1534.757568359375
,1842,,,,1185.0234375
,1843,,,,1498.7890625
,1844,,,,1811.638916015625
,1845,,,,2057.73974609375
,1846,,,,1488.38720703125
,1847,,,,1723.6011962890625
,1848,,,,1839.902587890625
,1849,,,,1923.4736328125
,1850,,,,1785.597412109375
,1851,,,,1491.5999755859375
,1852,,,,1974.3299560546875
,1853,,,,1993.39501953125
,1854,,,,1580.8934326171875
,1855,,,,2162.1044921875
57,7249,,,1677.060302734375,
57,7249,1724.5235595703125,,,
58,7299,,1717.502197265625,,
58,7349,,1860.40087890625,,
,1856,,,,1762.94921875
,1857,,,,1605.98046875
,1858,,,,1843.939697265625
,1859,,,,1473.705810546875
,1860,,,,1482.702880859375
,1861,,,,1955.06591796875
,1862,,,,2079.59716796875
,1863,,,,1351.6339111328125
,1864,,,,1400.2880859375
,1865,,,,1804.222900390625
,1866,,,,1809.287109375
,1867,,,,1370.006103515625
,1868,,,,1524.1142578125
,1869,,,,1591.55908203125
,1870,,,,1833.10791015625
,1871,,,,1373.724853515625
,1872,,,,1557.478759765625
,1873,,,,1527.9466552734375
,1874,,,,1179.2076416015625
,1875,,,,1492.95361328125
,1876,,,,1801.4202880859375
,1877,,,,2045.3409423828125
,1878,,,,1481.6241455078125
,1879,,,,1716.408203125
,1880,,,,1830.611083984375
,1881,,,,1916.699951171875
,1882,,,,1775.5340576171875
,1883,,,,1484.9420166015625
,1884,,,,1965.12109375
,1885,,,,1984.7528076171875
,1886,,,,1569.8316650390625
,1887,,,,2143.374755859375
58,7374,,,1668.083251953125,
58,7374,1718.3544921875,,,
59,7399,,1683.9049072265625,,
59,7449,,1619.92041015625,,
59,7499,,1883.913330078125,,
,1888,,,,1764.649169921875
,1889,,,,1612.7584228515625
,1890,,,,1845.0750732421875
,1891,,,,1480.0672607421875
,1892,,,,1488.579345703125
,1893,,,,1959.59423828125
,1894,,,,2086.18994140625
,1895,,,,1353.3970947265625
,1896,,,,1406.830810546875
,1897,,,,1808.87744140625
,1898,,,,1814.7252197265625
,1899,,,,1372.7099609375
,1900,,,,1529.3514404296875
,1901,,,,1598.880126953125
,1902,,,,1837.767578125
,1903,,,,1379.94580078125
,1904,,,,1563.3016357421875
,1905,,,,1529.995361328125
,1906,,,,1184.29638671875
,1907,,,,1497.64404296875
,1908,,,,1807.779541015625
,1909,,,,2052.51806640625
,1910,,,,1483.324462890625
,1911,,,,1716.5709228515625
,1912,,,,1837.259765625
,1913,,,,1917.7017822265625
,1914,,,,1781.8721923828125
,1915,,,,1487.594482421875
,1916,,,,1968.7923583984375
,1917,,,,1988.87353515625
,1918,,,,1574.8741455078125
,1919,,,,2156.087646484375
59,7499,,,1672.66650390625,
59,7499,1716.92041015625,,,
60,7549,,1646.0411376953125,,
60,7599,,1753.937255859375,,
,1920,,,,1757.251220703125
,1921,,,,1601.99609375
,1922,,,,1838.0927734375
,1923,,,,1470.1611328125
,1924,,,,1478.19580078125
,1925,,,,1952.16259765625
,1926,,,,2074.20263671875
,1927,,,,1347.8016357421875
,1928,,,,1396.7684326171875
,1929,,,,1802.54443359375
,1930,,,,1800.875
,1931,,,,1362.3231201171875
,1932,,,,1516.7037353515625
,1933,,,,1586.72119140625
,1934,,,,1826.964599609375
,1935,,,,1368.918701171875
,1936,,,,1550.8580322265625
,1937,,,,1520.60546875
,1938,,,,1174.1651611328125
,1939,,,,1489.90234375
,1940,,,,1797.7093505859375
,1941,,,,2042.02294921875
,1942,,,,1475.768310546875
,1943,,,,1706.33544921875
,1944,,,,1826.3203125
,1945,,,,1907.3526611328125
,1946,,,,1771.020263671875
,1947,,,,1480.056884765625
,1948,,,,1958.8101806640625
,1949,,,,1979.479736328125
,1950,,,,1563.7822265625
,1951,,,,2143.46240234375
60,7624,,,1662.775634765625,
60,7624,1718.0635986328125,,,
61,7649,,2043.19970703125,,
61,7699,,1544.147705078125,,
61,7749,,1812.5673828125,,
,1952,,,,1754.367431640625
,1953,,,,1600.43994140625
,1954,,,,1835.49951171875
,1955,,,,1468.95556640625
,1956,,,,1475.721435546875
,1957,,,,1947.6484375
,1958,,,,2071.30810546875
,1959,,,,1345.2509765625
,1960,,,,1395.6064453125
,1961,,,,1797.3173828125
,1962,,,,1800.65966796875
,1963,,,,1361.79248046875
,1964,,,,1517.3265380859375
,1965,,,,1586.330810546875
,1966,,,,1823.916259765625
,1967,,,,1367.2852783203125
,1968,,,,1550.5069580078125
,1969,,,,1518.768310546875
,1970,,,,1174.327392578125
,1971,,,,1488.39990234375
,1972,,,,1793.464111328125
,1973,,,,2043.855712890625
,1974,,,,1475.14404296875
,1975,,,,1706.56494140625
,1976,,,,1823.7255859375
,1977,,,,1907.8419189453125
,1978,,,,1769.364013671875
,1979,,,,1478.0804443359375
,1980,,,,1956.16552734375
,1981,,,,1976.556884765625
,1982,,,,1562.93408203125
,1983,,,,2138.04443359375
61,7749,,,1661.1085205078125,
61,7749,1714.5894775390625,,,
62,7799,,1919.2396240234375,,
62,7849,,1601.2669677734375,,
,1984,,,,1748.361328125
,1985,,,,1595.111083984375
,1986,,,,1829.94384765625
,1987,,,,1463.0758056640625
,1988,,,,1470.48681640625
,1989,,,,1940.024658203125
,1990,,,,2064.437744140625
,1991,,,,1338.3487548828125
,1992,,,,1391.9951171875
,1993,,,,1788.662841796875
,1994,,,,1795.83154296875
,1995,,,,1356.4111328125
,1996,,,,1512.7410888671875
,1997,,,,1581.588623046875
,1998,,,,1817.885498046875
,1999,,,,1363.0377197265625
,2000,,,,1543.96826171875
,2001,,,,1513.72509765625
,2002,,,,1170.77587890625
,2003,,,,1482.664306640625
,2004,,,,1785.755859375
,2005,,,,2039.2603759765625
,2006,,,,1472.209228515625
,2007,,,,1703.4371337890625
,2008,,,,1818.6962890625
,2009,,,,1902.6717529296875
,2010,,,,1764.334716796875
,2011,,,,1472.075927734375
,2012,,,,1948.4124755859375
,2013,,,,1970.980712890625
,2014,,,,1558.5667724609375
,2015,,,,2130.43310546875
62,7874,,,1655.6187744140625,
62,7874,1714.09326171875,,,
63,7899,,1769.724853515625,,
63,7949,,1454.601806640625,,
63,7999,,1536.330078125,,
,2016,,,,1752.792236328125
,2017,,,,1599.3072509765625
,2018,,,,1832.7333984375
,2019,,,,1468.4716796875
,2020,,,,1475.464599609375
,2021,,,,1945.368408203125
,2022,,,,2071.277099609375
,2023,,,,1342.590576171875
,2024,,,,1396.7412109375
,2025,,,,1793.44091796875
,2026,,,,1799.359130859375
,2027,,,,1361.021728515625
,2028,,,,1518.6121826171875
,2029,,,,1587.4010009765625
,2030,,,,1824.2305908203125
,2031,,,,1367.29248046875
,2032,,,,1550.218505859375
,2033,,,,1517.8095703125
,2034,,,,1174.51318359375
,2035,,,,1487.2376708984375
,2036,,,,1793.57177734375
,2037,,,,2043.1771240234375
,2038,,,,1476.3826904296875
,2039,,,,1704.7735595703125
,2040,,,,1822.635986328125
,2041,,,,1905.0457763671875
,2042,,,,1769.7874755859375
,2043,,,,1475.876953125
,2044,,,,1954.0584716796875
,2045,,,,1976.80126953125
,2046,,,,1564.196044921875
,2047,,,,2140.024658203125
63,7999,,,1660.3905029296875,
63,7999,1710.4749755859375,,,
64,8049,,1775.079833984375,,
64,8099,,1972.6014404296875,,
,2048,,,,1750.952392578125
,2049,,,,1592.650390625
,2050,,,,1830.54541015625
,2051,,,,1462.635009765625
,2052,,,,1468.58447265625
,2053,,,,1941.78857421875
,2054,,,,2065.640869140625
,2055,,,,1340.583740234375
,2056,,,,1389.73486328125
,2057,,,,1790.80126953125
,2058,,,,1791.5557861328125
,2059,,,,1356.4515380859375
,2060,,,,1508.5157470703125
,2061,,,,1579.224365234375
,2062,,,,1820.676025390625
,2063,,,,1360.92333984375
,2064,,,,1543.21826171875
,2065,,,,1514.0986328125
,2066,,,,1169.77099609375
,2067,,,,1483.76953125
,2068,,,,1789.74609375
,2069,,,,2036.672607421875
,2070,,,,1471.37451171875
,2071,,,,1697.5245361328125
,2072,,,,1816.3521728515625
,2073,,,,1900.57373046875
,2074,,,,1763.025146484375
,2075,,,,1471.9200439453125
,2076,,,,1948.206787109375
,2077,,,,1971.731201171875
,2078,,,,1557.244140625
,2079,,,,2132.9697265625
64,8124,,,1655.031494140625,
64,8124,1714.306396484375,,,
65,8149,,2165.69140625,,
65,8199,,1373.0283203125,,
65,8249,,1203.277099609375,,
,2080,,,,1741.072021484375
,2081,,,,1586.892578125
,2082,,,,1822.96435546875
,2083,,,,1458.22509765625
,2084,,,,1463.413330078125
,2085,,,,1933.79150390625
,2086,,,,2056.224853515625
,2087,,,,1334.686279296875
,2088,,,,1386.990966796875
,2089,,,,1784.4873046875
,2090,,,,1786.703125
,2091,,,,1348.4339599609375
,2092,,,,1504.73486328125
,2093,,,,1573.585205078125
,2094,,,,1810.8773193359375
,2095,,,,1355.0589599609375
,2096,,,,1535.025146484375
,2097,,,,1506.3580322265625
,2098,,,,1162.8690185546875
,2099,,,,1477.77783203125
,2100,,,,1777.39892578125
,2101,,,,2031.597412109375
,2102,,,,1464.9130859375
,2103,,,,1695.2734375
,2104,,,,1810.6068115234375
,2105,,,,1895.303466796875
,2106,,,,1756.053466796875
,2107,,,,1467.296630859375
,2108,,,,1941.643798828125
,2109,,,,1963.0665283203125
,2110,,,,1551.460205078125
,2111,,,,2123.647216796875
65,8249,,,1648.5023193359375,
65,8249,1711.8719482421875,,,
66,8299,,1639.7181396484375,,
66,8349,,1865.81005859375,,
,2112,,,,1748.16650390625
,2113,,,,1593.93603515625
,2114,,,,1829.8128662109375
,2115,,,,1464.10693359375
,2116,,,,1469.9085693359375
,2117,,,,1941.2796630859375
,2118,,,,2063.84130859375
,2119,,,,1341.2718505859375
,2120,,,,1392.21484375
,2121,,,,1792.8720703125
,2122,,,,1792.0399169921875
,2123,,,,1355.813232421875
,2124,,,,1509.078857421875
,2125,,,,1579.979248046875
,2126,,,,1819.9248046875
,2127,,,,1360.826416015625
,2128,,,,1542.187744140625
,2129,,,,1513.21875
,2130,,,,1169.7952880859375
,2131,,,,1483.9241943359375
,2132,,,,1788.12646484375
,2133,,,,2037.6884765625
,2134,,,,1470.349365234375
,2135,,,,1697.0389404296875
,2136,,,,1814.36865234375
,2137,,,,1899.7725830078125
,2138,,,,1761.844970703125
,2139,,,,1472.259033203125
,2140,,,,1947.928466796875
,2141,,,,1970.14599609375
,2142,,,,1557.5274658203125
,2143,,,,2133.598876953125
66,8374,,,1654.868408203125,
66,8374,1708.9674072265625,,,
67,8399,,1761.2763671875,,
67,8449,,1736.7506103515625,,
67,8499,,1380.3890380859375,,
,2144,,,,1742.5699462890625
,2145,,,,1586.3076171875
,2146,,,,1822.635986328125
,2147,,,,1456.331787109375
,2148,,,,1461.7769775390625
,2149,,,,1931.31005859375
,2150,,,,2054.386962890625
,2151,,,,1333.4227294921875
,2152,,,,1382.3406982421875
,2153,,,,1780.40380859375
,2154,,,,1785.719482421875
,2155,,,,1349.362060546875
,2156,,,,1500.91845703125
,2157,,,,1572.968505859375
,2158,,,,1813.5155029296875
,2159,,,,1355.693603515625
,2160,,,,1535.8173828125
,2161,,,,1508.1793212890625
,2162,,,,1167.2261962890625
,2163,,,,1476.90576171875
,2164,,,,1779.339599609375
,2165,,,,2026.890625
,2166,,,,1466.8587646484375
,2167,,,,1693.4375
,2168,,,,1808.810302734375
,2169,,,,1896.028564453125
,2170,,,,1754.387939453125
,2171,,,,1465.2203369140625
,2172,,,,1939.212158203125
,2173,,,,1963.26123046875
,2174,,,,1550.77783203125
,2175,,,,2121.462158203125
67,8499,,,1647.756103515625,
67,8499,1707.4659423828125,,,
68,8549,,1538.1951904296875,,
68,8599,,1787.300537109375,,
,2176,,,,1744.9827880859375
,2177,,,,1590.13818359375
,2178,,,,1827.1806640625
,2179,,,,1461.6534423828125
,2180,,,,1470.0623779296875
,2181,,,,1939.27490234375
,2182,,,,2061.046142578125
,2183,,,,1335.21142578125
,2184,,,,1390.5684814453125
,2185,,,,1791.063232421875
,2186,,,,1789.209228515625
,2187,,,,1351.8818359375
,2188,,,,1504.247802734375
,2189,,,,1578.5908203125
,2190,,,,1818.697265625
,2191,,,,1359.29638671875
,2192,,,,1536.261474609375
,2193,,,,1509.1708984375
,2194,,,,1166.882568359375
,2195,,,,1479.4207763671875
,2196,,,,1786.432861328125
,2197,,,,2031.283203125
,2198,,,,1467.119873046875
,2199,,,,1694.8692626953125
,2200,,,,1812.2861328125
,2201,,,,1895.40966796875
,2202,,,,1757.734375
,2203,,,,1468.9688720703125
,2204,,,,1941.2166748046875
,2205,,,,1964.860107421875
,2206,,,,1557.2877197265625
,2207,,,,2135.51953125
68,8624,,,1651.718017578125,
68,8624,1708.18798828125,,,
69,8649,,1931.9305419921875,,
69,8699,,1817.244384765625,,
69,8749,,1804.3173828125,,
,2208,,,,1740.66064453125
,2209,,,,1586.68896484375
,2210,,,,1820.1207275390625
,2211,,,,1457.73583984375
,2212,,,,1462.208984375
,2213,,,,1932.1524658203125
,2214,,,,2054.755615234375
,2215,,,,1332.92529296875
,2216,,,,1385.196044921875
,2217,,,,1782.076171875
,2218,,,,1784.75830078125
,2219,,,,1347.751220703125
,2220,,,,1501.07470703125
,2221,,,,1573.7115478515625
,2222,,,,1811.251220703125
,2223,,,,1355.68603515625
,2224,,,,1535.6851806640625
,2225,,,,1506.041748046875
,2226,,,,1164.041015625
,2227,,,,1476.663330078125
,2228,,,,1779.68408203125
,2229,,,,2026.944091796875
,2230,,,,1462.530517578125
,2231,,,,1690.279541015625
,2232,,,,1808.79931640625
,2233,,,,1891.4945068359375
,2234,,,,1755.190673828125
,2235,,,,1464.3916015625
,2236,,,,1939.2293701171875
,2237,,,,1962.7880859375
,2238,,,,1551.1463623046875
,2239,,,,2122.84130859375
69,8749,,,1647.18017578125,
69,8749,1704.72314453125,,,
70,8799,,1685.247314453125,,
70,8849,,1436.51025390625,,
,2240,,,,1740.3427734375
,2241,,,,1583.433837890625
,2242,,,,1819.336669921875
,2243,,,,1453.0950927734375
,2244,,,,1459.735595703125
,2245,,,,1928.1246337890625
,2246,,,,2051.537353515625
,2247,,,,1330.375
,2248,,,,1379.28125
,2249,,,,1778.1357421875
,2250,,,,1783.494140625
,2251,,,,1347.536376953125
,2252,,,,1497.367919921875
,2253,,,,1570.99560546875
,2254,,,,1812.36962890625
,2255,,,,1352.24169921875
,2256,,,,1533.705810546875
,2257,,,,1505.2794189453125
,2258,,,,1164.415283203125
,2259,,,,1473.26025390625
,2260,,,,1778.6141357421875
,2261,,,,2027.192138671875
,2262,,,,1462.9737548828125
,2263,,,,1690.8355712890625
,2264,,,,1805.03271484375
,2265,,,,1894.364501953125
,2266,,,,1750.1561279296875
,2267,,,,1461.848876953125
,2268,,,,1934.39697265625
,2269,,,,1960.2606201171875
,2270,,,,1550.110107421875
,2271,,,,2120.125732421875
70,8874,,,1645.1160888671875,
70,8874,1704.568115234375,,,
71,8899,,1911.41943359375,,
71,8949,,1252.071044921875,,
71,8999,,1622.40283203125,,
,2272,,,,1736.553955078125
,2273,,,,1581.017333984375
,2274,,,,1815.2130126953125
,2275,,,,1451.7750244140625
,2276,,,,1456.4764404296875
,2277,,,,1928.4508056640625
,2278,,,,2048.219482421875
,2279,,,,1329.06298828125
,2280,,,,1379.948974609375
,2281,,,,1777.973388671875
,2282,,,,1777.181640625
,2283,,,,1341.7041015625
,2284,,,,1492.288818359375
,2285,,,,1566.244384765625
,2286,,,,1804.598388671875
,2287,,,,1349.5836181640625
,2288,,,,1527.6783447265625
,2289,,,,1499.440185546875
,2290,,,,1158.5107421875
,2291,,,,1472.2001953125
,2292,,,,1774.4007568359375
,2293,,,,2019.0567626953125
,2294,,,,1456.98193359375
,2295,,,,1682.84619140625
,2296,,,,1803.3681640625
,2297,,,,1885.50439453125
,2298,,,,1749.751220703125
,2299,,,,1458.98291015625
,2300,,,,1932.7042236328125
,2301,,,,1955.7354736328125
,2302,,,,1543.7244873046875
,2303,,,,2118.180908203125
71,8999,,,1641.1751708984375,
71,8999,1704.8680419921875,,,
72,9049,,1430.385986328125,,
72,9099,,1842.102783203125,,
,2304,,,,1739.314208984375
,2305,,,,1587.186767578125
,2306,,,,1818.49365234375
,2307,,,,1458.59912109375
,2308,,,,1464.1875
,2309,,,,1932.7939453125
,2310,,,,2056.72119140625
,2311,,,,1331.150390625
,2312,,,,1387.83447265625
,2313,,,,1783.899169921875
,2314,,,,1785.75732421875
,2315,,,,1347.504638671875
,2316,,,,1501.7362060546875
,2317,,,,1573.1123046875
,2318,,,,1810.1416015625
,2319,,,,1357.074951171875
,2320,,,,1534.181884765625
,2321,,,,1504.444091796875
,2322,,,,1162.07275390625
,2323,,,,1477.51171875
,2324,,,,1779.580078125
,2325,,,,2027.77099609375
,2326,,,,1458.671875
,2327,,,,1689.218994140625
,2328,,,,1809.1383056640625
,2329,,,,1890.0465087890625
,2330,,,,1756.48291015625
,2331,,,,1462.1146240234375
,2332,,,,1938.4190673828125
,2333,,,,1960.399658203125
,2334,,,,1550.8544921875
,2335,,,,2125.597412109375
72,9124,,,1646.9697265625,
72,9124,1703.5184326171875,,,
73,9149,,1276.308837890625,,
73,9199,,2364.65283203125,,
73,9249,,1751.575927734375,,
,2336,,,,1736.1064453125
,2337,,,,1583.0133056640625
,2338,,,,1814.4012451171875
,2339,,,,1452.55126953125
,2340,,,,1456.764404296875
,2341,,,,1927.2579345703125
,2342,,,,2050.312744140625
,2343,,,,1329.2105712890625
,2344,,,,1379.6702880859375
,2345,,,,1776.231201171875
,2346,,,,1779.41259765625
,2347,,,,1343.6697998046875
,2348,,,,1494.8203125
,2349,,,,1568.723876953125
,2350,,,,1806.338134765625
,2351,,,,1351.5582275390625
,2352,,,,1532.25537109375
,2353,,,,1500.13623046875
,2354,,,,1161.127685546875
,2355,,,,1475.05419921875
,2356,,,,1776.7744140625
,2357,,,,2021.475830078125
,2358,,,,1457.0164794921875
,2359,,,,1683.40576171875
,2360,,,,1805.3486328125
,2361,,,,1885.0830078125
,2362,,,,1753.186767578125
,2363,,,,1458.2586669921875
,2364,,,,1935.7574462890625
,2365,,,,1959.01123046875
,2366,,,,1544.1534423828125
,2367,,,,2119.79638671875
73,9249,,,1642.4970703125,
73,9249,1704.785888671875,,,
74,9299,,1597.61181640625,,
74,9349,,1658.1763916015625,,
,2368,,,,1730.177734375
,2369,,,,1576.5068359375
,2370,,,,1810.16015625
,2371,,,,1447.854736328125
,2372,,,,1453.26904296875
,2373,,,,1921.1907958984375
,2374,,,,2043.848388671875
,2375,,,,1322.99169921875
,2376,,,,1375.8258056640625
,2377,,,,1770.87939453125
,2378,,,,1777.145263671875
,2379,,,,1339.845458984375
,2380,,,,1492.2410888671875
,2381,,,,1563.758056640625
,2382,,,,1800.8585205078125
,2383,,,,1346.2431640625
,2384,,,,1524.69873046875
,2385,,,,1496.288818359375
,2386,,,,1155.169189453125
,2387,,,,1468.099609375
,2388,,,,1767.184326171875
,2389,,,,2019.7791748046875
,2390,,,,1453.828125
,2391,,,,1683.426025390625
,2392,,,,1800.2960205078125
,2393,,,,1881.736083984375
,2394,,,,1744.481689453125
,2395,,,,1454.938720703125
,2396,,,,1927.8876953125
,2397,,,,1951.84326171875
,2398,,,,1540.937744140625
,2399,,,,2112.19580078125
74,9374,,,1637.4859619140625,
74,9374,1700.542236328125,,,
75,9399,,1665.841552734375,,
75,9449,,1258.8134765625,,
75,9499,,1443.3564453125,,
,2400,,,,1733.7662353515625
,2401,,,,1580.497802734375
,2402,,,,1813.96435546875
,2403,,,,1450.1192626953125
,2404,,,,1456.4105224609375
,2405,,,,1924.287109375
,2406,,,,2047.325439453125
,2407,,,,1327.210205078125
,2408,,,,1375.0982666015625
,2409,,,,1775.095703125
,2410,,,,1777.697998046875
,2411,,,,1343.04736328125
,2412,,,,1493.5433349609375
,2413,,,,1567.723876953125
,2414,,,,1807.0927734375
,2415,,,,1347.826904296875
,2416,,,,1529.513916015625
,2417,,,,1499.6177978515625
,2418,,,,1161.3936767578125
,2419,,,,1471.883056640625
,2420,,,,1774.205322265625
,2421,,,,2026.853759765625
,2422,,,,1457.736328125
,2423,,,,1683.9722900390625
,2424,,,,1801.50146484375
,2425,,,,1885.6402587890625
,2426,,,,1747.27294921875
,2427,,,,1457.98291015625
,2428,,,,1930.9364013671875
,2429,,,,1956.47021484375
,2430,,,,1543.890625
,2431,,,,2122.248046875
75,9499,,,1640.964599609375,
75,9499,1698.4766845703125,,,
76,9549,,2264.1171875,,
76,9599,,1902.031005859375,,
,2432,,,,1733.642333984375
,2433,,,,1581.4852294921875
,2434,,,,1814.31640625
,2435,,,,1452.479736328125
,2436,,,,1459.3955078125
,2437,,,,1927.75390625
,2438,,,,2048.029541015625
,2439,,,,1328.7255859375
,2440,,,,1380.7247314453125
,2441,,,,1780.118408203125
,2442,,,,1776.896484375
,2443,,,,1341.13037109375
,2444,,,,1493.94921875
,2445,,,,1567.174560546875
,2446,,,,1805.661376953125
,2447,,,,1351.1036376953125
,2448,,,,1527.234130859375
,2449,,,,1499.364013671875
,2450,,,,1157.8082275390625
,2451,,,,1474.0733642578125
,2452,,,,1773.6114501953125
,2453,,,,2025.3509521484375
,2454,,,,1453.993896484375
,2455,,,,1682.2769775390625
,2456,,,,1802.16455078125
,2457,,,,1883.0455322265625
,2458,,,,1749.183349609375
,2459,,,,1459.0391845703125
,2460,,,,1932.918701171875
,2461,,,,1954.96337890625
,2462,,,,1544.3236083984375
,2463,,,,2125.578857421875
76,9624,,,1641.38671875,
76,9624,1700.529052734375,,,
77,9649,,1734.498779296875,,
77,9699,,1744.0364990234375,,
77,9749,,2085.162109375,,
,2464,,,,1728.2333984375
,2465,,,,1575.18701171875
,2466,,,,1809.742431640625
,2467,,,,1446.32861328125
,2468,,,,1451.611572265625
,2469,,,,1920.6151123046875
,2470,,,,2040.629638671875
,2471,,,,1322.7974853515625
,2472,,,,1373.7579345703125
,2473,,,,1770.858154296875
,2474,,,,1771.455810546875
,2475,,,,1336.30078125
,2476,,,,1486.895751953125
,2477,,,,1560.21044921875
,2478,,,,1799.690673828125
,2479,,,,1344.795166015625
,2480,,,,1521.721435546875
,2481,,,,1494.407958984375
,2482,,,,1154.6356201171875
,2483,,,,1467.388671875
,2484,,,,1765.9766845703125
,2485,,,,2020.476806640625
,2486,,,,1451.371826171875
,2487,,,,1678.770263671875
,2488,,,,1797.37255859375
,2489,,,,1879.7733154296875
,2490,,,,1742.75537109375
,2491,,,,1454.08984375
,2492,,,,1925.5048828125
,2493,,,,1949.689208984375
,2494,,,,1538.648193359375
,2495,,,,2113.012451171875
77,9749,,,1635.51806640625,
77,9749,1696.0780029296875,,,
78,9799,,1603.1343994140625,,
78,9849,,1722.2496337890625,,
,2496,,,,1732.0225830078125
,2497,,,,1578.9229736328125
,2498,,,,1813.8861083984375
,2499,,,,1449.6136474609375
,2500,,,,1457.9306640625
,2501,,,,1927.0435791015625
,2502,,,,2046.4873046875
,2503,,,,1326.13818359375
,2504,,,,1379.443603515625
,2505,,,,1779.132080078125
,2506,,,,1773.77587890625
,2507,,,,1339.87646484375
,2508,,,,1490.88671875
,2509,,,,1564.5311279296875
,2510,,,,1806.199462890625
,2511,,,,1348.474609375
,2512,,,,1524.151611328125
,2513,,,,1498.0089111328125
,2514,,,,1155.79931640625
,2515,,,,1471.445068359375
,2516,,,,1771.938232421875
,2517,,,,2025.202880859375
,2518,,,,1452.17626953125
,2519,,,,1678.75439453125
,2520,,,,1799.1365966796875
,2521,,,,1880.4820556640625
,2522,,,,1746.882568359375
,2523,,,,1457.3681640625
,2524,,,,1930.01611328125
,2525,,,,1952.9603271484375
,2526,,,,1542.85107421875
,2527,,,,2124.7529296875
78,9874,,,1639.447265625,
78,9874,1693.8228759765625,,,
79,9899,,1507.3214111328125,,
79,9949,,1759.956787109375,,
79,9999,,1418.04931640625,,
,2528,,,,1726.147705078125
,2529,,,,1573.7802734375
,2530,,,,1807.7796630859375
,2531,,,,1444.52783203125
,2532,,,,1452.960693359375
,2533,,,,1919.8243408203125
,2534,,,,2039.99169921875
,2535,,,,1320.33447265625
,2536,,,,1374.02978515625
,2537,,,,1770.8974609375
,2538,,,,1770.00146484375
,2539,,,,1335.811767578125
,2540,,,,1487.7503662109375
,2541,,,,1560.102783203125
,2542,,,,1800.0135498046875
,2543,,,,1344.430908203125
,2544,,,,1520.9810791015625
,2545,,,,1492.577880859375
,2546,,,,1151.86962890625
,2547,,,,1466.170166015625
,2548,,,,1764.6318359375
,2549,,,,2022.494140625
,2550,,,,1449.070556640625
,2551,,,,1677.2900390625
,2552,,,,1795.801025390625
,2553,,,,1876.8843994140625
,2554,,,,1741.5472412109375
,2555,,,,1452.341552734375
,2556,,,,1923.52880859375
,2557,,,,1947.8662109375
,2558,,,,1539.0616455078125
,2559,,,,2115.643798828125
79,9999,,,1634.541015625,
79,9999,1695.105224609375,,,
80,10049,,1311.021240234375,,
80,10099,,1630.7421875,,
,2560,,,,1730.810791015625
,2561,,,,1578.1805419921875
,2562,,,,1809.919677734375
,2563,,,,1446.82568359375
,2564,,,,1453.1043701171875
,2565,,,,1921.91064453125
,2566,,,,2043.1412353515625
,2567,,,,1325.056396484375
,2568,,,,1375.099609375
,2569,,,,1772.82421875
,2570,,,,1770.683837890625
,2571,,,,1339.268798828125
,2572,,,,1489.366455078125
,2573,,,,1562.65771484375
,2574,,,,1802.125732421875
,2575,,,,1347.253173828125
,2576,,,,1525.9522705078125
,2577,,,,1495.34716796875
,2578,,,,1156.2486572265625
,2579,,,,1471.0013427734375
,2580,,,,1769.5760498046875
,2581,,,,2023.1534423828125
,2582,,,,1451.263916015625
,2583,,,,1676.880615234375
,2584,,,,1798.1220703125
,2585,,,,1878.638671875
,2586,,,,1745.2408447265625
,2587,,,,1454.6884765625
,2588,,,,1928.5546875
,2589,,,,1951.98583984375
,2590,,,,1539.41796875
,2591,,,,2115.939208984375
80,10124,,,1637.22509765625,
80,10124,1692.910888671875,,,
81,10149,,2296.68310546875,,
81,10199,,1719.189453125,,
81,10249,,1260.3892822265625,,
,2592,,,,1720.1270751953125
,2593,,,,1565.8046875
,2594,,,,1799.99462890625
,2595,,,,1435.188232421875
,2596,,,,1439.3265380859375
,2597,,,,1911.302001953125
,2598,,,,2030.170166015625
,2599,,,,1314.146240234375
,2600,,,,1364.286376953125
,2601,,,,1759.5399169921875
,2602,,,,1758.7265625
,2603,,,,1326.071044921875
,2604,,,,1474.8740234375
,2605,,,,1549.75537109375
,2606,,,,1789.1171875
,2607,,,,1335.877197265625
,2608,,,,1511.7562255859375
,2609,,,,1484.0667724609375
,2610,,,,1144.823486328125
,2611,,,,1459.6258544921875
,2612,,,,1755.3258056640625
,2613,,,,2007.785400390625
,2614,,,,1443.308837890625
,2615,,,,1665.544677734375
,2616,,,,1788.53564453125
,2617,,,,1867.822265625
,2618,,,,1734.56103515625
,2619,,,,1443.8248291015625
,2620,,,,1915.901611328125
,2621,,,,1941.02001953125
,2622,,,,1526.02734375
,2623,,,,2098.546630859375
81,10249,,,1625.243896484375,
81,10249,1692.6793212890625,,,
82,10299,,1454.012939453125,,
82,10349,,1323.5260009765625,,
,2624,,,,1726.97021484375
,2625,,,,1571.952880859375
,2626,,,,1805.08740234375
,2627,,,,1443.01220703125
,2628,,,,1448.856689453125
,2629,,,,1920.3543701171875
,2630,,,,2039.514892578125
,2631,,,,1321.234619140625
,2632,,,,1372.4423828125
,2633,,,,1771.54736328125
,2634,,,,1763.86328125
,2635,,,,1330.734375
,2636,,,,1479.9097900390625
,2637,,,,1556.507568359375
,2638,,,,1796.4820556640625
,2639,,,,1342.730224609375
,2640,,,,1517.665283203125
,2641,,,,1489.1756591796875
,2642,,,,1147.8902587890625
,2643,,,,1466.759765625
,2644,,,,1765.388671875
,2645,,,,2010.973388671875
,2646,,,,1446.4464111328125
,2647,,,,1669.240966796875
,2648,,,,1794.962646484375
,2649,,,,1871.4688720703125
,2650,,,,1741.1370849609375
,2651,,,,1450.94189453125
,2652,,,,1923.5234375
,2653,,,,1947.7879638671875
,2654,,,,1532.677001953125
,2655,,,,2116.25732421875
82,10374,,,1631.881591796875,
82,10374,1689.4774169921875,,,
83,10399,,1628.3599853515625,,
83,10449,,1232.4051513671875,,
83,10499,,1234.0162353515625,,
,2656,,,,1719.9849853515625
,2657,,,,1566.855224609375
,2658,,,,1798.966796875
,2659,,,,1436.9852294921875
,2660,,,,1443.393310546875
,2661,,,,1912.069091796875
,2662,,,,2032.439453125
,2663,,,,1314.4775390625
,2664,,,,1367.87109375
,2665,,,,1762.376953125
,2666,,,,1759.720458984375
,2667,,,,1325.218994140625
,2668,,,,1476.8251953125
,2669,,,,1551.099365234375
,2670,,,,1789.40966796875
,2671,,,,1335.8233642578125
,2672,,,,1512.53125
,2673,,,,1483.528076171875
,2674,,,,1142.3436279296875
,2675,,,,1460.897705078125
,2676,,,,1756.7056884765625
,2677,,,,2008.0494384765625
,2678,,,,1440.658203125
,2679,,,,1665.3551025390625
,2680,,,,1789.6937255859375
,2681,,,,1866.2996826171875
,2682,,,,1736.19970703125
,2683,,,,1443.449951171875
,2684,,,,1917.527099609375
,2685,,,,1940.364501953125
,2686,,,,1527.198486328125
,2687,,,,2106.75390625
83,10499,,,1625.952392578125,
83,10499,1690.89404296875,,,
84,10549,,2166.236328125,,
84,10599,,1417.2489013671875,,
,2688,,,,1727.4952392578125
,2689,,,,1573.7734375
,2690,,,,1805.868896484375
,2691,,,,1444.3125
,2692,,,,1449.580322265625
,2693,,,,1917.18212890625
,2694,,,,2040.3677978515625
,2695,,,,1320.90234375
,2696,,,,1371.578369140625
,2697,,,,1766.61376953125
,2698,,,,1770.827392578125
,2699,,,,1337.004150390625
,2700,,,,1488.4493408203125
,2701,,,,1559.0640869140625
,2702,,,,1801.244140625
,2703,,,,1344.2794189453125
,2704,,,,1524.7855224609375
,2705,,,,1493.818115234375
,2706,,,,1152.9443359375
,2707,,,,1466.48486328125
,2708,,,,1767.9468994140625
,2709,,,,2017.5228271484375
,2710,,,,1451.53955078125
,2711,,,,1674.4959716796875
,2712,,,,1795.238037109375
,2713,,,,1876.1981201171875
,2714,,,,1741.883544921875
,2715,,,,1451.103759765625
,2716,,,,1926.0635986328125
,2717,,,,1950.143798828125
,2718,,,,1537.712890625
,2719,,,,2113.853759765625
84,10624,,,1634.3966064453125,
84,10624,1686.93017578125,,,
85,10649,,1971.9305419921875,,
85,10699,,1784.0826416015625,,
85,10749,,1880.2701416015625,,
,2720,,,,1721.90478515625
,2721,,,,1570.7109375
,2722,,,,1799.6417236328125
,2723,,,,1439.865478515625
,2724,,,,1443.1820068359375
,2725,,,,1910.71728515625
,2726,,,,2034.6104736328125
,2727,,,,1316.25
,2728,,,,1367.48974609375
,2729,,,,1759.369140625
,2730,,,,1764.122314453125
,2731,,,,1330.421630859375
,2732,,,,1482.8118896484375
,2733,,,,1553.504638671875
,2734,,,,1793.0966796875
,2735,,,,1339.8408203125
,2736,,,,1520.0272216796875
,2737,,,,1486.5662841796875
,2738,,,,1150.2149658203125
,2739,,,,1464.2122802734375
,2740,,,,1761.2178955078125
,2741,,,,2013.213134765625
,2742,,,,1444.6307373046875
,2743,,,,1669.0159912109375
,2744,,,,1793.23681640625
,2745,,,,1871.375244140625
,2746,,,,1738.607666015625
,2747,,,,1445.0810546875
,2748,,,,1920.80419921875
,2749,,,,1944.61328125
,2750,,,,1530.28515625
,2751,,,,2103.2275390625
85,10749,,,1629.0064697265625,
85,10749,1687.3504638671875,,,
86,10799,,1795.380859375,,
86,10849,,2048.65478515625,,
,2752,,,,1718.8189697265625
,2753,,,,1565.485107421875
,2754,,,,1798.2564697265625
,2755,,,,1436.173583984375
,2756,,,,1442.1485595703125
,2757,,,,1909.58056640625
,2758,,,,2030.554443359375
,2759,,,,1314.8912353515625
,2760,,,,1365.84326171875
,2761,,,,1762.388671875
,2762,,,,1760.01904296875
,2763,,,,1326.31787109375
,2764,,,,1476.4296875
,2765,,,,1549.8314208984375
,2766,,,,1790.194091796875
,2767,,,,1335.2357177734375
,2768,,,,1513.737060546875
,2769,,,,1483.1995849609375
,2770,,,,1144.7550048828125
,2771,,,,1459.616943359375
,2772,,,,1756.8541259765625
,2773,,,,2010.72119140625
,2774,,,,1442.162353515625
,2775,,,,1668.4432373046875
,2776,,,,1788.370361328125
,2777,,,,1868.95166015625
,2778,,,,1732.64892578125
,2779,,,,1444.770751953125
,2780,,,,1916.089111328125
,2781,,,,1940.176513671875
,2782,,,,1528.3026123046875
,2783,,,,2101.84912109375
86,10874,,,1625.8057861328125,
86,10874,1686.638427734375,,,
87,10899,,1818.330078125,,
87,10949,,1631.7264404296875,,
87,10999,,1459.977294921875,,
,2784,,,,1717.8045654296875
,2785,,,,1563.2208251953125
,2786,,,,1796.60986328125
,2787,,,,1435.07861328125
,2788,,,,1440.5726318359375
,2789,,,,1909.23046875
,2790,,,,2028.0555419921875
,2791,,,,1313.046630859375
,2792,,,,1363.2691650390625
,2793,,,,1760.387451171875
,2794,,,,1756.6253662109375
,2795,,,,1323.001708984375
,2796,,,,1472.401611328125
,2797,,,,1547.43896484375
,2798,,,,1787.585693359375
,2799,,,,1333.6546630859375
,2800,,,,1511.10205078125
,2801,,,,1481.18212890625
,2802,,,,1142.5548095703125
,2803,,,,1458.031494140625
,2804,,,,1755.674072265625
,2805,,,,2005.0147705078125
,2806,,,,1440.73388671875
,2807,,,,1662.9127197265625
,2808,,,,1788.370849609375
,2809,,,,1864.521728515625
,2810,,,,1731.22705078125
,2811,,,,1443.380615234375
,2812,,,,1914.265869140625
,2813,,,,1938.809814453125
,2814,,,,1525.867919921875
,2815,,,,2101.59814453125
87,10999,,,1623.5850830078125,
87,10999,1684.1495361328125,,,
88,11049,,2028.060546875,,
88,11099,,1372.651611328125,,
,2816,,,,1718.867431640625
,2817,,,,1564.6060791015625
,2818,,,,1799.43115234375
,2819,,,,1436.068359375
,2820,,,,1444.44921875
,2821,,,,1911.6473388671875
,2822,,,,2030.8922119140625
,2823,,,,1314.3193359375
,2824,,,,1368.8857421875
,2825,,,,1763.140869140625
,2826,,,,1759.3929443359375
,2827,,,,1326.418212890625
,2828,,,,1476.179443359375
,2829,,,,1549.63623046875
,2830,,,,1791.5567626953125
,2831,,,,1336.62060546875
,2832,,,,1511.809326171875
,2833,,,,1483.8568115234375
,2834,,,,1142.4969482421875
,2835,,,,1459.705322265625
,2836,,,,1757.895263671875
,2837,,,,2007.7032470703125
,2838,,,,1440.9144287109375
,2839,,,,1665.291748046875
,2840,,,,1788.34326171875
,2841,,,,1865.66650390625
,2842,,,,1733.29541015625
,2843,,,,1444.430419921875
,2844,,,,1917.321044921875
,2845,,,,1939.07470703125
,2846,,,,1528.62255859375
,2847,,,,2105.4111328125
88,11124,,,1625.7564697265625,
88,11124,1682.460205078125,,,
89,11149,,1507.58056640625,,
89,11199,,2361.748046875,,
89,11249,,1506.436279296875,,
,2848,,,,1716.8314208984375
,2849,,,,1562.59716796875
,2850,,,,1795.0882568359375
,2851,,,,1433.9451904296875
,2852,,,,1438.2640380859375
,2853,,,,1904.268310546875
,2854,,,,2027.7835693359375
,2855,,,,1311.80029296875
,2856,,,,1362.32470703125
,2857,,,,1753.69873046875
,2858,,,,1759.136474609375
,2859,,,,1325.5455322265625
,2860,,,,1475.084716796875
,2861,,,,1547.528564453125
,2862,,,,1787.7041015625
,2863,,,,1334.789306640625
,2864,,,,1514.279541015625
,2865,,,,1483.43408203125
,2866,,,,1143.93017578125
,2867,,,,1456.8671875
,2868,,,,1753.354736328125
,2869,,,,2007.2474365234375
,2870,,,,1440.764404296875
,2871,,,,1668.7633056640625
,2872,,,,1787.6865234375
,2873,,,,1869.2760009765625
,2874,,,,1729.980712890625
,2875,,,,1442.747314453125
,2876,,,,1915.450439453125
,2877,,,,1938.884033203125
,2878,,,,1526.2403564453125
,2879,,,,2094.51513671875
89,11249,,,1623.6455078125,
89,11249,1682.5267333984375,,,
90,11299,,1315.719970703125,,
90,11349,,1412.687744140625,,
,2880,,,,1718.55810546875
,2881,,,,1565.3453369140625
,2882,,,,1795.804931640625
,2883,,,,1434.6376953125
,2884,,,,1438.9376220703125
,2885,,,,1907.1741943359375
,2886,,,,2030.0145263671875
,2887,,,,1314.03759765625
,2888,,,,1363.068115234375
,2889,,,,1757.697265625
,2890,,,,1758.975830078125
,2891,,,,1326.7506103515625
,2892,,,,1474.9095458984375
,2893,,,,1548.3900146484375
,2894,,,,1790.081787109375
,2895,,,,1333.400146484375
,2896,,,,1515.172119140625
,2897,,,,1483.9141845703125
,2898,,,,1144.1783447265625
,2899,,,,1459.9189453125
,2900,,,,1757.3876953125
,2901,,,,2010.317138671875
,2902,,,,1439.427490234375
,2903,,,,1663.81396484375
,2904,,,,1787.2353515625
,2905,,,,1865.05322265625
,2906,,,,1731.896728515625
,2907,,,,1442.365478515625
,2908,,,,1917.53369140625
,2909,,,,1940.263427734375
,2910,,,,1525.51611328125
,2911,,,,2099.8349609375
90,11374,,,1624.5355224609375,
90,11374,1683.257568359375,,,
91,11399,,1695.1009521484375,,
91,11449,,1988.099853515625,,
91,11499,,1698.65478515625,,
,2912,,,,1718.36474609375
,2913,,,,1563.791259765625
,2914,,,,1797.989501953125
,2915,,,,1434.6708984375
,2916,,,,1443.9034423828125
,2917,,,,1910.937744140625
,2918,,,,2030.947998046875
,2919,,,,1313.4315185546875
,2920,,,,1366.7244873046875
,2921,,,,1764.10693359375
,2922,,,,1758.607177734375
,2923,,,,1325.08544921875
,2924,,,,1471.651611328125
,2925,,,,1547.396484375
,2926,,,,1792.672607421875
,2927,,,,1332.38330078125
,2928,,,,1509.431640625
,2929,,,,1483.264892578125
,2930,,,,1140.203125
,2931,,,,1458.73974609375
,2932,,,,1757.755126953125
,2933,,,,2007.9910888671875
,2934,,,,1437.627685546875
,2935,,,,1663.275390625
,2936,,,,1787.9609375
,2937,,,,1863.5406494140625
,2938,,,,1730.525634765625
,2939,,,,1443.231689453125
,2940,,,,1914.600830078125
,2941,,,,1937.83837890625
,2942,,,,1528.0106201171875
,2943,,,,2110.70849609375
91,11499,,,1624.4591064453125,
91,11499,1683.6795654296875,,,
92,11549,,1684.725341796875,,
92,11599,,1458.571044921875,,
,2944,,,,1715.4117431640625
,2945,,,,1558.749267578125
,2946,,,,1793.1295166015625
,2947,,,,1430.497314453125
,2948,,,,1436.8685302734375
,2949,,,,1903.619140625
,2950,,,,2024.98193359375
,2951,,,,1308.9378662109375
,2952,,,,1360.36669921875
,2953,,,,1753.3580322265625
,2954,,,,1757.654296875
,2955,,,,1321.70654296875
,2956,,,,1467.5263671875
,2957,,,,1543.0361328125
,2958,,,,1787.5048828125
,2959,,,,1331.5496826171875
,2960,,,,1507.8675537109375
,2961,,,,1482.1573486328125
,2962,,,,1140.394775390625
,2963,,,,1455.650390625
,2964,,,,1751.67578125
,2965,,,,2004.5789794921875
,2966,,,,1436.84814453125
,2967,,,,1661.803466796875
,2968,,,,1784.796142578125
,2969,,,,1862.9742431640625
,2970,,,,1726.4207763671875
,2971,,,,1439.578857421875
,2972,,,,1910.949951171875
,2973,,,,1935.657470703125
,2974,,,,1522.302734375
,2975,,,,2096.749755859375
92,11624,,,1620.5675048828125,
92,11624,1683.5904541015625,,,
93,11649,,2266.9130859375,,
93,11699,,1906.901611328125,,
93,11749,,1555.271728515625,,
,2976,,,,1711.16455078125
,2977,,,,1558.532470703125
,2978,,,,1787.47412109375
,2979,,,,1428.9287109375
,2980,,,,1430.664794921875
,2981,,,,1898.626708984375
,2982,,,,2021.4908447265625
,2983,,,,1308.6153564453125
,2984,,,,1358.4951171875
,2985,,,,1746.8245849609375
,2986,,,,1751.062744140625
,2987,,,,1317.163818359375
,2988,,,,1467.2232666015625
,2989,,,,1539.78173828125
,2990,,,,1777.0845947265625
,2991,,,,1328.891845703125
,2992,,,,1508.56005859375
,2993,,,,1476.380615234375
,2994,,,,1135.3297119140625
,2995,,,,1455.735595703125
,2996,,,,1746.076416015625
,2997,,,,2001.006591796875
,2998,,,,1431.2666015625
,2999,,,,1657.93310546875
,3000,,,,1784.451904296875
,3001,,,,1859.0965576171875
,3002,,,,1726.027099609375
,3003,,,,1434.818603515625
,3004,,,,1911.92333984375
,3005,,,,1933.903076171875
,3006,,,,1515.7183837890625
,3007,,,,2085.408447265625
93,11749,,,1617.011474609375,
93,11749,1680.0870361328125,,,
94,11799,,1998.896484375,,
94,11849,,2207.658447265625,,
,3008,,,,1709.451904296875
,3009,,,,1557.030029296875
,3010,,,,1787.3917236328125
,3011,,,,1427.9169921875
,3012,,,,1431.5435791015625
,3013,,,,1898.4832763671875
,3014,,,,2021.6134033203125
,3015,,,,1306.04931640625
,3016,,,,1357.50732421875
,3017,,,,1748.630126953125
,3018,,,,1750.9481201171875
,3019,,,,1315.717529296875
,3020,,,,1465.56982421875
,3021,,,,1538.261474609375
,3022,,,,1778.4036865234375
,3023,,,,1327.29052734375
,3024,,,,1505.4156494140625
,3025,,,,1475.5152587890625
,3026,,,,1134.41943359375
,3027,,,,1454.0997314453125
,3028,,,,1745.489013671875
,3029,,,,2002.000732421875
,3030,,,,1429.414794921875
,3031,,,,1656.505126953125
,3032,,,,1782.630126953125
,3033,,,,1857.1416015625
,3034,,,,1724.7991943359375
,3035,,,,1433.650634765625
,3036,,,,1908.212890625
,3037,,,,1930.958984375
,3038,,,,1515.784912109375
,3039,,,,2087.31787109375
94,11874,,,1615.9896240234375,
94,11874,1679.6083984375,,,
95,11899,,1815.5301513671875,,
95,11949,,1710.683349609375,,
95,11999,,2155.629638671875,,
,3040,,,,1717.856201171875
,3041,,,,1564.60400390625
,3042,,,,1794.085693359375
,3043,,,,1436.08837890625
,3044,,,,1439.334716796875
,3045,,,,1906.120361328125
,3046,,,,2029.566650390625
,3047,,,,1314.459228515625
,3048,,,,1361.822021484375
,3049,,,,1758.049560546875
,3050,,,,1757.9765625
,3051,,,,1323.576416015625
,3052,,,,1470.734619140625
,3053,,,,1546.2791748046875
,3054,,,,1790.8785400390625
,3055,,,,1334.44140625
,3056,,,,1516.158447265625
,3057,,,,1483.6387939453125
,3058,,,,1144.6563720703125
,3059,,,,1461.911865234375
,3060,,,,1757.199951171875
,3061,,,,2007.283447265625
,3062,,,,1437.769775390625
,3063,,,,1659.7366943359375
,3064,,,,1789.212158203125
,3065,,,,1863.5723876953125
,3066,,,,1731.42529296875
,3067,,,,1442.338134765625
,3068,,,,1916.1705322265625
,3069,,,,1941.2247314453125
,3070,,,,1523.6494140625
,3071,,,,2103.2724609375
95,11999,,,1623.9246826171875,
95,11999,1676.244873046875,,,
96,12049,,1487.83740234375,,
96,12099,,1288.818115234375,,
,3072,,,,1714.478271484375
,3073,,,,1560.840576171875
,3074,,,,1792.8304443359375
,3075,,,,1432.877197265625
,3076,,,,1441.1131591796875
,3077,,,,1907.3624267578125
,3078,,,,2026.872802734375
,3079,,,,1310.20166015625
,3080,,,,1363.247314453125
,3081,,,,1759.6060791015625
,3082,,,,1753.18798828125
,3083,,,,1318.1175537109375
,3084,,,,1466.618408203125
,3085,,,,1544.3621826171875
,3086,,,,1787.7236328125
,3087,,,,1331.0654296875
,3088,,,,1507.192138671875
,3089,,,,1478.4608154296875
,3090,,,,1137.604736328125
,3091,,,,1457.2015380859375
,3092,,,,1754.373046875
,3093,,,,2003.8978271484375
,3094,,,,1433.05224609375
,3095,,,,1657.2132568359375
,3096,,,,1786.6856689453125
,3097,,,,1857.5987548828125
,3098,,,,1729.7568359375
,3099,,,,1439.210205078125
,3100,,,,1910.1826171875
,3101,,,,1935.75341796875
,3102,,,,1522.5263671875
,3103,,,,2106.80126953125
96,12124,,,1620.7333984375,
96,12124,1677.2586669921875,,,
97,12149,,1118.3043212890625,,
97,12199,,2221.225830078125,,
97,12249,,1178.572509765625,,
,3104,,,,1705.8876953125
,3105,,,,1551.6923828125
,3106,,,,1782.557373046875
,3107,,,,1422.5733642578125
,3108,,,,1425.466796875
,3109,,,,1894.999267578125
,3110,,,,2014.8189697265625
,3111,,,,1303.6163330078125
,3112,,,,1352.5325927734375
,3113,,,,1744.8663330078125
,3114,,,,1742.9931640625
,3115,,,,1309.109619140625
,3116,,,,1458.06640625
,3117,,,,1532.771728515625
,3118,,,,1773.1492919921875
,3119,,,,1320.996826171875
,3120,,,,1499.4195556640625
,3121,,,,1470.24609375
,3122,,,,1128.408447265625
,3123,,,,1451.16455078125
,3124,,,,1739.411376953125
,3125,,,,1993.1612548828125
,3126,,,,1423.772705078125
,3127,,,,1647.956787109375
,3128,,,,1776.2933349609375
,3129,,,,1849.649169921875
,3130,,,,1720.5570068359375
,3131,,,,1430.76318359375
,3132,,,,1903.921630859375
,3133,,,,1926.2652587890625
,3134,,,,1508.5828857421875
,3135,,,,2082.608154296875
97,12249,,,1610.4422607421875,
97,12249,1675.2098388671875,,,
98,12299,,1990.63427734375,,
98,12349,,1346.3564453125,,
,3136,,,,1711.4700927734375
,3137,,,,1556.562255859375
,3138,,,,1790.5767822265625
,3139,,,,1428.517578125
,3140,,,,1438.3258056640625
,3141,,,,1901.8238525390625
,3142,,,,2023.841552734375
,3143,,,,1304.6219482421875
,3144,,,,1357.45947265625
,3145,,,,1753.8951416015625
,3146,,,,1754.931640625
,3147,,,,1318.85693359375
,3148,,,,1465.2354736328125
,3149,,,,1541.3643798828125
,3150,,,,1788.1065673828125
,3151,,,,1327.38427734375
,3152,,,,1503.244384765625
,3153,,,,1477.72705078125
,3154,,,,1134.1993408203125
,3155,,,,1453.696533203125
,3156,,,,1750.197509765625
,3157,,,,2001.92333984375
,3158,,,,1431.022216796875
,3159,,,,1656.9630126953125
,3160,,,,1781.5245361328125
,3161,,,,1856.1964111328125
,3162,,,,1724.033203125
,3163,,,,1436.115234375
,3164,,,,1905.2830810546875
,3165,,,,1932.737548828125
,3166,,,,1522.25341796875
,3167,,,,2104.806640625
98,12374,,,1617.801513671875,
98,12374,1674.29541015625,,,
99,12399,,1576.9365234375,,
99,12449,,1912.7589111328125,,
99,12499,,1715.3162841796875,,
,3168,,,,1708.1685791015625
,3169,,,,1555.386474609375
,3170,,,,1785.4410400390625
,3171,,,,1427.097412109375
,3172,,,,1431.028076171875
,3173,,,,1896.628173828125
,3174,,,,2019.98828125
,3175,,,,1304.9097900390625
,3176,,,,1355.755126953125
,3177,,,,1745.946533203125
,3178,,,,1750.629638671875
,3179,,,,1316.155517578125
,3180,,,,1466.083740234375
,3181,,,,1537.079833984375
,3182,,,,1777.9801025390625
,3183,,,,1326.17138671875
,3184,,,,1505.312744140625
,3185,,,,1474.280029296875
,3186,,,,1131.6982421875
,3187,,,,1454.1778564453125
,3188,,,,1743.8486328125
,3189,,,,1999.979736328125
,3190,,,,1427.39501953125
,3191,,,,1654.6546630859375
,3192,,,,1779.792236328125
,3193,,,,1854.5447998046875
,3194,,,,1722.677001953125
,3195,,,,1433.2047119140625
,3196,,,,1906.96484375
,3197,,,,1930.905029296875
,3198,,,,1516.548583984375
,3199,,,,2087.864013671875
99,12499,,,1614.7967529296875,
99,12499,1674.1685791015625,,,
