epoch,step,train_loss_epoch,train_loss_step,val_loss_epoch,val_loss_step
0,49,,1973.2183837890625,,
0,99,,2121.714111328125,,
,0,,,,1460.7449951171875
,1,,,,1726.7705078125
,2,,,,1756.6573486328125
,3,,,,1996.6204833984375
,4,,,,2343.737548828125
,5,,,,1827.907470703125
,6,,,,2177.91455078125
,7,,,,1884.5391845703125
,8,,,,1518.186279296875
,9,,,,2301.567626953125
,10,,,,2752.304931640625
,11,,,,1986.459716796875
,12,,,,2096.655517578125
,13,,,,2407.823974609375
,14,,,,2487.785888671875
,15,,,,1787.46337890625
,16,,,,1688.277587890625
,17,,,,1689.802001953125
,18,,,,1961.0377197265625
,19,,,,1622.028564453125
,20,,,,1804.026611328125
,21,,,,2046.542724609375
,22,,,,2712.434814453125
,23,,,,1799.1683349609375
,24,,,,2098.28125
,25,,,,1760.4345703125
,26,,,,2308.5458984375
,27,,,,2340.581298828125
,28,,,,2063.281494140625
,29,,,,1806.904052734375
,30,,,,2417.265380859375
,31,,,,2535.7900390625
0,124,,,2024.5023193359375,
0,124,1987.0487060546875,,,
1,149,,1722.2000732421875,,
1,199,,1657.8687744140625,,
1,249,,2358.723876953125,,
,32,,,,1458.3536376953125
,33,,,,1723.718994140625
,34,,,,1754.883544921875
,35,,,,1994.5687255859375
,36,,,,2340.297119140625
,37,,,,1825.9969482421875
,38,,,,2174.741943359375
,39,,,,1882.5606689453125
,40,,,,1515.4029541015625
,41,,,,2298.2421875
,42,,,,2748.058837890625
,43,,,,1984.02783203125
,44,,,,2093.344482421875
,45,,,,2403.892822265625
,46,,,,2483.022216796875
,47,,,,1785.1859130859375
,48,,,,1684.942138671875
,49,,,,1687.3817138671875
,50,,,,1959.156494140625
,51,,,,1619.893798828125
,52,,,,1801.8248291015625
,53,,,,2044.367431640625
,54,,,,2708.3671875
,55,,,,1796.9808349609375
,56,,,,2094.96533203125
,57,,,,1757.484375
,58,,,,2304.174560546875
,59,,,,2336.767822265625
,60,,,,2060.362060546875
,61,,,,1804.372802734375
,62,,,,2414.48779296875
,63,,,,2531.776123046875
1,249,,,2021.5927734375,
1,249,1968.5841064453125,,,
2,299,,1846.5775146484375,,
2,349,,2352.162109375,,
,64,,,,1456.1025390625
,65,,,,1720.6866455078125
,66,,,,1752.6136474609375
,67,,,,1990.8917236328125
,68,,,,2336.614501953125
,69,,,,1822.6566162109375
,70,,,,2172.20068359375
,71,,,,1880.056396484375
,72,,,,1512.890625
,73,,,,2295.780029296875
,74,,,,2743.708984375
,75,,,,1980.5750732421875
,76,,,,2089.959716796875
,77,,,,2400.644287109375
,78,,,,2479.026611328125
,79,,,,1782.20263671875
,80,,,,1682.3929443359375
,81,,,,1684.5125732421875
,82,,,,1955.9471435546875
,83,,,,1617.64453125
,84,,,,1798.7535400390625
,85,,,,2040.598876953125
,86,,,,2704.639892578125
,87,,,,1794.0531005859375
,88,,,,2091.888916015625
,89,,,,1754.558837890625
,90,,,,2300.73779296875
,91,,,,2333.471435546875
,92,,,,2057.45654296875
,93,,,,1801.084716796875
,94,,,,2411.322021484375
,95,,,,2527.3671875
2,374,,,2018.48046875,
2,374,1950.3773193359375,,,
3,399,,2512.53662109375,,
3,449,,1612.529541015625,,
3,499,,2071.81689453125,,
,96,,,,1455.5364990234375
,97,,,,1720.4228515625
,98,,,,1752.6873779296875
,99,,,,1990.5262451171875
,100,,,,2336.131103515625
,101,,,,1821.9061279296875
,102,,,,2171.01123046875
,103,,,,1879.1302490234375
,104,,,,1512.3607177734375
,105,,,,2292.7529296875
,106,,,,2740.87255859375
,107,,,,1980.29150390625
,108,,,,2088.51416015625
,109,,,,2398.241455078125
,110,,,,2476.077880859375
,111,,,,1780.9239501953125
,112,,,,1681.2869873046875
,113,,,,1683.1636962890625
,114,,,,1955.637451171875
,115,,,,1617.8056640625
,116,,,,1797.882568359375
,117,,,,2038.84814453125
,118,,,,2702.46337890625
,119,,,,1792.7728271484375
,120,,,,2090.159912109375
,121,,,,1754.0467529296875
,122,,,,2298.96044921875
,123,,,,2330.794921875
,124,,,,2057.0654296875
,125,,,,1800.437255859375
,126,,,,2408.896240234375
,127,,,,2524.842041015625
3,499,,,2017.2423095703125,
3,499,1931.5484619140625,,,
4,549,,2051.87841796875,,
4,599,,1552.40576171875,,
,128,,,,1451.9334716796875
,129,,,,1716.33203125
,130,,,,1748.936767578125
,131,,,,1986.2529296875
,132,,,,2331.661865234375
,133,,,,1818.658935546875
,134,,,,2166.75146484375
,135,,,,1875.06982421875
,136,,,,1508.8638916015625
,137,,,,2288.306884765625
,138,,,,2735.03662109375
,139,,,,1976.054931640625
,140,,,,2084.017822265625
,141,,,,2392.877685546875
,142,,,,2470.610107421875
,143,,,,1777.3258056640625
,144,,,,1677.866455078125
,145,,,,1679.370849609375
,146,,,,1950.849365234375
,147,,,,1614.49755859375
,148,,,,1794.36474609375
,149,,,,2034.79931640625
,150,,,,2697.18896484375
,151,,,,1788.9482421875
,152,,,,2085.963134765625
,153,,,,1750.2630615234375
,154,,,,2294.317138671875
,155,,,,2325.864013671875
,156,,,,2052.9306640625
,157,,,,1796.0262451171875
,158,,,,2402.82470703125
,159,,,,2518.534912109375
4,624,,,2012.9405517578125,
4,624,1916.1492919921875,,,
5,649,,2151.04833984375,,
5,699,,2048.0771484375,,
5,749,,1843.8377685546875,,
,160,,,,1449.997802734375
,161,,,,1713.6583251953125
,162,,,,1746.9791259765625
,163,,,,1983.4085693359375
,164,,,,2328.662109375
,165,,,,1815.730224609375
,166,,,,2163.87744140625
,167,,,,1872.9403076171875
,168,,,,1507.1524658203125
,169,,,,2285.820068359375
,170,,,,2730.33154296875
,171,,,,1973.329345703125
,172,,,,2080.591552734375
,173,,,,2389.714599609375
,174,,,,2467.060791015625
,175,,,,1774.3006591796875
,176,,,,1675.801513671875
,177,,,,1677.6107177734375
,178,,,,1948.7132568359375
,179,,,,1612.474365234375
,180,,,,1791.6424560546875
,181,,,,2031.6068115234375
,182,,,,2692.97265625
,183,,,,1786.324462890625
,184,,,,2083.052734375
,185,,,,1747.6761474609375
,186,,,,2290.89013671875
,187,,,,2322.830810546875
,188,,,,2050.25537109375
,189,,,,1793.83740234375
,190,,,,2399.095458984375
,191,,,,2514.25537109375
5,749,,,2010.140625,
5,749,1902.212646484375,,,
6,799,,2013.8201904296875,,
6,849,,2230.47607421875,,
,192,,,,1447.788818359375
,193,,,,1711.35498046875
,194,,,,1745.2772216796875
,195,,,,1980.1219482421875
,196,,,,2325.913818359375
,197,,,,1813.0877685546875
,198,,,,2161.76220703125
,199,,,,1870.9075927734375
,200,,,,1505.2989501953125
,201,,,,2281.605712890625
,202,,,,2725.110595703125
,203,,,,1970.19091796875
,204,,,,2077.202392578125
,205,,,,2385.293701171875
,206,,,,2462.258544921875
,207,,,,1771.257568359375
,208,,,,1673.7308349609375
,209,,,,1674.6165771484375
,210,,,,1945.6689453125
,211,,,,1610.4490966796875
,212,,,,1789.6492919921875
,213,,,,2028.448974609375
,214,,,,2688.266845703125
,215,,,,1783.42138671875
,216,,,,2079.720458984375
,217,,,,1745.239013671875
,218,,,,2287.83447265625
,219,,,,2317.974853515625
,220,,,,2047.9822998046875
,221,,,,1791.324462890625
,222,,,,2394.352294921875
,223,,,,2509.320556640625
6,874,,,2007.0540771484375,
6,874,1891.0394287109375,,,
7,899,,1585.7919921875,,
7,949,,2011.069091796875,,
7,999,,2163.908203125,,
,224,,,,1443.96337890625
,225,,,,1706.645751953125
,226,,,,1740.6336669921875
,227,,,,1974.74755859375
,228,,,,2320.923828125
,229,,,,1807.47705078125
,230,,,,2155.7265625
,231,,,,1865.7513427734375
,232,,,,1500.7738037109375
,233,,,,2276.1552734375
,234,,,,2717.794189453125
,235,,,,1965.009765625
,236,,,,2071.564453125
,237,,,,2378.46142578125
,238,,,,2455.369873046875
,239,,,,1765.3795166015625
,240,,,,1668.8626708984375
,241,,,,1669.885986328125
,242,,,,1940.4154052734375
,243,,,,1605.9810791015625
,244,,,,1785.1397705078125
,245,,,,2022.8271484375
,246,,,,2681.881103515625
,247,,,,1778.44140625
,248,,,,2074.109130859375
,249,,,,1740.0948486328125
,250,,,,2281.352294921875
,251,,,,2311.091064453125
,252,,,,2042.74658203125
,253,,,,1786.318359375
,254,,,,2387.65771484375
,255,,,,2502.52099609375
7,999,,,2001.5618896484375,
7,999,1879.6649169921875,,,
8,1049,,1868.4705810546875,,
8,1099,,2206.909423828125,,
,256,,,,1441.297119140625
,257,,,,1703.0340576171875
,258,,,,1737.8038330078125
,259,,,,1971.5546875
,260,,,,2316.939453125
,261,,,,1804.339599609375
,262,,,,2150.899169921875
,263,,,,1862.2886962890625
,264,,,,1498.5101318359375
,265,,,,2270.96484375
,266,,,,2710.81005859375
,267,,,,1960.89794921875
,268,,,,2066.422607421875
,269,,,,2372.634521484375
,270,,,,2448.309326171875
,271,,,,1761.6995849609375
,272,,,,1665.890380859375
,273,,,,1666.8876953125
,274,,,,1936.9747314453125
,275,,,,1602.919677734375
,276,,,,1781.5040283203125
,277,,,,2018.3583984375
,278,,,,2675.608154296875
,279,,,,1775.2652587890625
,280,,,,2070.018798828125
,281,,,,1736.2100830078125
,282,,,,2275.729736328125
,283,,,,2306.329833984375
,284,,,,2038.93896484375
,285,,,,1783.2581787109375
,286,,,,2382.273193359375
,287,,,,2495.3583984375
8,1124,,,1997.3892822265625,
8,1124,1869.4693603515625,,,
9,1149,,1901.2935791015625,,
9,1199,,2050.347900390625,,
9,1249,,1818.3450927734375,,
,288,,,,1436.7188720703125
,289,,,,1699.0433349609375
,290,,,,1735.0548095703125
,291,,,,1966.465576171875
,292,,,,2312.87939453125
,293,,,,1799.6854248046875
,294,,,,2147.942626953125
,295,,,,1858.2796630859375
,296,,,,1495.45849609375
,297,,,,2265.23779296875
,298,,,,2702.376953125
,299,,,,1956.514404296875
,300,,,,2061.30712890625
,301,,,,2367.2373046875
,302,,,,2442.571533203125
,303,,,,1756.6107177734375
,304,,,,1662.4991455078125
,305,,,,1662.364990234375
,306,,,,1931.6539306640625
,307,,,,1599.1119384765625
,308,,,,1778.0465087890625
,309,,,,2012.8919677734375
,310,,,,2669.47412109375
,311,,,,1769.3558349609375
,312,,,,2065.346435546875
,313,,,,1733.318603515625
,314,,,,2272.237548828125
,315,,,,2299.640380859375
,316,,,,2035.8939208984375
,317,,,,1779.56640625
,318,,,,2374.159423828125
,319,,,,2489.024169921875
9,1249,,,1992.678466796875,
9,1249,1858.6988525390625,,,
10,1299,,1956.4537353515625,,
10,1349,,1634.113525390625,,
,320,,,,1434.575927734375
,321,,,,1696.0106201171875
,322,,,,1733.112548828125
,323,,,,1961.81494140625
,324,,,,2309.662109375
,325,,,,1796.98193359375
,326,,,,2145.336181640625
,327,,,,1856.16845703125
,328,,,,1493.2064208984375
,329,,,,2260.021728515625
,330,,,,2695.224365234375
,331,,,,1952.865478515625
,332,,,,2057.281005859375
,333,,,,2361.505859375
,334,,,,2436.26611328125
,335,,,,1752.3231201171875
,336,,,,1660.7060546875
,337,,,,1659.308837890625
,338,,,,1928.1331787109375
,339,,,,1597.4488525390625
,340,,,,1776.1768798828125
,341,,,,2009.5911865234375
,342,,,,2663.953369140625
,343,,,,1766.331787109375
,344,,,,2062.491455078125
,345,,,,1730.4312744140625
,346,,,,2268.491943359375
,347,,,,2294.52783203125
,348,,,,2034.2691650390625
,349,,,,1776.8170166015625
,350,,,,2368.194091796875
,351,,,,2481.625732421875
10,1374,,,1989.1082763671875,
10,1374,1851.7418212890625,,,
11,1399,,1771.886474609375,,
11,1449,,1852.168212890625,,
11,1499,,1468.845947265625,,
,352,,,,1428.625732421875
,353,,,,1689.5052490234375
,354,,,,1727.831298828125
,355,,,,1954.2010498046875
,356,,,,2302.646484375
,357,,,,1789.4200439453125
,358,,,,2138.526123046875
,359,,,,1849.37109375
,360,,,,1486.9349365234375
,361,,,,2252.230224609375
,362,,,,2684.57568359375
,363,,,,1944.65966796875
,364,,,,2048.29443359375
,365,,,,2351.5517578125
,366,,,,2426.081787109375
,367,,,,1744.99462890625
,368,,,,1653.8780517578125
,369,,,,1652.7626953125
,370,,,,1920.9091796875
,371,,,,1592.208984375
,372,,,,1769.7186279296875
,373,,,,2001.302001953125
,374,,,,2654.58056640625
,375,,,,1759.107177734375
,376,,,,2052.85693359375
,377,,,,1723.86279296875
,378,,,,2258.404541015625
,379,,,,2284.877197265625
,380,,,,2026.03125
,381,,,,1769.0721435546875
,382,,,,2358.1357421875
,383,,,,2471.677490234375
11,1499,,,1981.282470703125,
11,1499,1842.5399169921875,,,
12,1549,,2246.810302734375,,
12,1599,,1689.2445068359375,,
,384,,,,1425.0203857421875
,385,,,,1686.034912109375
,386,,,,1724.994873046875
,387,,,,1949.162109375
,388,,,,2299.837158203125
,389,,,,1786.552001953125
,390,,,,2136.663330078125
,391,,,,1846.3912353515625
,392,,,,1485.0701904296875
,393,,,,2244.6416015625
,394,,,,2675.378173828125
,395,,,,1941.07861328125
,396,,,,2044.936767578125
,397,,,,2346.0419921875
,398,,,,2421.3173828125
,399,,,,1739.887451171875
,400,,,,1651.41552734375
,401,,,,1648.3883056640625
,402,,,,1915.142333984375
,403,,,,1589.0445556640625
,404,,,,1766.1973876953125
,405,,,,1996.747802734375
,406,,,,2649.897705078125
,407,,,,1752.8133544921875
,408,,,,2049.110107421875
,409,,,,1721.40185546875
,410,,,,2256.457275390625
,411,,,,2277.725341796875
,412,,,,2024.202392578125
,413,,,,1767.6435546875
,414,,,,2350.38720703125
,415,,,,2466.3935546875
12,1624,,,1977.1575927734375,
12,1624,1835.9420166015625,,,
13,1649,,2017.8271484375,,
13,1699,,2295.817626953125,,
13,1749,,2375.334228515625,,
,416,,,,1417.9637451171875
,417,,,,1677.4251708984375
,418,,,,1717.205078125
,419,,,,1940.5675048828125
,420,,,,2290.427734375
,421,,,,1776.959716796875
,422,,,,2125.691650390625
,423,,,,1838.2071533203125
,424,,,,1477.6468505859375
,425,,,,2233.85498046875
,426,,,,2659.871337890625
,427,,,,1931.0855712890625
,428,,,,2033.2122802734375
,429,,,,2332.0556640625
,430,,,,2405.364501953125
,431,,,,1730.1580810546875
,432,,,,1642.7176513671875
,433,,,,1640.2022705078125
,434,,,,1906.27197265625
,435,,,,1580.977783203125
,436,,,,1757.9439697265625
,437,,,,1986.384033203125
,438,,,,2634.19189453125
,439,,,,1744.28955078125
,440,,,,2038.5810546875
,441,,,,1711.993896484375
,442,,,,2243.847412109375
,443,,,,2265.43798828125
,444,,,,2015.5523681640625
,445,,,,1757.509765625
,446,,,,2336.14599609375
,447,,,,2449.85400390625
13,1749,,,1966.790771484375,
13,1749,1829.927978515625,,,
14,1799,,1657.49267578125,,
14,1849,,1347.2144775390625,,
,448,,,,1412.174072265625
,449,,,,1669.255126953125
,450,,,,1712.554931640625
,451,,,,1931.8551025390625
,452,,,,2282.21044921875
,453,,,,1770.1854248046875
,454,,,,2115.580078125
,455,,,,1831.3817138671875
,456,,,,1470.6893310546875
,457,,,,2223.446533203125
,458,,,,2646.126708984375
,459,,,,1924.487548828125
,460,,,,2022.6199951171875
,461,,,,2319.87451171875
,462,,,,2393.798828125
,463,,,,1722.0838623046875
,464,,,,1635.0145263671875
,465,,,,1633.7735595703125
,466,,,,1898.8529052734375
,467,,,,1575.0213623046875
,468,,,,1752.6046142578125
,469,,,,1974.3031005859375
,470,,,,2620.01318359375
,471,,,,1737.0087890625
,472,,,,2029.487060546875
,473,,,,1702.9078369140625
,474,,,,2233.059814453125
,475,,,,2254.994384765625
,476,,,,2008.5201416015625
,477,,,,1748.9593505859375
,478,,,,2324.6953125
,479,,,,2432.824462890625
14,1874,,,1957.94384765625,
14,1874,1824.178466796875,,,
15,1899,,2159.4599609375,,
15,1949,,1581.5233154296875,,
15,1999,,2041.9017333984375,,
,480,,,,1404.77734375
,481,,,,1662.9066162109375
,482,,,,1705.538330078125
,483,,,,1922.292236328125
,484,,,,2275.14501953125
,485,,,,1763.56591796875
,486,,,,2112.00732421875
,487,,,,1823.8531494140625
,488,,,,1465.5185546875
,489,,,,2212.988037109375
,490,,,,2632.3388671875
,491,,,,1915.7039794921875
,492,,,,2013.281982421875
,493,,,,2310.457275390625
,494,,,,2383.486083984375
,495,,,,1712.9859619140625
,496,,,,1630.754638671875
,497,,,,1626.9395751953125
,498,,,,1890.3677978515625
,499,,,,1569.0374755859375
,500,,,,1746.3690185546875
,501,,,,1968.1737060546875
,502,,,,2610.502197265625
,503,,,,1727.861083984375
,504,,,,2022.6776123046875
,505,,,,1699.12353515625
,506,,,,2225.5078125
,507,,,,2243.99169921875
,508,,,,2003.2484130859375
,509,,,,1745.5576171875
,510,,,,2312.139404296875
,511,,,,2423.791748046875
15,1999,,,1950.2415771484375,
15,1999,1817.8526611328125,,,
16,2049,,1816.236083984375,,
16,2099,,1660.7486572265625,,
,512,,,,1395.77197265625
,513,,,,1651.4425048828125
,514,,,,1696.0037841796875
,515,,,,1909.6763916015625
,516,,,,2262.7607421875
,517,,,,1751.416748046875
,518,,,,2098.71826171875
,519,,,,1813.3763427734375
,520,,,,1456.12451171875
,521,,,,2198.15771484375
,522,,,,2613.854248046875
,523,,,,1904.3934326171875
,524,,,,2000.4947509765625
,525,,,,2292.211181640625
,526,,,,2366.166015625
,527,,,,1700.5482177734375
,528,,,,1620.166015625
,529,,,,1615.5833740234375
,530,,,,1878.6712646484375
,531,,,,1560.920166015625
,532,,,,1734.8572998046875
,533,,,,1954.82666015625
,534,,,,2593.989013671875
,535,,,,1716.063232421875
,536,,,,2009.9737548828125
,537,,,,1686.7042236328125
,538,,,,2209.380615234375
,539,,,,2228.654052734375
,540,,,,1993.3651123046875
,541,,,,1733.0211181640625
,542,,,,2293.9443359375
,543,,,,2403.742431640625
16,2124,,,1937.3492431640625,
16,2124,1812.1614990234375,,,
17,2149,,1653.624267578125,,
17,2199,,1967.266357421875,,
17,2249,,1617.650634765625,,
,544,,,,1385.48828125
,545,,,,1645.19970703125
,546,,,,1688.7283935546875
,547,,,,1900.517578125
,548,,,,2256.519775390625
,549,,,,1745.453125
,550,,,,2093.61328125
,551,,,,1805.7412109375
,552,,,,1452.356201171875
,553,,,,2186.18896484375
,554,,,,2596.873046875
,555,,,,1895.3218994140625
,556,,,,1988.43505859375
,557,,,,2279.943359375
,558,,,,2351.8056640625
,559,,,,1692.008056640625
,560,,,,1613.8994140625
,561,,,,1607.7677001953125
,562,,,,1869.674072265625
,563,,,,1552.2606201171875
,564,,,,1729.567626953125
,565,,,,1942.926025390625
,566,,,,2578.604248046875
,567,,,,1704.3734130859375
,568,,,,1998.785888671875
,569,,,,1678.559326171875
,570,,,,2202.41455078125
,571,,,,2215.73828125
,572,,,,1985.17724609375
,573,,,,1727.5333251953125
,574,,,,2280.042236328125
,575,,,,2388.847900390625
17,2249,,,1927.95947265625,
17,2249,1807.642822265625,,,
18,2299,,1540.0264892578125,,
18,2349,,2437.184326171875,,
,576,,,,1378.1497802734375
,577,,,,1634.729248046875
,578,,,,1679.9912109375
,579,,,,1885.930908203125
,580,,,,2244.43212890625
,581,,,,1731.4051513671875
,582,,,,2076.626708984375
,583,,,,1793.4853515625
,584,,,,1441.266845703125
,585,,,,2169.644775390625
,586,,,,2574.945068359375
,587,,,,1881.8131103515625
,588,,,,1973.72705078125
,589,,,,2261.16796875
,590,,,,2332.81884765625
,591,,,,1676.1207275390625
,592,,,,1604.095703125
,593,,,,1596.2412109375
,594,,,,1856.968994140625
,595,,,,1543.3978271484375
,596,,,,1717.8070068359375
,597,,,,1928.5762939453125
,598,,,,2558.167724609375
,599,,,,1692.12451171875
,600,,,,1984.0902099609375
,601,,,,1666.1326904296875
,602,,,,2185.11962890625
,603,,,,2196.638671875
,604,,,,1972.67333984375
,605,,,,1715.12548828125
,606,,,,2260.65966796875
,607,,,,2369.712646484375
18,2374,,,1913.80810546875,
18,2374,1805.197021484375,,,
19,2399,,1391.682373046875,,
19,2449,,1866.489013671875,,
19,2499,,2153.80126953125,,
,608,,,,1373.586669921875
,609,,,,1631.828857421875
,610,,,,1678.1236572265625
,611,,,,1881.91796875
,612,,,,2240.686767578125
,613,,,,1732.510009765625
,614,,,,2084.141845703125
,615,,,,1796.6153564453125
,616,,,,1441.890380859375
,617,,,,2159.976318359375
,618,,,,2566.071533203125
,619,,,,1881.4107666015625
,620,,,,1972.713134765625
,621,,,,2259.456787109375
,622,,,,2328.195556640625
,623,,,,1671.4710693359375
,624,,,,1605.2928466796875
,625,,,,1593.12646484375
,626,,,,1850.1436767578125
,627,,,,1542.5526123046875
,628,,,,1717.220458984375
,629,,,,1927.2418212890625
,630,,,,2557.75341796875
,631,,,,1684.2078857421875
,632,,,,1982.2574462890625
,633,,,,1669.4383544921875
,634,,,,2187.591064453125
,635,,,,2190.62939453125
,636,,,,1977.291259765625
,637,,,,1717.0426025390625
,638,,,,2249.800048828125
,639,,,,2361.319580078125
19,2499,,,1911.7603759765625,
19,2499,1800.1546630859375,,,
20,2549,,1625.13720703125,,
20,2599,,1647.2451171875,,
,640,,,,1362.1832275390625
,641,,,,1611.802001953125
,642,,,,1667.609619140625
,643,,,,1860.4403076171875
,644,,,,2222.8359375
,645,,,,1711.931640625
,646,,,,2060.47998046875
,647,,,,1778.1746826171875
,648,,,,1425.63134765625
,649,,,,2139.151611328125
,650,,,,2536.22265625
,651,,,,1863.047119140625
,652,,,,1951.2242431640625
,653,,,,2231.879638671875
,654,,,,2303.97412109375
,655,,,,1651.7730712890625
,656,,,,1587.072021484375
,657,,,,1576.392822265625
,658,,,,1832.259765625
,659,,,,1528.6158447265625
,660,,,,1700.7425537109375
,661,,,,1902.469482421875
,662,,,,2529.260009765625
,663,,,,1669.6373291015625
,664,,,,1961.80322265625
,665,,,,1651.128173828125
,666,,,,2162.85400390625
,667,,,,2167.53173828125
,668,,,,1957.9803466796875
,669,,,,1697.061767578125
,670,,,,2225.679443359375
,671,,,,2333.0361328125
20,2624,,,1891.587646484375,
20,2624,1796.4749755859375,,,
21,2649,,1295.3851318359375,,
21,2699,,1283.6387939453125,,
21,2749,,1627.95556640625,,
,672,,,,1339.7584228515625
,673,,,,1597.5179443359375
,674,,,,1648.3927001953125
,675,,,,1839.9840087890625
,676,,,,2206.080078125
,677,,,,1700.00341796875
,678,,,,2039.9307861328125
,679,,,,1757.0037841796875
,680,,,,1411.807373046875
,681,,,,2117.66943359375
,682,,,,2512.173583984375
,683,,,,1839.5050048828125
,684,,,,1921.300048828125
,685,,,,2206.197021484375
,686,,,,2272.8134765625
,687,,,,1630.9384765625
,688,,,,1572.8138427734375
,689,,,,1561.85205078125
,690,,,,1817.001953125
,691,,,,1511.66552734375
,692,,,,1683.5328369140625
,693,,,,1882.9791259765625
,694,,,,2500.2275390625
,695,,,,1650.7940673828125
,696,,,,1935.524169921875
,697,,,,1631.53662109375
,698,,,,2136.9931640625
,699,,,,2144.0166015625
,700,,,,1938.3380126953125
,701,,,,1677.318115234375
,702,,,,2196.700927734375
,703,,,,2310.913330078125
21,2749,,,1870.7230224609375,
21,2749,1792.33203125,,,
22,2799,,2123.68701171875,,
22,2849,,1737.156005859375,,
,704,,,,1328.6185302734375
,705,,,,1584.3106689453125
,706,,,,1634.8612060546875
,707,,,,1827.344482421875
,708,,,,2192.63916015625
,709,,,,1679.6795654296875
,710,,,,2023.7564697265625
,711,,,,1741.6182861328125
,712,,,,1398.2677001953125
,713,,,,2095.478515625
,714,,,,2483.689208984375
,715,,,,1825.0435791015625
,716,,,,1902.0521240234375
,717,,,,2183.52734375
,718,,,,2250.978515625
,719,,,,1614.43505859375
,720,,,,1555.6121826171875
,721,,,,1544.8988037109375
,722,,,,1801.1654052734375
,723,,,,1497.264892578125
,724,,,,1672.39306640625
,725,,,,1865.24755859375
,726,,,,2478.045166015625
,727,,,,1632.41552734375
,728,,,,1917.4259033203125
,729,,,,1617.2728271484375
,730,,,,2115.719970703125
,731,,,,2121.084716796875
,732,,,,1922.59130859375
,733,,,,1664.4315185546875
,734,,,,2176.625732421875
,735,,,,2285.845947265625
22,2874,,,1853.4384765625,
22,2874,1790.6248779296875,,,
23,2899,,1461.10693359375,,
23,2949,,2077.356689453125,,
23,2999,,2045.745361328125,,
,736,,,,1325.5130615234375
,737,,,,1577.4578857421875
,738,,,,1631.3382568359375
,739,,,,1811.97998046875
,740,,,,2184.23095703125
,741,,,,1675.6932373046875
,742,,,,2017.635009765625
,743,,,,1736.0357666015625
,744,,,,1395.7001953125
,745,,,,2083.93017578125
,746,,,,2467.701416015625
,747,,,,1819.5877685546875
,748,,,,1898.4605712890625
,749,,,,2168.1435546875
,750,,,,2244.828125
,751,,,,1608.1962890625
,752,,,,1549.7352294921875
,753,,,,1538.1956787109375
,754,,,,1789.369384765625
,755,,,,1492.313720703125
,756,,,,1669.0867919921875
,757,,,,1854.08935546875
,758,,,,2460.21728515625
,759,,,,1618.5723876953125
,760,,,,1909.9239501953125
,761,,,,1613.1700439453125
,762,,,,2111.96728515625
,763,,,,2109.77099609375
,764,,,,1919.2447509765625
,765,,,,1657.7359619140625
,766,,,,2157.282958984375
,767,,,,2277.37451171875
23,2999,,,1845.3265380859375,
23,2999,1787.2947998046875,,,
24,3049,,1746.5308837890625,,
24,3099,,2270.426513671875,,
,768,,,,1318.324951171875
,769,,,,1563.4801025390625
,770,,,,1618.3018798828125
,771,,,,1795.3253173828125
,772,,,,2166.730224609375
,773,,,,1656.6715087890625
,774,,,,1997.773193359375
,775,,,,1725.4019775390625
,776,,,,1380.1514892578125
,777,,,,2063.54833984375
,778,,,,2448.47412109375
,779,,,,1803.4884033203125
,780,,,,1879.3572998046875
,781,,,,2150.75048828125
,782,,,,2219.54150390625
,783,,,,1583.7166748046875
,784,,,,1537.61474609375
,785,,,,1526.1866455078125
,786,,,,1776.1346435546875
,787,,,,1479.5633544921875
,788,,,,1654.0755615234375
,789,,,,1838.1605224609375
,790,,,,2441.759521484375
,791,,,,1608.391845703125
,792,,,,1896.5096435546875
,793,,,,1600.3741455078125
,794,,,,2092.44580078125
,795,,,,2093.929443359375
,796,,,,1909.3651123046875
,797,,,,1648.173095703125
,798,,,,2136.0380859375
,799,,,,2246.640380859375
24,3124,,,1829.485107421875,
24,3124,1782.7432861328125,,,
25,3149,,1912.673583984375,,
25,3199,,2000.0101318359375,,
25,3249,,1513.430419921875,,
,800,,,,1293.208984375
,801,,,,1538.861328125
,802,,,,1599.6424560546875
,803,,,,1770.8974609375
,804,,,,2143.525634765625
,805,,,,1637.22021484375
,806,,,,1974.281005859375
,807,,,,1702.1571044921875
,808,,,,1357.3345947265625
,809,,,,2033.8682861328125
,810,,,,2412.296142578125
,811,,,,1780.99951171875
,812,,,,1846.9700927734375
,813,,,,2119.917236328125
,814,,,,2186.034423828125
,815,,,,1564.6844482421875
,816,,,,1513.4010009765625
,817,,,,1504.7254638671875
,818,,,,1756.1817626953125
,819,,,,1461.5220947265625
,820,,,,1630.424072265625
,821,,,,1807.77978515625
,822,,,,2407.852783203125
,823,,,,1585.4171142578125
,824,,,,1865.47607421875
,825,,,,1575.770751953125
,826,,,,2058.97509765625
,827,,,,2062.96875
,828,,,,1879.5009765625
,829,,,,1619.028076171875
,830,,,,2108.736572265625
,831,,,,2220.335205078125
25,3249,,,1803.35205078125,
25,3249,1778.62353515625,,,
26,3299,,1583.1788330078125,,
26,3349,,2054.6142578125,,
,832,,,,1294.9583740234375
,833,,,,1539.2666015625
,834,,,,1599.7633056640625
,835,,,,1767.4854736328125
,836,,,,2142.329833984375
,837,,,,1639.32080078125
,838,,,,1985.6580810546875
,839,,,,1705.08447265625
,840,,,,1358.59033203125
,841,,,,2028.7777099609375
,842,,,,2405.845947265625
,843,,,,1782.657470703125
,844,,,,1851.095703125
,845,,,,2124.8916015625
,846,,,,2186.9072265625
,847,,,,1552.829345703125
,848,,,,1520.798828125
,849,,,,1503.104736328125
,850,,,,1750.72216796875
,851,,,,1464.926025390625
,852,,,,1630.102294921875
,853,,,,1806.7904052734375
,854,,,,2411.253173828125
,855,,,,1583.4525146484375
,856,,,,1874.3470458984375
,857,,,,1585.6170654296875
,858,,,,2066.15087890625
,859,,,,2057.371826171875
,860,,,,1889.61669921875
,861,,,,1625.013916015625
,862,,,,2102.756591796875
,863,,,,2216.71337890625
26,3374,,,1804.533447265625,
26,3374,1778.005859375,,,
27,3399,,1638.0562744140625,,
27,3449,,1811.2086181640625,,
27,3499,,2308.5927734375,,
,864,,,,1286.472412109375
,865,,,,1540.7183837890625
,866,,,,1598.7181396484375
,867,,,,1760.563232421875
,868,,,,2140.994873046875
,869,,,,1641.468017578125
,870,,,,1988.6270751953125
,871,,,,1703.1455078125
,872,,,,1366.3692626953125
,873,,,,2031.6697998046875
,874,,,,2406.423095703125
,875,,,,1783.297119140625
,876,,,,1848.3524169921875
,877,,,,2125.560791015625
,878,,,,2184.740478515625
,879,,,,1559.34423828125
,880,,,,1527.01904296875
,881,,,,1503.91943359375
,882,,,,1750.296630859375
,883,,,,1463.5115966796875
,884,,,,1633.7398681640625
,885,,,,1811.2781982421875
,886,,,,2408.779296875
,887,,,,1576.298828125
,888,,,,1867.513916015625
,889,,,,1580.2979736328125
,890,,,,2070.846435546875
,891,,,,2054.53515625
,892,,,,1888.4681396484375
,893,,,,1623.789306640625
,894,,,,2096.5302734375
,895,,,,2223.142822265625
27,3499,,,1804.13037109375,
27,3499,1771.2987060546875,,,
28,3549,,1805.3609619140625,,
28,3599,,1558.6453857421875,,
,896,,,,1265.2467041015625
,897,,,,1499.8807373046875
,898,,,,1569.681884765625
,899,,,,1726.145751953125
,900,,,,2102.4755859375
,901,,,,1599.401123046875
,902,,,,1937.9697265625
,903,,,,1667.496826171875
,904,,,,1324.9071044921875
,905,,,,1990.323486328125
,906,,,,2361.9794921875
,907,,,,1743.7916259765625
,908,,,,1804.0
,909,,,,2070.209228515625
,910,,,,2137.140869140625
,911,,,,1521.032470703125
,912,,,,1477.2008056640625
,913,,,,1472.31201171875
,914,,,,1721.051025390625
,915,,,,1428.470458984375
,916,,,,1597.6300048828125
,917,,,,1765.249267578125
,918,,,,2358.842529296875
,919,,,,1550.259765625
,920,,,,1823.159912109375
,921,,,,1542.2880859375
,922,,,,2012.880615234375
,923,,,,2015.432861328125
,924,,,,1842.0078125
,925,,,,1584.14892578125
,926,,,,2061.083251953125
,927,,,,2173.15966796875
28,3624,,,1763.7435302734375,
28,3624,1771.5906982421875,,,
29,3649,,1420.0439453125,,
29,3699,,1378.744384765625,,
29,3749,,2403.3173828125,,
,928,,,,1273.735595703125
,929,,,,1527.372802734375
,930,,,,1584.3349609375
,931,,,,1743.4901123046875
,932,,,,2128.762451171875
,933,,,,1625.615478515625
,934,,,,1973.913818359375
,935,,,,1688.291015625
,936,,,,1353.5872802734375
,937,,,,2004.67919921875
,938,,,,2380.880615234375
,939,,,,1770.3095703125
,940,,,,1838.5360107421875
,941,,,,2097.50732421875
,942,,,,2173.005859375
,943,,,,1548.3360595703125
,944,,,,1505.3577880859375
,945,,,,1484.4405517578125
,946,,,,1733.34423828125
,947,,,,1447.83154296875
,948,,,,1618.50048828125
,949,,,,1795.760009765625
,950,,,,2388.716064453125
,951,,,,1556.965087890625
,952,,,,1852.13037109375
,953,,,,1566.6048583984375
,954,,,,2054.825439453125
,955,,,,2034.4593505859375
,956,,,,1875.8037109375
,957,,,,1612.3287353515625
,958,,,,2071.936279296875
,959,,,,2203.1220703125
29,3749,,,1787.588623046875,
29,3749,1772.1654052734375,,,
30,3799,,1628.614990234375,,
30,3849,,2003.411865234375,,
,960,,,,1259.5753173828125
,961,,,,1498.3870849609375
,962,,,,1571.7894287109375
,963,,,,1718.78125
,964,,,,2099.342529296875
,965,,,,1606.061767578125
,966,,,,1951.721435546875
,967,,,,1670.6500244140625
,968,,,,1329.918212890625
,969,,,,1987.7379150390625
,970,,,,2355.75048828125
,971,,,,1748.771728515625
,972,,,,1803.5589599609375
,973,,,,2074.43115234375
,974,,,,2136.87109375
,975,,,,1523.2979736328125
,976,,,,1486.6824951171875
,977,,,,1473.149169921875
,978,,,,1712.494140625
,979,,,,1433.840087890625
,980,,,,1602.6917724609375
,981,,,,1762.9532470703125
,982,,,,2357.999267578125
,983,,,,1546.5589599609375
,984,,,,1824.85009765625
,985,,,,1546.904541015625
,986,,,,2016.3602294921875
,987,,,,2010.234375
,988,,,,1849.042724609375
,989,,,,1585.8348388671875
,990,,,,2054.49853515625
,991,,,,2170.632080078125
30,3874,,,1764.5887451171875,
30,3874,1765.8602294921875,,,
31,3899,,2027.2589111328125,,
31,3949,,1547.4263916015625,,
31,3999,,1589.736328125,,
,992,,,,1259.4830322265625
,993,,,,1502.50439453125
,994,,,,1569.703857421875
,995,,,,1718.917724609375
,996,,,,2100.92626953125
,997,,,,1602.501953125
,998,,,,1934.0220947265625
,999,,,,1661.6875
,1000,,,,1332.921875
,1001,,,,1980.68359375
,1002,,,,2347.8671875
,1003,,,,1742.694580078125
,1004,,,,1801.5084228515625
,1005,,,,2061.231689453125
,1006,,,,2133.732666015625
,1007,,,,1520.0465087890625
,1008,,,,1481.6297607421875
,1009,,,,1470.507080078125
,1010,,,,1713.62890625
,1011,,,,1425.423583984375
,1012,,,,1601.312744140625
,1013,,,,1753.461669921875
,1014,,,,2342.950927734375
,1015,,,,1539.8287353515625
,1016,,,,1818.48876953125
,1017,,,,1536.71044921875
,1018,,,,2018.0726318359375
,1019,,,,1999.9964599609375
,1020,,,,1840.75732421875
,1021,,,,1585.0345458984375
,1022,,,,2043.796630859375
,1023,,,,2160.12060546875
31,3999,,,1759.426025390625,
31,3999,1762.4715576171875,,,
32,4049,,1548.6910400390625,,
32,4099,,1788.3302001953125,,
,1024,,,,1247.6392822265625
,1025,,,,1484.3048095703125
,1026,,,,1550.960693359375
,1027,,,,1704.6611328125
,1028,,,,2080.42529296875
,1029,,,,1585.0504150390625
,1030,,,,1920.617431640625
,1031,,,,1651.6053466796875
,1032,,,,1309.7908935546875
,1033,,,,1957.7838134765625
,1034,,,,2326.680419921875
,1035,,,,1723.0780029296875
,1036,,,,1784.4671630859375
,1037,,,,2043.04052734375
,1038,,,,2106.515869140625
,1039,,,,1503.9876708984375
,1040,,,,1458.8642578125
,1041,,,,1452.36279296875
,1042,,,,1694.751220703125
,1043,,,,1414.2652587890625
,1044,,,,1578.700439453125
,1045,,,,1736.188720703125
,1046,,,,2325.57275390625
,1047,,,,1530.574462890625
,1048,,,,1805.87548828125
,1049,,,,1522.180419921875
,1050,,,,1992.7796630859375
,1051,,,,1982.558349609375
,1052,,,,1824.4390869140625
,1053,,,,1561.27685546875
,1054,,,,2028.6651611328125
,1055,,,,2138.554931640625
32,4124,,,1741.57763671875,
32,4124,1760.92236328125,,,
33,4149,,1434.47265625,,
33,4199,,1820.0152587890625,,
33,4249,,1579.3494873046875,,
,1056,,,,1245.92041015625
,1057,,,,1490.8433837890625
,1058,,,,1556.4134521484375
,1059,,,,1701.0682373046875
,1060,,,,2084.642822265625
,1061,,,,1593.601806640625
,1062,,,,1942.345947265625
,1063,,,,1657.236328125
,1064,,,,1320.8929443359375
,1065,,,,1966.239013671875
,1066,,,,2339.148681640625
,1067,,,,1735.0728759765625
,1068,,,,1794.065673828125
,1069,,,,2057.320556640625
,1070,,,,2124.921142578125
,1071,,,,1507.19482421875
,1072,,,,1472.98681640625
,1073,,,,1457.8502197265625
,1074,,,,1699.025390625
,1075,,,,1417.749755859375
,1076,,,,1588.8494873046875
,1077,,,,1749.4754638671875
,1078,,,,2340.3662109375
,1079,,,,1525.104248046875
,1080,,,,1810.280517578125
,1081,,,,1534.1141357421875
,1082,,,,2013.0738525390625
,1083,,,,1994.4945068359375
,1084,,,,1841.8624267578125
,1085,,,,1575.3511962890625
,1086,,,,2031.0528564453125
,1087,,,,2150.5048828125
33,4249,,,1750.5982666015625,
33,4249,1755.9847412109375,,,
34,4299,,1694.755859375,,
34,4349,,1680.81982421875,,
,1088,,,,1242.1151123046875
,1089,,,,1476.065185546875
,1090,,,,1547.34130859375
,1091,,,,1689.845947265625
,1092,,,,2075.4716796875
,1093,,,,1577.0400390625
,1094,,,,1912.6490478515625
,1095,,,,1643.3665771484375
,1096,,,,1304.6785888671875
,1097,,,,1949.343017578125
,1098,,,,2319.66162109375
,1099,,,,1716.441162109375
,1100,,,,1775.5384521484375
,1101,,,,2033.5758056640625
,1102,,,,2101.25439453125
,1103,,,,1490.405517578125
,1104,,,,1457.3883056640625
,1105,,,,1445.1092529296875
,1106,,,,1688.3809814453125
,1107,,,,1405.8585205078125
,1108,,,,1572.6583251953125
,1109,,,,1730.3271484375
,1110,,,,2319.351806640625
,1111,,,,1520.7689208984375
,1112,,,,1795.90771484375
,1113,,,,1520.6011962890625
,1114,,,,1984.6865234375
,1115,,,,1978.4117431640625
,1116,,,,1822.5986328125
,1117,,,,1562.26806640625
,1118,,,,2017.0291748046875
,1119,,,,2133.997314453125
34,4374,,,1734.70849609375,
34,4374,1755.1768798828125,,,
35,4399,,1739.7208251953125,,
35,4449,,2249.343017578125,,
35,4499,,2631.15966796875,,
,1120,,,,1261.2926025390625
,1121,,,,1487.843505859375
,1122,,,,1560.81640625
,1123,,,,1698.6534423828125
,1124,,,,2082.380859375
,1125,,,,1587.40087890625
,1126,,,,1936.4295654296875
,1127,,,,1664.09228515625
,1128,,,,1323.4468994140625
,1129,,,,1966.9429931640625
,1130,,,,2337.040771484375
,1131,,,,1729.649169921875
,1132,,,,1807.8341064453125
,1133,,,,2049.078857421875
,1134,,,,2131.039306640625
,1135,,,,1505.3367919921875
,1136,,,,1469.220458984375
,1137,,,,1457.29443359375
,1138,,,,1693.148681640625
,1139,,,,1419.0904541015625
,1140,,,,1591.124755859375
,1141,,,,1747.550537109375
,1142,,,,2338.4931640625
,1143,,,,1533.8046875
,1144,,,,1821.027587890625
,1145,,,,1539.9490966796875
,1146,,,,2012.65869140625
,1147,,,,1997.7288818359375
,1148,,,,1841.8443603515625
,1149,,,,1581.34912109375
,1150,,,,2025.3765869140625
,1151,,,,2149.78759765625
35,4499,,,1751.564208984375,
35,4499,1753.8594970703125,,,
36,4549,,1626.323974609375,,
36,4599,,1652.406005859375,,
,1152,,,,1242.379638671875
,1153,,,,1481.183349609375
,1154,,,,1550.5474853515625
,1155,,,,1689.54638671875
,1156,,,,2076.0966796875
,1157,,,,1580.6939697265625
,1158,,,,1924.7537841796875
,1159,,,,1644.435302734375
,1160,,,,1309.5235595703125
,1161,,,,1951.1746826171875
,1162,,,,2320.235595703125
,1163,,,,1720.9683837890625
,1164,,,,1780.9178466796875
,1165,,,,2037.3812255859375
,1166,,,,2106.96533203125
,1167,,,,1490.3812255859375
,1168,,,,1462.7457275390625
,1169,,,,1446.045166015625
,1170,,,,1690.3763427734375
,1171,,,,1408.416748046875
,1172,,,,1578.9794921875
,1173,,,,1736.0909423828125
,1174,,,,2323.286865234375
,1175,,,,1517.252197265625
,1176,,,,1800.86767578125
,1177,,,,1526.86181640625
,1178,,,,1996.8885498046875
,1179,,,,1980.2706298828125
,1180,,,,1826.51611328125
,1181,,,,1569.3453369140625
,1182,,,,2016.593505859375
,1183,,,,2136.8369140625
36,4624,,,1738.3017578125,
36,4624,1752.4190673828125,,,
37,4649,,2139.58447265625,,
37,4699,,1446.0355224609375,,
37,4749,,1529.281005859375,,
,1184,,,,1242.3934326171875
,1185,,,,1485.4820556640625
,1186,,,,1553.347412109375
,1187,,,,1690.0035400390625
,1188,,,,2075.66162109375
,1189,,,,1584.9461669921875
,1190,,,,1923.6937255859375
,1191,,,,1643.1168212890625
,1192,,,,1313.2545166015625
,1193,,,,1956.656982421875
,1194,,,,2324.322021484375
,1195,,,,1722.94189453125
,1196,,,,1779.1375732421875
,1197,,,,2039.59130859375
,1198,,,,2108.7626953125
,1199,,,,1495.80419921875
,1200,,,,1468.516357421875
,1201,,,,1453.07080078125
,1202,,,,1690.110595703125
,1203,,,,1411.5677490234375
,1204,,,,1581.8460693359375
,1205,,,,1736.2294921875
,1206,,,,2320.063720703125
,1207,,,,1516.8011474609375
,1208,,,,1802.8853759765625
,1209,,,,1526.1461181640625
,1210,,,,1996.46435546875
,1211,,,,1983.40185546875
,1212,,,,1831.2379150390625
,1213,,,,1569.231201171875
,1214,,,,2014.671142578125
,1215,,,,2141.28173828125
37,4749,,,1740.0538330078125,
37,4749,1747.2518310546875,,,
38,4799,,1904.0670166015625,,
38,4849,,2015.0064697265625,,
,1216,,,,1229.19482421875
,1217,,,,1471.7176513671875
,1218,,,,1542.490966796875
,1219,,,,1674.3367919921875
,1220,,,,2066.012451171875
,1221,,,,1578.55126953125
,1222,,,,1925.406982421875
,1223,,,,1638.273681640625
,1224,,,,1307.00439453125
,1225,,,,1951.3448486328125
,1226,,,,2313.20166015625
,1227,,,,1717.2880859375
,1228,,,,1773.9857177734375
,1229,,,,2036.8209228515625
,1230,,,,2110.042236328125
,1231,,,,1495.1129150390625
,1232,,,,1457.9764404296875
,1233,,,,1441.135498046875
,1234,,,,1684.1416015625
,1235,,,,1407.2589111328125
,1236,,,,1569.001708984375
,1237,,,,1726.1812744140625
,1238,,,,2320.4521484375
,1239,,,,1504.13916015625
,1240,,,,1787.4862060546875
,1241,,,,1525.788330078125
,1242,,,,1992.4442138671875
,1243,,,,1974.323974609375
,1244,,,,1818.4625244140625
,1245,,,,1553.8316650390625
,1246,,,,2008.68994140625
,1247,,,,2147.020263671875
38,4874,,,1732.4432373046875,
38,4874,1747.0355224609375,,,
39,4899,,1892.318359375,,
39,4949,,2023.869384765625,,
39,4999,,1578.3604736328125,,
,1248,,,,1235.266357421875
,1249,,,,1478.8414306640625
,1250,,,,1545.3092041015625
,1251,,,,1680.1129150390625
,1252,,,,2069.39404296875
,1253,,,,1581.6605224609375
,1254,,,,1918.0218505859375
,1255,,,,1640.8807373046875
,1256,,,,1309.6490478515625
,1257,,,,1947.5672607421875
,1258,,,,2318.9599609375
,1259,,,,1719.48095703125
,1260,,,,1770.8197021484375
,1261,,,,2033.0328369140625
,1262,,,,2106.91552734375
,1263,,,,1498.0172119140625
,1264,,,,1461.78515625
,1265,,,,1447.419677734375
,1266,,,,1683.9169921875
,1267,,,,1406.7366943359375
,1268,,,,1575.55615234375
,1269,,,,1730.0328369140625
,1270,,,,2314.224365234375
,1271,,,,1513.1976318359375
,1272,,,,1792.177490234375
,1273,,,,1519.1893310546875
,1274,,,,1991.180419921875
,1275,,,,1974.1866455078125
,1276,,,,1821.0826416015625
,1277,,,,1556.734619140625
,1278,,,,2008.92724609375
,1279,,,,2136.404296875
39,4999,,,1733.9000244140625,
39,4999,1744.4185791015625,,,
40,5049,,1433.6328125,,
40,5099,,1759.6190185546875,,
,1280,,,,1223.256103515625
,1281,,,,1458.18212890625
,1282,,,,1524.7947998046875
,1283,,,,1665.281494140625
,1284,,,,2048.504150390625
,1285,,,,1563.3077392578125
,1286,,,,1899.5181884765625
,1287,,,,1625.6507568359375
,1288,,,,1291.1810302734375
,1289,,,,1928.7127685546875
,1290,,,,2299.428466796875
,1291,,,,1700.55517578125
,1292,,,,1758.100830078125
,1293,,,,2014.698486328125
,1294,,,,2082.397216796875
,1295,,,,1475.2674560546875
,1296,,,,1443.4774169921875
,1297,,,,1426.885498046875
,1298,,,,1673.475341796875
,1299,,,,1393.0941162109375
,1300,,,,1553.1328125
,1301,,,,1715.4183349609375
,1302,,,,2298.732421875
,1303,,,,1501.72216796875
,1304,,,,1776.621826171875
,1305,,,,1512.5687255859375
,1306,,,,1968.53271484375
,1307,,,,1953.358642578125
,1308,,,,1806.6007080078125
,1309,,,,1545.0025634765625
,1310,,,,1993.992919921875
,1311,,,,2122.990234375
40,5124,,,1716.8702392578125,
40,5124,1742.779052734375,,,
41,5149,,2188.501953125,,
41,5199,,1697.1385498046875,,
41,5249,,1985.4766845703125,,
,1312,,,,1233.03857421875
,1313,,,,1459.8680419921875
,1314,,,,1536.5191650390625
,1315,,,,1671.6800537109375
,1316,,,,2048.91162109375
,1317,,,,1572.3197021484375
,1318,,,,1912.714111328125
,1319,,,,1638.8643798828125
,1320,,,,1297.7977294921875
,1321,,,,1936.7564697265625
,1322,,,,2302.478271484375
,1323,,,,1707.12353515625
,1324,,,,1766.781982421875
,1325,,,,2023.87744140625
,1326,,,,2092.9326171875
,1327,,,,1485.6708984375
,1328,,,,1451.0987548828125
,1329,,,,1435.4913330078125
,1330,,,,1672.038330078125
,1331,,,,1398.4019775390625
,1332,,,,1560.5701904296875
,1333,,,,1720.3177490234375
,1334,,,,2306.99658203125
,1335,,,,1510.3270263671875
,1336,,,,1794.6871337890625
,1337,,,,1516.84033203125
,1338,,,,1978.8123779296875
,1339,,,,1961.02197265625
,1340,,,,1817.8536376953125
,1341,,,,1548.7781982421875
,1342,,,,2000.4134521484375
,1343,,,,2127.31103515625
41,5249,,,1724.5699462890625,
41,5249,1738.7330322265625,,,
42,5299,,2084.5791015625,,
42,5349,,1563.22216796875,,
,1344,,,,1226.746337890625
,1345,,,,1458.5546875
,1346,,,,1535.1658935546875
,1347,,,,1669.7274169921875
,1348,,,,2047.630126953125
,1349,,,,1566.9405517578125
,1350,,,,1904.7032470703125
,1351,,,,1632.1636962890625
,1352,,,,1293.1336669921875
,1353,,,,1931.4991455078125
,1354,,,,2297.56591796875
,1355,,,,1704.651123046875
,1356,,,,1760.6585693359375
,1357,,,,2019.0299072265625
,1358,,,,2086.416259765625
,1359,,,,1479.058837890625
,1360,,,,1444.40966796875
,1361,,,,1431.85009765625
,1362,,,,1670.4114990234375
,1363,,,,1393.4874267578125
,1364,,,,1561.529296875
,1365,,,,1711.8609619140625
,1366,,,,2300.376953125
,1367,,,,1502.206298828125
,1368,,,,1778.4193115234375
,1369,,,,1510.0198974609375
,1370,,,,1973.888427734375
,1371,,,,1953.7454833984375
,1372,,,,1804.5723876953125
,1373,,,,1545.215087890625
,1374,,,,1998.2320556640625
,1375,,,,2119.93359375
42,5374,,,1719.1629638671875,
42,5374,1739.6689453125,,,
43,5399,,1422.6339111328125,,
43,5449,,1697.0897216796875,,
43,5499,,1565.1929931640625,,
,1376,,,,1232.7210693359375
,1377,,,,1467.6448974609375
,1378,,,,1538.788330078125
,1379,,,,1667.920166015625
,1380,,,,2051.057861328125
,1381,,,,1565.9093017578125
,1382,,,,1909.4156494140625
,1383,,,,1631.4161376953125
,1384,,,,1296.859130859375
,1385,,,,1941.9036865234375
,1386,,,,2313.129150390625
,1387,,,,1706.3779296875
,1388,,,,1767.6258544921875
,1389,,,,2021.250732421875
,1390,,,,2096.301513671875
,1391,,,,1480.2945556640625
,1392,,,,1453.927978515625
,1393,,,,1436.2083740234375
,1394,,,,1672.9832763671875
,1395,,,,1396.15576171875
,1396,,,,1565.486572265625
,1397,,,,1720.35546875
,1398,,,,2306.75146484375
,1399,,,,1508.6497802734375
,1400,,,,1788.6663818359375
,1401,,,,1513.0621337890625
,1402,,,,1987.0662841796875
,1403,,,,1965.220947265625
,1404,,,,1814.28125
,1405,,,,1554.36181640625
,1406,,,,1994.0638427734375
,1407,,,,2122.475830078125
43,5499,,,1724.687255859375,
43,5499,1734.6402587890625,,,
44,5549,,2401.00390625,,
44,5599,,1536.556396484375,,
,1408,,,,1228.1380615234375
,1409,,,,1465.895751953125
,1410,,,,1533.8040771484375
,1411,,,,1669.745361328125
,1412,,,,2051.669189453125
,1413,,,,1566.306396484375
,1414,,,,1914.5391845703125
,1415,,,,1632.68798828125
,1416,,,,1297.00830078125
,1417,,,,1934.5264892578125
,1418,,,,2303.69677734375
,1419,,,,1711.54833984375
,1420,,,,1771.249755859375
,1421,,,,2025.08447265625
,1422,,,,2093.321044921875
,1423,,,,1481.745361328125
,1424,,,,1450.6314697265625
,1425,,,,1430.151611328125
,1426,,,,1675.0762939453125
,1427,,,,1398.1590576171875
,1428,,,,1561.2791748046875
,1429,,,,1722.428955078125
,1430,,,,2312.461669921875
,1431,,,,1499.7291259765625
,1432,,,,1788.48876953125
,1433,,,,1518.1839599609375
,1434,,,,1987.828369140625
,1435,,,,1961.3193359375
,1436,,,,1816.88232421875
,1437,,,,1555.691162109375
,1438,,,,1995.7215576171875
,1439,,,,2121.462158203125
44,5624,,,1724.331787109375,
44,5624,1736.260986328125,,,
45,5649,,1890.968017578125,,
45,5699,,1837.2454833984375,,
45,5749,,1813.8399658203125,,
,1440,,,,1218.4820556640625
,1441,,,,1449.0115966796875
,1442,,,,1520.7618408203125
,1443,,,,1656.4769287109375
,1444,,,,2035.7742919921875
,1445,,,,1554.6663818359375
,1446,,,,1895.226806640625
,1447,,,,1619.3592529296875
,1448,,,,1278.8731689453125
,1449,,,,1919.3487548828125
,1450,,,,2288.2216796875
,1451,,,,1694.6107177734375
,1452,,,,1749.489990234375
,1453,,,,2007.1619873046875
,1454,,,,2072.39599609375
,1455,,,,1463.9747314453125
,1456,,,,1433.81884765625
,1457,,,,1419.7379150390625
,1458,,,,1660.89306640625
,1459,,,,1383.5201416015625
,1460,,,,1546.9903564453125
,1461,,,,1704.298583984375
,1462,,,,2289.681884765625
,1463,,,,1493.0894775390625
,1464,,,,1770.1246337890625
,1465,,,,1502.328369140625
,1466,,,,1963.06494140625
,1467,,,,1942.6025390625
,1468,,,,1797.3800048828125
,1469,,,,1536.2276611328125
,1470,,,,1984.103515625
,1471,,,,2108.034912109375
45,5749,,,1708.1187744140625,
45,5749,1734.0238037109375,,,
46,5799,,1904.48681640625,,
46,5849,,2233.08740234375,,
,1472,,,,1227.3778076171875
,1473,,,,1463.712158203125
,1474,,,,1527.840576171875
,1475,,,,1666.0408935546875
,1476,,,,2052.338134765625
,1477,,,,1564.8216552734375
,1478,,,,1909.4656982421875
,1479,,,,1627.031982421875
,1480,,,,1295.8695068359375
,1481,,,,1926.322998046875
,1482,,,,2297.720947265625
,1483,,,,1703.748291015625
,1484,,,,1766.4027099609375
,1485,,,,2017.2039794921875
,1486,,,,2094.608642578125
,1487,,,,1476.8392333984375
,1488,,,,1448.3839111328125
,1489,,,,1426.858642578125
,1490,,,,1668.164306640625
,1491,,,,1392.4659423828125
,1492,,,,1557.82666015625
,1493,,,,1715.5921630859375
,1494,,,,2305.8984375
,1495,,,,1496.349609375
,1496,,,,1781.443359375
,1497,,,,1517.38720703125
,1498,,,,1982.9730224609375
,1499,,,,1953.125732421875
,1500,,,,1806.6328125
,1501,,,,1554.2242431640625
,1502,,,,1990.89404296875
,1503,,,,2123.87939453125
46,5874,,,1719.8892822265625,
46,5874,1731.777587890625,,,
47,5899,,1590.8721923828125,,
47,5949,,2073.462890625,,
47,5999,,2329.06884765625,,
,1504,,,,1208.8482666015625
,1505,,,,1453.611572265625
,1506,,,,1521.3814697265625
,1507,,,,1656.014404296875
,1508,,,,2042.9378662109375
,1509,,,,1555.255126953125
,1510,,,,1900.1036376953125
,1511,,,,1617.180419921875
,1512,,,,1288.204345703125
,1513,,,,1922.8546142578125
,1514,,,,2289.29833984375
,1515,,,,1696.77001953125
,1516,,,,1753.1920166015625
,1517,,,,2012.080810546875
,1518,,,,2083.3779296875
,1519,,,,1473.9559326171875
,1520,,,,1436.3968505859375
,1521,,,,1418.067138671875
,1522,,,,1665.5987548828125
,1523,,,,1386.978515625
,1524,,,,1548.560302734375
,1525,,,,1704.03125
,1526,,,,2297.37158203125
,1527,,,,1487.766357421875
,1528,,,,1764.490478515625
,1529,,,,1506.352294921875
,1530,,,,1975.560546875
,1531,,,,1943.72705078125
,1532,,,,1793.787109375
,1533,,,,1537.1435546875
,1534,,,,1984.9879150390625
,1535,,,,2115.39794921875
47,5999,,,1710.5513916015625,
47,5999,1732.9100341796875,,,
48,6049,,1931.6539306640625,,
48,6099,,1827.6070556640625,,
,1536,,,,1212.596435546875
,1537,,,,1446.2403564453125
,1538,,,,1513.21923828125
,1539,,,,1648.0174560546875
,1540,,,,2033.742919921875
,1541,,,,1546.27001953125
,1542,,,,1882.9071044921875
,1543,,,,1610.76171875
,1544,,,,1280.761474609375
,1545,,,,1916.4368896484375
,1546,,,,2281.38037109375
,1547,,,,1685.52099609375
,1548,,,,1744.033447265625
,1549,,,,1994.9730224609375
,1550,,,,2074.2197265625
,1551,,,,1461.253662109375
,1552,,,,1425.5736083984375
,1553,,,,1413.9180908203125
,1554,,,,1654.4056396484375
,1555,,,,1378.57666015625
,1556,,,,1542.535400390625
,1557,,,,1695.91064453125
,1558,,,,2282.66845703125
,1559,,,,1486.4365234375
,1560,,,,1759.02392578125
,1561,,,,1501.7872314453125
,1562,,,,1955.30029296875
,1563,,,,1937.69384765625
,1564,,,,1787.8294677734375
,1565,,,,1531.337890625
,1566,,,,1973.8280029296875
,1567,,,,2104.548828125
48,6124,,,1701.9295654296875,
48,6124,1728.4468994140625,,,
49,6149,,2238.9541015625,,
49,6199,,1593.9371337890625,,
49,6249,,1644.9718017578125,,
,1568,,,,1217.5089111328125
,1569,,,,1454.2047119140625
,1570,,,,1530.150390625
,1571,,,,1654.1153564453125
,1572,,,,2043.0787353515625
,1573,,,,1561.05322265625
,1574,,,,1902.692626953125
,1575,,,,1623.444580078125
,1576,,,,1288.3131103515625
,1577,,,,1924.369384765625
,1578,,,,2289.7109375
,1579,,,,1700.797607421875
,1580,,,,1755.244873046875
,1581,,,,2012.8614501953125
,1582,,,,2080.5576171875
,1583,,,,1470.9482421875
,1584,,,,1440.8101806640625
,1585,,,,1424.0223388671875
,1586,,,,1664.935546875
,1587,,,,1388.20654296875
,1588,,,,1551.2564697265625
,1589,,,,1705.254150390625
,1590,,,,2294.034912109375
,1591,,,,1493.969970703125
,1592,,,,1770.932373046875
,1593,,,,1509.263427734375
,1594,,,,1973.941650390625
,1595,,,,1946.568115234375
,1596,,,,1802.9320068359375
,1597,,,,1539.549072265625
,1598,,,,1983.5628662109375
,1599,,,,2116.9443359375
49,6249,,,1712.8807373046875,
49,6249,1724.47998046875,,,
50,6299,,2182.31884765625,,
50,6349,,1977.6829833984375,,
,1600,,,,1202.85546875
,1601,,,,1432.0428466796875
,1602,,,,1510.9578857421875
,1603,,,,1643.8880615234375
,1604,,,,2021.4896240234375
,1605,,,,1540.7847900390625
,1606,,,,1873.5648193359375
,1607,,,,1605.142822265625
,1608,,,,1265.2216796875
,1609,,,,1907.8046875
,1610,,,,2272.351318359375
,1611,,,,1676.8304443359375
,1612,,,,1727.2230224609375
,1613,,,,1986.2794189453125
,1614,,,,2054.255126953125
,1615,,,,1453.9595947265625
,1616,,,,1415.0228271484375
,1617,,,,1407.7935791015625
,1618,,,,1650.0518798828125
,1619,,,,1371.9002685546875
,1620,,,,1532.049560546875
,1621,,,,1687.346923828125
,1622,,,,2271.91650390625
,1623,,,,1485.514404296875
,1624,,,,1747.568115234375
,1625,,,,1486.1370849609375
,1626,,,,1940.0128173828125
,1627,,,,1926.9539794921875
,1628,,,,1777.006103515625
,1629,,,,1518.43798828125
,1630,,,,1971.7825927734375
,1631,,,,2099.242919921875
50,6374,,,1692.4466552734375,
50,6374,1726.6602783203125,,,
51,6399,,1406.212158203125,,
51,6449,,2532.15380859375,,
51,6499,,1403.8162841796875,,
,1632,,,,1204.3448486328125
,1633,,,,1440.775146484375
,1634,,,,1515.9300537109375
,1635,,,,1646.3074951171875
,1636,,,,2030.143310546875
,1637,,,,1551.95068359375
,1638,,,,1890.52392578125
,1639,,,,1610.6187744140625
,1640,,,,1277.75927734375
,1641,,,,1913.18115234375
,1642,,,,2281.2314453125
,1643,,,,1691.2410888671875
,1644,,,,1740.444091796875
,1645,,,,1998.9573974609375
,1646,,,,2066.070068359375
,1647,,,,1464.24267578125
,1648,,,,1426.289306640625
,1649,,,,1413.1038818359375
,1650,,,,1656.3642578125
,1651,,,,1376.0032958984375
,1652,,,,1542.7281494140625
,1653,,,,1698.2130126953125
,1654,,,,2281.7197265625
,1655,,,,1482.2000732421875
,1656,,,,1755.36962890625
,1657,,,,1495.79052734375
,1658,,,,1954.9798583984375
,1659,,,,1937.0267333984375
,1660,,,,1787.5675048828125
,1661,,,,1530.2808837890625
,1662,,,,1974.184326171875
,1663,,,,2103.899658203125
51,6499,,,1701.16845703125,
51,6499,1724.2706298828125,,,
52,6549,,1988.1253662109375,,
52,6599,,1385.85400390625,,
,1664,,,,1211.7567138671875
,1665,,,,1449.7161865234375
,1666,,,,1520.6029052734375
,1667,,,,1653.4068603515625
,1668,,,,2036.1697998046875
,1669,,,,1557.4979248046875
,1670,,,,1894.76708984375
,1671,,,,1612.984130859375
,1672,,,,1281.8123779296875
,1673,,,,1910.7708740234375
,1674,,,,2278.76904296875
,1675,,,,1692.0286865234375
,1676,,,,1745.3614501953125
,1677,,,,1999.6859130859375
,1678,,,,2072.80029296875
,1679,,,,1470.4603271484375
,1680,,,,1428.6204833984375
,1681,,,,1415.72802734375
,1682,,,,1659.8397216796875
,1683,,,,1378.9569091796875
,1684,,,,1542.82177734375
,1685,,,,1697.0452880859375
,1686,,,,2286.660888671875
,1687,,,,1486.0753173828125
,1688,,,,1764.20556640625
,1689,,,,1499.7469482421875
,1690,,,,1962.9552001953125
,1691,,,,1935.303466796875
,1692,,,,1790.886474609375
,1693,,,,1530.153076171875
,1694,,,,1976.965576171875
,1695,,,,2111.57666015625
52,6624,,,1704.718505859375,
52,6624,1724.1697998046875,,,
53,6649,,2170.2431640625,,
53,6699,,1630.4405517578125,,
53,6749,,1983.4833984375,,
,1696,,,,1214.0889892578125
,1697,,,,1450.14208984375
,1698,,,,1513.6270751953125
,1699,,,,1653.78369140625
,1700,,,,2033.376953125
,1701,,,,1554.7513427734375
,1702,,,,1893.105224609375
,1703,,,,1610.806396484375
,1704,,,,1278.0924072265625
,1705,,,,1913.886474609375
,1706,,,,2282.003173828125
,1707,,,,1687.8316650390625
,1708,,,,1743.6744384765625
,1709,,,,1998.7589111328125
,1710,,,,2066.384033203125
,1711,,,,1459.69970703125
,1712,,,,1432.4605712890625
,1713,,,,1417.9420166015625
,1714,,,,1660.8123779296875
,1715,,,,1379.0701904296875
,1716,,,,1544.6033935546875
,1717,,,,1698.04248046875
,1718,,,,2281.38330078125
,1719,,,,1488.7332763671875
,1720,,,,1766.582763671875
,1721,,,,1500.26904296875
,1722,,,,1958.43798828125
,1723,,,,1937.2001953125
,1724,,,,1793.221435546875
,1725,,,,1532.5343017578125
,1726,,,,1978.22802734375
,1727,,,,2103.532958984375
53,6749,,,1703.981201171875,
53,6749,1722.3056640625,,,
54,6799,,1974.8570556640625,,
54,6849,,1185.2056884765625,,
,1728,,,,1198.9639892578125
,1729,,,,1438.7606201171875
,1730,,,,1508.411376953125
,1731,,,,1644.7822265625
,1732,,,,2025.8985595703125
,1733,,,,1548.3031005859375
,1734,,,,1891.6038818359375
,1735,,,,1603.93212890625
,1736,,,,1272.1446533203125
,1737,,,,1905.6041259765625
,1738,,,,2275.790283203125
,1739,,,,1683.93798828125
,1740,,,,1738.334716796875
,1741,,,,1998.2076416015625
,1742,,,,2066.124267578125
,1743,,,,1453.5345458984375
,1744,,,,1427.5260009765625
,1745,,,,1408.0125732421875
,1746,,,,1653.875732421875
,1747,,,,1372.5322265625
,1748,,,,1536.6837158203125
,1749,,,,1690.7574462890625
,1750,,,,2278.192626953125
,1751,,,,1476.7772216796875
,1752,,,,1748.5152587890625
,1753,,,,1497.8045654296875
,1754,,,,1952.140380859375
,1755,,,,1929.044677734375
,1756,,,,1783.6483154296875
,1757,,,,1523.3448486328125
,1758,,,,1972.3031005859375
,1759,,,,2108.250732421875
54,6874,,,1697.0416259765625,
54,6874,1723.725341796875,,,
55,6899,,1670.745849609375,,
55,6949,,1445.2705078125,,
55,6999,,1630.9697265625,,
,1760,,,,1208.2684326171875
,1761,,,,1444.02880859375
,1762,,,,1511.11962890625
,1763,,,,1643.768798828125
,1764,,,,2024.9337158203125
,1765,,,,1546.74658203125
,1766,,,,1885.31298828125
,1767,,,,1601.90478515625
,1768,,,,1273.0650634765625
,1769,,,,1906.84033203125
,1770,,,,2278.0263671875
,1771,,,,1680.849609375
,1772,,,,1738.8984375
,1773,,,,1992.0126953125
,1774,,,,2065.987060546875
,1775,,,,1452.2923583984375
,1776,,,,1423.860595703125
,1777,,,,1410.2462158203125
,1778,,,,1650.560546875
,1779,,,,1370.9967041015625
,1780,,,,1538.2481689453125
,1781,,,,1691.594970703125
,1782,,,,2273.5205078125
,1783,,,,1479.0196533203125
,1784,,,,1756.3797607421875
,1785,,,,1496.41943359375
,1786,,,,1953.0887451171875
,1787,,,,1928.6134033203125
,1788,,,,1785.0660400390625
,1789,,,,1528.5999755859375
,1790,,,,1966.356201171875
,1791,,,,2100.03515625
55,6999,,,1697.0123291015625,
55,6999,1718.776123046875,,,
56,7049,,1401.8511962890625,,
56,7099,,1267.53515625,,
,1792,,,,1205.98095703125
,1793,,,,1439.737548828125
,1794,,,,1523.7418212890625
,1795,,,,1647.2447509765625
,1796,,,,2024.16748046875
,1797,,,,1555.862060546875
,1798,,,,1898.533447265625
,1799,,,,1612.675048828125
,1800,,,,1277.1798095703125
,1801,,,,1912.738525390625
,1802,,,,2279.02294921875
,1803,,,,1690.4766845703125
,1804,,,,1737.6495361328125
,1805,,,,2000.5367431640625
,1806,,,,2065.590576171875
,1807,,,,1468.6998291015625
,1808,,,,1430.911376953125
,1809,,,,1414.94921875
,1810,,,,1648.9266357421875
,1811,,,,1376.8717041015625
,1812,,,,1542.080078125
,1813,,,,1693.529541015625
,1814,,,,2278.885498046875
,1815,,,,1477.5513916015625
,1816,,,,1760.447509765625
,1817,,,,1494.25390625
,1818,,,,1952.7301025390625
,1819,,,,1932.8857421875
,1820,,,,1787.802734375
,1821,,,,1526.5760498046875
,1822,,,,1974.3450927734375
,1823,,,,2112.887451171875
56,7124,,,1701.14599609375,
56,7124,1719.4627685546875,,,
57,7149,,1723.9666748046875,,
57,7199,,1868.7841796875,,
57,7249,,1398.9510498046875,,
,1824,,,,1196.4981689453125
,1825,,,,1437.3330078125
,1826,,,,1506.645751953125
,1827,,,,1637.1181640625
,1828,,,,2020.8779296875
,1829,,,,1546.97265625
,1830,,,,1891.3270263671875
,1831,,,,1602.088134765625
,1832,,,,1270.6708984375
,1833,,,,1905.644287109375
,1834,,,,2273.4453125
,1835,,,,1683.0172119140625
,1836,,,,1732.6219482421875
,1837,,,,1994.917236328125
,1838,,,,2063.475341796875
,1839,,,,1455.070068359375
,1840,,,,1428.717529296875
,1841,,,,1407.410400390625
,1842,,,,1647.65185546875
,1843,,,,1369.6534423828125
,1844,,,,1532.8731689453125
,1845,,,,1690.71875
,1846,,,,2276.85009765625
,1847,,,,1473.103515625
,1848,,,,1749.7467041015625
,1849,,,,1491.8883056640625
,1850,,,,1951.784423828125
,1851,,,,1926.3533935546875
,1852,,,,1782.217041015625
,1853,,,,1521.837890625
,1854,,,,1969.4891357421875
,1855,,,,2111.985107421875
57,7249,,,1694.9124755859375,
57,7249,1716.60986328125,,,
58,7299,,2062.232177734375,,
58,7349,,1747.9046630859375,,
,1856,,,,1210.298095703125
,1857,,,,1445.6763916015625
,1858,,,,1510.3123779296875
,1859,,,,1647.031494140625
,1860,,,,2029.896484375
,1861,,,,1547.4195556640625
,1862,,,,1882.0467529296875
,1863,,,,1608.4859619140625
,1864,,,,1277.2794189453125
,1865,,,,1903.94580078125
,1866,,,,2278.970458984375
,1867,,,,1685.0560302734375
,1868,,,,1748.3985595703125
,1869,,,,1991.22509765625
,1870,,,,2067.910888671875
,1871,,,,1454.72314453125
,1872,,,,1427.130859375
,1873,,,,1410.0374755859375
,1874,,,,1653.6988525390625
,1875,,,,1371.0714111328125
,1876,,,,1539.8590087890625
,1877,,,,1695.2108154296875
,1878,,,,2276.44482421875
,1879,,,,1485.437744140625
,1880,,,,1757.3260498046875
,1881,,,,1495.9725341796875
,1882,,,,1957.523681640625
,1883,,,,1931.64306640625
,1884,,,,1789.0802001953125
,1885,,,,1530.36474609375
,1886,,,,1969.181884765625
,1887,,,,2103.906982421875
58,7374,,,1699.348388671875,
58,7374,1715.0770263671875,,,
59,7399,,1992.75341796875,,
59,7449,,1864.6502685546875,,
59,7499,,1875.1785888671875,,
,1888,,,,1193.4742431640625
,1889,,,,1425.94287109375
,1890,,,,1495.2196044921875
,1891,,,,1633.646728515625
,1892,,,,2011.7215576171875
,1893,,,,1536.429931640625
,1894,,,,1869.9781494140625
,1895,,,,1596.31396484375
,1896,,,,1259.5211181640625
,1897,,,,1896.44921875
,1898,,,,2261.562255859375
,1899,,,,1669.98779296875
,1900,,,,1725.328369140625
,1901,,,,1979.7437744140625
,1902,,,,2049.009033203125
,1903,,,,1445.7659912109375
,1904,,,,1411.266357421875
,1905,,,,1396.4849853515625
,1906,,,,1640.45849609375
,1907,,,,1360.5421142578125
,1908,,,,1526.5401611328125
,1909,,,,1678.5159912109375
,1910,,,,2262.032470703125
,1911,,,,1469.921630859375
,1912,,,,1738.7269287109375
,1913,,,,1482.956787109375
,1914,,,,1935.684814453125
,1915,,,,1914.847900390625
,1916,,,,1771.2435302734375
,1917,,,,1512.52490234375
,1918,,,,1958.1912841796875
,1919,,,,2089.4296875
59,7499,,,1684.2362060546875,
59,7499,1711.8502197265625,,,
60,7549,,1764.47021484375,,
60,7599,,1839.64599609375,,
,1920,,,,1187.8133544921875
,1921,,,,1428.0582275390625
,1922,,,,1500.1343994140625
,1923,,,,1634.407470703125
,1924,,,,2012.4241943359375
,1925,,,,1539.98828125
,1926,,,,1870.790283203125
,1927,,,,1593.749755859375
,1928,,,,1262.9212646484375
,1929,,,,1895.468017578125
,1930,,,,2262.3076171875
,1931,,,,1672.78466796875
,1932,,,,1721.531494140625
,1933,,,,1981.5810546875
,1934,,,,2049.79833984375
,1935,,,,1448.2340087890625
,1936,,,,1415.0216064453125
,1937,,,,1398.8912353515625
,1938,,,,1642.783447265625
,1939,,,,1360.309814453125
,1940,,,,1527.838134765625
,1941,,,,1678.7838134765625
,1942,,,,2262.723388671875
,1943,,,,1467.0126953125
,1944,,,,1734.4210205078125
,1945,,,,1481.1217041015625
,1946,,,,1935.464111328125
,1947,,,,1916.3277587890625
,1948,,,,1770.41162109375
,1949,,,,1511.4638671875
,1950,,,,1958.5025634765625
,1951,,,,2098.978271484375
60,7624,,,1684.730224609375,
60,7624,1709.9605712890625,,,
61,7649,,2089.01953125,,
61,7699,,1289.0953369140625,,
61,7749,,1663.902587890625,,
,1952,,,,1192.404541015625
,1953,,,,1432.3062744140625
,1954,,,,1503.252197265625
,1955,,,,1630.4876708984375
,1956,,,,2013.4073486328125
,1957,,,,1539.1495361328125
,1958,,,,1870.360595703125
,1959,,,,1591.806884765625
,1960,,,,1263.0479736328125
,1961,,,,1897.4544677734375
,1962,,,,2266.01708984375
,1963,,,,1673.1934814453125
,1964,,,,1725.703369140625
,1965,,,,1981.8431396484375
,1966,,,,2050.4296875
,1967,,,,1445.1136474609375
,1968,,,,1418.8480224609375
,1969,,,,1400.924560546875
,1970,,,,1641.70361328125
,1971,,,,1360.9296875
,1972,,,,1529.1572265625
,1973,,,,1680.3983154296875
,1974,,,,2267.94677734375
,1975,,,,1468.248779296875
,1976,,,,1737.941162109375
,1977,,,,1482.90380859375
,1978,,,,1938.062744140625
,1979,,,,1920.8221435546875
,1980,,,,1771.0439453125
,1981,,,,1515.6680908203125
,1982,,,,1957.5560302734375
,1983,,,,2096.05810546875
61,7749,,,1686.1485595703125,
61,7749,1710.7646484375,,,
62,7799,,1329.727294921875,,
62,7849,,1809.584716796875,,
,1984,,,,1200.5850830078125
,1985,,,,1432.13037109375
,1986,,,,1506.1705322265625
,1987,,,,1634.2718505859375
,1988,,,,2015.1988525390625
,1989,,,,1540.4464111328125
,1990,,,,1865.3212890625
,1991,,,,1595.072021484375
,1992,,,,1263.8193359375
,1993,,,,1898.7354736328125
,1994,,,,2270.948486328125
,1995,,,,1675.09375
,1996,,,,1725.672607421875
,1997,,,,1978.4962158203125
,1998,,,,2051.60205078125
,1999,,,,1442.20263671875
,2000,,,,1420.18115234375
,2001,,,,1406.2694091796875
,2002,,,,1641.3236083984375
,2003,,,,1360.6920166015625
,2004,,,,1535.0240478515625
,2005,,,,1681.540283203125
,2006,,,,2260.9287109375
,2007,,,,1475.864990234375
,2008,,,,1741.5428466796875
,2009,,,,1484.5283203125
,2010,,,,1937.9842529296875
,2011,,,,1924.7646484375
,2012,,,,1772.488525390625
,2013,,,,1521.2591552734375
,2014,,,,1958.230224609375
,2015,,,,2087.69921875
62,7874,,,1687.68994140625,
62,7874,1708.6251220703125,,,
63,7899,,1923.3037109375,,
63,7949,,2038.1546630859375,,
63,7999,,2710.373046875,,
,2016,,,,1196.9638671875
,2017,,,,1433.11181640625
,2018,,,,1503.111572265625
,2019,,,,1635.4423828125
,2020,,,,2014.5177001953125
,2021,,,,1543.1129150390625
,2022,,,,1877.36572265625
,2023,,,,1599.31298828125
,2024,,,,1264.106201171875
,2025,,,,1898.619140625
,2026,,,,2268.06689453125
,2027,,,,1675.0089111328125
,2028,,,,1727.9697265625
,2029,,,,1983.5938720703125
,2030,,,,2051.281494140625
,2031,,,,1449.9921875
,2032,,,,1423.15283203125
,2033,,,,1401.8570556640625
,2034,,,,1641.6051025390625
,2035,,,,1366.294677734375
,2036,,,,1531.934326171875
,2037,,,,1684.960205078125
,2038,,,,2271.800537109375
,2039,,,,1475.218994140625
,2040,,,,1746.74169921875
,2041,,,,1492.25244140625
,2042,,,,1940.19873046875
,2043,,,,1921.5474853515625
,2044,,,,1779.3056640625
,2045,,,,1520.1563720703125
,2046,,,,1960.3834228515625
,2047,,,,2099.85791015625
63,7999,,,1689.7264404296875,
63,7999,1709.547119140625,,,
64,8049,,1808.5318603515625,,
64,8099,,1868.58447265625,,
,2048,,,,1196.4456787109375
,2049,,,,1432.05224609375
,2050,,,,1497.0604248046875
,2051,,,,1631.0081787109375
,2052,,,,2015.8544921875
,2053,,,,1536.73095703125
,2054,,,,1871.700439453125
,2055,,,,1593.57421875
,2056,,,,1264.279052734375
,2057,,,,1896.91650390625
,2058,,,,2266.972412109375
,2059,,,,1673.2537841796875
,2060,,,,1729.7528076171875
,2061,,,,1979.4542236328125
,2062,,,,2056.42626953125
,2063,,,,1446.155517578125
,2064,,,,1419.8236083984375
,2065,,,,1398.73046875
,2066,,,,1641.0911865234375
,2067,,,,1363.0867919921875
,2068,,,,1529.3673095703125
,2069,,,,1682.57763671875
,2070,,,,2267.5107421875
,2071,,,,1472.70263671875
,2072,,,,1740.5341796875
,2073,,,,1491.09423828125
,2074,,,,1942.8824462890625
,2075,,,,1919.0521240234375
,2076,,,,1775.0927734375
,2077,,,,1519.5673828125
,2078,,,,1952.70361328125
,2079,,,,2099.614990234375
64,8124,,,1687.3074951171875,
64,8124,1706.4298095703125,,,
65,8149,,1526.750732421875,,
65,8199,,1271.987548828125,,
65,8249,,1491.295654296875,,
,2080,,,,1204.315185546875
,2081,,,,1439.0228271484375
,2082,,,,1505.4332275390625
,2083,,,,1638.60498046875
,2084,,,,2020.828125
,2085,,,,1547.4404296875
,2086,,,,1885.9818115234375
,2087,,,,1604.5537109375
,2088,,,,1273.7879638671875
,2089,,,,1904.5186767578125
,2090,,,,2273.536865234375
,2091,,,,1684.51953125
,2092,,,,1739.178955078125
,2093,,,,1991.460205078125
,2094,,,,2065.734375
,2095,,,,1458.6458740234375
,2096,,,,1429.1024169921875
,2097,,,,1405.492919921875
,2098,,,,1644.460693359375
,2099,,,,1368.5574951171875
,2100,,,,1538.87255859375
,2101,,,,1692.7099609375
,2102,,,,2279.58544921875
,2103,,,,1475.4664306640625
,2104,,,,1754.54736328125
,2105,,,,1495.9820556640625
,2106,,,,1954.0894775390625
,2107,,,,1931.0931396484375
,2108,,,,1787.2530517578125
,2109,,,,1526.48583984375
,2110,,,,1960.4781494140625
,2111,,,,2101.478271484375
65,8249,,,1696.2274169921875,
65,8249,1703.582275390625,,,
66,8299,,1724.3076171875,,
66,8349,,1398.843017578125,,
,2112,,,,1186.1715087890625
,2113,,,,1420.3511962890625
,2114,,,,1488.4752197265625
,2115,,,,1623.4827880859375
,2116,,,,2003.8114013671875
,2117,,,,1530.260498046875
,2118,,,,1866.4400634765625
,2119,,,,1585.8814697265625
,2120,,,,1254.2916259765625
,2121,,,,1886.377685546875
,2122,,,,2257.909912109375
,2123,,,,1663.6246337890625
,2124,,,,1716.6085205078125
,2125,,,,1969.5526123046875
,2126,,,,2046.65283203125
,2127,,,,1438.984130859375
,2128,,,,1405.44580078125
,2129,,,,1390.2681884765625
,2130,,,,1630.240966796875
,2131,,,,1352.3349609375
,2132,,,,1517.4705810546875
,2133,,,,1671.35400390625
,2134,,,,2252.45263671875
,2135,,,,1461.533447265625
,2136,,,,1728.5
,2137,,,,1479.8946533203125
,2138,,,,1929.0576171875
,2139,,,,1905.378173828125
,2140,,,,1763.7447509765625
,2141,,,,1503.5548095703125
,2142,,,,1945.9039306640625
,2143,,,,2084.822265625
66,8374,,,1676.711181640625,
66,8374,1704.9063720703125,,,
67,8399,,1238.683837890625,,
67,8449,,1742.891845703125,,
67,8499,,1630.55712890625,,
,2144,,,,1195.7552490234375
,2145,,,,1427.6552734375
,2146,,,,1497.966796875
,2147,,,,1629.1767578125
,2148,,,,2007.751953125
,2149,,,,1532.037353515625
,2150,,,,1874.2093505859375
,2151,,,,1592.320068359375
,2152,,,,1261.1954345703125
,2153,,,,1896.4560546875
,2154,,,,2257.752685546875
,2155,,,,1673.18603515625
,2156,,,,1734.3790283203125
,2157,,,,1977.8404541015625
,2158,,,,2056.04541015625
,2159,,,,1444.3143310546875
,2160,,,,1415.8323974609375
,2161,,,,1397.255615234375
,2162,,,,1637.15673828125
,2163,,,,1362.2664794921875
,2164,,,,1523.3946533203125
,2165,,,,1678.696533203125
,2166,,,,2267.06396484375
,2167,,,,1468.1033935546875
,2168,,,,1740.2991943359375
,2169,,,,1492.1953125
,2170,,,,1938.9051513671875
,2171,,,,1911.5703125
,2172,,,,1770.58203125
,2173,,,,1514.2059326171875
,2174,,,,1955.490478515625
,2175,,,,2101.41796875
67,8499,,,1685.0052490234375,
67,8499,1702.1239013671875,,,
68,8549,,1937.472900390625,,
68,8599,,1567.70361328125,,
,2176,,,,1185.2000732421875
,2177,,,,1419.284423828125
,2178,,,,1488.835693359375
,2179,,,,1621.321044921875
,2180,,,,2003.518310546875
,2181,,,,1528.2578125
,2182,,,,1870.7818603515625
,2183,,,,1588.915283203125
,2184,,,,1254.37060546875
,2185,,,,1886.51513671875
,2186,,,,2254.778076171875
,2187,,,,1666.1068115234375
,2188,,,,1717.7984619140625
,2189,,,,1972.242431640625
,2190,,,,2044.582275390625
,2191,,,,1444.723388671875
,2192,,,,1403.8897705078125
,2193,,,,1392.2073974609375
,2194,,,,1629.3955078125
,2195,,,,1353.1014404296875
,2196,,,,1516.855224609375
,2197,,,,1669.767822265625
,2198,,,,2254.23876953125
,2199,,,,1459.9654541015625
,2200,,,,1727.67138671875
,2201,,,,1478.17041015625
,2202,,,,1928.3616943359375
,2203,,,,1906.6263427734375
,2204,,,,1763.9517822265625
,2205,,,,1502.1346435546875
,2206,,,,1947.02001953125
,2207,,,,2090.1025390625
68,8624,,,1676.8997802734375,
68,8624,1702.1568603515625,,,
69,8649,,1947.8399658203125,,
69,8699,,1622.937255859375,,
69,8749,,1363.2314453125,,
,2208,,,,1189.1937255859375
,2209,,,,1422.103759765625
,2210,,,,1494.9725341796875
,2211,,,,1624.03466796875
,2212,,,,2006.60546875
,2213,,,,1530.2286376953125
,2214,,,,1869.375732421875
,2215,,,,1589.280517578125
,2216,,,,1254.3858642578125
,2217,,,,1891.471435546875
,2218,,,,2260.0830078125
,2219,,,,1668.533203125
,2220,,,,1715.2796630859375
,2221,,,,1977.308837890625
,2222,,,,2043.366455078125
,2223,,,,1437.8636474609375
,2224,,,,1406.49169921875
,2225,,,,1396.7733154296875
,2226,,,,1629.3994140625
,2227,,,,1353.9404296875
,2228,,,,1523.1116943359375
,2229,,,,1670.15966796875
,2230,,,,2252.21923828125
,2231,,,,1464.28955078125
,2232,,,,1731.3695068359375
,2233,,,,1477.2236328125
,2234,,,,1931.7794189453125
,2235,,,,1905.9903564453125
,2236,,,,1767.2601318359375
,2237,,,,1507.4716796875
,2238,,,,1946.8436279296875
,2239,,,,2084.3701171875
69,8749,,,1678.704345703125,
69,8749,1699.5272216796875,,,
70,8799,,1399.250732421875,,
70,8849,,1209.78076171875,,
,2240,,,,1189.197021484375
,2241,,,,1424.6134033203125
,2242,,,,1495.076171875
,2243,,,,1625.948974609375
,2244,,,,2004.6181640625
,2245,,,,1533.8109130859375
,2246,,,,1877.9737548828125
,2247,,,,1590.8072509765625
,2248,,,,1258.6317138671875
,2249,,,,1892.102783203125
,2250,,,,2259.942626953125
,2251,,,,1672.62060546875
,2252,,,,1722.8416748046875
,2253,,,,1983.787109375
,2254,,,,2048.32421875
,2255,,,,1441.3939208984375
,2256,,,,1416.1021728515625
,2257,,,,1394.463134765625
,2258,,,,1631.117919921875
,2259,,,,1358.06396484375
,2260,,,,1522.6527099609375
,2261,,,,1676.1529541015625
,2262,,,,2265.3037109375
,2263,,,,1466.2991943359375
,2264,,,,1739.747314453125
,2265,,,,1484.5826416015625
,2266,,,,1942.8939208984375
,2267,,,,1911.4168701171875
,2268,,,,1774.2283935546875
,2269,,,,1511.3753662109375
,2270,,,,1948.1329345703125
,2271,,,,2090.1630859375
70,8874,,,1682.7763671875,
70,8874,1699.664306640625,,,
71,8899,,1197.7391357421875,,
71,8949,,1923.7281494140625,,
71,8999,,1611.888671875,,
,2272,,,,1194.1661376953125
,2273,,,,1422.402099609375
,2274,,,,1505.80712890625
,2275,,,,1624.310302734375
,2276,,,,2004.3968505859375
,2277,,,,1535.3018798828125
,2278,,,,1871.6419677734375
,2279,,,,1596.1610107421875
,2280,,,,1261.204833984375
,2281,,,,1898.1468505859375
,2282,,,,2264.099365234375
,2283,,,,1672.375
,2284,,,,1721.9189453125
,2285,,,,1979.2091064453125
,2286,,,,2048.924560546875
,2287,,,,1449.03515625
,2288,,,,1414.8839111328125
,2289,,,,1401.1790771484375
,2290,,,,1631.843994140625
,2291,,,,1360.757080078125
,2292,,,,1528.427734375
,2293,,,,1673.115234375
,2294,,,,2258.91650390625
,2295,,,,1469.0
,2296,,,,1736.978515625
,2297,,,,1483.3785400390625
,2298,,,,1934.846923828125
,2299,,,,1912.9862060546875
,2300,,,,1767.7196044921875
,2301,,,,1511.0567626953125
,2302,,,,1951.9625244140625
,2303,,,,2090.8701171875
71,8999,,,1683.484130859375,
71,8999,1695.6478271484375,,,
72,9049,,2154.37060546875,,
72,9099,,1901.5985107421875,,
,2304,,,,1187.1177978515625
,2305,,,,1421.1759033203125
,2306,,,,1491.9512939453125
,2307,,,,1623.638671875
,2308,,,,2002.06103515625
,2309,,,,1525.1441650390625
,2310,,,,1866.4378662109375
,2311,,,,1583.1500244140625
,2312,,,,1252.0404052734375
,2313,,,,1888.3966064453125
,2314,,,,2255.614013671875
,2315,,,,1667.4437255859375
,2316,,,,1715.7061767578125
,2317,,,,1977.0701904296875
,2318,,,,2046.8826904296875
,2319,,,,1436.5469970703125
,2320,,,,1410.30712890625
,2321,,,,1390.8514404296875
,2322,,,,1629.3753662109375
,2323,,,,1354.8450927734375
,2324,,,,1518.6104736328125
,2325,,,,1669.8673095703125
,2326,,,,2253.605712890625
,2327,,,,1463.6739501953125
,2328,,,,1731.52783203125
,2329,,,,1481.260498046875
,2330,,,,1929.3197021484375
,2331,,,,1904.7213134765625
,2332,,,,1762.7147216796875
,2333,,,,1506.1375732421875
,2334,,,,1945.2640380859375
,2335,,,,2085.656982421875
72,9124,,,1677.244140625,
72,9124,1694.4775390625,,,
73,9149,,2038.109619140625,,
73,9199,,1706.95361328125,,
73,9249,,1767.25927734375,,
,2336,,,,1196.5045166015625
,2337,,,,1428.800537109375
,2338,,,,1495.05615234375
,2339,,,,1624.192138671875
,2340,,,,2006.7928466796875
,2341,,,,1531.190185546875
,2342,,,,1875.3392333984375
,2343,,,,1590.828857421875
,2344,,,,1261.3228759765625
,2345,,,,1890.6630859375
,2346,,,,2259.741455078125
,2347,,,,1675.72412109375
,2348,,,,1733.2430419921875
,2349,,,,1980.633544921875
,2350,,,,2058.0625
,2351,,,,1441.7608642578125
,2352,,,,1415.3055419921875
,2353,,,,1393.1429443359375
,2354,,,,1630.4332275390625
,2355,,,,1358.014892578125
,2356,,,,1524.7320556640625
,2357,,,,1677.875732421875
,2358,,,,2260.71142578125
,2359,,,,1463.591064453125
,2360,,,,1744.798095703125
,2361,,,,1484.9267578125
,2362,,,,1948.0640869140625
,2363,,,,1914.1676025390625
,2364,,,,1773.87841796875
,2365,,,,1515.5302734375
,2366,,,,1944.4654541015625
,2367,,,,2085.1669921875
73,9249,,,1683.864990234375,
73,9249,1692.7867431640625,,,
74,9299,,2231.378662109375,,
74,9349,,1855.9161376953125,,
,2368,,,,1181.8780517578125
,2369,,,,1414.73388671875
,2370,,,,1488.47509765625
,2371,,,,1617.1783447265625
,2372,,,,1999.5191650390625
,2373,,,,1526.5091552734375
,2374,,,,1861.946533203125
,2375,,,,1581.3076171875
,2376,,,,1250.4478759765625
,2377,,,,1877.840087890625
,2378,,,,2246.958984375
,2379,,,,1666.2806396484375
,2380,,,,1715.4742431640625
,2381,,,,1969.93994140625
,2382,,,,2040.3878173828125
,2383,,,,1435.61474609375
,2384,,,,1405.5003662109375
,2385,,,,1387.6292724609375
,2386,,,,1623.0364990234375
,2387,,,,1349.731201171875
,2388,,,,1512.0328369140625
,2389,,,,1663.871826171875
,2390,,,,2248.383544921875
,2391,,,,1453.4056396484375
,2392,,,,1729.1998291015625
,2393,,,,1471.52294921875
,2394,,,,1931.8172607421875
,2395,,,,1896.9083251953125
,2396,,,,1761.2095947265625
,2397,,,,1498.0780029296875
,2398,,,,1940.1199951171875
,2399,,,,2076.34033203125
74,9374,,,1672.5128173828125,
74,9374,1693.4027099609375,,,
75,9399,,1763.653076171875,,
75,9449,,1908.451416015625,,
75,9499,,1677.700927734375,,
,2400,,,,1178.4688720703125
,2401,,,,1414.139404296875
,2402,,,,1492.801513671875
,2403,,,,1620.3023681640625
,2404,,,,1997.6470947265625
,2405,,,,1530.6016845703125
,2406,,,,1869.666015625
,2407,,,,1584.6802978515625
,2408,,,,1255.223388671875
,2409,,,,1893.362060546875
,2410,,,,2253.8359375
,2411,,,,1670.086181640625
,2412,,,,1713.5552978515625
,2413,,,,1978.21142578125
,2414,,,,2039.4417724609375
,2415,,,,1444.6456298828125
,2416,,,,1415.64501953125
,2417,,,,1392.1923828125
,2418,,,,1630.5509033203125
,2419,,,,1358.82861328125
,2420,,,,1519.36572265625
,2421,,,,1671.4036865234375
,2422,,,,2256.55712890625
,2423,,,,1458.1046142578125
,2424,,,,1728.0316162109375
,2425,,,,1477.37158203125
,2426,,,,1927.3087158203125
,2427,,,,1906.5653076171875
,2428,,,,1762.5833740234375
,2429,,,,1502.0369873046875
,2430,,,,1950.4296875
,2431,,,,2095.4345703125
75,9499,,,1677.360107421875,
75,9499,1695.283935546875,,,
76,9549,,1351.8861083984375,,
76,9599,,1379.2755126953125,,
,2432,,,,1179.4459228515625
,2433,,,,1409.4244384765625
,2434,,,,1482.2139892578125
,2435,,,,1612.7335205078125
,2436,,,,1994.020263671875
,2437,,,,1519.0050048828125
,2438,,,,1861.154541015625
,2439,,,,1578.055908203125
,2440,,,,1245.37158203125
,2441,,,,1875.7764892578125
,2442,,,,2245.470703125
,2443,,,,1658.1593017578125
,2444,,,,1712.4453125
,2445,,,,1963.147705078125
,2446,,,,2034.1251220703125
,2447,,,,1432.728759765625
,2448,,,,1395.9813232421875
,2449,,,,1381.636962890625
,2450,,,,1618.064697265625
,2451,,,,1345.0606689453125
,2452,,,,1506.94482421875
,2453,,,,1662.3232421875
,2454,,,,2246.287353515625
,2455,,,,1453.4761962890625
,2456,,,,1725.4324951171875
,2457,,,,1471.41455078125
,2458,,,,1925.989501953125
,2459,,,,1893.320068359375
,2460,,,,1757.1163330078125
,2461,,,,1495.5948486328125
,2462,,,,1934.4163818359375
,2463,,,,2073.416015625
76,9624,,,1668.310302734375,
76,9624,1691.24609375,,,
77,9649,,1843.4072265625,,
77,9699,,1655.318359375,,
77,9749,,1597.7861328125,,
,2464,,,,1183.82421875
,2465,,,,1418.6776123046875
,2466,,,,1487.3890380859375
,2467,,,,1622.8701171875
,2468,,,,2001.0970458984375
,2469,,,,1526.4539794921875
,2470,,,,1864.630126953125
,2471,,,,1582.6375732421875
,2472,,,,1252.2872314453125
,2473,,,,1880.4971923828125
,2474,,,,2251.697509765625
,2475,,,,1664.5809326171875
,2476,,,,1712.0560302734375
,2477,,,,1973.1248779296875
,2478,,,,2035.8050537109375
,2479,,,,1436.656982421875
,2480,,,,1407.0379638671875
,2481,,,,1389.77587890625
,2482,,,,1625.59326171875
,2483,,,,1353.8067626953125
,2484,,,,1514.953369140625
,2485,,,,1665.1934814453125
,2486,,,,2248.504638671875
,2487,,,,1460.364501953125
,2488,,,,1730.256591796875
,2489,,,,1477.7774658203125
,2490,,,,1926.1810302734375
,2491,,,,1902.196533203125
,2492,,,,1762.876708984375
,2493,,,,1503.389892578125
,2494,,,,1942.3568115234375
,2495,,,,2077.608642578125
77,9749,,,1674.3663330078125,
77,9749,1689.9578857421875,,,
78,9799,,1535.114990234375,,
78,9849,,1590.4583740234375,,
,2496,,,,1188.1632080078125
,2497,,,,1416.9586181640625
,2498,,,,1484.75732421875
,2499,,,,1618.656982421875
,2500,,,,1997.183349609375
,2501,,,,1524.40869140625
,2502,,,,1858.4754638671875
,2503,,,,1582.280029296875
,2504,,,,1249.22509765625
,2505,,,,1879.8896484375
,2506,,,,2250.532470703125
,2507,,,,1659.0867919921875
,2508,,,,1714.023681640625
,2509,,,,1964.226318359375
,2510,,,,2035.69384765625
,2511,,,,1434.4071044921875
,2512,,,,1402.7572021484375
,2513,,,,1387.4556884765625
,2514,,,,1620.6732177734375
,2515,,,,1348.675537109375
,2516,,,,1513.49169921875
,2517,,,,1668.205322265625
,2518,,,,2249.368408203125
,2519,,,,1461.3946533203125
,2520,,,,1729.5477294921875
,2521,,,,1476.0462646484375
,2522,,,,1925.3768310546875
,2523,,,,1906.298828125
,2524,,,,1765.6480712890625
,2525,,,,1503.6171875
,2526,,,,1937.8245849609375
,2527,,,,2075.054931640625
78,9874,,,1672.7396240234375,
78,9874,1688.5291748046875,,,
79,9899,,1505.358642578125,,
79,9949,,2000.46630859375,,
79,9999,,1982.42578125,,
,2528,,,,1177.3563232421875
,2529,,,,1408.6507568359375
,2530,,,,1478.4002685546875
,2531,,,,1613.938720703125
,2532,,,,1987.8870849609375
,2533,,,,1513.5101318359375
,2534,,,,1857.28173828125
,2535,,,,1571.8843994140625
,2536,,,,1242.5760498046875
,2537,,,,1872.1585693359375
,2538,,,,2242.01318359375
,2539,,,,1654.3480224609375
,2540,,,,1709.576171875
,2541,,,,1962.206787109375
,2542,,,,2030.7589111328125
,2543,,,,1423.391357421875
,2544,,,,1394.3914794921875
,2545,,,,1378.9166259765625
,2546,,,,1617.7503662109375
,2547,,,,1343.4970703125
,2548,,,,1505.101806640625
,2549,,,,1657.778564453125
,2550,,,,2244.583251953125
,2551,,,,1454.8321533203125
,2552,,,,1718.6917724609375
,2553,,,,1472.7193603515625
,2554,,,,1922.0289306640625
,2555,,,,1890.587646484375
,2556,,,,1752.83642578125
,2557,,,,1494.310791015625
,2558,,,,1930.557373046875
,2559,,,,2072.3427734375
79,9999,,,1665.36328125,
79,9999,1688.861328125,,,
80,10049,,1974.4605712890625,,
80,10099,,1613.216552734375,,
,2560,,,,1178.861572265625
,2561,,,,1409.6767578125
,2562,,,,1476.9658203125
,2563,,,,1609.49169921875
,2564,,,,1987.91650390625
,2565,,,,1513.1331787109375
,2566,,,,1855.3009033203125
,2567,,,,1570.1131591796875
,2568,,,,1242.5582275390625
,2569,,,,1867.668701171875
,2570,,,,2240.646728515625
,2571,,,,1651.89599609375
,2572,,,,1704.403076171875
,2573,,,,1957.0372314453125
,2574,,,,2028.7391357421875
,2575,,,,1425.923828125
,2576,,,,1390.1298828125
,2577,,,,1378.939697265625
,2578,,,,1613.9669189453125
,2579,,,,1340.2491455078125
,2580,,,,1502.9366455078125
,2581,,,,1653.9639892578125
,2582,,,,2238.526123046875
,2583,,,,1447.510009765625
,2584,,,,1717.8177490234375
,2585,,,,1468.930419921875
,2586,,,,1916.6322021484375
,2587,,,,1886.408935546875
,2588,,,,1749.076904296875
,2589,,,,1493.7220458984375
,2590,,,,1928.9981689453125
,2591,,,,2075.0439453125
80,10124,,,1662.941162109375,
80,10124,1686.3101806640625,,,
81,10149,,1110.36962890625,,
81,10199,,1460.980224609375,,
81,10249,,1788.876953125,,
,2592,,,,1186.4771728515625
,2593,,,,1420.30859375
,2594,,,,1490.655029296875
,2595,,,,1617.29150390625
,2596,,,,1997.451904296875
,2597,,,,1521.748779296875
,2598,,,,1859.9283447265625
,2599,,,,1577.686279296875
,2600,,,,1251.93701171875
,2601,,,,1880.8543701171875
,2602,,,,2249.29150390625
,2603,,,,1663.7138671875
,2604,,,,1715.7481689453125
,2605,,,,1968.787841796875
,2606,,,,2043.69384765625
,2607,,,,1435.6065673828125
,2608,,,,1402.3634033203125
,2609,,,,1387.776123046875
,2610,,,,1621.6988525390625
,2611,,,,1353.79638671875
,2612,,,,1512.547607421875
,2613,,,,1660.6719970703125
,2614,,,,2248.44580078125
,2615,,,,1452.3236083984375
,2616,,,,1729.24072265625
,2617,,,,1475.6640625
,2618,,,,1927.2239990234375
,2619,,,,1898.7076416015625
,2620,,,,1757.72900390625
,2621,,,,1501.998291015625
,2622,,,,1934.4503173828125
,2623,,,,2076.894775390625
81,10249,,,1672.4813232421875,
81,10249,1685.3123779296875,,,
82,10299,,1780.68359375,,
82,10349,,1726.8831787109375,,
,2624,,,,1181.3695068359375
,2625,,,,1412.3963623046875
,2626,,,,1477.4425048828125
,2627,,,,1609.5428466796875
,2628,,,,1991.85498046875
,2629,,,,1518.807861328125
,2630,,,,1852.2672119140625
,2631,,,,1571.9744873046875
,2632,,,,1244.5274658203125
,2633,,,,1873.582275390625
,2634,,,,2244.47119140625
,2635,,,,1655.8153076171875
,2636,,,,1706.7344970703125
,2637,,,,1958.540771484375
,2638,,,,2029.9505615234375
,2639,,,,1424.3248291015625
,2640,,,,1400.5181884765625
,2641,,,,1380.333740234375
,2642,,,,1615.951171875
,2643,,,,1344.732666015625
,2644,,,,1507.0030517578125
,2645,,,,1661.631591796875
,2646,,,,2245.642578125
,2647,,,,1452.5301513671875
,2648,,,,1720.484375
,2649,,,,1472.3326416015625
,2650,,,,1918.174072265625
,2651,,,,1894.9503173828125
,2652,,,,1755.8197021484375
,2653,,,,1497.3956298828125
,2654,,,,1929.5020751953125
,2655,,,,2074.615966796875
82,10374,,,1666.21630859375,
82,10374,1683.2998046875,,,
83,10399,,1578.0628662109375,,
83,10449,,1831.421142578125,,
83,10499,,1973.9752197265625,,
,2656,,,,1182.649169921875
,2657,,,,1409.5389404296875
,2658,,,,1483.8753662109375
,2659,,,,1610.6123046875
,2660,,,,1990.343505859375
,2661,,,,1519.0013427734375
,2662,,,,1856.46142578125
,2663,,,,1575.030029296875
,2664,,,,1243.1541748046875
,2665,,,,1872.23974609375
,2666,,,,2243.595458984375
,2667,,,,1657.02685546875
,2668,,,,1710.5262451171875
,2669,,,,1961.4019775390625
,2670,,,,2030.273193359375
,2671,,,,1427.7869873046875
,2672,,,,1398.1351318359375
,2673,,,,1381.510009765625
,2674,,,,1613.6026611328125
,2675,,,,1344.08203125
,2676,,,,1505.9857177734375
,2677,,,,1660.5089111328125
,2678,,,,2244.18115234375
,2679,,,,1454.677978515625
,2680,,,,1727.014404296875
,2681,,,,1468.7137451171875
,2682,,,,1921.3902587890625
,2683,,,,1895.8843994140625
,2684,,,,1757.5087890625
,2685,,,,1497.68017578125
,2686,,,,1929.4598388671875
,2687,,,,2067.653076171875
83,10499,,,1666.904541015625,
83,10499,1679.8328857421875,,,
84,10549,,1365.61181640625,,
84,10599,,1285.3590087890625,,
,2688,,,,1174.2462158203125
,2689,,,,1412.5953369140625
,2690,,,,1480.601318359375
,2691,,,,1608.6146240234375
,2692,,,,1993.1993408203125
,2693,,,,1519.510498046875
,2694,,,,1861.2593994140625
,2695,,,,1573.09423828125
,2696,,,,1252.0399169921875
,2697,,,,1875.751708984375
,2698,,,,2243.043212890625
,2699,,,,1663.8218994140625
,2700,,,,1711.6019287109375
,2701,,,,1966.9908447265625
,2702,,,,2039.9595947265625
,2703,,,,1434.829833984375
,2704,,,,1401.9405517578125
,2705,,,,1381.80908203125
,2706,,,,1616.750732421875
,2707,,,,1346.9840087890625
,2708,,,,1508.3983154296875
,2709,,,,1659.5333251953125
,2710,,,,2249.846435546875
,2711,,,,1444.5006103515625
,2712,,,,1715.98095703125
,2713,,,,1479.1708984375
,2714,,,,1927.7293701171875
,2715,,,,1894.5755615234375
,2716,,,,1755.3123779296875
,2717,,,,1499.7626953125
,2718,,,,1933.5557861328125
,2719,,,,2082.30712890625
84,10624,,,1668.722900390625,
84,10624,1683.34326171875,,,
85,10649,,2397.409423828125,,
85,10699,,1532.982177734375,,
85,10749,,1420.9583740234375,,
,2720,,,,1171.113037109375
,2721,,,,1402.9091796875
,2722,,,,1471.048828125
,2723,,,,1605.510009765625
,2724,,,,1985.0946044921875
,2725,,,,1509.3756103515625
,2726,,,,1845.7281494140625
,2727,,,,1564.0733642578125
,2728,,,,1236.006591796875
,2729,,,,1864.36865234375
,2730,,,,2235.02978515625
,2731,,,,1645.374755859375
,2732,,,,1696.87353515625
,2733,,,,1951.19140625
,2734,,,,2021.47314453125
,2735,,,,1419.7862548828125
,2736,,,,1386.7255859375
,2737,,,,1373.32080078125
,2738,,,,1605.291015625
,2739,,,,1334.2022705078125
,2740,,,,1498.2103271484375
,2741,,,,1649.36181640625
,2742,,,,2233.9287109375
,2743,,,,1445.71826171875
,2744,,,,1708.4752197265625
,2745,,,,1464.4697265625
,2746,,,,1905.13037109375
,2747,,,,1882.375244140625
,2748,,,,1743.084716796875
,2749,,,,1487.3284912109375
,2750,,,,1924.189697265625
,2751,,,,2063.656494140625
85,10749,,,1657.0460205078125,
85,10749,1682.62548828125,,,
86,10799,,1542.9326171875,,
86,10849,,1795.9844970703125,,
,2752,,,,1178.7862548828125
,2753,,,,1409.0821533203125
,2754,,,,1481.953369140625
,2755,,,,1610.5433349609375
,2756,,,,1990.57275390625
,2757,,,,1517.2054443359375
,2758,,,,1853.7484130859375
,2759,,,,1572.4871826171875
,2760,,,,1245.3846435546875
,2761,,,,1873.3448486328125
,2762,,,,2240.668212890625
,2763,,,,1656.0740966796875
,2764,,,,1711.0634765625
,2765,,,,1957.7530517578125
,2766,,,,2033.0948486328125
,2767,,,,1427.7425537109375
,2768,,,,1396.240234375
,2769,,,,1379.4478759765625
,2770,,,,1613.18408203125
,2771,,,,1345.4046630859375
,2772,,,,1502.60009765625
,2773,,,,1657.6817626953125
,2774,,,,2242.276611328125
,2775,,,,1451.701904296875
,2776,,,,1725.546630859375
,2777,,,,1472.7579345703125
,2778,,,,1921.158447265625
,2779,,,,1893.124267578125
,2780,,,,1756.087646484375
,2781,,,,1495.492431640625
,2782,,,,1927.5648193359375
,2783,,,,2072.60400390625
86,10874,,,1665.8538818359375,
86,10874,1680.80615234375,,,
87,10899,,1512.4212646484375,,
87,10949,,1532.3770751953125,,
87,10999,,1375.64208984375,,
,2784,,,,1173.7442626953125
,2785,,,,1406.742919921875
,2786,,,,1480.4842529296875
,2787,,,,1606.66064453125
,2788,,,,1987.273193359375
,2789,,,,1519.034912109375
,2790,,,,1855.1883544921875
,2791,,,,1570.7894287109375
,2792,,,,1241.695068359375
,2793,,,,1877.3504638671875
,2794,,,,2242.896240234375
,2795,,,,1658.0784912109375
,2796,,,,1702.4102783203125
,2797,,,,1963.14013671875
,2798,,,,2031.0228271484375
,2799,,,,1426.485107421875
,2800,,,,1399.16650390625
,2801,,,,1379.954833984375
,2802,,,,1612.3121337890625
,2803,,,,1341.3719482421875
,2804,,,,1506.40380859375
,2805,,,,1658.5452880859375
,2806,,,,2243.030517578125
,2807,,,,1447.0079345703125
,2808,,,,1713.97998046875
,2809,,,,1469.22998046875
,2810,,,,1919.0179443359375
,2811,,,,1896.7255859375
,2812,,,,1751.59521484375
,2813,,,,1494.661376953125
,2814,,,,1932.0440673828125
,2815,,,,2074.181640625
87,10999,,,1664.850830078125,
87,10999,1679.996337890625,,,
88,11049,,1240.4652099609375,,
88,11099,,1860.7301025390625,,
,2816,,,,1163.3505859375
,2817,,,,1392.9739990234375
,2818,,,,1471.03369140625
,2819,,,,1600.558349609375
,2820,,,,1977.5213623046875
,2821,,,,1508.085205078125
,2822,,,,1844.95703125
,2823,,,,1561.4091796875
,2824,,,,1234.7034912109375
,2825,,,,1866.5955810546875
,2826,,,,2229.396484375
,2827,,,,1645.75146484375
,2828,,,,1689.9678955078125
,2829,,,,1950.048828125
,2830,,,,2017.951904296875
,2831,,,,1419.413330078125
,2832,,,,1385.1890869140625
,2833,,,,1370.2177734375
,2834,,,,1603.4739990234375
,2835,,,,1330.36279296875
,2836,,,,1496.60986328125
,2837,,,,1646.3121337890625
,2838,,,,2229.047607421875
,2839,,,,1438.308349609375
,2840,,,,1704.68017578125
,2841,,,,1456.5831298828125
,2842,,,,1901.410888671875
,2843,,,,1883.4698486328125
,2844,,,,1736.915771484375
,2845,,,,1480.9146728515625
,2846,,,,1923.4354248046875
,2847,,,,2061.377197265625
88,11124,,,1653.6317138671875,
88,11124,1679.8873291015625,,,
89,11149,,2441.603271484375,,
89,11199,,1888.8836669921875,,
89,11249,,1413.5958251953125,,
,2848,,,,1174.2060546875
,2849,,,,1409.068603515625
,2850,,,,1474.405517578125
,2851,,,,1604.58984375
,2852,,,,1989.198486328125
,2853,,,,1513.63134765625
,2854,,,,1852.1473388671875
,2855,,,,1568.35693359375
,2856,,,,1246.9476318359375
,2857,,,,1871.3392333984375
,2858,,,,2240.219970703125
,2859,,,,1656.65771484375
,2860,,,,1707.70361328125
,2861,,,,1959.7298583984375
,2862,,,,2032.6234130859375
,2863,,,,1426.1409912109375
,2864,,,,1397.536376953125
,2865,,,,1375.07666015625
,2866,,,,1610.1998291015625
,2867,,,,1339.932373046875
,2868,,,,1501.982421875
,2869,,,,1657.3009033203125
,2870,,,,2244.779296875
,2871,,,,1447.364501953125
,2872,,,,1716.61083984375
,2873,,,,1472.9793701171875
,2874,,,,1918.8262939453125
,2875,,,,1892.06396484375
,2876,,,,1753.1829833984375
,2877,,,,1495.52783203125
,2878,,,,1926.2677001953125
,2879,,,,2074.28125
89,11249,,,1663.8453369140625,
89,11249,1677.5147705078125,,,
90,11299,,1756.0714111328125,,
90,11349,,1827.5103759765625,,
,2880,,,,1180.2012939453125
,2881,,,,1418.525634765625
,2882,,,,1482.8150634765625
,2883,,,,1613.9764404296875
,2884,,,,1996.26171875
,2885,,,,1524.6383056640625
,2886,,,,1860.1131591796875
,2887,,,,1575.9990234375
,2888,,,,1253.240478515625
,2889,,,,1880.2430419921875
,2890,,,,2248.707763671875
,2891,,,,1664.4996337890625
,2892,,,,1712.267822265625
,2893,,,,1967.5894775390625
,2894,,,,2037.5546875
,2895,,,,1434.03662109375
,2896,,,,1407.168212890625
,2897,,,,1384.8538818359375
,2898,,,,1615.638427734375
,2899,,,,1345.65771484375
,2900,,,,1510.828857421875
,2901,,,,1669.721923828125
,2902,,,,2250.324951171875
,2903,,,,1450.1068115234375
,2904,,,,1721.8353271484375
,2905,,,,1477.2674560546875
,2906,,,,1924.8153076171875
,2907,,,,1904.345703125
,2908,,,,1760.93896484375
,2909,,,,1504.41064453125
,2910,,,,1935.487548828125
,2911,,,,2082.27294921875
90,11374,,,1671.5084228515625,
90,11374,1678.4581298828125,,,
91,11399,,2086.53759765625,,
91,11449,,1814.8802490234375,,
91,11499,,1419.3052978515625,,
,2912,,,,1160.522216796875
,2913,,,,1393.8323974609375
,2914,,,,1464.3955078125
,2915,,,,1597.9876708984375
,2916,,,,1975.1607666015625
,2917,,,,1502.576416015625
,2918,,,,1837.3121337890625
,2919,,,,1554.2127685546875
,2920,,,,1230.039306640625
,2921,,,,1859.62744140625
,2922,,,,2224.325439453125
,2923,,,,1639.7843017578125
,2924,,,,1687.363037109375
,2925,,,,1945.431884765625
,2926,,,,2012.247802734375
,2927,,,,1408.8245849609375
,2928,,,,1381.102783203125
,2929,,,,1364.4144287109375
,2930,,,,1601.1097412109375
,2931,,,,1327.255615234375
,2932,,,,1489.4501953125
,2933,,,,1642.878173828125
,2934,,,,2225.80078125
,2935,,,,1439.0347900390625
,2936,,,,1697.9432373046875
,2937,,,,1455.8876953125
,2938,,,,1898.838623046875
,2939,,,,1876.3902587890625
,2940,,,,1736.429443359375
,2941,,,,1476.7080078125
,2942,,,,1915.98974609375
,2943,,,,2059.068359375
91,11499,,,1649.2044677734375,
91,11499,1677.1282958984375,,,
92,11549,,1723.8037109375,,
92,11599,,1605.33740234375,,
,2944,,,,1177.32275390625
,2945,,,,1414.9183349609375
,2946,,,,1477.7825927734375
,2947,,,,1610.4267578125
,2948,,,,1991.399169921875
,2949,,,,1522.2939453125
,2950,,,,1857.5155029296875
,2951,,,,1570.5682373046875
,2952,,,,1248.26611328125
,2953,,,,1869.9395751953125
,2954,,,,2241.03271484375
,2955,,,,1658.326416015625
,2956,,,,1705.00341796875
,2957,,,,1961.5677490234375
,2958,,,,2031.5440673828125
,2959,,,,1428.448974609375
,2960,,,,1402.2442626953125
,2961,,,,1380.9925537109375
,2962,,,,1610.241943359375
,2963,,,,1340.206787109375
,2964,,,,1506.30517578125
,2965,,,,1662.8582763671875
,2966,,,,2245.431884765625
,2967,,,,1451.3953857421875
,2968,,,,1722.5477294921875
,2969,,,,1473.27880859375
,2970,,,,1919.4400634765625
,2971,,,,1895.163818359375
,2972,,,,1757.679443359375
,2973,,,,1500.1842041015625
,2974,,,,1928.944091796875
,2975,,,,2070.549560546875
92,11624,,,1666.5892333984375,
92,11624,1676.7774658203125,,,
93,11649,,1996.5234375,,
93,11699,,1761.81201171875,,
93,11749,,1544.4666748046875,,
,2976,,,,1161.1600341796875
,2977,,,,1396.5401611328125
,2978,,,,1469.0712890625
,2979,,,,1601.43505859375
,2980,,,,1978.853759765625
,2981,,,,1507.11279296875
,2982,,,,1840.939453125
,2983,,,,1558.50732421875
,2984,,,,1235.507568359375
,2985,,,,1865.354248046875
,2986,,,,2229.059326171875
,2987,,,,1642.8712158203125
,2988,,,,1689.6024169921875
,2989,,,,1949.5185546875
,2990,,,,2018.306884765625
,2991,,,,1420.443603515625
,2992,,,,1385.3394775390625
,2993,,,,1370.2919921875
,2994,,,,1602.984130859375
,2995,,,,1331.9066162109375
,2996,,,,1493.6168212890625
,2997,,,,1646.3502197265625
,2998,,,,2227.326904296875
,2999,,,,1437.497314453125
,3000,,,,1702.36767578125
,3001,,,,1457.7320556640625
,3002,,,,1899.8426513671875
,3003,,,,1879.2794189453125
,3004,,,,1739.4388427734375
,3005,,,,1478.3726806640625
,3006,,,,1922.2972412109375
,3007,,,,2065.85546875
93,11749,,,1652.97265625,
93,11749,1673.22314453125,,,
94,11799,,1465.0311279296875,,
94,11849,,1320.989501953125,,
,3008,,,,1164.4080810546875
,3009,,,,1397.855224609375
,3010,,,,1470.02197265625
,3011,,,,1599.357177734375
,3012,,,,1977.7926025390625
,3013,,,,1506.2506103515625
,3014,,,,1841.512939453125
,3015,,,,1556.9033203125
,3016,,,,1235.1781005859375
,3017,,,,1860.9559326171875
,3018,,,,2229.705078125
,3019,,,,1643.068115234375
,3020,,,,1692.97900390625
,3021,,,,1947.4296875
,3022,,,,2016.435791015625
,3023,,,,1418.0845947265625
,3024,,,,1384.99951171875
,3025,,,,1367.9371337890625
,3026,,,,1601.5303955078125
,3027,,,,1329.28076171875
,3028,,,,1494.290283203125
,3029,,,,1649.1524658203125
,3030,,,,2229.720703125
,3031,,,,1439.10205078125
,3032,,,,1702.85400390625
,3033,,,,1459.0357666015625
,3034,,,,1902.5948486328125
,3035,,,,1880.52783203125
,3036,,,,1737.1751708984375
,3037,,,,1485.4161376953125
,3038,,,,1919.8309326171875
,3039,,,,2065.576904296875
94,11874,,,1653.049072265625,
94,11874,1671.4632568359375,,,
95,11899,,1257.01953125,,
95,11949,,1807.181640625,,
95,11999,,1625.200439453125,,
,3040,,,,1161.953857421875
,3041,,,,1395.203369140625
,3042,,,,1468.1146240234375
,3043,,,,1598.7100830078125
,3044,,,,1977.2691650390625
,3045,,,,1505.44873046875
,3046,,,,1838.297607421875
,3047,,,,1558.2489013671875
,3048,,,,1233.5198974609375
,3049,,,,1862.29931640625
,3050,,,,2228.709716796875
,3051,,,,1644.061767578125
,3052,,,,1692.098876953125
,3053,,,,1947.498291015625
,3054,,,,2018.45751953125
,3055,,,,1417.03857421875
,3056,,,,1385.9075927734375
,3057,,,,1367.20068359375
,3058,,,,1600.826171875
,3059,,,,1330.0089111328125
,3060,,,,1490.825439453125
,3061,,,,1646.134765625
,3062,,,,2229.890380859375
,3063,,,,1436.2900390625
,3064,,,,1703.00634765625
,3065,,,,1459.299072265625
,3066,,,,1901.3275146484375
,3067,,,,1878.0576171875
,3068,,,,1739.1962890625
,3069,,,,1481.7376708984375
,3070,,,,1918.2655029296875
,3071,,,,2063.5810546875
95,11999,,,1652.185791015625,
95,11999,1671.3680419921875,,,
96,12049,,1894.443115234375,,
96,12099,,2003.7314453125,,
,3072,,,,1159.7752685546875
,3073,,,,1391.84130859375
,3074,,,,1465.300537109375
,3075,,,,1595.2332763671875
,3076,,,,1972.405517578125
,3077,,,,1503.87353515625
,3078,,,,1836.1190185546875
,3079,,,,1553.9412841796875
,3080,,,,1226.6983642578125
,3081,,,,1858.3250732421875
,3082,,,,2226.138916015625
,3083,,,,1638.4959716796875
,3084,,,,1682.8358154296875
,3085,,,,1942.9794921875
,3086,,,,2011.5748291015625
,3087,,,,1410.6806640625
,3088,,,,1382.763916015625
,3089,,,,1365.7374267578125
,3090,,,,1595.927734375
,3091,,,,1324.962890625
,3092,,,,1489.9603271484375
,3093,,,,1643.2529296875
,3094,,,,2222.240478515625
,3095,,,,1436.024658203125
,3096,,,,1694.6640625
,3097,,,,1454.5693359375
,3098,,,,1891.985107421875
,3099,,,,1874.6865234375
,3100,,,,1731.481689453125
,3101,,,,1475.938232421875
,3102,,,,1916.178466796875
,3103,,,,2056.907470703125
96,12124,,,1647.706298828125,
96,12124,1672.14599609375,,,
97,12149,,1341.1705322265625,,
97,12199,,1573.099853515625,,
97,12249,,2051.90869140625,,
,3104,,,,1168.5091552734375
,3105,,,,1404.7073974609375
,3106,,,,1471.3653564453125
,3107,,,,1603.2919921875
,3108,,,,1984.64794921875
,3109,,,,1512.4248046875
,3110,,,,1844.375
,3111,,,,1561.378173828125
,3112,,,,1239.0517578125
,3113,,,,1860.59228515625
,3114,,,,2234.0703125
,3115,,,,1648.38525390625
,3116,,,,1699.93896484375
,3117,,,,1952.045654296875
,3118,,,,2022.3404541015625
,3119,,,,1424.2921142578125
,3120,,,,1392.0711669921875
,3121,,,,1371.48486328125
,3122,,,,1603.87109375
,3123,,,,1332.611328125
,3124,,,,1497.08251953125
,3125,,,,1653.70166015625
,3126,,,,2233.703857421875
,3127,,,,1442.65966796875
,3128,,,,1709.46142578125
,3129,,,,1464.90869140625
,3130,,,,1909.63427734375
,3131,,,,1885.278076171875
,3132,,,,1749.2938232421875
,3133,,,,1489.341064453125
,3134,,,,1920.62451171875
,3135,,,,2064.5302734375
97,12249,,,1657.7047119140625,
97,12249,1670.271484375,,,
98,12299,,1359.9696044921875,,
98,12349,,1443.3212890625,,
,3136,,,,1165.574462890625
,3137,,,,1394.6727294921875
,3138,,,,1463.920166015625
,3139,,,,1597.908203125
,3140,,,,1974.45947265625
,3141,,,,1503.6068115234375
,3142,,,,1836.806640625
,3143,,,,1553.162841796875
,3144,,,,1228.47705078125
,3145,,,,1855.3670654296875
,3146,,,,2225.41455078125
,3147,,,,1639.9554443359375
,3148,,,,1692.216796875
,3149,,,,1944.7642822265625
,3150,,,,2014.49560546875
,3151,,,,1411.7298583984375
,3152,,,,1382.0
,3153,,,,1364.35302734375
,3154,,,,1598.2791748046875
,3155,,,,1325.6395263671875
,3156,,,,1488.9425048828125
,3157,,,,1643.57861328125
,3158,,,,2226.2119140625
,3159,,,,1438.3470458984375
,3160,,,,1702.394287109375
,3161,,,,1456.306884765625
,3162,,,,1901.19873046875
,3163,,,,1878.8253173828125
,3164,,,,1738.0479736328125
,3165,,,,1482.2191162109375
,3166,,,,1912.8038330078125
,3167,,,,2052.64453125
98,12374,,,1649.7548828125,
98,12374,1668.345703125,,,
99,12399,,1479.48193359375,,
99,12449,,1736.599609375,,
99,12499,,1335.6954345703125,,
,3168,,,,1173.03515625
,3169,,,,1396.3065185546875
,3170,,,,1470.25634765625
,3171,,,,1599.2266845703125
,3172,,,,1973.697998046875
,3173,,,,1507.5899658203125
,3174,,,,1836.478271484375
,3175,,,,1560.128173828125
,3176,,,,1232.6004638671875
,3177,,,,1860.06298828125
,3178,,,,2224.5556640625
,3179,,,,1640.9381103515625
,3180,,,,1696.69482421875
,3181,,,,1944.4473876953125
,3182,,,,2019.9461669921875
,3183,,,,1411.0189208984375
,3184,,,,1387.498291015625
,3185,,,,1368.280517578125
,3186,,,,1600.0357666015625
,3187,,,,1329.9573974609375
,3188,,,,1494.5467529296875
,3189,,,,1645.967529296875
,3190,,,,2228.65966796875
,3191,,,,1443.061767578125
,3192,,,,1707.131591796875
,3193,,,,1461.2965087890625
,3194,,,,1905.8155517578125
,3195,,,,1878.866943359375
,3196,,,,1741.002685546875
,3197,,,,1486.9056396484375
,3198,,,,1917.571044921875
,3199,,,,2057.63916015625
99,12499,,,1653.055908203125,
99,12499,1669.6771240234375,,,
