epoch,step,train_loss_epoch,train_loss_step,val_loss_epoch,val_loss_step
0,49,,11966.1767578125,,
0,99,,14534.2998046875,,
0,149,,10230.40234375,,
0,199,,11166.783203125,,
,0,,,,10710.29296875
,1,,,,11687.3193359375
,2,,,,12374.8544921875
,3,,,,10773.5263671875
,4,,,,14396.9296875
,5,,,,11743.990234375
,6,,,,16965.740234375
,7,,,,11660.818359375
,8,,,,11599.7998046875
,9,,,,11254.2568359375
,10,,,,12550.22265625
,11,,,,13042.6201171875
,12,,,,13064.0947265625
,13,,,,13569.7861328125
,14,,,,16013.294921875
,15,,,,11332.4169921875
,16,,,,14181.6318359375
,17,,,,14366.5322265625
,18,,,,12332.984375
,19,,,,10420.5869140625
,20,,,,12609.984375
,21,,,,10586.6494140625
,22,,,,13493.1650390625
,23,,,,10854.748046875
,24,,,,13165.876953125
,25,,,,12934.5283203125
,26,,,,16387.412109375
,27,,,,12215.1298828125
,28,,,,12693.9375
,29,,,,13813.578125
,30,,,,14348.009765625
,31,,,,8955.56640625
,32,,,,14715.4404296875
,33,,,,10339.0537109375
,34,,,,12852.6044921875
,35,,,,12028.056640625
,36,,,,17528.9375
,37,,,,12662.890625
,38,,,,13491.6826171875
,39,,,,16395.611328125
,40,,,,15843.5810546875
,41,,,,12347.232421875
,42,,,,15022.5390625
,43,,,,14567.4921875
,44,,,,7489.9140625
,45,,,,13045.1630859375
,46,,,,13801.7861328125
,47,,,,11639.5849609375
,48,,,,12063.505859375
,49,,,,13502.83203125
,50,,,,13807.9853515625
,51,,,,11511.2919921875
,52,,,,13063.4130859375
,53,,,,11124.5986328125
,54,,,,10842.685546875
,55,,,,13263.3125
,56,,,,10984.61328125
,57,,,,10843.2646484375
,58,,,,14059.1142578125
,59,,,,11322.7666015625
,60,,,,16154.0986328125
,61,,,,17761.01171875
0,244,,,12844.1162109375,
0,244,12772.3408203125,,,
1,249,,12419.69140625,,
1,299,,12119.44140625,,
1,349,,11290.0,,
1,399,,15961.4443359375,,
1,449,,11735.2021484375,,
,62,,,,10689.255859375
,63,,,,11660.8857421875
,64,,,,12345.09765625
,65,,,,10747.7216796875
,66,,,,14358.3701171875
,67,,,,11713.95703125
,68,,,,16910.484375
,69,,,,11635.6845703125
,70,,,,11573.78125
,71,,,,11230.6552734375
,72,,,,12520.3505859375
,73,,,,13010.3564453125
,74,,,,13033.5654296875
,75,,,,13534.7119140625
,76,,,,15972.8984375
,77,,,,11306.443359375
,78,,,,14143.0654296875
,79,,,,14329.2607421875
,80,,,,12302.8916015625
,81,,,,10397.9384765625
,82,,,,12577.373046875
,83,,,,10565.8779296875
,84,,,,13454.1572265625
,85,,,,10828.6806640625
,86,,,,13125.833984375
,87,,,,12898.478515625
,88,,,,16335.00390625
,89,,,,12182.6572265625
,90,,,,12659.466796875
,91,,,,13775.6142578125
,92,,,,14310.5322265625
,93,,,,8936.9833984375
,94,,,,14671.49609375
,95,,,,10317.7919921875
,96,,,,12819.0947265625
,97,,,,11993.7958984375
,98,,,,17476.05859375
,99,,,,12627.34375
,100,,,,13452.990234375
,101,,,,16346.6455078125
,102,,,,15792.759765625
,103,,,,12314.28125
,104,,,,14979.0107421875
,105,,,,14525.6982421875
,106,,,,7479.3564453125
,107,,,,13008.7353515625
,108,,,,13764.232421875
,109,,,,11613.5751953125
,110,,,,12034.73046875
,111,,,,13467.99609375
,112,,,,13771.91015625
,113,,,,11484.9814453125
,114,,,,13032.9404296875
,115,,,,11095.4833984375
,116,,,,10822.3203125
,117,,,,13228.5439453125
,118,,,,10963.1005859375
,119,,,,10817.9873046875
,120,,,,14017.1982421875
,121,,,,11292.361328125
,122,,,,16109.1982421875
,123,,,,17709.275390625
1,489,,,12810.83984375,
1,489,12492.0205078125,,,
2,499,,13494.5029296875,,
2,549,,13460.884765625,,
2,599,,11346.5517578125,,
2,649,,10482.6748046875,,
2,699,,12923.8671875,,
,124,,,,10658.025390625
,125,,,,11622.1875
,126,,,,12301.4599609375
,127,,,,10706.1318359375
,128,,,,14304.486328125
,129,,,,11671.296875
,130,,,,16837.4296875
,131,,,,11598.8583984375
,132,,,,11531.2470703125
,133,,,,11195.533203125
,134,,,,12473.2314453125
,135,,,,12963.2412109375
,136,,,,12987.9638671875
,137,,,,13485.7880859375
,138,,,,15917.775390625
,139,,,,11266.9248046875
,140,,,,14081.2841796875
,141,,,,14269.3603515625
,142,,,,12261.3818359375
,143,,,,10358.958984375
,144,,,,12530.11328125
,145,,,,10530.3818359375
,146,,,,13399.5888671875
,147,,,,10792.7626953125
,148,,,,13069.6171875
,149,,,,12849.0986328125
,150,,,,16270.03515625
,151,,,,12142.53125
,152,,,,12613.1640625
,153,,,,13721.80078125
,154,,,,14259.783203125
,155,,,,8906.828125
,156,,,,14612.8955078125
,157,,,,10282.01953125
,158,,,,12771.4736328125
,159,,,,11949.025390625
,160,,,,17399.744140625
,161,,,,12576.015625
,162,,,,13394.1220703125
,163,,,,16278.279296875
,164,,,,15727.2431640625
,165,,,,12262.208984375
,166,,,,14926.5947265625
,167,,,,14471.724609375
,168,,,,7453.66552734375
,169,,,,12956.337890625
,170,,,,13715.9775390625
,171,,,,11576.64453125
,172,,,,11991.560546875
,173,,,,13420.03515625
,174,,,,13726.166015625
,175,,,,11448.1201171875
,176,,,,12988.0126953125
,177,,,,11052.4013671875
,178,,,,10792.7255859375
,179,,,,13181.1728515625
,180,,,,10928.2392578125
,181,,,,10781.7890625
,182,,,,13958.408203125
,183,,,,11250.146484375
,184,,,,16044.0927734375
,185,,,,17641.671875
2,734,,,12763.3173828125,
2,734,12280.6630859375,,,
3,749,,10178.927734375,,
3,799,,11615.9091796875,,
3,849,,11839.78515625,,
3,899,,12601.8525390625,,
3,949,,11013.29296875,,
,186,,,,10623.232421875
,187,,,,11582.8017578125
,188,,,,12249.8359375
,189,,,,10657.7509765625
,190,,,,14248.384765625
,191,,,,11627.380859375
,192,,,,16754.19921875
,193,,,,11560.20703125
,194,,,,11487.40625
,195,,,,11157.8232421875
,196,,,,12419.205078125
,197,,,,12909.6005859375
,198,,,,12934.36328125
,199,,,,13432.9677734375
,200,,,,15853.9599609375
,201,,,,11228.3115234375
,202,,,,14017.798828125
,203,,,,14205.8359375
,204,,,,12214.9833984375
,205,,,,10321.095703125
,206,,,,12481.978515625
,207,,,,10487.5517578125
,208,,,,13344.2431640625
,209,,,,10754.322265625
,210,,,,13007.8505859375
,211,,,,12798.1181640625
,212,,,,16196.28515625
,213,,,,12097.7255859375
,214,,,,12566.90625
,215,,,,13666.322265625
,216,,,,14206.375
,217,,,,8873.7744140625
,218,,,,14548.7900390625
,219,,,,10241.1123046875
,220,,,,12723.51171875
,221,,,,11902.05078125
,222,,,,17318.095703125
,223,,,,12521.296875
,224,,,,13328.939453125
,225,,,,16205.5439453125
,226,,,,15655.9716796875
,227,,,,12207.703125
,228,,,,14864.7890625
,229,,,,14411.61328125
,230,,,,7425.36376953125
,231,,,,12899.99609375
,232,,,,13659.556640625
,233,,,,11534.9248046875
,234,,,,11945.607421875
,235,,,,13372.8271484375
,236,,,,13677.4248046875
,237,,,,11406.884765625
,238,,,,12939.0380859375
,239,,,,11002.5947265625
,240,,,,10757.4140625
,241,,,,13126.2255859375
,242,,,,10891.1728515625
,243,,,,10743.0341796875
,244,,,,13896.4931640625
,245,,,,11206.4501953125
,246,,,,15976.1591796875
,247,,,,17571.673828125
3,979,,,12711.84375,
3,979,12135.19921875,,,
4,999,,13088.26171875,,
4,1049,,9088.3037109375,,
4,1099,,10513.9287109375,,
4,1149,,12333.279296875,,
4,1199,,12001.34765625,,
,248,,,,10573.6328125
,249,,,,11526.6865234375
,250,,,,12185.8369140625
,251,,,,10598.0439453125
,252,,,,14169.56640625
,253,,,,11563.650390625
,254,,,,16649.18359375
,255,,,,11502.5947265625
,256,,,,11427.8935546875
,257,,,,11107.5009765625
,258,,,,12352.767578125
,259,,,,12839.396484375
,260,,,,12868.4736328125
,261,,,,13363.6826171875
,262,,,,15774.5498046875
,263,,,,11171.927734375
,264,,,,13936.666015625
,265,,,,14126.2177734375
,266,,,,12154.9794921875
,267,,,,10269.1904296875
,268,,,,12415.4091796875
,269,,,,10433.8076171875
,270,,,,13263.853515625
,271,,,,10703.17578125
,272,,,,12924.927734375
,273,,,,12724.22265625
,274,,,,16098.61328125
,275,,,,12032.986328125
,276,,,,12498.67578125
,277,,,,13587.501953125
,278,,,,14135.1171875
,279,,,,8831.919921875
,280,,,,14460.943359375
,281,,,,10190.1103515625
,282,,,,12657.5205078125
,283,,,,11833.216796875
,284,,,,17215.009765625
,285,,,,12449.0078125
,286,,,,13251.05859375
,287,,,,16107.9560546875
,288,,,,15562.8779296875
,289,,,,12131.642578125
,290,,,,14788.0498046875
,291,,,,14333.5966796875
,292,,,,7390.73681640625
,293,,,,12823.4658203125
,294,,,,13594.6416015625
,295,,,,11481.0244140625
,296,,,,11882.6875
,297,,,,13305.794921875
,298,,,,13604.8779296875
,299,,,,11347.9375
,300,,,,12875.0517578125
,301,,,,10941.9560546875
,302,,,,10710.626953125
,303,,,,13054.939453125
,304,,,,10838.8486328125
,305,,,,10693.0009765625
,306,,,,13814.431640625
,307,,,,11147.0322265625
,308,,,,15887.912109375
,309,,,,17474.611328125
4,1224,,,12643.3701171875,
4,1224,12022.052734375,,,
5,1249,,12989.078125,,
5,1299,,12982.380859375,,
5,1349,,10426.126953125,,
5,1399,,10591.5439453125,,
5,1449,,12598.9501953125,,
,310,,,,10519.296875
,311,,,,11462.2919921875
,312,,,,12104.1376953125
,313,,,,10526.9794921875
,314,,,,14078.951171875
,315,,,,11494.7265625
,316,,,,16520.68359375
,317,,,,11442.6328125
,318,,,,11360.60546875
,319,,,,11044.4833984375
,320,,,,12273.5888671875
,321,,,,12758.9365234375
,322,,,,12784.5048828125
,323,,,,13278.7490234375
,324,,,,15675.9072265625
,325,,,,11105.2734375
,326,,,,13837.4228515625
,327,,,,14019.3369140625
,328,,,,12081.244140625
,329,,,,10209.4267578125
,330,,,,12338.04296875
,331,,,,10369.3369140625
,332,,,,13171.1494140625
,333,,,,10639.578125
,334,,,,12828.7890625
,335,,,,12637.2158203125
,336,,,,15980.6376953125
,337,,,,11961.662109375
,338,,,,12419.666015625
,339,,,,13494.68359375
,340,,,,14042.9140625
,341,,,,8779.845703125
,342,,,,14353.5029296875
,343,,,,10126.3330078125
,344,,,,12577.72265625
,345,,,,11756.705078125
,346,,,,17079.716796875
,347,,,,12363.57421875
,348,,,,13155.6923828125
,349,,,,15989.0224609375
,350,,,,15445.4521484375
,351,,,,12049.2919921875
,352,,,,14687.5791015625
,353,,,,14237.7763671875
,354,,,,7351.70556640625
,355,,,,12735.90234375
,356,,,,13506.2080078125
,357,,,,11414.1845703125
,358,,,,11808.82421875
,359,,,,13219.95703125
,360,,,,13524.9013671875
,361,,,,11284.6103515625
,362,,,,12793.3798828125
,363,,,,10869.8935546875
,364,,,,10657.0087890625
,365,,,,12975.7705078125
,366,,,,10778.8203125
,367,,,,10629.7548828125
,368,,,,13714.83984375
,369,,,,11069.9873046875
,370,,,,15778.0224609375
,371,,,,17359.03515625
5,1469,,,12561.1171875,
5,1469,11929.44921875,,,
6,1499,,11146.2490234375,,
6,1549,,11651.5068359375,,
6,1599,,10239.6201171875,,
6,1649,,10764.03125,,
6,1699,,11335.02734375,,
,372,,,,10472.0537109375
,373,,,,11397.7802734375
,374,,,,12031.2529296875
,375,,,,10461.1435546875
,376,,,,13987.3349609375
,377,,,,11422.892578125
,378,,,,16381.8935546875
,379,,,,11372.150390625
,380,,,,11289.609375
,381,,,,10988.2529296875
,382,,,,12194.619140625
,383,,,,12680.2978515625
,384,,,,12701.7431640625
,385,,,,13192.47265625
,386,,,,15579.8935546875
,387,,,,11029.943359375
,388,,,,13737.3154296875
,389,,,,13913.0
,390,,,,12013.3740234375
,391,,,,10154.68359375
,392,,,,12260.189453125
,393,,,,10302.7783203125
,394,,,,13073.7412109375
,395,,,,10580.712890625
,396,,,,12730.345703125
,397,,,,12550.740234375
,398,,,,15853.8486328125
,399,,,,11886.04296875
,400,,,,12337.3525390625
,401,,,,13403.873046875
,402,,,,13964.728515625
,403,,,,8734.265625
,404,,,,14248.01171875
,405,,,,10062.1259765625
,406,,,,12494.6826171875
,407,,,,11683.900390625
,408,,,,16925.197265625
,409,,,,12281.837890625
,410,,,,13057.7783203125
,411,,,,15863.5830078125
,412,,,,15326.29296875
,413,,,,11967.2158203125
,414,,,,14598.849609375
,415,,,,14144.2041015625
,416,,,,7316.78564453125
,417,,,,12655.1240234375
,418,,,,13428.201171875
,419,,,,11359.7392578125
,420,,,,11738.634765625
,421,,,,13148.0419921875
,422,,,,13445.1435546875
,423,,,,11219.8134765625
,424,,,,12715.7509765625
,425,,,,10798.3623046875
,426,,,,10609.7802734375
,427,,,,12887.9541015625
,428,,,,10720.5126953125
,429,,,,10575.6455078125
,430,,,,13618.4931640625
,431,,,,11004.419921875
,432,,,,15661.8623046875
,433,,,,17241.4609375
6,1714,,,12479.9970703125,
6,1714,11848.0859375,,,
7,1749,,12042.794921875,,
7,1799,,10447.603515625,,
7,1849,,14503.5341796875,,
7,1899,,13805.3232421875,,
7,1949,,9398.9365234375,,
,434,,,,10438.275390625
,435,,,,11353.0498046875
,436,,,,11959.9443359375
,437,,,,10390.525390625
,438,,,,13902.8095703125
,439,,,,11374.0078125
,440,,,,16249.58984375
,441,,,,11309.9794921875
,442,,,,11228.2373046875
,443,,,,10958.0048828125
,444,,,,12114.6337890625
,445,,,,12604.919921875
,446,,,,12624.9248046875
,447,,,,13119.927734375
,448,,,,15497.2138671875
,449,,,,10981.1123046875
,450,,,,13637.828125
,451,,,,13806.7021484375
,452,,,,11957.33203125
,453,,,,10109.0107421875
,454,,,,12199.2763671875
,455,,,,10251.75390625
,456,,,,12997.8232421875
,457,,,,10545.201171875
,458,,,,12642.9384765625
,459,,,,12485.697265625
,460,,,,15747.6162109375
,461,,,,11833.7119140625
,462,,,,12280.2509765625
,463,,,,13320.80078125
,464,,,,13898.783203125
,465,,,,8700.6357421875
,466,,,,14155.6376953125
,467,,,,10016.3037109375
,468,,,,12444.1318359375
,469,,,,11626.240234375
,470,,,,16782.712890625
,471,,,,12201.8720703125
,472,,,,12953.6240234375
,473,,,,15752.580078125
,474,,,,15225.71484375
,475,,,,11888.4375
,476,,,,14525.212890625
,477,,,,14065.6083984375
,478,,,,7278.1298828125
,479,,,,12570.607421875
,480,,,,13346.4736328125
,481,,,,11312.8447265625
,482,,,,11680.6103515625
,483,,,,13092.6640625
,484,,,,13399.0615234375
,485,,,,11172.7744140625
,486,,,,12648.9775390625
,487,,,,10735.1416015625
,488,,,,10562.1416015625
,489,,,,12817.4775390625
,490,,,,10678.158203125
,491,,,,10535.2412109375
,492,,,,13537.1044921875
,493,,,,10943.904296875
,494,,,,15549.015625
,495,,,,17130.50390625
7,1959,,,12410.712890625,
7,1959,11785.6044921875,,,
8,1999,,15025.0546875,,
8,2049,,10122.595703125,,
8,2099,,11091.96875,,
8,2149,,10218.3154296875,,
8,2199,,11859.7998046875,,
,496,,,,10356.744140625
,497,,,,11229.77734375
,498,,,,11838.0224609375
,499,,,,10281.3984375
,500,,,,13775.9619140625
,501,,,,11253.0556640625
,502,,,,16031.8525390625
,503,,,,11195.662109375
,504,,,,11107.740234375
,505,,,,10847.1513671875
,506,,,,11987.6875
,507,,,,12481.8642578125
,508,,,,12492.2529296875
,509,,,,12990.0302734375
,510,,,,15343.5625
,511,,,,10867.142578125
,512,,,,13499.7998046875
,513,,,,13643.9365234375
,514,,,,11859.544921875
,515,,,,10011.00390625
,516,,,,12082.5634765625
,517,,,,10157.794921875
,518,,,,12853.79296875
,519,,,,10456.123046875
,520,,,,12488.189453125
,521,,,,12333.6796875
,522,,,,15538.912109375
,523,,,,11714.8369140625
,524,,,,12140.39453125
,525,,,,13183.7119140625
,526,,,,13758.890625
,527,,,,8613.81640625
,528,,,,13999.0654296875
,529,,,,9902.017578125
,530,,,,12319.501953125
,531,,,,11509.3447265625
,532,,,,16557.060546875
,533,,,,12079.1337890625
,534,,,,12802.2353515625
,535,,,,15556.2216796875
,536,,,,15037.3447265625
,537,,,,11751.8466796875
,538,,,,14375.11328125
,539,,,,13914.9521484375
,540,,,,7216.50048828125
,541,,,,12438.04296875
,542,,,,13225.9404296875
,543,,,,11220.30078125
,544,,,,11573.0087890625
,545,,,,12975.31640625
,546,,,,13257.953125
,547,,,,11062.4208984375
,548,,,,12528.0029296875
,549,,,,10605.9912109375
,550,,,,10478.099609375
,551,,,,12687.9814453125
,552,,,,10582.8564453125
,553,,,,10452.6357421875
,554,,,,13376.9736328125
,555,,,,10837.673828125
,556,,,,15366.91796875
,557,,,,16962.927734375
8,2204,,,12280.8466796875,
8,2204,11727.388671875,,,
9,2249,,10680.2197265625,,
9,2299,,8829.8369140625,,
9,2349,,11225.421875,,
9,2399,,10597.5849609375,,
9,2449,,13631.056640625,,
,558,,,,10281.58203125
,559,,,,11123.1142578125
,560,,,,11695.1044921875
,561,,,,10159.9658203125
,562,,,,13614.5517578125
,563,,,,11135.4248046875
,564,,,,15794.814453125
,565,,,,11085.4443359375
,566,,,,10998.681640625
,567,,,,10748.5810546875
,568,,,,11845.111328125
,569,,,,12345.6123046875
,570,,,,12335.3955078125
,571,,,,12836.4267578125
,572,,,,15171.9521484375
,573,,,,10730.3662109375
,574,,,,13306.0380859375
,575,,,,13451.74609375
,576,,,,11727.333984375
,577,,,,9908.0791015625
,578,,,,11946.0947265625
,579,,,,10034.181640625
,580,,,,12700.1025390625
,581,,,,10337.6318359375
,582,,,,12309.00390625
,583,,,,12189.396484375
,584,,,,15330.849609375
,585,,,,11589.287109375
,586,,,,12004.283203125
,587,,,,13011.984375
,588,,,,13601.150390625
,589,,,,8534.6484375
,590,,,,13810.5673828125
,591,,,,9801.0322265625
,592,,,,12169.0791015625
,593,,,,11382.29296875
,594,,,,16311.21875
,595,,,,11908.53515625
,596,,,,12621.1044921875
,597,,,,15349.73828125
,598,,,,14827.4951171875
,599,,,,11612.9453125
,600,,,,14212.1455078125
,601,,,,13762.07421875
,602,,,,7145.2734375
,603,,,,12293.4091796875
,604,,,,13063.0283203125
,605,,,,11112.873046875
,606,,,,11435.7099609375
,607,,,,12838.060546875
,608,,,,13111.9853515625
,609,,,,10958.5849609375
,610,,,,12383.45703125
,611,,,,10475.7529296875
,612,,,,10391.990234375
,613,,,,12541.3447265625
,614,,,,10480.8955078125
,615,,,,10344.3896484375
,616,,,,13199.2666015625
,617,,,,10712.0498046875
,618,,,,15147.28125
,619,,,,16744.314453125
9,2449,,,12135.9912109375,
9,2449,11677.98828125,,,
10,2499,,13348.8232421875,,
10,2549,,14689.470703125,,
10,2599,,14156.0234375,,
10,2649,,10532.05078125,,
,620,,,,10235.486328125
,621,,,,11059.3876953125
,622,,,,11606.1220703125
,623,,,,10064.0244140625
,624,,,,13501.037109375
,625,,,,11061.64453125
,626,,,,15613.298828125
,627,,,,11009.4443359375
,628,,,,10913.5712890625
,629,,,,10705.7236328125
,630,,,,11732.3310546875
,631,,,,12243.0341796875
,632,,,,12244.90625
,633,,,,12746.91015625
,634,,,,15057.2236328125
,635,,,,10677.6455078125
,636,,,,13158.205078125
,637,,,,13311.9453125
,638,,,,11645.396484375
,639,,,,9842.3017578125
,640,,,,11855.5859375
,641,,,,9977.4287109375
,642,,,,12583.1689453125
,643,,,,10290.3916015625
,644,,,,12162.37109375
,645,,,,12112.224609375
,646,,,,15171.345703125
,647,,,,11516.953125
,648,,,,11922.6201171875
,649,,,,12915.86328125
,650,,,,13500.267578125
,651,,,,8497.1669921875
,652,,,,13683.8349609375
,653,,,,9724.2158203125
,654,,,,12086.0087890625
,655,,,,11312.3427734375
,656,,,,16112.4384765625
,657,,,,11796.5576171875
,658,,,,12472.02734375
,659,,,,15198.1513671875
,660,,,,14691.892578125
,661,,,,11499.125
,662,,,,14103.8017578125
,663,,,,13659.099609375
,664,,,,7097.08447265625
,665,,,,12176.6787109375
,666,,,,12975.4951171875
,667,,,,11059.5205078125
,668,,,,11360.7646484375
,669,,,,12763.1396484375
,670,,,,13030.2529296875
,671,,,,10897.1201171875
,672,,,,12294.2919921875
,673,,,,10388.7763671875
,674,,,,10334.7763671875
,675,,,,12445.318359375
,676,,,,10422.7216796875
,677,,,,10299.130859375
,678,,,,13076.6904296875
,679,,,,10628.970703125
,680,,,,14998.0048828125
,681,,,,16592.92578125
10,2694,,,12041.294921875,
10,2694,11626.134765625,,,
11,2699,,15110.4609375,,
11,2749,,9817.345703125,,
11,2799,,13688.9794921875,,
11,2849,,10938.50390625,,
11,2899,,12045.013671875,,
,682,,,,10042.240234375
,683,,,,10814.3642578125
,684,,,,11354.154296875
,685,,,,9864.841796875
,686,,,,13235.0224609375
,687,,,,10847.5458984375
,688,,,,15214.103515625
,689,,,,10787.599609375
,690,,,,10688.5400390625
,691,,,,10483.0673828125
,692,,,,11519.0908203125
,693,,,,12019.4853515625
,694,,,,11983.6279296875
,695,,,,12497.1982421875
,696,,,,14763.4033203125
,697,,,,10459.3271484375
,698,,,,12881.9765625
,699,,,,13001.48828125
,700,,,,11434.8017578125
,701,,,,9649.0458984375
,702,,,,11638.3662109375
,703,,,,9768.0126953125
,704,,,,12337.5458984375
,705,,,,10072.25
,706,,,,11919.169921875
,707,,,,11813.4638671875
,708,,,,14789.9951171875
,709,,,,11248.2373046875
,710,,,,11645.556640625
,711,,,,12658.888671875
,712,,,,13196.81640625
,713,,,,8313.2744140625
,714,,,,13385.44140625
,715,,,,9516.19140625
,716,,,,11848.6865234375
,717,,,,11063.619140625
,718,,,,15755.1552734375
,719,,,,11558.6328125
,720,,,,12211.4169921875
,721,,,,14876.53515625
,722,,,,14376.2783203125
,723,,,,11242.404296875
,724,,,,13779.3115234375
,725,,,,13390.591796875
,726,,,,6976.99462890625
,727,,,,11941.6005859375
,728,,,,12713.7099609375
,729,,,,10830.4052734375
,730,,,,11120.2451171875
,731,,,,12497.9765625
,732,,,,12724.3095703125
,733,,,,10681.62890625
,734,,,,12059.541015625
,735,,,,10163.5029296875
,736,,,,10118.5947265625
,737,,,,12211.9052734375
,738,,,,10244.666015625
,739,,,,10086.4072265625
,740,,,,12754.8388671875
,741,,,,10377.91015625
,742,,,,14703.4462890625
,743,,,,16286.4873046875
11,2939,,,11789.15234375,
11,2939,11579.5751953125,,,
12,2949,,11717.095703125,,
12,2999,,12822.580078125,,
12,3049,,10587.587890625,,
12,3099,,16797.53125,,
12,3149,,10676.533203125,,
,744,,,,10009.048828125
,745,,,,10724.0966796875
,746,,,,11267.6083984375
,747,,,,9770.7451171875
,748,,,,13146.9931640625
,749,,,,10758.84375
,750,,,,15040.134765625
,751,,,,10707.912109375
,752,,,,10607.06640625
,753,,,,10433.5791015625
,754,,,,11403.19921875
,755,,,,11910.96875
,756,,,,11879.884765625
,757,,,,12391.8603515625
,758,,,,14619.0517578125
,759,,,,10363.4189453125
,760,,,,12763.6533203125
,761,,,,12897.919921875
,762,,,,11360.2939453125
,763,,,,9590.69921875
,764,,,,11546.0830078125
,765,,,,9694.87109375
,766,,,,12215.75390625
,767,,,,10020.765625
,768,,,,11800.9873046875
,769,,,,11721.5419921875
,770,,,,14611.28125
,771,,,,11151.1865234375
,772,,,,11563.2568359375
,773,,,,12530.966796875
,774,,,,13091.7568359375
,775,,,,8249.841796875
,776,,,,13246.826171875
,777,,,,9441.1494140625
,778,,,,11758.8955078125
,779,,,,10972.939453125
,780,,,,15542.146484375
,781,,,,11456.990234375
,782,,,,12062.22265625
,783,,,,14701.2060546875
,784,,,,14192.0927734375
,785,,,,11108.904296875
,786,,,,13675.109375
,787,,,,13269.4609375
,788,,,,6941.64599609375
,789,,,,11822.2265625
,790,,,,12620.349609375
,791,,,,10783.490234375
,792,,,,11037.2734375
,793,,,,12429.2705078125
,794,,,,12636.65625
,795,,,,10601.6240234375
,796,,,,11964.00390625
,797,,,,10070.6572265625
,798,,,,10072.0791015625
,799,,,,12109.1787109375
,800,,,,10149.248046875
,801,,,,10054.0908203125
,802,,,,12628.984375
,803,,,,10283.0634765625
,804,,,,14553.0009765625
,805,,,,16149.0556640625
12,3184,,,11688.6220703125,
12,3184,11545.23046875,,,
13,3199,,12080.509765625,,
13,3249,,9625.962890625,,
13,3299,,9845.9267578125,,
13,3349,,9256.19140625,,
13,3399,,11866.35546875,,
,806,,,,9882.189453125
,807,,,,10605.904296875
,808,,,,11060.6767578125
,809,,,,9598.7607421875
,810,,,,12947.8037109375
,811,,,,10616.7900390625
,812,,,,14800.2265625
,813,,,,10545.4072265625
,814,,,,10439.1982421875
,815,,,,10300.1064453125
,816,,,,11219.7373046875
,817,,,,11704.9423828125
,818,,,,11682.7958984375
,819,,,,12242.4013671875
,820,,,,14437.4755859375
,821,,,,10240.142578125
,822,,,,12567.7841796875
,823,,,,12688.2099609375
,824,,,,11174.927734375
,825,,,,9451.04296875
,826,,,,11353.1064453125
,827,,,,9557.6513671875
,828,,,,11991.0673828125
,829,,,,9876.0
,830,,,,11573.875
,831,,,,11533.755859375
,832,,,,14388.115234375
,833,,,,10964.9619140625
,834,,,,11410.7900390625
,835,,,,12301.361328125
,836,,,,12920.2392578125
,837,,,,8165.45166015625
,838,,,,13008.525390625
,839,,,,9305.474609375
,840,,,,11592.1328125
,841,,,,10823.57421875
,842,,,,15253.42578125
,843,,,,11247.5634765625
,844,,,,11877.6123046875
,845,,,,14488.865234375
,846,,,,13967.96484375
,847,,,,10940.26171875
,848,,,,13501.6083984375
,849,,,,13065.298828125
,850,,,,6799.642578125
,851,,,,11584.732421875
,852,,,,12428.48046875
,853,,,,10585.0478515625
,854,,,,10881.705078125
,855,,,,12266.703125
,856,,,,12467.83203125
,857,,,,10444.0234375
,858,,,,11803.6328125
,859,,,,9933.30078125
,860,,,,9920.1474609375
,861,,,,11929.3017578125
,862,,,,10011.3173828125
,863,,,,9913.69140625
,864,,,,12434.396484375
,865,,,,10138.3994140625
,866,,,,14328.4677734375
,867,,,,15865.7421875
13,3429,,,11510.46875,
13,3429,11494.806640625,,,
14,3449,,10604.78125,,
14,3499,,11347.1669921875,,
14,3549,,13143.310546875,,
14,3599,,12618.951171875,,
14,3649,,9003.1513671875,,
,868,,,,9939.7958984375
,869,,,,10659.1484375
,870,,,,11148.5068359375
,871,,,,9646.01171875
,872,,,,13015.1240234375
,873,,,,10693.7080078125
,874,,,,14830.2548828125
,875,,,,10577.0947265625
,876,,,,10480.712890625
,877,,,,10377.3212890625
,878,,,,11275.5009765625
,879,,,,11758.298828125
,880,,,,11736.330078125
,881,,,,12297.3134765625
,882,,,,14466.1044921875
,883,,,,10286.6123046875
,884,,,,12610.2373046875
,885,,,,12720.5712890625
,886,,,,11299.0849609375
,887,,,,9500.1494140625
,888,,,,11456.2646484375
,889,,,,9629.3603515625
,890,,,,12108.0517578125
,891,,,,9967.1982421875
,892,,,,11640.080078125
,893,,,,11590.1611328125
,894,,,,14384.1328125
,895,,,,11078.5029296875
,896,,,,11458.3173828125
,897,,,,12386.8193359375
,898,,,,12951.2470703125
,899,,,,8195.869140625
,900,,,,13081.6865234375
,901,,,,9348.52734375
,902,,,,11669.3984375
,903,,,,10905.421875
,904,,,,15254.2734375
,905,,,,11325.08203125
,906,,,,11893.9169921875
,907,,,,14521.0048828125
,908,,,,14045.576171875
,909,,,,10957.228515625
,910,,,,13543.7578125
,911,,,,13165.353515625
,912,,,,6854.8857421875
,913,,,,11665.96484375
,914,,,,12500.140625
,915,,,,10710.1962890625
,916,,,,10971.232421875
,917,,,,12326.8701171875
,918,,,,12570.416015625
,919,,,,10549.23828125
,920,,,,11856.859375
,921,,,,9945.7216796875
,922,,,,9978.701171875
,923,,,,11978.4306640625
,924,,,,10061.2548828125
,925,,,,10004.1103515625
,926,,,,12489.08203125
,927,,,,10175.05078125
,928,,,,14354.373046875
,929,,,,15990.05078125
14,3674,,,11571.0546875,
14,3674,11455.482421875,,,
15,3699,,10732.37890625,,
15,3749,,11957.2470703125,,
15,3799,,9348.9970703125,,
15,3849,,11005.3291015625,,
15,3899,,9728.1943359375,,
,930,,,,9773.126953125
,931,,,,10481.134765625
,932,,,,10927.3681640625
,933,,,,9467.1484375
,934,,,,12791.423828125
,935,,,,10494.0751953125
,936,,,,14556.14453125
,937,,,,10378.2890625
,938,,,,10285.552734375
,939,,,,10170.5126953125
,940,,,,11072.251953125
,941,,,,11554.2119140625
,942,,,,11499.5322265625
,943,,,,12064.0595703125
,944,,,,14250.037109375
,945,,,,10074.2783203125
,946,,,,12391.4970703125
,947,,,,12456.318359375
,948,,,,11061.9697265625
,949,,,,9338.9482421875
,950,,,,11241.3095703125
,951,,,,9451.6904296875
,952,,,,11848.2431640625
,953,,,,9766.0625
,954,,,,11404.935546875
,955,,,,11343.8505859375
,956,,,,14118.798828125
,957,,,,10834.6279296875
,958,,,,11231.2802734375
,959,,,,12138.0107421875
,960,,,,12747.72265625
,961,,,,8042.41796875
,962,,,,12835.6787109375
,963,,,,9177.5498046875
,964,,,,11435.068359375
,965,,,,10678.1181640625
,966,,,,14968.0185546875
,967,,,,11101.392578125
,968,,,,11710.4189453125
,969,,,,14256.0439453125
,970,,,,13757.9013671875
,971,,,,10754.990234375
,972,,,,13288.4990234375
,973,,,,12912.51171875
,974,,,,6719.11376953125
,975,,,,11422.75390625
,976,,,,12260.099609375
,977,,,,10488.4091796875
,978,,,,10733.498046875
,979,,,,12104.1953125
,980,,,,12307.59765625
,981,,,,10327.6083984375
,982,,,,11628.052734375
,983,,,,9771.9609375
,984,,,,9792.3486328125
,985,,,,11783.9111328125
,986,,,,9871.3017578125
,987,,,,9808.072265625
,988,,,,12221.3837890625
,989,,,,9993.568359375
,990,,,,14090.0478515625
,991,,,,15673.2568359375
15,3919,,,11350.861328125,
15,3919,11418.951171875,,,
16,3949,,12165.3603515625,,
16,3999,,12914.2919921875,,
16,4049,,9267.0771484375,,
16,4099,,10964.1044921875,,
16,4149,,8840.591796875,,
,992,,,,9724.490234375
,993,,,,10425.505859375
,994,,,,10815.4638671875
,995,,,,9411.8076171875
,996,,,,12680.0361328125
,997,,,,10431.8544921875
,998,,,,14406.3291015625
,999,,,,10315.5244140625
,1000,,,,10220.296875
,1001,,,,10108.5947265625
,1002,,,,10994.1552734375
,1003,,,,11500.041015625
,1004,,,,11424.6240234375
,1005,,,,11992.3857421875
,1006,,,,14152.72265625
,1007,,,,10003.2744140625
,1008,,,,12304.7255859375
,1009,,,,12405.4375
,1010,,,,10959.9052734375
,1011,,,,9294.3623046875
,1012,,,,11162.4404296875
,1013,,,,9395.5166015625
,1014,,,,11749.2998046875
,1015,,,,9702.0322265625
,1016,,,,11310.28515625
,1017,,,,11248.92578125
,1018,,,,14000.466796875
,1019,,,,10768.33203125
,1020,,,,11141.1728515625
,1021,,,,12063.6337890625
,1022,,,,12664.85546875
,1023,,,,7988.587890625
,1024,,,,12739.462890625
,1025,,,,9124.8818359375
,1026,,,,11347.1630859375
,1027,,,,10572.400390625
,1028,,,,14840.8447265625
,1029,,,,11005.86328125
,1030,,,,11619.5439453125
,1031,,,,14142.599609375
,1032,,,,13641.0654296875
,1033,,,,10681.953125
,1034,,,,13191.9443359375
,1035,,,,12783.1298828125
,1036,,,,6728.9541015625
,1037,,,,11359.140625
,1038,,,,12198.21875
,1039,,,,10474.3251953125
,1040,,,,10663.2861328125
,1041,,,,12020.4921875
,1042,,,,12253.41796875
,1043,,,,10268.9814453125
,1044,,,,11539.80078125
,1045,,,,9694.8486328125
,1046,,,,9738.5166015625
,1047,,,,11714.4560546875
,1048,,,,9807.232421875
,1049,,,,9726.375
,1050,,,,12100.8798828125
,1051,,,,9924.0205078125
,1052,,,,13986.630859375
,1053,,,,15596.6337890625
16,4164,,,11272.1884765625,
16,4164,11382.484375,,,
17,4199,,9894.197265625,,
17,4249,,13438.595703125,,
17,4299,,15644.6298828125,,
17,4349,,11722.2275390625,,
17,4399,,10765.2890625,,
,1054,,,,9788.412109375
,1055,,,,10424.8828125
,1056,,,,10906.3759765625
,1057,,,,9478.3037109375
,1058,,,,12773.1591796875
,1059,,,,10488.0576171875
,1060,,,,14438.21484375
,1061,,,,10313.6552734375
,1062,,,,10284.7109375
,1063,,,,10184.4072265625
,1064,,,,11060.0576171875
,1065,,,,11535.7880859375
,1066,,,,11481.9443359375
,1067,,,,12026.5849609375
,1068,,,,14218.474609375
,1069,,,,10043.1318359375
,1070,,,,12370.3193359375
,1071,,,,12359.7109375
,1072,,,,11055.271484375
,1073,,,,9320.0380859375
,1074,,,,11292.8798828125
,1075,,,,9419.0771484375
,1076,,,,11897.376953125
,1077,,,,9731.59765625
,1078,,,,11370.0185546875
,1079,,,,11338.740234375
,1080,,,,14004.0498046875
,1081,,,,10743.5859375
,1082,,,,11199.3759765625
,1083,,,,12097.84765625
,1084,,,,12665.6494140625
,1085,,,,8068.4560546875
,1086,,,,12792.390625
,1087,,,,9156.298828125
,1088,,,,11375.1806640625
,1089,,,,10688.14453125
,1090,,,,14860.7666015625
,1091,,,,11055.279296875
,1092,,,,11650.8916015625
,1093,,,,14192.0234375
,1094,,,,13725.052734375
,1095,,,,10734.0419921875
,1096,,,,13207.125
,1097,,,,12851.8603515625
,1098,,,,6720.7353515625
,1099,,,,11433.546875
,1100,,,,12205.158203125
,1101,,,,10491.4453125
,1102,,,,10682.578125
,1103,,,,12079.4482421875
,1104,,,,12209.205078125
,1105,,,,10313.169921875
,1106,,,,11600.85546875
,1107,,,,9722.3017578125
,1108,,,,9773.2587890625
,1109,,,,11770.6875
,1110,,,,9890.54296875
,1111,,,,9834.1767578125
,1112,,,,12165.9765625
,1113,,,,9957.794921875
,1114,,,,14008.9375
,1115,,,,15629.501953125
17,4409,,,11319.21484375,
17,4409,11343.802734375,,,
18,4449,,11427.75,,
18,4499,,11196.2431640625,,
18,4549,,9914.177734375,,
18,4599,,10627.4990234375,,
18,4649,,11193.42578125,,
,1116,,,,9688.775390625
,1117,,,,10336.869140625
,1118,,,,10770.2919921875
,1119,,,,9341.681640625
,1120,,,,12581.904296875
,1121,,,,10355.1142578125
,1122,,,,14319.630859375
,1123,,,,10225.8232421875
,1124,,,,10154.4267578125
,1125,,,,10089.3427734375
,1126,,,,10905.2177734375
,1127,,,,11399.734375
,1128,,,,11333.546875
,1129,,,,11917.990234375
,1130,,,,14074.748046875
,1131,,,,9978.0126953125
,1132,,,,12201.6279296875
,1133,,,,12270.1826171875
,1134,,,,10891.24609375
,1135,,,,9235.2041015625
,1136,,,,11096.2412109375
,1137,,,,9336.7529296875
,1138,,,,11679.80078125
,1139,,,,9625.685546875
,1140,,,,11185.6015625
,1141,,,,11190.5244140625
,1142,,,,13850.248046875
,1143,,,,10622.1328125
,1144,,,,11033.98828125
,1145,,,,11932.6416015625
,1146,,,,12540.9521484375
,1147,,,,7973.79443359375
,1148,,,,12622.6630859375
,1149,,,,9046.75390625
,1150,,,,11228.84375
,1151,,,,10510.4140625
,1152,,,,14692.1689453125
,1153,,,,10880.640625
,1154,,,,11526.3857421875
,1155,,,,14041.849609375
,1156,,,,13551.4833984375
,1157,,,,10603.373046875
,1158,,,,13094.017578125
,1159,,,,12704.8056640625
,1160,,,,6669.869140625
,1161,,,,11253.9951171875
,1162,,,,12067.73828125
,1163,,,,10334.361328125
,1164,,,,10551.0546875
,1165,,,,11893.357421875
,1166,,,,12112.6328125
,1167,,,,10187.6533203125
,1168,,,,11483.8232421875
,1169,,,,9608.3955078125
,1170,,,,9680.2744140625
,1171,,,,11625.9814453125
,1172,,,,9759.828125
,1173,,,,9665.8515625
,1174,,,,12030.5615234375
,1175,,,,9835.4677734375
,1176,,,,13879.18359375
,1177,,,,15410.1865234375
18,4654,,,11183.7314453125,
18,4654,11311.83984375,,,
19,4699,,9898.5224609375,,
19,4749,,10490.84375,,
19,4799,,8525.41015625,,
19,4849,,12572.1953125,,
19,4899,,15415.287109375,,
,1178,,,,9742.4140625
,1179,,,,10371.6162109375
,1180,,,,10830.0791015625
,1181,,,,9410.5703125
,1182,,,,12667.9521484375
,1183,,,,10411.1376953125
,1184,,,,14367.275390625
,1185,,,,10231.8095703125
,1186,,,,10170.13671875
,1187,,,,10124.7197265625
,1188,,,,10934.46875
,1189,,,,11462.513671875
,1190,,,,11373.5859375
,1191,,,,11931.81640625
,1192,,,,14105.9130859375
,1193,,,,9967.4453125
,1194,,,,12240.888671875
,1195,,,,12287.3017578125
,1196,,,,10980.015625
,1197,,,,9240.5517578125
,1198,,,,11141.8701171875
,1199,,,,9370.2802734375
,1200,,,,11740.5302734375
,1201,,,,9699.087890625
,1202,,,,11254.412109375
,1203,,,,11228.7763671875
,1204,,,,13877.662109375
,1205,,,,10672.466796875
,1206,,,,11113.5166015625
,1207,,,,11962.041015625
,1208,,,,12607.013671875
,1209,,,,7993.4716796875
,1210,,,,12694.728515625
,1211,,,,9090.65234375
,1212,,,,11283.080078125
,1213,,,,10622.5947265625
,1214,,,,14674.1171875
,1215,,,,10950.107421875
,1216,,,,11561.068359375
,1217,,,,14066.423828125
,1218,,,,13593.7353515625
,1219,,,,10671.3388671875
,1220,,,,13160.529296875
,1221,,,,12756.724609375
,1222,,,,6662.072265625
,1223,,,,11318.2841796875
,1224,,,,12116.9794921875
,1225,,,,10424.85546875
,1226,,,,10616.4873046875
,1227,,,,11995.65625
,1228,,,,12219.3486328125
,1229,,,,10257.689453125
,1230,,,,11482.46484375
,1231,,,,9660.8642578125
,1232,,,,9693.9541015625
,1233,,,,11671.6826171875
,1234,,,,9784.693359375
,1235,,,,9742.013671875
,1236,,,,12090.4140625
,1237,,,,9856.1904296875
,1238,,,,13848.232421875
,1239,,,,15462.294921875
19,4899,,,11229.6103515625,
19,4899,11278.2060546875,,,
20,4949,,13595.056640625,,
20,4999,,14804.453125,,
20,5049,,9440.76171875,,
20,5099,,13691.2861328125,,
,1240,,,,9525.091796875
,1241,,,,10282.56640625
,1242,,,,10646.2998046875
,1243,,,,9223.4560546875
,1244,,,,12409.4921875
,1245,,,,10229.0595703125
,1246,,,,14174.140625
,1247,,,,10069.8740234375
,1248,,,,10039.04296875
,1249,,,,9989.44140625
,1250,,,,10767.6298828125
,1251,,,,11232.5380859375
,1252,,,,11187.2294921875
,1253,,,,11749.728515625
,1254,,,,13939.23828125
,1255,,,,9813.7626953125
,1256,,,,12068.5693359375
,1257,,,,12117.2177734375
,1258,,,,10753.55078125
,1259,,,,9092.470703125
,1260,,,,10938.6279296875
,1261,,,,9226.6884765625
,1262,,,,11518.376953125
,1263,,,,9516.0078125
,1264,,,,11061.205078125
,1265,,,,11064.208984375
,1266,,,,13695.1298828125
,1267,,,,10507.029296875
,1268,,,,10926.4228515625
,1269,,,,11741.697265625
,1270,,,,12446.33203125
,1271,,,,7859.75732421875
,1272,,,,12424.765625
,1273,,,,8987.9375
,1274,,,,11129.94921875
,1275,,,,10378.7763671875
,1276,,,,14468.1416015625
,1277,,,,10745.9169921875
,1278,,,,11427.8193359375
,1279,,,,13903.310546875
,1280,,,,13381.365234375
,1281,,,,10457.6533203125
,1282,,,,12981.7294921875
,1283,,,,12539.3759765625
,1284,,,,6568.0322265625
,1285,,,,11073.44921875
,1286,,,,11938.1083984375
,1287,,,,10208.7197265625
,1288,,,,10435.6181640625
,1289,,,,11754.4658203125
,1290,,,,12040.41015625
,1291,,,,10079.4912109375
,1292,,,,11329.2080078125
,1293,,,,9524.396484375
,1294,,,,9570.8779296875
,1295,,,,11463.2646484375
,1296,,,,9645.7578125
,1297,,,,9541.013671875
,1298,,,,11905.41015625
,1299,,,,9746.8662109375
,1300,,,,13707.7138671875
,1301,,,,15277.982421875
20,5144,,,11050.755859375,
20,5144,11244.2705078125,,,
21,5149,,12733.2001953125,,
21,5199,,12300.189453125,,
21,5249,,11229.1201171875,,
21,5299,,11039.484375,,
21,5349,,7239.017578125,,
,1302,,,,9661.3984375
,1303,,,,10312.890625
,1304,,,,10767.6328125
,1305,,,,9374.9912109375
,1306,,,,12572.451171875
,1307,,,,10363.275390625
,1308,,,,14227.625
,1309,,,,10153.751953125
,1310,,,,10177.107421875
,1311,,,,10073.2158203125
,1312,,,,10923.564453125
,1313,,,,11391.658203125
,1314,,,,11314.35546875
,1315,,,,11887.466796875
,1316,,,,14079.8935546875
,1317,,,,9914.9853515625
,1318,,,,12180.560546875
,1319,,,,12194.0087890625
,1320,,,,10910.19921875
,1321,,,,9232.0087890625
,1322,,,,11101.55078125
,1323,,,,9305.8916015625
,1324,,,,11671.8486328125
,1325,,,,9609.6845703125
,1326,,,,11187.0322265625
,1327,,,,11189.5966796875
,1328,,,,13770.6962890625
,1329,,,,10583.98046875
,1330,,,,11029.3603515625
,1331,,,,11932.59765625
,1332,,,,12539.08984375
,1333,,,,7930.6416015625
,1334,,,,12579.32421875
,1335,,,,9038.53515625
,1336,,,,11248.486328125
,1337,,,,10515.771484375
,1338,,,,14584.7138671875
,1339,,,,10898.91015625
,1340,,,,11490.173828125
,1341,,,,14012.796875
,1342,,,,13518.3134765625
,1343,,,,10586.97265625
,1344,,,,13060.87890625
,1345,,,,12694.833984375
,1346,,,,6658.4228515625
,1347,,,,11263.2392578125
,1348,,,,12035.037109375
,1349,,,,10378.9013671875
,1350,,,,10550.9677734375
,1351,,,,11895.2705078125
,1352,,,,12098.98828125
,1353,,,,10206.2119140625
,1354,,,,11468.8330078125
,1355,,,,9585.0
,1356,,,,9662.9013671875
,1357,,,,11624.9326171875
,1358,,,,9744.314453125
,1359,,,,9697.85546875
,1360,,,,12010.986328125
,1361,,,,9802.1552734375
,1362,,,,13796.978515625
,1363,,,,15418.501953125
21,5389,,,11167.3056640625,
21,5389,11216.5341796875,,,
22,5399,,8737.8564453125,,
22,5449,,10622.3916015625,,
22,5499,,7945.8798828125,,
22,5549,,10299.6591796875,,
22,5599,,14426.2783203125,,
,1364,,,,9593.490234375
,1365,,,,10292.919921875
,1366,,,,10711.2158203125
,1367,,,,9280.8603515625
,1368,,,,12518.89453125
,1369,,,,10325.412109375
,1370,,,,14238.6396484375
,1371,,,,10105.6884765625
,1372,,,,10089.3857421875
,1373,,,,10062.1787109375
,1374,,,,10848.9736328125
,1375,,,,11342.396484375
,1376,,,,11263.177734375
,1377,,,,11834.5390625
,1378,,,,13998.1484375
,1379,,,,9866.4990234375
,1380,,,,12120.28515625
,1381,,,,12138.9658203125
,1382,,,,10822.1767578125
,1383,,,,9173.037109375
,1384,,,,11033.2626953125
,1385,,,,9287.3095703125
,1386,,,,11624.28125
,1387,,,,9578.7724609375
,1388,,,,11109.185546875
,1389,,,,11167.6298828125
,1390,,,,13740.9208984375
,1391,,,,10572.5361328125
,1392,,,,11010.583984375
,1393,,,,11864.416015625
,1394,,,,12481.72265625
,1395,,,,7920.00927734375
,1396,,,,12557.57421875
,1397,,,,9011.65234375
,1398,,,,11220.359375
,1399,,,,10490.001953125
,1400,,,,14519.9736328125
,1401,,,,10806.7548828125
,1402,,,,11437.50390625
,1403,,,,13984.591796875
,1404,,,,13478.5302734375
,1405,,,,10566.4111328125
,1406,,,,13061.205078125
,1407,,,,12658.8173828125
,1408,,,,6608.0166015625
,1409,,,,11193.08984375
,1410,,,,11971.4755859375
,1411,,,,10301.98046875
,1412,,,,10480.7900390625
,1413,,,,11868.771484375
,1414,,,,12098.703125
,1415,,,,10174.677734375
,1416,,,,11405.919921875
,1417,,,,9562.7353515625
,1418,,,,9570.9775390625
,1419,,,,11517.974609375
,1420,,,,9708.140625
,1421,,,,9623.6416015625
,1422,,,,12020.9033203125
,1423,,,,9795.3857421875
,1424,,,,13748.4501953125
,1425,,,,15347.890625
22,5634,,,11121.1005859375,
22,5634,11179.18359375,,,
23,5649,,10079.779296875,,
23,5699,,11894.8251953125,,
23,5749,,13469.056640625,,
23,5799,,10092.939453125,,
23,5849,,10941.5087890625,,
,1426,,,,9512.6884765625
,1427,,,,10148.3984375
,1428,,,,10497.724609375
,1429,,,,9117.771484375
,1430,,,,12377.1357421875
,1431,,,,10169.466796875
,1432,,,,14031.8388671875
,1433,,,,9970.39453125
,1434,,,,9940.73828125
,1435,,,,9896.26171875
,1436,,,,10696.5419921875
,1437,,,,11149.677734375
,1438,,,,11098.0126953125
,1439,,,,11691.265625
,1440,,,,13809.609375
,1441,,,,9776.484375
,1442,,,,11949.96484375
,1443,,,,11998.9306640625
,1444,,,,10701.193359375
,1445,,,,9024.66015625
,1446,,,,10879.2373046875
,1447,,,,9140.2265625
,1448,,,,11441.533203125
,1449,,,,9454.1318359375
,1450,,,,10942.85546875
,1451,,,,10964.9521484375
,1452,,,,13534.76171875
,1453,,,,10432.5849609375
,1454,,,,10814.09765625
,1455,,,,11668.462890625
,1456,,,,12291.404296875
,1457,,,,7806.20654296875
,1458,,,,12343.208984375
,1459,,,,8875.89453125
,1460,,,,11048.1953125
,1461,,,,10295.197265625
,1462,,,,14346.6201171875
,1463,,,,10651.7958984375
,1464,,,,11274.3154296875
,1465,,,,13784.2890625
,1466,,,,13286.787109375
,1467,,,,10371.2392578125
,1468,,,,12835.671875
,1469,,,,12486.169921875
,1470,,,,6509.41552734375
,1471,,,,10962.6845703125
,1472,,,,11811.9755859375
,1473,,,,10144.392578125
,1474,,,,10355.7939453125
,1475,,,,11664.2333984375
,1476,,,,11915.71875
,1477,,,,9994.42578125
,1478,,,,11233.7080078125
,1479,,,,9414.92578125
,1480,,,,9437.9404296875
,1481,,,,11374.072265625
,1482,,,,9571.974609375
,1483,,,,9479.6513671875
,1484,,,,11778.9736328125
,1485,,,,9600.517578125
,1486,,,,13605.89453125
,1487,,,,15153.8818359375
23,5879,,,10955.7900390625,
23,5879,11152.384765625,,,
24,5899,,11124.6357421875,,
24,5949,,11153.23828125,,
24,5999,,10258.5546875,,
24,6049,,11791.9912109375,,
24,6099,,10152.529296875,,
,1488,,,,9447.349609375
,1489,,,,10091.4892578125
,1490,,,,10497.3896484375
,1491,,,,9101.494140625
,1492,,,,12371.744140625
,1493,,,,10167.4248046875
,1494,,,,13973.6650390625
,1495,,,,9899.3544921875
,1496,,,,9898.8701171875
,1497,,,,9846.6162109375
,1498,,,,10688.3427734375
,1499,,,,11128.138671875
,1500,,,,11053.353515625
,1501,,,,11657.3427734375
,1502,,,,13801.9599609375
,1503,,,,9753.615234375
,1504,,,,11934.3681640625
,1505,,,,11945.7626953125
,1506,,,,10689.435546875
,1507,,,,9038.15234375
,1508,,,,10893.5078125
,1509,,,,9128.568359375
,1510,,,,11443.548828125
,1511,,,,9419.087890625
,1512,,,,10967.314453125
,1513,,,,10951.6689453125
,1514,,,,13491.58203125
,1515,,,,10387.1044921875
,1516,,,,10781.7373046875
,1517,,,,11675.859375
,1518,,,,12261.482421875
,1519,,,,7755.998046875
,1520,,,,12368.69921875
,1521,,,,8850.865234375
,1522,,,,11041.951171875
,1523,,,,10291.5927734375
,1524,,,,14300.013671875
,1525,,,,10668.599609375
,1526,,,,11243.513671875
,1527,,,,13783.291015625
,1528,,,,13284.5615234375
,1529,,,,10376.546875
,1530,,,,12820.990234375
,1531,,,,12466.5537109375
,1532,,,,6474.8681640625
,1533,,,,10983.169921875
,1534,,,,11765.98046875
,1535,,,,10124.369140625
,1536,,,,10344.5732421875
,1537,,,,11679.4580078125
,1538,,,,11910.9814453125
,1539,,,,9973.8623046875
,1540,,,,11207.4638671875
,1541,,,,9398.8154296875
,1542,,,,9386.2578125
,1543,,,,11310.4345703125
,1544,,,,9554.23828125
,1545,,,,9467.236328125
,1546,,,,11769.021484375
,1547,,,,9605.015625
,1548,,,,13560.4140625
,1549,,,,15177.42578125
24,6124,,,10935.8115234375,
24,6124,11117.15234375,,,
25,6149,,10847.7373046875,,
25,6199,,9331.58984375,,
25,6249,,9736.5947265625,,
25,6299,,8059.9033203125,,
25,6349,,13028.291015625,,
,1550,,,,9427.087890625
,1551,,,,10073.80859375
,1552,,,,10399.3828125
,1553,,,,9061.3779296875
,1554,,,,12245.2744140625
,1555,,,,10133.4521484375
,1556,,,,13900.828125
,1557,,,,9904.19921875
,1558,,,,9896.177734375
,1559,,,,9832.3583984375
,1560,,,,10615.1396484375
,1561,,,,11060.8369140625
,1562,,,,10983.587890625
,1563,,,,11606.9169921875
,1564,,,,13767.6669921875
,1565,,,,9721.5458984375
,1566,,,,11843.2333984375
,1567,,,,11895.71875
,1568,,,,10611.994140625
,1569,,,,8996.57421875
,1570,,,,10808.708984375
,1571,,,,9110.080078125
,1572,,,,11344.646484375
,1573,,,,9377.4091796875
,1574,,,,10840.689453125
,1575,,,,10882.8994140625
,1576,,,,13415.8173828125
,1577,,,,10344.0986328125
,1578,,,,10714.927734375
,1579,,,,11601.75390625
,1580,,,,12206.4990234375
,1581,,,,7729.8369140625
,1582,,,,12241.9033203125
,1583,,,,8816.0234375
,1584,,,,10957.314453125
,1585,,,,10219.2626953125
,1586,,,,14206.6240234375
,1587,,,,10572.6689453125
,1588,,,,11181.91015625
,1589,,,,13704.5
,1590,,,,13197.904296875
,1591,,,,10304.6787109375
,1592,,,,12746.6708984375
,1593,,,,12366.4716796875
,1594,,,,6458.88818359375
,1595,,,,10899.6591796875
,1596,,,,11714.4912109375
,1597,,,,10078.8671875
,1598,,,,10265.2099609375
,1599,,,,11583.7275390625
,1600,,,,11847.2978515625
,1601,,,,9927.1328125
,1602,,,,11170.89453125
,1603,,,,9351.5732421875
,1604,,,,9387.01171875
,1605,,,,11278.9423828125
,1606,,,,9492.12890625
,1607,,,,9401.6015625
,1608,,,,11681.9677734375
,1609,,,,9556.5263671875
,1610,,,,13523.9404296875
,1611,,,,15063.26953125
25,6369,,,10875.5126953125,
25,6369,11089.45703125,,,
26,6399,,9209.4560546875,,
26,6449,,11251.814453125,,
26,6499,,11530.9599609375,,
26,6549,,11683.2265625,,
26,6599,,9754.0751953125,,
,1612,,,,9366.9716796875
,1613,,,,10014.8623046875
,1614,,,,10378.123046875
,1615,,,,9038.220703125
,1616,,,,12296.5859375
,1617,,,,10095.03515625
,1618,,,,13853.5654296875
,1619,,,,9811.3427734375
,1620,,,,9815.2568359375
,1621,,,,9774.142578125
,1622,,,,10607.7734375
,1623,,,,11045.3544921875
,1624,,,,10993.201171875
,1625,,,,11556.623046875
,1626,,,,13676.8388671875
,1627,,,,9675.2890625
,1628,,,,11856.96484375
,1629,,,,11804.517578125
,1630,,,,10631.2421875
,1631,,,,8954.7626953125
,1632,,,,10832.6806640625
,1633,,,,9087.76171875
,1634,,,,11388.2119140625
,1635,,,,9329.09375
,1636,,,,10839.818359375
,1637,,,,10891.3896484375
,1638,,,,13380.580078125
,1639,,,,10240.447265625
,1640,,,,10717.8134765625
,1641,,,,11580.0322265625
,1642,,,,12128.1865234375
,1643,,,,7715.6494140625
,1644,,,,12247.4794921875
,1645,,,,8758.306640625
,1646,,,,10939.5537109375
,1647,,,,10230.6123046875
,1648,,,,14182.255859375
,1649,,,,10594.1533203125
,1650,,,,11161.4453125
,1651,,,,13689.3837890625
,1652,,,,13191.8603515625
,1653,,,,10286.7490234375
,1654,,,,12707.482421875
,1655,,,,12368.9345703125
,1656,,,,6424.36572265625
,1657,,,,10893.78125
,1658,,,,11646.46875
,1659,,,,10030.5234375
,1660,,,,10230.6328125
,1661,,,,11561.5087890625
,1662,,,,11765.734375
,1663,,,,9899.59765625
,1664,,,,11119.73828125
,1665,,,,9329.625
,1666,,,,9290.033203125
,1667,,,,11227.416015625
,1668,,,,9474.912109375
,1669,,,,9440.9072265625
,1670,,,,11634.1181640625
,1671,,,,9506.2958984375
,1672,,,,13468.4365234375
,1673,,,,15055.255859375
26,6614,,,10845.9287109375,
26,6614,11051.1796875,,,
27,6649,,12298.3251953125,,
27,6699,,14162.02734375,,
27,6749,,12919.8740234375,,
27,6799,,10331.7216796875,,
27,6849,,10837.197265625,,
,1674,,,,9491.9208984375
,1675,,,,10240.427734375
,1676,,,,10692.064453125
,1677,,,,9214.802734375
,1678,,,,12429.849609375
,1679,,,,10233.484375
,1680,,,,14064.3271484375
,1681,,,,9995.962890625
,1682,,,,10096.2548828125
,1683,,,,9997.697265625
,1684,,,,10801.2373046875
,1685,,,,11203.4482421875
,1686,,,,11218.404296875
,1687,,,,11751.966796875
,1688,,,,13849.05859375
,1689,,,,9822.5068359375
,1690,,,,12064.0576171875
,1691,,,,12039.6201171875
,1692,,,,10780.765625
,1693,,,,9143.6494140625
,1694,,,,10959.58203125
,1695,,,,9228.7275390625
,1696,,,,11456.0712890625
,1697,,,,9491.2353515625
,1698,,,,11036.2587890625
,1699,,,,11037.3798828125
,1700,,,,13516.201171875
,1701,,,,10468.2197265625
,1702,,,,10872.97265625
,1703,,,,11745.7294921875
,1704,,,,12418.287109375
,1705,,,,7844.17626953125
,1706,,,,12336.9482421875
,1707,,,,8981.0234375
,1708,,,,11196.751953125
,1709,,,,10326.2451171875
,1710,,,,14274.091796875
,1711,,,,10812.1923828125
,1712,,,,11342.990234375
,1713,,,,13826.2470703125
,1714,,,,13318.4189453125
,1715,,,,10371.046875
,1716,,,,12990.41015625
,1717,,,,12576.240234375
,1718,,,,6589.60888671875
,1719,,,,11021.4755859375
,1720,,,,11926.9140625
,1721,,,,10277.302734375
,1722,,,,10465.7578125
,1723,,,,11855.119140625
,1724,,,,11976.1962890625
,1725,,,,10085.19140625
,1726,,,,11367.1875
,1727,,,,9467.0439453125
,1728,,,,9520.2412109375
,1729,,,,11448.9921875
,1730,,,,9628.154296875
,1731,,,,9653.7939453125
,1732,,,,11829.44140625
,1733,,,,9671.240234375
,1734,,,,13697.109375
,1735,,,,15223.5537109375
27,6859,,,11032.0751953125,
27,6859,11025.8076171875,,,
28,6899,,12082.2783203125,,
28,6949,,9663.6044921875,,
28,6999,,10824.0009765625,,
28,7049,,10395.2177734375,,
28,7099,,11022.1904296875,,
,1736,,,,9399.3662109375
,1737,,,,10001.8701171875
,1738,,,,10363.6767578125
,1739,,,,9076.693359375
,1740,,,,12205.0634765625
,1741,,,,10078.3984375
,1742,,,,13808.990234375
,1743,,,,9807.2841796875
,1744,,,,9837.3583984375
,1745,,,,9773.8701171875
,1746,,,,10611.62890625
,1747,,,,11040.0205078125
,1748,,,,10959.7685546875
,1749,,,,11521.0849609375
,1750,,,,13692.5068359375
,1751,,,,9580.4736328125
,1752,,,,11807.708984375
,1753,,,,11819.681640625
,1754,,,,10574.6328125
,1755,,,,8941.3759765625
,1756,,,,10743.7255859375
,1757,,,,9037.662109375
,1758,,,,11323.1884765625
,1759,,,,9303.79296875
,1760,,,,10773.4951171875
,1761,,,,10827.7158203125
,1762,,,,13310.9619140625
,1763,,,,10212.7890625
,1764,,,,10649.2666015625
,1765,,,,11523.2880859375
,1766,,,,12172.3125
,1767,,,,7724.20849609375
,1768,,,,12145.4189453125
,1769,,,,8750.146484375
,1770,,,,10870.33203125
,1771,,,,10153.212890625
,1772,,,,14055.037109375
,1773,,,,10506.69921875
,1774,,,,11168.03125
,1775,,,,13613.8173828125
,1776,,,,13088.3310546875
,1777,,,,10219.5771484375
,1778,,,,12703.7099609375
,1779,,,,12317.05859375
,1780,,,,6463.5693359375
,1781,,,,10878.2470703125
,1782,,,,11638.630859375
,1783,,,,10067.7744140625
,1784,,,,10172.5830078125
,1785,,,,11524.89453125
,1786,,,,11730.181640625
,1787,,,,9891.224609375
,1788,,,,11115.767578125
,1789,,,,9295.4873046875
,1790,,,,9342.5498046875
,1791,,,,11263.759765625
,1792,,,,9499.6767578125
,1793,,,,9364.4541015625
,1794,,,,11606.3017578125
,1795,,,,9471.7255859375
,1796,,,,13396.5888671875
,1797,,,,14983.390625
28,7104,,,10815.2529296875,
28,7104,11005.158203125,,,
29,7149,,10323.5048828125,,
29,7199,,11352.2548828125,,
29,7249,,13373.369140625,,
29,7299,,9801.943359375,,
29,7349,,12183.6982421875,,
,1798,,,,9428.2626953125
,1799,,,,10110.9921875
,1800,,,,10523.0234375
,1801,,,,9129.7109375
,1802,,,,12293.546875
,1803,,,,10144.248046875
,1804,,,,13911.3984375
,1805,,,,9883.31640625
,1806,,,,9904.5419921875
,1807,,,,9856.49609375
,1808,,,,10651.1005859375
,1809,,,,11075.7451171875
,1810,,,,11065.2138671875
,1811,,,,11596.419921875
,1812,,,,13709.6181640625
,1813,,,,9649.095703125
,1814,,,,11910.609375
,1815,,,,11911.8701171875
,1816,,,,10679.177734375
,1817,,,,9005.2255859375
,1818,,,,10862.0615234375
,1819,,,,9124.509765625
,1820,,,,11358.2578125
,1821,,,,9380.625
,1822,,,,10892.1640625
,1823,,,,10918.9423828125
,1824,,,,13349.3544921875
,1825,,,,10313.3583984375
,1826,,,,10756.7314453125
,1827,,,,11602.71484375
,1828,,,,12310.3525390625
,1829,,,,7745.9052734375
,1830,,,,12208.5439453125
,1831,,,,8835.494140625
,1832,,,,11054.4921875
,1833,,,,10194.4765625
,1834,,,,14084.626953125
,1835,,,,10667.552734375
,1836,,,,11221.263671875
,1837,,,,13661.5361328125
,1838,,,,13121.5009765625
,1839,,,,10282.5947265625
,1840,,,,12785.0625
,1841,,,,12373.025390625
,1842,,,,6520.466796875
,1843,,,,10895.9228515625
,1844,,,,11752.0625
,1845,,,,10176.6884765625
,1846,,,,10310.203125
,1847,,,,11674.4775390625
,1848,,,,11855.974609375
,1849,,,,9984.41796875
,1850,,,,11178.9990234375
,1851,,,,9321.1298828125
,1852,,,,9426.302734375
,1853,,,,11260.775390625
,1854,,,,9526.3984375
,1855,,,,9523.7451171875
,1856,,,,11649.181640625
,1857,,,,9559.5625
,1858,,,,13459.4677734375
,1859,,,,15095.4365234375
29,7349,,,10894.0908203125,
29,7349,10972.6796875,,,
30,7399,,12966.66015625,,
30,7449,,8588.17578125,,
30,7499,,14123.583984375,,
30,7549,,9044.28515625,,
,1860,,,,9326.0771484375
,1861,,,,9936.541015625
,1862,,,,10250.01171875
,1863,,,,8961.916015625
,1864,,,,12219.921875
,1865,,,,10082.86328125
,1866,,,,13710.13671875
,1867,,,,9760.77734375
,1868,,,,9727.8828125
,1869,,,,9722.8916015625
,1870,,,,10494.06640625
,1871,,,,10954.615234375
,1872,,,,10870.7119140625
,1873,,,,11518.1630859375
,1874,,,,13618.142578125
,1875,,,,9595.66796875
,1876,,,,11702.7705078125
,1877,,,,11736.5595703125
,1878,,,,10540.9736328125
,1879,,,,8898.4951171875
,1880,,,,10743.234375
,1881,,,,9016.134765625
,1882,,,,11283.654296875
,1883,,,,9293.3037109375
,1884,,,,10743.7607421875
,1885,,,,10777.6484375
,1886,,,,13226.421875
,1887,,,,10245.900390625
,1888,,,,10596.8203125
,1889,,,,11495.0029296875
,1890,,,,12050.880859375
,1891,,,,7652.41552734375
,1892,,,,12119.9423828125
,1893,,,,8682.8896484375
,1894,,,,10863.4541015625
,1895,,,,10166.01171875
,1896,,,,14025.0361328125
,1897,,,,10451.2392578125
,1898,,,,11032.615234375
,1899,,,,13552.42578125
,1900,,,,13030.5654296875
,1901,,,,10190.80078125
,1902,,,,12575.595703125
,1903,,,,12248.3203125
,1904,,,,6385.1806640625
,1905,,,,10810.8759765625
,1906,,,,11557.302734375
,1907,,,,10009.443359375
,1908,,,,10131.0888671875
,1909,,,,11431.78125
,1910,,,,11763.12109375
,1911,,,,9866.9716796875
,1912,,,,11024.2705078125
,1913,,,,9209.7392578125
,1914,,,,9252.0068359375
,1915,,,,11161.052734375
,1916,,,,9419.4267578125
,1917,,,,9341.7373046875
,1918,,,,11494.103515625
,1919,,,,9370.3984375
,1920,,,,13332.234375
,1921,,,,14987.7509765625
30,7594,,,10757.0419921875,
30,7594,10947.8515625,,,
31,7599,,9855.9365234375,,
31,7649,,11280.7705078125,,
31,7699,,10828.6103515625,,
31,7749,,9711.6962890625,,
31,7799,,9428.7958984375,,
,1922,,,,9347.3193359375
,1923,,,,9931.359375
,1924,,,,10295.34375
,1925,,,,8984.728515625
,1926,,,,12244.0478515625
,1927,,,,10067.5263671875
,1928,,,,13753.57421875
,1929,,,,9751.162109375
,1930,,,,9743.4072265625
,1931,,,,9742.6884765625
,1932,,,,10531.263671875
,1933,,,,10996.2705078125
,1934,,,,10909.8994140625
,1935,,,,11512.435546875
,1936,,,,13637.80859375
,1937,,,,9625.048828125
,1938,,,,11742.009765625
,1939,,,,11730.9111328125
,1940,,,,10555.326171875
,1941,,,,8926.376953125
,1942,,,,10773.4638671875
,1943,,,,9042.1982421875
,1944,,,,11338.0126953125
,1945,,,,9310.53125
,1946,,,,10767.638671875
,1947,,,,10838.5283203125
,1948,,,,13249.521484375
,1949,,,,10176.412109375
,1950,,,,10622.9013671875
,1951,,,,11515.0458984375
,1952,,,,12080.837890625
,1953,,,,7664.19091796875
,1954,,,,12195.9130859375
,1955,,,,8697.1416015625
,1956,,,,10882.3994140625
,1957,,,,10177.3251953125
,1958,,,,14029.134765625
,1959,,,,10504.0390625
,1960,,,,11064.4521484375
,1961,,,,13587.9208984375
,1962,,,,13107.193359375
,1963,,,,10241.765625
,1964,,,,12594.49609375
,1965,,,,12289.51171875
,1966,,,,6389.01123046875
,1967,,,,10838.9130859375
,1968,,,,11574.95703125
,1969,,,,10019.396484375
,1970,,,,10163.9150390625
,1971,,,,11489.986328125
,1972,,,,11754.697265625
,1973,,,,9859.298828125
,1974,,,,11040.4638671875
,1975,,,,9232.3134765625
,1976,,,,9259.26171875
,1977,,,,11209.8212890625
,1978,,,,9420.484375
,1979,,,,9386.015625
,1980,,,,11554.513671875
,1981,,,,9427.4052734375
,1982,,,,13317.958984375
,1983,,,,15022.533203125
31,7839,,,10781.0693359375,
31,7839,10919.84765625,,,
32,7849,,12691.3896484375,,
32,7899,,8124.14013671875,,
32,7949,,9036.0791015625,,
32,7999,,11735.5595703125,,
32,8049,,9534.8935546875,,
,1984,,,,9217.853515625
,1985,,,,9902.3759765625
,1986,,,,10242.8701171875
,1987,,,,8884.291015625
,1988,,,,12065.912109375
,1989,,,,9982.0048828125
,1990,,,,13614.6826171875
,1991,,,,9670.9169921875
,1992,,,,9671.154296875
,1993,,,,9646.6953125
,1994,,,,10453.767578125
,1995,,,,10884.861328125
,1996,,,,10816.5947265625
,1997,,,,11381.7060546875
,1998,,,,13522.236328125
,1999,,,,9538.7890625
,2000,,,,11612.1298828125
,2001,,,,11622.5107421875
,2002,,,,10430.8115234375
,2003,,,,8819.3037109375
,2004,,,,10688.275390625
,2005,,,,8953.927734375
,2006,,,,11209.0439453125
,2007,,,,9207.2783203125
,2008,,,,10633.89453125
,2009,,,,10710.1494140625
,2010,,,,13104.4697265625
,2011,,,,10087.6728515625
,2012,,,,10486.1708984375
,2013,,,,11381.951171875
,2014,,,,11944.3251953125
,2015,,,,7602.1044921875
,2016,,,,12038.765625
,2017,,,,8634.4580078125
,2018,,,,10794.9267578125
,2019,,,,10005.96875
,2020,,,,13938.90625
,2021,,,,10377.375
,2022,,,,10992.3955078125
,2023,,,,13476.068359375
,2024,,,,12996.23828125
,2025,,,,10112.583984375
,2026,,,,12467.5673828125
,2027,,,,12168.859375
,2028,,,,6366.02490234375
,2029,,,,10692.4765625
,2030,,,,11460.1162109375
,2031,,,,9890.6650390625
,2032,,,,10048.48828125
,2033,,,,11343.3994140625
,2034,,,,11627.703125
,2035,,,,9795.744140625
,2036,,,,10980.212890625
,2037,,,,9176.93359375
,2038,,,,9166.8017578125
,2039,,,,11080.8251953125
,2040,,,,9383.2314453125
,2041,,,,9257.2607421875
,2042,,,,11440.115234375
,2043,,,,9339.732421875
,2044,,,,13255.57421875
,2045,,,,14894.7197265625
32,8084,,,10675.7880859375,
32,8084,10890.654296875,,,
33,8099,,11367.1083984375,,
33,8149,,9873.8564453125,,
33,8199,,12578.123046875,,
33,8249,,8928.818359375,,
33,8299,,9911.630859375,,
,2046,,,,9159.2587890625
,2047,,,,9778.080078125
,2048,,,,10114.1787109375
,2049,,,,8818.3251953125
,2050,,,,12021.958984375
,2051,,,,9886.3037109375
,2052,,,,13539.2392578125
,2053,,,,9594.7802734375
,2054,,,,9587.171875
,2055,,,,9574.623046875
,2056,,,,10380.099609375
,2057,,,,10803.7412109375
,2058,,,,10713.822265625
,2059,,,,11341.3037109375
,2060,,,,13401.1513671875
,2061,,,,9463.0185546875
,2062,,,,11545.6259765625
,2063,,,,11572.0419921875
,2064,,,,10358.7001953125
,2065,,,,8791.263671875
,2066,,,,10556.7041015625
,2067,,,,8868.4580078125
,2068,,,,11101.7119140625
,2069,,,,9131.5205078125
,2070,,,,10565.2041015625
,2071,,,,10615.3828125
,2072,,,,13034.0859375
,2073,,,,10009.8798828125
,2074,,,,10413.072265625
,2075,,,,11301.365234375
,2076,,,,11895.6953125
,2077,,,,7517.9375
,2078,,,,11951.1279296875
,2079,,,,8570.265625
,2080,,,,10698.5869140625
,2081,,,,9920.517578125
,2082,,,,13819.072265625
,2083,,,,10307.7607421875
,2084,,,,10895.3427734375
,2085,,,,13345.34765625
,2086,,,,12853.5439453125
,2087,,,,10000.8310546875
,2088,,,,12405.6494140625
,2089,,,,12109.673828125
,2090,,,,6276.70068359375
,2091,,,,10606.0390625
,2092,,,,11396.0810546875
,2093,,,,9836.87109375
,2094,,,,10012.6962890625
,2095,,,,11296.607421875
,2096,,,,11519.1484375
,2097,,,,9680.8779296875
,2098,,,,10886.5751953125
,2099,,,,9066.068359375
,2100,,,,9086.390625
,2101,,,,11010.841796875
,2102,,,,9259.0537109375
,2103,,,,9214.5615234375
,2104,,,,11311.3447265625
,2105,,,,9203.916015625
,2106,,,,13164.3134765625
,2107,,,,14799.0673828125
33,8329,,,10591.5068359375,
33,8329,10866.458984375,,,
34,8349,,10572.3203125,,
34,8399,,9761.58203125,,
34,8449,,9897.078125,,
34,8499,,11179.2138671875,,
34,8549,,10133.2861328125,,
,2108,,,,9344.2265625
,2109,,,,9946.0498046875
,2110,,,,10254.681640625
,2111,,,,8939.8740234375
,2112,,,,12102.2421875
,2113,,,,10053.3798828125
,2114,,,,13710.666015625
,2115,,,,9717.142578125
,2116,,,,9723.421875
,2117,,,,9727.7412109375
,2118,,,,10468.4326171875
,2119,,,,10949.0234375
,2120,,,,10855.25
,2121,,,,11424.7939453125
,2122,,,,13596.2724609375
,2123,,,,9556.7548828125
,2124,,,,11627.0751953125
,2125,,,,11685.69921875
,2126,,,,10465.1767578125
,2127,,,,8855.9033203125
,2128,,,,10710.6162109375
,2129,,,,9016.25390625
,2130,,,,11252.1279296875
,2131,,,,9269.7119140625
,2132,,,,10627.6904296875
,2133,,,,10802.982421875
,2134,,,,13184.5712890625
,2135,,,,10128.9296875
,2136,,,,10584.353515625
,2137,,,,11442.955078125
,2138,,,,12063.14453125
,2139,,,,7662.91748046875
,2140,,,,12091.8818359375
,2141,,,,8677.751953125
,2142,,,,10789.5244140625
,2143,,,,10078.4169921875
,2144,,,,13927.07421875
,2145,,,,10368.791015625
,2146,,,,11023.7841796875
,2147,,,,13489.974609375
,2148,,,,13018.46875
,2149,,,,10162.705078125
,2150,,,,12560.63671875
,2151,,,,12234.982421875
,2152,,,,6369.451171875
,2153,,,,10747.521484375
,2154,,,,11518.26171875
,2155,,,,9971.8076171875
,2156,,,,10107.064453125
,2157,,,,11431.5703125
,2158,,,,11659.75
,2159,,,,9837.1728515625
,2160,,,,11047.951171875
,2161,,,,9209.978515625
,2162,,,,9248.7978515625
,2163,,,,11140.1533203125
,2164,,,,9408.2978515625
,2165,,,,9374.7353515625
,2166,,,,11512.921875
,2167,,,,9376.6474609375
,2168,,,,13270.546875
,2169,,,,14886.8603515625
34,8574,,,10726.5029296875,
34,8574,10841.3916015625,,,
35,8599,,12350.4501953125,,
35,8649,,8062.50439453125,,
35,8699,,9414.8427734375,,
35,8749,,12148.8505859375,,
35,8799,,15964.25390625,,
,2170,,,,9263.0283203125
,2171,,,,9876.263671875
,2172,,,,10183.73828125
,2173,,,,8855.2490234375
,2174,,,,12069.78125
,2175,,,,9968.76171875
,2176,,,,13623.15234375
,2177,,,,9651.3701171875
,2178,,,,9654.177734375
,2179,,,,9656.2763671875
,2180,,,,10402.1220703125
,2181,,,,10854.228515625
,2182,,,,10760.65234375
,2183,,,,11425.40625
,2184,,,,13457.6025390625
,2185,,,,9547.40625
,2186,,,,11606.271484375
,2187,,,,11604.5322265625
,2188,,,,10398.1064453125
,2189,,,,8863.5126953125
,2190,,,,10616.037109375
,2191,,,,8965.4833984375
,2192,,,,11101.5537109375
,2193,,,,9182.5419921875
,2194,,,,10590.396484375
,2195,,,,10717.25390625
,2196,,,,13085.638671875
,2197,,,,10035.869140625
,2198,,,,10478.6962890625
,2199,,,,11345.546875
,2200,,,,11982.076171875
,2201,,,,7584.5859375
,2202,,,,12001.2685546875
,2203,,,,8620.4287109375
,2204,,,,10785.7021484375
,2205,,,,9962.01171875
,2206,,,,13792.3505859375
,2207,,,,10350.6552734375
,2208,,,,10929.2900390625
,2209,,,,13414.673828125
,2210,,,,12897.345703125
,2211,,,,10055.451171875
,2212,,,,12506.8154296875
,2213,,,,12122.69921875
,2214,,,,6310.97705078125
,2215,,,,10662.63671875
,2216,,,,11450.912109375
,2217,,,,9884.0048828125
,2218,,,,10059.4013671875
,2219,,,,11357.8173828125
,2220,,,,11604.46484375
,2221,,,,9738.5849609375
,2222,,,,10949.7509765625
,2223,,,,9123.642578125
,2224,,,,9165.662109375
,2225,,,,11063.3193359375
,2226,,,,9325.3134765625
,2227,,,,9280.8076171875
,2228,,,,11385.1806640625
,2229,,,,9285.82421875
,2230,,,,13235.58203125
,2231,,,,14846.0634765625
35,8819,,,10649.9609375,
35,8819,10820.1064453125,,,
36,8849,,10562.3369140625,,
36,8899,,10875.5712890625,,
36,8949,,10045.6513671875,,
36,8999,,13137.33203125,,
36,9049,,10089.923828125,,
,2232,,,,9147.8564453125
,2233,,,,9772.455078125
,2234,,,,10083.138671875
,2235,,,,8754.4609375
,2236,,,,11978.7705078125
,2237,,,,9894.8330078125
,2238,,,,13495.62890625
,2239,,,,9577.75
,2240,,,,9587.845703125
,2241,,,,9578.3271484375
,2242,,,,10355.5859375
,2243,,,,10756.865234375
,2244,,,,10688.203125
,2245,,,,11333.1748046875
,2246,,,,13377.8427734375
,2247,,,,9482.5654296875
,2248,,,,11498.7763671875
,2249,,,,11537.8876953125
,2250,,,,10322.0576171875
,2251,,,,8799.8525390625
,2252,,,,10574.3515625
,2253,,,,8873.28515625
,2254,,,,11084.890625
,2255,,,,9145.423828125
,2256,,,,10565.310546875
,2257,,,,10638.1279296875
,2258,,,,12985.783203125
,2259,,,,10015.791015625
,2260,,,,10392.9208984375
,2261,,,,11287.794921875
,2262,,,,11882.0791015625
,2263,,,,7491.4423828125
,2264,,,,11942.56640625
,2265,,,,8558.212890625
,2266,,,,10745.5634765625
,2267,,,,9899.99609375
,2268,,,,13731.626953125
,2269,,,,10304.775390625
,2270,,,,10823.837890625
,2271,,,,13344.291015625
,2272,,,,12860.4951171875
,2273,,,,9966.7802734375
,2274,,,,12410.37890625
,2275,,,,12079.9609375
,2276,,,,6261.72509765625
,2277,,,,10583.07421875
,2278,,,,11373.28125
,2279,,,,9824.83984375
,2280,,,,9990.505859375
,2281,,,,11273.220703125
,2282,,,,11518.16796875
,2283,,,,9659.3056640625
,2284,,,,10850.287109375
,2285,,,,9035.197265625
,2286,,,,9066.8740234375
,2287,,,,10981.5810546875
,2288,,,,9253.2392578125
,2289,,,,9207.41796875
,2290,,,,11271.56640625
,2291,,,,9206.306640625
,2292,,,,13127.9619140625
,2293,,,,14765.181640625
36,9064,,,10574.2763671875,
36,9064,10792.634765625,,,
37,9099,,9653.2060546875,,
37,9149,,12270.3818359375,,
37,9199,,12195.9013671875,,
37,9249,,14239.5390625,,
37,9299,,12693.736328125,,
,2294,,,,9227.8759765625
,2295,,,,9824.056640625
,2296,,,,10153.8681640625
,2297,,,,8788.0751953125
,2298,,,,11966.8896484375
,2299,,,,9944.37890625
,2300,,,,13519.642578125
,2301,,,,9576.646484375
,2302,,,,9589.9814453125
,2303,,,,9590.9990234375
,2304,,,,10354.2705078125
,2305,,,,10787.1650390625
,2306,,,,10714.8583984375
,2307,,,,11313.529296875
,2308,,,,13437.1162109375
,2309,,,,9447.49609375
,2310,,,,11501.5556640625
,2311,,,,11545.466796875
,2312,,,,10349.6015625
,2313,,,,8767.4794921875
,2314,,,,10562.9052734375
,2315,,,,8900.4052734375
,2316,,,,11089.763671875
,2317,,,,9141.16796875
,2318,,,,10550.9326171875
,2319,,,,10672.52734375
,2320,,,,12993.5966796875
,2321,,,,9967.91796875
,2322,,,,10461.6943359375
,2323,,,,11275.4716796875
,2324,,,,11925.0908203125
,2325,,,,7530.1376953125
,2326,,,,11930.455078125
,2327,,,,8591.548828125
,2328,,,,10711.50390625
,2329,,,,9913.9384765625
,2330,,,,13706.1728515625
,2331,,,,10261.521484375
,2332,,,,10852.107421875
,2333,,,,13349.3271484375
,2334,,,,12817.9140625
,2335,,,,10010.8173828125
,2336,,,,12439.931640625
,2337,,,,12065.6455078125
,2338,,,,6289.6376953125
,2339,,,,10574.35546875
,2340,,,,11374.279296875
,2341,,,,9852.11328125
,2342,,,,10007.021484375
,2343,,,,11286.0771484375
,2344,,,,11514.5048828125
,2345,,,,9713.3720703125
,2346,,,,10888.4296875
,2347,,,,9070.1689453125
,2348,,,,9121.3583984375
,2349,,,,10963.85546875
,2350,,,,9279.6904296875
,2351,,,,9245.5888671875
,2352,,,,11321.0185546875
,2353,,,,9268.42578125
,2354,,,,13107.037109375
,2355,,,,14742.2666015625
37,9309,,,10588.6728515625,
37,9309,10764.03515625,,,
38,9349,,9439.82421875,,
38,9399,,9772.958984375,,
38,9449,,9606.2568359375,,
38,9499,,10295.4619140625,,
38,9549,,10378.912109375,,
,2356,,,,9018.0185546875
,2357,,,,9665.6064453125
,2358,,,,9916.6591796875
,2359,,,,8628.9736328125
,2360,,,,11794.3486328125
,2361,,,,9743.029296875
,2362,,,,13320.0126953125
,2363,,,,9482.0146484375
,2364,,,,9458.4736328125
,2365,,,,9430.4443359375
,2366,,,,10201.4580078125
,2367,,,,10588.9521484375
,2368,,,,10527.8193359375
,2369,,,,11187.126953125
,2370,,,,13209.634765625
,2371,,,,9313.833984375
,2372,,,,11321.970703125
,2373,,,,11390.41015625
,2374,,,,10156.162109375
,2375,,,,8645.751953125
,2376,,,,10327.48828125
,2377,,,,8721.2431640625
,2378,,,,10817.4111328125
,2379,,,,8983.3916015625
,2380,,,,10340.69921875
,2381,,,,10422.5712890625
,2382,,,,12789.9013671875
,2383,,,,9812.619140625
,2384,,,,10225.9404296875
,2385,,,,11074.8857421875
,2386,,,,11752.458984375
,2387,,,,7360.5673828125
,2388,,,,11697.8798828125
,2389,,,,8443.4326171875
,2390,,,,10513.4892578125
,2391,,,,9711.8232421875
,2392,,,,13508.0751953125
,2393,,,,10107.1337890625
,2394,,,,10702.0888671875
,2395,,,,13110.037109375
,2396,,,,12562.1650390625
,2397,,,,9783.13671875
,2398,,,,12255.400390625
,2399,,,,11866.4541015625
,2400,,,,6187.46630859375
,2401,,,,10357.720703125
,2402,,,,11232.8330078125
,2403,,,,9677.6826171875
,2404,,,,9830.673828125
,2405,,,,11091.07421875
,2406,,,,11308.62109375
,2407,,,,9533.078125
,2408,,,,10715.8740234375
,2409,,,,8892.2490234375
,2410,,,,8964.1064453125
,2411,,,,10812.1884765625
,2412,,,,9134.6064453125
,2413,,,,9030.4296875
,2414,,,,11083.69140625
,2415,,,,9048.109375
,2416,,,,12970.7744140625
,2417,,,,14551.4375
38,9554,,,10404.4150390625,
38,9554,10744.8974609375,,,
39,9599,,10338.6064453125,,
39,9649,,9740.1123046875,,
39,9699,,9949.24609375,,
39,9749,,10468.4619140625,,
39,9799,,12709.4658203125,,
,2418,,,,9152.6044921875
,2419,,,,9805.037109375
,2420,,,,10051.681640625
,2421,,,,8723.50390625
,2422,,,,11941.9326171875
,2423,,,,9889.603515625
,2424,,,,13496.03125
,2425,,,,9567.6611328125
,2426,,,,9551.80078125
,2427,,,,9592.5615234375
,2428,,,,10290.0947265625
,2429,,,,10720.1162109375
,2430,,,,10664.517578125
,2431,,,,11300.93359375
,2432,,,,13380.150390625
,2433,,,,9444.2734375
,2434,,,,11430.1181640625
,2435,,,,11477.873046875
,2436,,,,10286.322265625
,2437,,,,8763.4267578125
,2438,,,,10514.40234375
,2439,,,,8862.18359375
,2440,,,,11007.9033203125
,2441,,,,9126.7197265625
,2442,,,,10478.6171875
,2443,,,,10639.3876953125
,2444,,,,12940.791015625
,2445,,,,9955.0
,2446,,,,10432.16796875
,2447,,,,11203.7841796875
,2448,,,,11872.173828125
,2449,,,,7503.7919921875
,2450,,,,11909.6171875
,2451,,,,8548.15625
,2452,,,,10681.74609375
,2453,,,,9916.8681640625
,2454,,,,13633.296875
,2455,,,,10233.2314453125
,2456,,,,10791.6494140625
,2457,,,,13293.1708984375
,2458,,,,12761.5966796875
,2459,,,,9983.1806640625
,2460,,,,12429.392578125
,2461,,,,11986.9345703125
,2462,,,,6256.04150390625
,2463,,,,10522.24609375
,2464,,,,11325.7080078125
,2465,,,,9825.224609375
,2466,,,,9964.8076171875
,2467,,,,11227.9287109375
,2468,,,,11530.4326171875
,2469,,,,9681.1083984375
,2470,,,,10837.84375
,2471,,,,9066.0546875
,2472,,,,9082.5048828125
,2473,,,,10892.689453125
,2474,,,,9253.8623046875
,2475,,,,9206.974609375
,2476,,,,11283.8203125
,2477,,,,9206.5458984375
,2478,,,,13058.490234375
,2479,,,,14768.935546875
39,9799,,,10547.2431640625,
39,9799,10721.7705078125,,,
40,9849,,10897.146484375,,
40,9899,,11463.150390625,,
40,9949,,8704.1015625,,
40,9999,,10656.4462890625,,
,2480,,,,9136.0927734375
,2481,,,,9747.4375
,2482,,,,10151.578125
,2483,,,,8794.7890625
,2484,,,,11912.6572265625
,2485,,,,9881.9375
,2486,,,,13415.0947265625
,2487,,,,9578.80859375
,2488,,,,9596.7470703125
,2489,,,,9543.0478515625
,2490,,,,10329.0849609375
,2491,,,,10782.4580078125
,2492,,,,10689.19140625
,2493,,,,11286.1123046875
,2494,,,,13324.8466796875
,2495,,,,9418.7900390625
,2496,,,,11480.1279296875
,2497,,,,11488.654296875
,2498,,,,10318.6591796875
,2499,,,,8771.189453125
,2500,,,,10568.2392578125
,2501,,,,8890.4189453125
,2502,,,,11002.8671875
,2503,,,,9077.8505859375
,2504,,,,10514.146484375
,2505,,,,10607.36328125
,2506,,,,12863.3056640625
,2507,,,,9920.587890625
,2508,,,,10345.802734375
,2509,,,,11267.083984375
,2510,,,,11855.19921875
,2511,,,,7465.03564453125
,2512,,,,11871.2177734375
,2513,,,,8531.5927734375
,2514,,,,10673.830078125
,2515,,,,9859.423828125
,2516,,,,13620.232421875
,2517,,,,10250.49609375
,2518,,,,10779.5078125
,2519,,,,13261.10546875
,2520,,,,12732.3583984375
,2521,,,,9932.8974609375
,2522,,,,12364.75390625
,2523,,,,12019.6025390625
,2524,,,,6283.3408203125
,2525,,,,10562.2626953125
,2526,,,,11348.70703125
,2527,,,,9846.19140625
,2528,,,,9922.6357421875
,2529,,,,11287.5693359375
,2530,,,,11460.2333984375
,2531,,,,9660.486328125
,2532,,,,10873.638671875
,2533,,,,8994.431640625
,2534,,,,9105.501953125
,2535,,,,10978.2705078125
,2536,,,,9252.33203125
,2537,,,,9196.20703125
,2538,,,,11218.3125
,2539,,,,9182.4677734375
,2540,,,,13065.578125
,2541,,,,14770.7041015625
40,10044,,,10542.3798828125,
40,10044,10693.662109375,,,
41,10049,,11564.1181640625,,
41,10099,,9387.7373046875,,
41,10149,,11654.1953125,,
41,10199,,10274.1103515625,,
41,10249,,10018.5712890625,,
,2542,,,,8993.7578125
,2543,,,,9680.0166015625
,2544,,,,10042.798828125
,2545,,,,8681.603515625
,2546,,,,11837.677734375
,2547,,,,9791.9609375
,2548,,,,13333.341796875
,2549,,,,9463.2177734375
,2550,,,,9510.6953125
,2551,,,,9457.6591796875
,2552,,,,10272.322265625
,2553,,,,10690.94140625
,2554,,,,10621.6298828125
,2555,,,,11158.9228515625
,2556,,,,13252.7431640625
,2557,,,,9335.8623046875
,2558,,,,11390.703125
,2559,,,,11362.845703125
,2560,,,,10247.98828125
,2561,,,,8698.8134765625
,2562,,,,10503.93359375
,2563,,,,8790.6064453125
,2564,,,,10960.04296875
,2565,,,,9015.728515625
,2566,,,,10430.91796875
,2567,,,,10529.1787109375
,2568,,,,12819.671875
,2569,,,,9840.29296875
,2570,,,,10301.615234375
,2571,,,,11161.142578125
,2572,,,,11774.8603515625
,2573,,,,7403.8046875
,2574,,,,11772.703125
,2575,,,,8475.119140625
,2576,,,,10613.9921875
,2577,,,,9759.30859375
,2578,,,,13521.845703125
,2579,,,,10172.546875
,2580,,,,10728.5048828125
,2581,,,,13210.8388671875
,2582,,,,12721.3193359375
,2583,,,,9844.17578125
,2584,,,,12300.9931640625
,2585,,,,11976.4375
,2586,,,,6223.08740234375
,2587,,,,10470.669921875
,2588,,,,11244.9013671875
,2589,,,,9755.6552734375
,2590,,,,9828.39453125
,2591,,,,11132.0341796875
,2592,,,,11355.0146484375
,2593,,,,9601.4873046875
,2594,,,,10780.4814453125
,2595,,,,8937.3486328125
,2596,,,,8938.822265625
,2597,,,,10876.1025390625
,2598,,,,9190.8369140625
,2599,,,,9164.5048828125
,2600,,,,11154.486328125
,2601,,,,9098.6640625
,2602,,,,12968.9951171875
,2603,,,,14665.236328125
41,10289,,,10460.59765625,
41,10289,10666.9931640625,,,
42,10299,,13066.076171875,,
42,10349,,11465.3623046875,,
42,10399,,7806.02001953125,,
42,10449,,9466.6953125,,
42,10499,,10904.892578125,,
,2604,,,,8979.16796875
,2605,,,,9716.6650390625
,2606,,,,9879.4658203125
,2607,,,,8570.666015625
,2608,,,,11713.8583984375
,2609,,,,9750.3603515625
,2610,,,,13285.9541015625
,2611,,,,9484.4599609375
,2612,,,,9465.9140625
,2613,,,,9488.3095703125
,2614,,,,10118.56640625
,2615,,,,10532.658203125
,2616,,,,10457.2705078125
,2617,,,,11130.3681640625
,2618,,,,13189.669921875
,2619,,,,9296.556640625
,2620,,,,11271.123046875
,2621,,,,11345.5166015625
,2622,,,,10086.263671875
,2623,,,,8659.3349609375
,2624,,,,10324.8466796875
,2625,,,,8754.0478515625
,2626,,,,10751.8447265625
,2627,,,,8960.83203125
,2628,,,,10285.287109375
,2629,,,,10425.076171875
,2630,,,,12801.421875
,2631,,,,9871.3916015625
,2632,,,,10216.0859375
,2633,,,,11029.4560546875
,2634,,,,11801.8818359375
,2635,,,,7361.53076171875
,2636,,,,11647.8271484375
,2637,,,,8463.134765625
,2638,,,,10548.5703125
,2639,,,,9678.326171875
,2640,,,,13388.8193359375
,2641,,,,10031.0458984375
,2642,,,,10626.3173828125
,2643,,,,13087.345703125
,2644,,,,12519.51953125
,2645,,,,9737.71875
,2646,,,,12278.060546875
,2647,,,,11760.654296875
,2648,,,,6140.2763671875
,2649,,,,10302.572265625
,2650,,,,11187.6123046875
,2651,,,,9695.8857421875
,2652,,,,9807.9814453125
,2653,,,,11077.158203125
,2654,,,,11393.40234375
,2655,,,,9503.333984375
,2656,,,,10707.78515625
,2657,,,,8903.0234375
,2658,,,,8944.3740234375
,2659,,,,10754.158203125
,2660,,,,9055.59375
,2661,,,,9015.1181640625
,2662,,,,11058.3583984375
,2663,,,,9057.9970703125
,2664,,,,12911.6630859375
,2665,,,,14516.2158203125
42,10534,,,10380.232421875,
42,10534,10643.9736328125,,,
43,10549,,10457.8271484375,,
43,10599,,10170.0400390625,,
43,10649,,9649.6318359375,,
43,10699,,12004.9609375,,
43,10749,,12628.421875,,
,2666,,,,8936.7568359375
,2667,,,,9641.3876953125
,2668,,,,9924.220703125
,2669,,,,8570.783203125
,2670,,,,11754.4228515625
,2671,,,,9730.998046875
,2672,,,,13264.005859375
,2673,,,,9425.46484375
,2674,,,,9413.26953125
,2675,,,,9401.1005859375
,2676,,,,10152.404296875
,2677,,,,10569.482421875
,2678,,,,10479.4052734375
,2679,,,,11118.2509765625
,2680,,,,13129.4423828125
,2681,,,,9245.1982421875
,2682,,,,11283.580078125
,2683,,,,11305.19921875
,2684,,,,10113.1591796875
,2685,,,,8631.9931640625
,2686,,,,10354.375
,2687,,,,8743.1025390625
,2688,,,,10781.8193359375
,2689,,,,8931.1787109375
,2690,,,,10339.9658203125
,2691,,,,10474.3955078125
,2692,,,,12735.701171875
,2693,,,,9822.763671875
,2694,,,,10224.345703125
,2695,,,,11047.46484375
,2696,,,,11747.5703125
,2697,,,,7327.41455078125
,2698,,,,11668.486328125
,2699,,,,8434.9921875
,2700,,,,10542.076171875
,2701,,,,9685.59375
,2702,,,,13373.7353515625
,2703,,,,10063.48046875
,2704,,,,10627.9794921875
,2705,,,,13101.55859375
,2706,,,,12530.830078125
,2707,,,,9797.19921875
,2708,,,,12245.615234375
,2709,,,,11768.47265625
,2710,,,,6141.42333984375
,2711,,,,10341.912109375
,2712,,,,11130.4482421875
,2713,,,,9674.0927734375
,2714,,,,9791.853515625
,2715,,,,11102.1767578125
,2716,,,,11360.798828125
,2717,,,,9486.109375
,2718,,,,10669.009765625
,2719,,,,8861.1572265625
,2720,,,,8925.037109375
,2721,,,,10703.4697265625
,2722,,,,9072.70703125
,2723,,,,9017.0068359375
,2724,,,,11058.6962890625
,2725,,,,9042.41796875
,2726,,,,12869.5791015625
,2727,,,,14585.552734375
43,10779,,,10370.9912109375,
43,10779,10626.26953125,,,
44,10799,,9306.2236328125,,
44,10849,,9114.4189453125,,
44,10899,,10035.7119140625,,
44,10949,,10325.732421875,,
44,10999,,12815.630859375,,
,2728,,,,8992.646484375
,2729,,,,9710.0576171875
,2730,,,,9977.296875
,2731,,,,8564.037109375
,2732,,,,11793.86328125
,2733,,,,9785.8505859375
,2734,,,,13297.345703125
,2735,,,,9450.2314453125
,2736,,,,9462.2451171875
,2737,,,,9474.791015625
,2738,,,,10193.607421875
,2739,,,,10626.0927734375
,2740,,,,10518.90234375
,2741,,,,11168.4150390625
,2742,,,,13181.873046875
,2743,,,,9329.9873046875
,2744,,,,11296.2841796875
,2745,,,,11337.0517578125
,2746,,,,10154.384765625
,2747,,,,8688.4375
,2748,,,,10411.1806640625
,2749,,,,8799.2021484375
,2750,,,,10832.9775390625
,2751,,,,8952.7880859375
,2752,,,,10328.908203125
,2753,,,,10476.0703125
,2754,,,,12783.2353515625
,2755,,,,9845.9990234375
,2756,,,,10276.6630859375
,2757,,,,11087.296875
,2758,,,,11790.591796875
,2759,,,,7368.28955078125
,2760,,,,11719.859375
,2761,,,,8464.6640625
,2762,,,,10607.451171875
,2763,,,,9712.7685546875
,2764,,,,13389.5791015625
,2765,,,,10070.3173828125
,2766,,,,10644.7294921875
,2767,,,,13133.60546875
,2768,,,,12579.7724609375
,2769,,,,9806.4296875
,2770,,,,12297.78515625
,2771,,,,11839.9912109375
,2772,,,,6150.16748046875
,2773,,,,10348.3388671875
,2774,,,,11199.26171875
,2775,,,,9739.49609375
,2776,,,,9811.49609375
,2777,,,,11138.4072265625
,2778,,,,11371.875
,2779,,,,9535.466796875
,2780,,,,10724.7802734375
,2781,,,,8892.240234375
,2782,,,,8944.2763671875
,2783,,,,10756.7529296875
,2784,,,,9101.2412109375
,2785,,,,9083.3193359375
,2786,,,,11096.2373046875
,2787,,,,9076.3974609375
,2788,,,,12952.962890625
,2789,,,,14540.8046875
44,11024,,,10410.650390625,
44,11024,10600.3505859375,,,
45,11049,,15164.3955078125,,
45,11099,,11195.5576171875,,
45,11149,,8267.7626953125,,
45,11199,,11528.8525390625,,
45,11249,,10936.7138671875,,
,2790,,,,8898.1142578125
,2791,,,,9587.130859375
,2792,,,,9813.0126953125
,2793,,,,8486.1953125
,2794,,,,11659.9384765625
,2795,,,,9666.9248046875
,2796,,,,13161.568359375
,2797,,,,9395.6630859375
,2798,,,,9389.5517578125
,2799,,,,9366.8623046875
,2800,,,,10078.916015625
,2801,,,,10512.5908203125
,2802,,,,10398.34765625
,2803,,,,11043.8271484375
,2804,,,,13077.55078125
,2805,,,,9207.4853515625
,2806,,,,11184.8779296875
,2807,,,,11235.931640625
,2808,,,,10024.607421875
,2809,,,,8587.8974609375
,2810,,,,10271.7412109375
,2811,,,,8662.3369140625
,2812,,,,10702.400390625
,2813,,,,8856.265625
,2814,,,,10222.60546875
,2815,,,,10334.4794921875
,2816,,,,12652.8896484375
,2817,,,,9782.0595703125
,2818,,,,10127.9931640625
,2819,,,,10974.955078125
,2820,,,,11661.134765625
,2821,,,,7267.92724609375
,2822,,,,11574.8798828125
,2823,,,,8376.994140625
,2824,,,,10447.1513671875
,2825,,,,9587.033203125
,2826,,,,13281.134765625
,2827,,,,9986.248046875
,2828,,,,10549.451171875
,2829,,,,12987.8544921875
,2830,,,,12431.8330078125
,2831,,,,9659.7998046875
,2832,,,,12106.5556640625
,2833,,,,11676.4638671875
,2834,,,,6109.6962890625
,2835,,,,10246.322265625
,2836,,,,11084.4677734375
,2837,,,,9640.7802734375
,2838,,,,9699.5712890625
,2839,,,,10976.5068359375
,2840,,,,11260.0849609375
,2841,,,,9421.6201171875
,2842,,,,10600.666015625
,2843,,,,8810.7822265625
,2844,,,,8859.244140625
,2845,,,,10660.7666015625
,2846,,,,9013.5205078125
,2847,,,,8978.611328125
,2848,,,,10903.5390625
,2849,,,,8937.2529296875
,2850,,,,12831.236328125
,2851,,,,14482.09375
45,11269,,,10293.6083984375,
45,11269,10580.791015625,,,
46,11299,,12409.3740234375,,
46,11349,,9416.04296875,,
46,11399,,9987.1171875,,
46,11449,,9760.07421875,,
46,11499,,8810.19921875,,
,2852,,,,8908.2861328125
,2853,,,,9554.251953125
,2854,,,,9730.0205078125
,2855,,,,8475.6572265625
,2856,,,,11584.4609375
,2857,,,,9666.2021484375
,2858,,,,13160.0361328125
,2859,,,,9345.2744140625
,2860,,,,9334.20703125
,2861,,,,9337.2958984375
,2862,,,,10073.3203125
,2863,,,,10495.90234375
,2864,,,,10369.296875
,2865,,,,11040.92578125
,2866,,,,13030.232421875
,2867,,,,9204.6875
,2868,,,,11149.6689453125
,2869,,,,11207.41015625
,2870,,,,9957.6396484375
,2871,,,,8583.20703125
,2872,,,,10240.154296875
,2873,,,,8624.943359375
,2874,,,,10698.677734375
,2875,,,,8874.1640625
,2876,,,,10159.69140625
,2877,,,,10353.943359375
,2878,,,,12650.515625
,2879,,,,9743.9091796875
,2880,,,,10122.8232421875
,2881,,,,10959.375
,2882,,,,11630.2783203125
,2883,,,,7245.8583984375
,2884,,,,11586.4912109375
,2885,,,,8319.13671875
,2886,,,,10370.4091796875
,2887,,,,9558.4033203125
,2888,,,,13283.4970703125
,2889,,,,9927.5810546875
,2890,,,,10523.5419921875
,2891,,,,12935.548828125
,2892,,,,12451.4462890625
,2893,,,,9638.1357421875
,2894,,,,12085.1103515625
,2895,,,,11716.3720703125
,2896,,,,6090.4384765625
,2897,,,,10245.8017578125
,2898,,,,11089.4287109375
,2899,,,,9563.47265625
,2900,,,,9674.6748046875
,2901,,,,10949.8056640625
,2902,,,,11199.296875
,2903,,,,9394.27734375
,2904,,,,10634.830078125
,2905,,,,8798.181640625
,2906,,,,8809.93359375
,2907,,,,10708.833984375
,2908,,,,8987.794921875
,2909,,,,8905.6005859375
,2910,,,,10914.0947265625
,2911,,,,8923.681640625
,2912,,,,12792.0810546875
,2913,,,,14387.0390625
46,11514,,,10270.3408203125,
46,11514,10550.0009765625,,,
47,11549,,7841.93115234375,,
47,11599,,13442.0751953125,,
47,11649,,8706.1640625,,
47,11699,,10077.7490234375,,
47,11749,,10199.248046875,,
,2914,,,,8823.419921875
,2915,,,,9504.548828125
,2916,,,,9799.701171875
,2917,,,,8468.796875
,2918,,,,11615.7119140625
,2919,,,,9626.787109375
,2920,,,,13079.345703125
,2921,,,,9314.8271484375
,2922,,,,9321.505859375
,2923,,,,9279.1923828125
,2924,,,,10085.0556640625
,2925,,,,10501.125
,2926,,,,10383.638671875
,2927,,,,11001.87890625
,2928,,,,12999.2763671875
,2929,,,,9182.6259765625
,2930,,,,11133.7421875
,2931,,,,11163.9248046875
,2932,,,,10024.3154296875
,2933,,,,8556.814453125
,2934,,,,10254.1474609375
,2935,,,,8621.7294921875
,2936,,,,10689.005859375
,2937,,,,8797.7412109375
,2938,,,,10198.755859375
,2939,,,,10346.8310546875
,2940,,,,12587.33984375
,2941,,,,9671.5029296875
,2942,,,,10103.7138671875
,2943,,,,10930.33203125
,2944,,,,11590.4228515625
,2945,,,,7214.44580078125
,2946,,,,11560.322265625
,2947,,,,8313.7978515625
,2948,,,,10392.072265625
,2949,,,,9511.5634765625
,2950,,,,13218.7255859375
,2951,,,,9941.56640625
,2952,,,,10521.2861328125
,2953,,,,12952.7734375
,2954,,,,12404.931640625
,2955,,,,9646.62109375
,2956,,,,12093.8740234375
,2957,,,,11695.361328125
,2958,,,,6083.4814453125
,2959,,,,10217.8896484375
,2960,,,,11044.109375
,2961,,,,9554.4453125
,2962,,,,9653.29296875
,2963,,,,10948.037109375
,2964,,,,11163.3818359375
,2965,,,,9391.2197265625
,2966,,,,10593.568359375
,2967,,,,8744.65234375
,2968,,,,8785.9931640625
,2969,,,,10626.548828125
,2970,,,,8980.8349609375
,2971,,,,8933.6591796875
,2972,,,,10875.7412109375
,2973,,,,8911.8818359375
,2974,,,,12754.646484375
,2975,,,,14419.07421875
47,11759,,,10250.82421875,
47,11759,10523.251953125,,,
48,11799,,10189.8076171875,,
48,11849,,11132.0029296875,,
48,11899,,10163.0732421875,,
48,11949,,9999.32421875,,
48,11999,,13256.83984375,,
,2976,,,,8878.13671875
,2977,,,,9514.3623046875
,2978,,,,9829.908203125
,2979,,,,8511.7294921875
,2980,,,,11679.537109375
,2981,,,,9686.1220703125
,2982,,,,13118.9609375
,2983,,,,9351.95703125
,2984,,,,9388.494140625
,2985,,,,9359.875
,2986,,,,10097.77734375
,2987,,,,10553.6484375
,2988,,,,10401.84375
,2989,,,,11073.30859375
,2990,,,,13041.9248046875
,2991,,,,9240.310546875
,2992,,,,11149.6279296875
,2993,,,,11170.673828125
,2994,,,,10032.5537109375
,2995,,,,8599.1953125
,2996,,,,10332.4404296875
,2997,,,,8671.943359375
,2998,,,,10761.1083984375
,2999,,,,8822.9892578125
,3000,,,,10240.6171875
,3001,,,,10402.1357421875
,3002,,,,12595.4091796875
,3003,,,,9740.455078125
,3004,,,,10125.3017578125
,3005,,,,10999.869140625
,3006,,,,11598.8603515625
,3007,,,,7260.689453125
,3008,,,,11617.8515625
,3009,,,,8333.0166015625
,3010,,,,10442.1142578125
,3011,,,,9595.982421875
,3012,,,,13282.5107421875
,3013,,,,9979.5458984375
,3014,,,,10511.4130859375
,3015,,,,13028.3857421875
,3016,,,,12496.6669921875
,3017,,,,9727.552734375
,3018,,,,12109.845703125
,3019,,,,11726.71875
,3020,,,,6076.10693359375
,3021,,,,10292.4501953125
,3022,,,,11024.8349609375
,3023,,,,9583.779296875
,3024,,,,9664.857421875
,3025,,,,10977.6904296875
,3026,,,,11261.8291015625
,3027,,,,9447.0302734375
,3028,,,,10609.169921875
,3029,,,,8778.0625
,3030,,,,8797.4677734375
,3031,,,,10653.822265625
,3032,,,,9016.3486328125
,3033,,,,8965.818359375
,3034,,,,10937.203125
,3035,,,,8984.35546875
,3036,,,,12768.8935546875
,3037,,,,14530.7705078125
48,12004,,,10292.6240234375,
48,12004,10508.845703125,,,
49,12049,,8499.400390625,,
49,12099,,10245.1787109375,,
49,12149,,10937.3642578125,,
49,12199,,8910.4755859375,,
49,12249,,10783.6328125,,
,3038,,,,8825.2373046875
,3039,,,,9438.7744140625
,3040,,,,9710.078125
,3041,,,,8385.8046875
,3042,,,,11613.8095703125
,3043,,,,9602.814453125
,3044,,,,13038.4619140625
,3045,,,,9273.2431640625
,3046,,,,9242.1005859375
,3047,,,,9239.876953125
,3048,,,,10000.1845703125
,3049,,,,10458.373046875
,3050,,,,10311.25
,3051,,,,10983.4365234375
,3052,,,,12957.7353515625
,3053,,,,9134.3623046875
,3054,,,,11084.8466796875
,3055,,,,11099.345703125
,3056,,,,9975.029296875
,3057,,,,8523.2783203125
,3058,,,,10193.46875
,3059,,,,8584.650390625
,3060,,,,10628.5009765625
,3061,,,,8777.80859375
,3062,,,,10129.3095703125
,3063,,,,10292.6572265625
,3064,,,,12534.80859375
,3065,,,,9632.9560546875
,3066,,,,10067.22265625
,3067,,,,10908.515625
,3068,,,,11527.6279296875
,3069,,,,7183.546875
,3070,,,,11511.2451171875
,3071,,,,8256.1591796875
,3072,,,,10328.3974609375
,3073,,,,9501.5224609375
,3074,,,,13168.0302734375
,3075,,,,9892.1923828125
,3076,,,,10451.2900390625
,3077,,,,12907.4033203125
,3078,,,,12342.416015625
,3079,,,,9608.07421875
,3080,,,,12014.8193359375
,3081,,,,11615.857421875
,3082,,,,6019.59814453125
,3083,,,,10164.2470703125
,3084,,,,10970.1650390625
,3085,,,,9560.1240234375
,3086,,,,9600.4755859375
,3087,,,,10869.578125
,3088,,,,11135.5244140625
,3089,,,,9355.439453125
,3090,,,,10531.6484375
,3091,,,,8708.65234375
,3092,,,,8724.8291015625
,3093,,,,10555.373046875
,3094,,,,8916.09375
,3095,,,,8910.8837890625
,3096,,,,10794.857421875
,3097,,,,8840.08984375
,3098,,,,12675.939453125
,3099,,,,14437.2578125
49,12249,,,10200.275390625,
49,12249,10499.662109375,,,
50,12299,,9701.806640625,,
50,12349,,11530.509765625,,
50,12399,,9159.169921875,,
50,12449,,11131.498046875,,
,3100,,,,8810.228515625
,3101,,,,9451.5087890625
,3102,,,,9648.0234375
,3103,,,,8401.4873046875
,3104,,,,11503.236328125
,3105,,,,9572.8525390625
,3106,,,,12998.3994140625
,3107,,,,9279.802734375
,3108,,,,9244.8701171875
,3109,,,,9258.8798828125
,3110,,,,9954.775390625
,3111,,,,10391.412109375
,3112,,,,10238.291015625
,3113,,,,10952.3662109375
,3114,,,,12947.6162109375
,3115,,,,9124.12109375
,3116,,,,11018.9306640625
,3117,,,,11075.8916015625
,3118,,,,9869.005859375
,3119,,,,8514.451171875
,3120,,,,10126.18359375
,3121,,,,8579.0068359375
,3122,,,,10560.4599609375
,3123,,,,8741.4150390625
,3124,,,,10054.2197265625
,3125,,,,10270.939453125
,3126,,,,12509.2578125
,3127,,,,9606.2958984375
,3128,,,,10020.765625
,3129,,,,10854.8818359375
,3130,,,,11508.6162109375
,3131,,,,7188.11962890625
,3132,,,,11442.19140625
,3133,,,,8262.337890625
,3134,,,,10290.6796875
,3135,,,,9445.888671875
,3136,,,,13117.591796875
,3137,,,,9787.0126953125
,3138,,,,10392.4990234375
,3139,,,,12848.2626953125
,3140,,,,12261.5849609375
,3141,,,,9576.3525390625
,3142,,,,11987.3447265625
,3143,,,,11524.8095703125
,3144,,,,6021.52490234375
,3145,,,,10108.6337890625
,3146,,,,10921.3720703125
,3147,,,,9470.7568359375
,3148,,,,9568.7724609375
,3149,,,,10827.384765625
,3150,,,,11097.9228515625
,3151,,,,9287.3603515625
,3152,,,,10518.947265625
,3153,,,,8704.703125
,3154,,,,8725.1064453125
,3155,,,,10535.7197265625
,3156,,,,8883.5146484375
,3157,,,,8796.771484375
,3158,,,,10798.3154296875
,3159,,,,8830.9169921875
,3160,,,,12653.5078125
,3161,,,,14272.009765625
50,12494,,,10161.69140625,
50,12494,10465.3857421875,,,
51,12499,,11325.869140625,,
51,12549,,10688.390625,,
51,12599,,11195.5634765625,,
51,12649,,12109.087890625,,
51,12699,,10527.0634765625,,
,3162,,,,8861.43359375
,3163,,,,9439.392578125
,3164,,,,9679.583984375
,3165,,,,8393.7333984375
,3166,,,,11565.96875
,3167,,,,9590.01171875
,3168,,,,12998.71484375
,3169,,,,9267.8837890625
,3170,,,,9244.69921875
,3171,,,,9260.841796875
,3172,,,,9983.259765625
,3173,,,,10418.7099609375
,3174,,,,10269.7412109375
,3175,,,,10976.0908203125
,3176,,,,12969.4853515625
,3177,,,,9135.16796875
,3178,,,,11038.9541015625
,3179,,,,11051.4443359375
,3180,,,,9921.1337890625
,3181,,,,8516.041015625
,3182,,,,10202.4345703125
,3183,,,,8604.05859375
,3184,,,,10605.4716796875
,3185,,,,8772.4873046875
,3186,,,,10068.0
,3187,,,,10285.302734375
,3188,,,,12509.7783203125
,3189,,,,9606.7978515625
,3190,,,,10052.7373046875
,3191,,,,10894.361328125
,3192,,,,11500.5869140625
,3193,,,,7195.06005859375
,3194,,,,11488.9140625
,3195,,,,8276.0009765625
,3196,,,,10293.900390625
,3197,,,,9471.5185546875
,3198,,,,13151.748046875
,3199,,,,9838.7109375
,3200,,,,10418.9130859375
,3201,,,,12911.46875
,3202,,,,12323.4326171875
,3203,,,,9615.357421875
,3204,,,,12018.2646484375
,3205,,,,11561.84765625
,3206,,,,6020.6015625
,3207,,,,10161.77734375
,3208,,,,10946.431640625
,3209,,,,9492.5107421875
,3210,,,,9564.85546875
,3211,,,,10865.4140625
,3212,,,,11121.3310546875
,3213,,,,9323.2841796875
,3214,,,,10526.8544921875
,3215,,,,8703.869140625
,3216,,,,8712.853515625
,3217,,,,10554.3427734375
,3218,,,,8884.0947265625
,3219,,,,8883.2451171875
,3220,,,,10790.689453125
,3221,,,,8858.4287109375
,3222,,,,12650.7734375
,3223,,,,14394.7900390625
51,12739,,,10184.130859375,
51,12739,10445.8232421875,,,
52,12749,,11093.0078125,,
52,12799,,9044.0546875,,
52,12849,,11460.6474609375,,
52,12899,,8572.763671875,,
52,12949,,8412.6787109375,,
,3224,,,,8840.0068359375
,3225,,,,9449.5517578125
,3226,,,,9739.7265625
,3227,,,,8407.4775390625
,3228,,,,11596.59375
,3229,,,,9581.939453125
,3230,,,,12978.5498046875
,3231,,,,9276.2587890625
,3232,,,,9238.896484375
,3233,,,,9215.4853515625
,3234,,,,10002.26953125
,3235,,,,10442.763671875
,3236,,,,10282.5498046875
,3237,,,,10976.66015625
,3238,,,,12905.5703125
,3239,,,,9127.6962890625
,3240,,,,11098.1220703125
,3241,,,,11078.740234375
,3242,,,,9951.859375
,3243,,,,8532.79296875
,3244,,,,10162.9228515625
,3245,,,,8596.3974609375
,3246,,,,10577.09765625
,3247,,,,8745.671875
,3248,,,,10129.16015625
,3249,,,,10283.03125
,3250,,,,12491.8984375
,3251,,,,9609.958984375
,3252,,,,10027.9833984375
,3253,,,,10908.6357421875
,3254,,,,11540.3232421875
,3255,,,,7166.0224609375
,3256,,,,11481.267578125
,3257,,,,8268.8544921875
,3258,,,,10347.8046875
,3259,,,,9436.4150390625
,3260,,,,13122.15625
,3261,,,,9864.6103515625
,3262,,,,10413.259765625
,3263,,,,12890.884765625
,3264,,,,12287.5830078125
,3265,,,,9600.150390625
,3266,,,,12026.7939453125
,3267,,,,11567.8994140625
,3268,,,,6014.791015625
,3269,,,,10171.3603515625
,3270,,,,10973.93359375
,3271,,,,9520.177734375
,3272,,,,9587.138671875
,3273,,,,10917.30859375
,3274,,,,11130.578125
,3275,,,,9308.333984375
,3276,,,,10517.9609375
,3277,,,,8666.107421875
,3278,,,,8724.923828125
,3279,,,,10556.9267578125
,3280,,,,8882.2763671875
,3281,,,,8852.4541015625
,3282,,,,10796.28125
,3283,,,,8850.3916015625
,3284,,,,12643.935546875
,3285,,,,14427.6611328125
52,12984,,,10185.4599609375,
52,12984,10429.1044921875,,,
53,12999,,9973.263671875,,
53,13049,,10687.5517578125,,
53,13099,,9702.8427734375,,
53,13149,,11362.58203125,,
53,13199,,11601.419921875,,
,3286,,,,8736.88671875
,3287,,,,9370.251953125
,3288,,,,9622.353515625
,3289,,,,8310.7001953125
,3290,,,,11529.669921875
,3291,,,,9552.81640625
,3292,,,,12908.76171875
,3293,,,,9205.3447265625
,3294,,,,9164.9658203125
,3295,,,,9129.849609375
,3296,,,,9936.572265625
,3297,,,,10361.5771484375
,3298,,,,10208.685546875
,3299,,,,10921.0224609375
,3300,,,,12823.6650390625
,3301,,,,9114.80078125
,3302,,,,10991.896484375
,3303,,,,10999.2958984375
,3304,,,,9873.1953125
,3305,,,,8467.8486328125
,3306,,,,10131.890625
,3307,,,,8517.919921875
,3308,,,,10561.3115234375
,3309,,,,8716.95703125
,3310,,,,10072.8349609375
,3311,,,,10210.7626953125
,3312,,,,12437.470703125
,3313,,,,9570.9814453125
,3314,,,,9934.5595703125
,3315,,,,10838.57421875
,3316,,,,11425.666015625
,3317,,,,7082.47314453125
,3318,,,,11424.25390625
,3319,,,,8198.8857421875
,3320,,,,10296.3662109375
,3321,,,,9410.384765625
,3322,,,,13083.0400390625
,3323,,,,9804.7734375
,3324,,,,10344.052734375
,3325,,,,12794.37890625
,3326,,,,12297.744140625
,3327,,,,9517.0888671875
,3328,,,,11919.986328125
,3329,,,,11544.1748046875
,3330,,,,5969.13623046875
,3331,,,,10075.966796875
,3332,,,,10892.2158203125
,3333,,,,9410.2470703125
,3334,,,,9509.1025390625
,3335,,,,10800.3212890625
,3336,,,,11043.9873046875
,3337,,,,9235.0244140625
,3338,,,,10473.9091796875
,3339,,,,8616.76953125
,3340,,,,8618.9697265625
,3341,,,,10507.5888671875
,3342,,,,8837.234375
,3343,,,,8791.806640625
,3344,,,,10703.3447265625
,3345,,,,8758.7265625
,3346,,,,12609.2314453125
,3347,,,,14336.62890625
53,13229,,,10117.1044921875,
53,13229,10416.5458984375,,,
54,13249,,9943.2509765625,,
54,13299,,13634.359375,,
54,13349,,8859.087890625,,
54,13399,,10402.158203125,,
54,13449,,11580.9423828125,,
,3348,,,,8818.9599609375
,3349,,,,9489.53125
,3350,,,,9716.7958984375
,3351,,,,8381.4921875
,3352,,,,11555.521484375
,3353,,,,9598.052734375
,3354,,,,13015.5625
,3355,,,,9287.447265625
,3356,,,,9252.99609375
,3357,,,,9252.4287109375
,3358,,,,9966.39453125
,3359,,,,10402.5400390625
,3360,,,,10287.9599609375
,3361,,,,10971.28125
,3362,,,,12930.2919921875
,3363,,,,9121.783203125
,3364,,,,11050.451171875
,3365,,,,11080.0244140625
,3366,,,,9918.48828125
,3367,,,,8499.0888671875
,3368,,,,10181.955078125
,3369,,,,8593.5576171875
,3370,,,,10580.0654296875
,3371,,,,8768.263671875
,3372,,,,10081.3193359375
,3373,,,,10261.005859375
,3374,,,,12510.9833984375
,3375,,,,9644.7822265625
,3376,,,,10038.5703125
,3377,,,,10878.5244140625
,3378,,,,11539.2197265625
,3379,,,,7177.837890625
,3380,,,,11472.87109375
,3381,,,,8272.0166015625
,3382,,,,10332.2158203125
,3383,,,,9475.7802734375
,3384,,,,13107.91015625
,3385,,,,9846.4921875
,3386,,,,10407.8525390625
,3387,,,,12858.2861328125
,3388,,,,12331.3935546875
,3389,,,,9601.5537109375
,3390,,,,12013.91796875
,3391,,,,11547.4775390625
,3392,,,,6009.3876953125
,3393,,,,10146.498046875
,3394,,,,10949.3759765625
,3395,,,,9564.4990234375
,3396,,,,9578.328125
,3397,,,,10880.8935546875
,3398,,,,11143.4765625
,3399,,,,9339.8154296875
,3400,,,,10530.77734375
,3401,,,,8696.7353515625
,3402,,,,8751.154296875
,3403,,,,10543.8603515625
,3404,,,,8904.2451171875
,3405,,,,8862.017578125
,3406,,,,10807.2255859375
,3407,,,,8851.9521484375
,3408,,,,12640.248046875
,3409,,,,14405.107421875
54,13474,,,10184.33984375,
54,13474,10395.875,,,
55,13499,,9374.48046875,,
55,13549,,8427.296875,,
55,13599,,10219.716796875,,
55,13649,,9867.3671875,,
55,13699,,9821.5234375,,
,3410,,,,8809.61328125
,3411,,,,9476.970703125
,3412,,,,9727.85546875
,3413,,,,8453.5205078125
,3414,,,,11537.673828125
,3415,,,,9606.0341796875
,3416,,,,12992.333984375
,3417,,,,9315.4150390625
,3418,,,,9278.0078125
,3419,,,,9237.6044921875
,3420,,,,9999.40625
,3421,,,,10446.7646484375
,3422,,,,10325.658203125
,3423,,,,10972.9892578125
,3424,,,,12921.7724609375
,3425,,,,9138.2919921875
,3426,,,,11020.6435546875
,3427,,,,11084.1640625
,3428,,,,9917.3359375
,3429,,,,8523.8671875
,3430,,,,10209.3095703125
,3431,,,,8606.056640625
,3432,,,,10613.2841796875
,3433,,,,8756.0146484375
,3434,,,,10112.703125
,3435,,,,10302.9541015625
,3436,,,,12486.7177734375
,3437,,,,9639.279296875
,3438,,,,10019.5712890625
,3439,,,,10910.416015625
,3440,,,,11518.294921875
,3441,,,,7152.5400390625
,3442,,,,11457.4794921875
,3443,,,,8255.1376953125
,3444,,,,10304.2421875
,3445,,,,9474.7060546875
,3446,,,,13139.9228515625
,3447,,,,9832.875
,3448,,,,10396.673828125
,3449,,,,12833.8427734375
,3450,,,,12356.8310546875
,3451,,,,9583.2705078125
,3452,,,,11994.986328125
,3453,,,,11630.478515625
,3454,,,,6052.03125
,3455,,,,10197.978515625
,3456,,,,10982.6259765625
,3457,,,,9500.3251953125
,3458,,,,9537.9599609375
,3459,,,,10857.19140625
,3460,,,,11091.1689453125
,3461,,,,9350.0615234375
,3462,,,,10574.7060546875
,3463,,,,8705.6865234375
,3464,,,,8752.779296875
,3465,,,,10593.984375
,3466,,,,8923.83203125
,3467,,,,8863.27734375
,3468,,,,10808.6025390625
,3469,,,,8841.1142578125
,3470,,,,12640.4501953125
,3471,,,,14381.13671875
55,13719,,,10189.5751953125,
55,13719,10368.5126953125,,,
56,13749,,9426.9130859375,,
56,13799,,11273.8837890625,,
56,13849,,10850.529296875,,
56,13899,,8825.7685546875,,
56,13949,,13353.0126953125,,
,3472,,,,8764.0224609375
,3473,,,,9428.9013671875
,3474,,,,9693.388671875
,3475,,,,8344.185546875
,3476,,,,11528.439453125
,3477,,,,9554.22265625
,3478,,,,12933.080078125
,3479,,,,9227.5263671875
,3480,,,,9212.3701171875
,3481,,,,9194.1318359375
,3482,,,,9936.544921875
,3483,,,,10379.5400390625
,3484,,,,10260.1767578125
,3485,,,,10905.8359375
,3486,,,,12874.0634765625
,3487,,,,9109.3291015625
,3488,,,,10994.2021484375
,3489,,,,11037.060546875
,3490,,,,9865.3251953125
,3491,,,,8475.6806640625
,3492,,,,10148.2998046875
,3493,,,,8561.4873046875
,3494,,,,10529.7705078125
,3495,,,,8708.458984375
,3496,,,,10061.4306640625
,3497,,,,10234.19921875
,3498,,,,12444.111328125
,3499,,,,9581.494140625
,3500,,,,10003.78125
,3501,,,,10829.1357421875
,3502,,,,11492.7080078125
,3503,,,,7136.67138671875
,3504,,,,11417.0478515625
,3505,,,,8255.2177734375
,3506,,,,10296.21484375
,3507,,,,9396.1435546875
,3508,,,,13053.5361328125
,3509,,,,9801.3759765625
,3510,,,,10384.1064453125
,3511,,,,12829.021484375
,3512,,,,12323.109375
,3513,,,,9543.962890625
,3514,,,,11943.603515625
,3515,,,,11540.5361328125
,3516,,,,6000.08642578125
,3517,,,,10106.6982421875
,3518,,,,10898.3515625
,3519,,,,9488.1513671875
,3520,,,,9515.2138671875
,3521,,,,10820.0009765625
,3522,,,,11059.6357421875
,3523,,,,9281.607421875
,3524,,,,10490.5732421875
,3525,,,,8646.3447265625
,3526,,,,8662.6611328125
,3527,,,,10478.4697265625
,3528,,,,8834.2216796875
,3529,,,,8864.7275390625
,3530,,,,10740.6708984375
,3531,,,,8795.9482421875
,3532,,,,12633.8154296875
,3533,,,,14332.837890625
56,13964,,,10138.8232421875,
56,13964,10357.19140625,,,
57,13999,,11720.08203125,,
57,14049,,11802.4208984375,,
57,14099,,9143.6240234375,,
57,14149,,11152.6494140625,,
57,14199,,9520.9140625,,
,3534,,,,8686.2060546875
,3535,,,,9358.7626953125
,3536,,,,9555.111328125
,3537,,,,8245.99609375
,3538,,,,11425.13671875
,3539,,,,9456.61328125
,3540,,,,12856.32421875
,3541,,,,9175.109375
,3542,,,,9114.384765625
,3543,,,,9136.2890625
,3544,,,,9879.3291015625
,3545,,,,10299.044921875
,3546,,,,10165.8134765625
,3547,,,,10835.130859375
,3548,,,,12771.208984375
,3549,,,,9054.26171875
,3550,,,,10878.986328125
,3551,,,,10945.521484375
,3552,,,,9782.421875
,3553,,,,8421.6201171875
,3554,,,,10039.9306640625
,3555,,,,8484.333984375
,3556,,,,10446.7451171875
,3557,,,,8640.8701171875
,3558,,,,9947.29296875
,3559,,,,10134.5009765625
,3560,,,,12376.6474609375
,3561,,,,9491.064453125
,3562,,,,9921.048828125
,3563,,,,10750.1220703125
,3564,,,,11348.98046875
,3565,,,,7083.02734375
,3566,,,,11332.9990234375
,3567,,,,8155.12890625
,3568,,,,10193.9755859375
,3569,,,,9341.55078125
,3570,,,,12958.0
,3571,,,,9685.8896484375
,3572,,,,10283.75
,3573,,,,12703.7607421875
,3574,,,,12172.9404296875
,3575,,,,9463.185546875
,3576,,,,11868.115234375
,3577,,,,11435.2939453125
,3578,,,,5934.71728515625
,3579,,,,10020.3310546875
,3580,,,,10790.265625
,3581,,,,9374.228515625
,3582,,,,9450.5224609375
,3583,,,,10705.251953125
,3584,,,,10953.1318359375
,3585,,,,9207.2294921875
,3586,,,,10392.5302734375
,3587,,,,8591.51953125
,3588,,,,8579.9267578125
,3589,,,,10412.599609375
,3590,,,,8779.5068359375
,3591,,,,8746.4130859375
,3592,,,,10640.908203125
,3593,,,,8686.8876953125
,3594,,,,12536.2646484375
,3595,,,,14178.865234375
57,14209,,,10049.3115234375,
57,14209,10332.1376953125,,,
58,14249,,9628.46484375,,
58,14299,,12085.58984375,,
58,14349,,11959.1396484375,,
58,14399,,10363.373046875,,
58,14449,,7960.666015625,,
,3596,,,,8630.5478515625
,3597,,,,9276.244140625
,3598,,,,9472.7236328125
,3599,,,,8204.5634765625
,3600,,,,11417.1572265625
,3601,,,,9452.0537109375
,3602,,,,12808.56640625
,3603,,,,9151.71875
,3604,,,,9077.99609375
,3605,,,,9078.2802734375
,3606,,,,9816.962890625
,3607,,,,10264.9306640625
,3608,,,,10107.38671875
,3609,,,,10825.572265625
,3610,,,,12724.505859375
,3611,,,,9031.5546875
,3612,,,,10825.080078125
,3613,,,,10899.83203125
,3614,,,,9735.345703125
,3615,,,,8404.783203125
,3616,,,,10015.9853515625
,3617,,,,8468.474609375
,3618,,,,10419.4609375
,3619,,,,8633.0791015625
,3620,,,,9925.65234375
,3621,,,,10089.974609375
,3622,,,,12346.1025390625
,3623,,,,9492.7470703125
,3624,,,,9843.392578125
,3625,,,,10740.3212890625
,3626,,,,11300.8974609375
,3627,,,,7025.48779296875
,3628,,,,11311.947265625
,3629,,,,8126.83740234375
,3630,,,,10150.673828125
,3631,,,,9287.5439453125
,3632,,,,12959.5712890625
,3633,,,,9657.5224609375
,3634,,,,10253.35546875
,3635,,,,12673.4033203125
,3636,,,,12147.384765625
,3637,,,,9426.93359375
,3638,,,,11807.9169921875
,3639,,,,11408.90234375
,3640,,,,5902.44287109375
,3641,,,,9992.3642578125
,3642,,,,10759.0849609375
,3643,,,,9340.6796875
,3644,,,,9401.609375
,3645,,,,10658.525390625
,3646,,,,10961.0576171875
,3647,,,,9154.5400390625
,3648,,,,10369.6953125
,3649,,,,8533.044921875
,3650,,,,8521.806640625
,3651,,,,10359.19140625
,3652,,,,8714.3115234375
,3653,,,,8691.109375
,3654,,,,10584.763671875
,3655,,,,8631.1845703125
,3656,,,,12496.7724609375
,3657,,,,14233.84765625
58,14454,,,10011.7236328125,
58,14454,10316.1494140625,,,
59,14499,,11569.0595703125,,
59,14549,,11344.0673828125,,
59,14599,,11890.728515625,,
59,14649,,9139.994140625,,
59,14699,,9015.673828125,,
,3658,,,,8608.40625
,3659,,,,9240.119140625
,3660,,,,9427.84765625
,3661,,,,8168.447265625
,3662,,,,11365.404296875
,3663,,,,9416.8232421875
,3664,,,,12744.888671875
,3665,,,,9121.6201171875
,3666,,,,9049.0439453125
,3667,,,,9040.130859375
,3668,,,,9790.7099609375
,3669,,,,10205.7138671875
,3670,,,,10051.646484375
,3671,,,,10795.8828125
,3672,,,,12674.8037109375
,3673,,,,8983.109375
,3674,,,,10791.884765625
,3675,,,,10865.453125
,3676,,,,9685.7412109375
,3677,,,,8349.6484375
,3678,,,,9941.0048828125
,3679,,,,8383.0595703125
,3680,,,,10352.3017578125
,3681,,,,8570.18359375
,3682,,,,9860.59765625
,3683,,,,10029.1875
,3684,,,,12284.9169921875
,3685,,,,9421.8095703125
,3686,,,,9798.58203125
,3687,,,,10684.5439453125
,3688,,,,11260.52734375
,3689,,,,7002.77294921875
,3690,,,,11255.5634765625
,3691,,,,8083.7080078125
,3692,,,,10097.78515625
,3693,,,,9237.5302734375
,3694,,,,12912.5673828125
,3695,,,,9600.2099609375
,3696,,,,10203.115234375
,3697,,,,12617.228515625
,3698,,,,12076.0517578125
,3699,,,,9383.984375
,3700,,,,11746.701171875
,3701,,,,11330.6611328125
,3702,,,,5868.5712890625
,3703,,,,9929.0
,3704,,,,10689.0244140625
,3705,,,,9288.9462890625
,3706,,,,9355.3056640625
,3707,,,,10622.7607421875
,3708,,,,10887.44921875
,3709,,,,9111.1533203125
,3710,,,,10323.3369140625
,3711,,,,8498.24609375
,3712,,,,8491.5810546875
,3713,,,,10308.9951171875
,3714,,,,8667.978515625
,3715,,,,8631.048828125
,3716,,,,10524.4501953125
,3717,,,,8601.69921875
,3718,,,,12446.7177734375
,3719,,,,14158.26171875
59,14699,,,9961.9033203125,
59,14699,10302.9033203125,,,
60,14749,,7764.095703125,,
60,14799,,8660.9794921875,,
60,14849,,11922.1298828125,,
60,14899,,10652.0947265625,,
,3720,,,,8654.69921875
,3721,,,,9339.65625
,3722,,,,9558.8095703125
,3723,,,,8269.00390625
,3724,,,,11429.1240234375
,3725,,,,9483.443359375
,3726,,,,12845.39453125
,3727,,,,9173.759765625
,3728,,,,9133.337890625
,3729,,,,9133.791015625
,3730,,,,9865.1474609375
,3731,,,,10288.1064453125
,3732,,,,10126.0244140625
,3733,,,,10837.60546875
,3734,,,,12746.298828125
,3735,,,,9037.111328125
,3736,,,,10897.7568359375
,3737,,,,10918.2236328125
,3738,,,,9755.0341796875
,3739,,,,8431.294921875
,3740,,,,10104.8125
,3741,,,,8485.185546875
,3742,,,,10498.27734375
,3743,,,,8631.0458984375
,3744,,,,9998.4033203125
,3745,,,,10169.7890625
,3746,,,,12355.0439453125
,3747,,,,9514.2216796875
,3748,,,,9874.7919921875
,3749,,,,10752.1796875
,3750,,,,11372.271484375
,3751,,,,7038.2998046875
,3752,,,,11343.2578125
,3753,,,,8170.65234375
,3754,,,,10223.8447265625
,3755,,,,9324.6796875
,3756,,,,13008.1279296875
,3757,,,,9669.103515625
,3758,,,,10249.615234375
,3759,,,,12726.630859375
,3760,,,,12248.314453125
,3761,,,,9473.3232421875
,3762,,,,11861.7548828125
,3763,,,,11458.9052734375
,3764,,,,5906.78173828125
,3765,,,,10019.2255859375
,3766,,,,10744.638671875
,3767,,,,9349.984375
,3768,,,,9421.5498046875
,3769,,,,10734.8564453125
,3770,,,,11002.8330078125
,3771,,,,9194.4755859375
,3772,,,,10431.814453125
,3773,,,,8566.255859375
,3774,,,,8560.8515625
,3775,,,,10441.5048828125
,3776,,,,8787.509765625
,3777,,,,8681.6845703125
,3778,,,,10677.7861328125
,3779,,,,8730.9140625
,3780,,,,12507.154296875
,3781,,,,14286.658203125
60,14944,,,10051.841796875,
60,14944,10279.1611328125,,,
61,14949,,7920.50048828125,,
61,14999,,10092.1904296875,,
61,15049,,6903.4873046875,,
61,15099,,7750.04931640625,,
61,15149,,10784.6181640625,,
,3782,,,,8593.1484375
,3783,,,,9286.654296875
,3784,,,,9454.8291015625
,3785,,,,8163.69677734375
,3786,,,,11357.3544921875
,3787,,,,9428.095703125
,3788,,,,12793.705078125
,3789,,,,9114.314453125
,3790,,,,9058.908203125
,3791,,,,9079.8642578125
,3792,,,,9780.0517578125
,3793,,,,10225.515625
,3794,,,,10089.0361328125
,3795,,,,10775.083984375
,3796,,,,12666.7353515625
,3797,,,,8993.56640625
,3798,,,,10814.1552734375
,3799,,,,10868.3447265625
,3800,,,,9700.65625
,3801,,,,8386.044921875
,3802,,,,10007.17578125
,3803,,,,8421.7109375
,3804,,,,10390.1806640625
,3805,,,,8593.6552734375
,3806,,,,9890.2783203125
,3807,,,,10080.58203125
,3808,,,,12320.498046875
,3809,,,,9434.7109375
,3810,,,,9852.95703125
,3811,,,,10695.0927734375
,3812,,,,11273.251953125
,3813,,,,7014.00390625
,3814,,,,11270.294921875
,3815,,,,8104.74365234375
,3816,,,,10130.8857421875
,3817,,,,9291.3212890625
,3818,,,,12911.072265625
,3819,,,,9614.609375
,3820,,,,10211.955078125
,3821,,,,12672.7470703125
,3822,,,,12135.0068359375
,3823,,,,9395.5703125
,3824,,,,11792.654296875
,3825,,,,11364.7421875
,3826,,,,5864.0703125
,3827,,,,9986.6796875
,3828,,,,10686.525390625
,3829,,,,9294.6953125
,3830,,,,9390.892578125
,3831,,,,10654.322265625
,3832,,,,10920.201171875
,3833,,,,9113.619140625
,3834,,,,10346.4248046875
,3835,,,,8564.5
,3836,,,,8492.8564453125
,3837,,,,10323.25390625
,3838,,,,8680.1376953125
,3839,,,,8678.169921875
,3840,,,,10568.419921875
,3841,,,,8619.970703125
,3842,,,,12480.71875
,3843,,,,14199.1181640625
61,15189,,,9985.0302734375,
61,15189,10262.8291015625,,,
62,15199,,11182.931640625,,
62,15249,,11604.2734375,,
62,15299,,7781.115234375,,
62,15349,,10231.2861328125,,
62,15399,,10571.921875,,
,3844,,,,8640.4560546875
,3845,,,,9315.78515625
,3846,,,,9522.552734375
,3847,,,,8178.615234375
,3848,,,,11401.115234375
,3849,,,,9461.6455078125
,3850,,,,12806.9130859375
,3851,,,,9134.72265625
,3852,,,,9089.35546875
,3853,,,,9124.3603515625
,3854,,,,9784.736328125
,3855,,,,10250.1962890625
,3856,,,,10096.537109375
,3857,,,,10850.62890625
,3858,,,,12711.4970703125
,3859,,,,9051.017578125
,3860,,,,10851.568359375
,3861,,,,10922.3701171875
,3862,,,,9751.53125
,3863,,,,8433.9375
,3864,,,,10046.0927734375
,3865,,,,8458.314453125
,3866,,,,10415.2529296875
,3867,,,,8655.212890625
,3868,,,,9921.3662109375
,3869,,,,10124.70703125
,3870,,,,12341.271484375
,3871,,,,9496.9091796875
,3872,,,,9880.064453125
,3873,,,,10734.595703125
,3874,,,,11332.7607421875
,3875,,,,7037.4521484375
,3876,,,,11312.5126953125
,3877,,,,8120.46484375
,3878,,,,10206.685546875
,3879,,,,9342.3369140625
,3880,,,,12922.9296875
,3881,,,,9673.3388671875
,3882,,,,10219.55859375
,3883,,,,12691.9189453125
,3884,,,,12135.90625
,3885,,,,9414.0322265625
,3886,,,,11839.6640625
,3887,,,,11407.9443359375
,3888,,,,5882.1494140625
,3889,,,,10007.7314453125
,3890,,,,10749.501953125
,3891,,,,9369.5439453125
,3892,,,,9431.833984375
,3893,,,,10712.6494140625
,3894,,,,10972.4130859375
,3895,,,,9152.9501953125
,3896,,,,10401.0927734375
,3897,,,,8548.0380859375
,3898,,,,8532.537109375
,3899,,,,10372.658203125
,3900,,,,8692.44140625
,3901,,,,8732.88671875
,3902,,,,10606.8203125
,3903,,,,8651.4677734375
,3904,,,,12552.939453125
,3905,,,,14238.8798828125
62,15434,,,10022.994140625,
62,15434,10242.892578125,,,
63,15449,,11558.28125,,
63,15499,,9995.673828125,,
63,15549,,11503.6884765625,,
63,15599,,10036.1806640625,,
63,15649,,9606.3916015625,,
,3906,,,,8589.001953125
,3907,,,,9242.0439453125
,3908,,,,9467.234375
,3909,,,,8169.5517578125
,3910,,,,11320.57421875
,3911,,,,9435.2138671875
,3912,,,,12740.1650390625
,3913,,,,9085.13671875
,3914,,,,9044.3154296875
,3915,,,,9035.5478515625
,3916,,,,9771.6787109375
,3917,,,,10204.6201171875
,3918,,,,10044.4423828125
,3919,,,,10770.4375
,3920,,,,12631.154296875
,3921,,,,8984.6767578125
,3922,,,,10787.4033203125
,3923,,,,10842.2939453125
,3924,,,,9690.0703125
,3925,,,,8361.7255859375
,3926,,,,9972.3818359375
,3927,,,,8415.291015625
,3928,,,,10353.94921875
,3929,,,,8564.833984375
,3930,,,,9856.6357421875
,3931,,,,10050.4365234375
,3932,,,,12265.623046875
,3933,,,,9388.5126953125
,3934,,,,9788.830078125
,3935,,,,10700.29296875
,3936,,,,11235.201171875
,3937,,,,6980.38330078125
,3938,,,,11242.796875
,3939,,,,8090.87744140625
,3940,,,,10107.248046875
,3941,,,,9209.1328125
,3942,,,,12891.521484375
,3943,,,,9589.8017578125
,3944,,,,10174.0048828125
,3945,,,,12623.662109375
,3946,,,,12060.6259765625
,3947,,,,9370.921875
,3948,,,,11729.8388671875
,3949,,,,11336.1396484375
,3950,,,,5871.423828125
,3951,,,,9926.0517578125
,3952,,,,10673.9365234375
,3953,,,,9259.4306640625
,3954,,,,9323.6337890625
,3955,,,,10619.4443359375
,3956,,,,10833.205078125
,3957,,,,9102.5029296875
,3958,,,,10334.890625
,3959,,,,8481.4462890625
,3960,,,,8488.3525390625
,3961,,,,10292.1533203125
,3962,,,,8655.8388671875
,3963,,,,8638.974609375
,3964,,,,10526.94921875
,3965,,,,8588.2431640625
,3966,,,,12445.587890625
,3967,,,,14153.0
63,15679,,,9954.0458984375,
63,15679,10227.82421875,,,
64,15699,,10566.6875,,
64,15749,,9207.7919921875,,
64,15799,,11163.8330078125,,
64,15849,,11376.3759765625,,
64,15899,,11851.4462890625,,
,3968,,,,8574.7978515625
,3969,,,,9243.1259765625
,3970,,,,9405.8037109375
,3971,,,,8143.42822265625
,3972,,,,11313.0927734375
,3973,,,,9389.7587890625
,3974,,,,12737.904296875
,3975,,,,9094.0302734375
,3976,,,,9016.7109375
,3977,,,,9029.3515625
,3978,,,,9744.7392578125
,3979,,,,10183.28515625
,3980,,,,10030.37890625
,3981,,,,10747.6015625
,3982,,,,12643.267578125
,3983,,,,8961.8544921875
,3984,,,,10757.740234375
,3985,,,,10829.462890625
,3986,,,,9610.2587890625
,3987,,,,8340.6220703125
,3988,,,,9938.591796875
,3989,,,,8382.5390625
,3990,,,,10324.1337890625
,3991,,,,8563.294921875
,3992,,,,9819.16015625
,3993,,,,10066.4208984375
,3994,,,,12268.302734375
,3995,,,,9389.0068359375
,3996,,,,9813.013671875
,3997,,,,10651.310546875
,3998,,,,11254.2197265625
,3999,,,,6981.30224609375
,4000,,,,11218.638671875
,4001,,,,8065.638671875
,4002,,,,10071.7392578125
,4003,,,,9238.0361328125
,4004,,,,12871.3603515625
,4005,,,,9544.22265625
,4006,,,,10121.8564453125
,4007,,,,12585.7197265625
,4008,,,,12047.447265625
,4009,,,,9380.3876953125
,4010,,,,11744.1337890625
,4011,,,,11324.8115234375
,4012,,,,5842.333984375
,4013,,,,9917.857421875
,4014,,,,10634.1259765625
,4015,,,,9228.5546875
,4016,,,,9329.986328125
,4017,,,,10586.513671875
,4018,,,,10882.6416015625
,4019,,,,9096.2890625
,4020,,,,10318.837890625
,4021,,,,8493.7900390625
,4022,,,,8464.0927734375
,4023,,,,10294.287109375
,4024,,,,8655.314453125
,4025,,,,8595.5107421875
,4026,,,,10520.5771484375
,4027,,,,8579.1669921875
,4028,,,,12396.5166015625
,4029,,,,14113.11328125
64,15924,,,9937.904296875,
64,15924,10210.462890625,,,
65,15949,,8272.302734375,,
65,15999,,7468.783203125,,
65,16049,,10819.900390625,,
65,16099,,10534.982421875,,
65,16149,,9699.732421875,,
,4030,,,,8515.7177734375
,4031,,,,9191.3720703125
,4032,,,,9392.84375
,4033,,,,8128.71337890625
,4034,,,,11280.345703125
,4035,,,,9350.3818359375
,4036,,,,12663.9580078125
,4037,,,,9047.5283203125
,4038,,,,9000.9951171875
,4039,,,,8962.1318359375
,4040,,,,9735.0302734375
,4041,,,,10132.2412109375
,4042,,,,9986.9482421875
,4043,,,,10708.9013671875
,4044,,,,12587.6689453125
,4045,,,,8921.3994140625
,4046,,,,10749.7880859375
,4047,,,,10776.1298828125
,4048,,,,9593.4794921875
,4049,,,,8302.5869140625
,4050,,,,9868.5419921875
,4051,,,,8326.580078125
,4052,,,,10276.8251953125
,4053,,,,8504.26953125
,4054,,,,9791.4580078125
,4055,,,,9997.9970703125
,4056,,,,12195.6064453125
,4057,,,,9330.6328125
,4058,,,,9713.9013671875
,4059,,,,10609.4677734375
,4060,,,,11188.197265625
,4061,,,,6922.44384765625
,4062,,,,11161.0146484375
,4063,,,,8021.2861328125
,4064,,,,10052.8154296875
,4065,,,,9145.068359375
,4066,,,,12861.49609375
,4067,,,,9534.1064453125
,4068,,,,10111.7119140625
,4069,,,,12555.7080078125
,4070,,,,11983.7626953125
,4071,,,,9314.912109375
,4072,,,,11670.646484375
,4073,,,,11271.7333984375
,4074,,,,5830.38671875
,4075,,,,9864.6025390625
,4076,,,,10603.87890625
,4077,,,,9168.3896484375
,4078,,,,9251.9892578125
,4079,,,,10529.666015625
,4080,,,,10776.1904296875
,4081,,,,9037.611328125
,4082,,,,10262.1328125
,4083,,,,8419.6904296875
,4084,,,,8402.7412109375
,4085,,,,10249.5419921875
,4086,,,,8626.0341796875
,4087,,,,8577.123046875
,4088,,,,10407.404296875
,4089,,,,8537.681640625
,4090,,,,12367.9521484375
,4091,,,,14080.708984375
65,16169,,,9889.640625,
65,16169,10194.7177734375,,,
66,16199,,10981.9970703125,,
66,16249,,11266.2900390625,,
66,16299,,11544.2333984375,,
66,16349,,9960.9072265625,,
66,16399,,8361.57421875,,
,4092,,,,8534.39453125
,4093,,,,9243.7783203125
,4094,,,,9387.1416015625
,4095,,,,8108.1748046875
,4096,,,,11291.640625
,4097,,,,9370.6455078125
,4098,,,,12694.3515625
,4099,,,,9057.7529296875
,4100,,,,8991.7431640625
,4101,,,,9010.640625
,4102,,,,9720.6337890625
,4103,,,,10161.158203125
,4104,,,,9996.173828125
,4105,,,,10736.75390625
,4106,,,,12591.6630859375
,4107,,,,8953.2490234375
,4108,,,,10748.5751953125
,4109,,,,10802.7177734375
,4110,,,,9628.2255859375
,4111,,,,8328.9609375
,4112,,,,9933.080078125
,4113,,,,8389.6123046875
,4114,,,,10307.9990234375
,4115,,,,8540.818359375
,4116,,,,9819.814453125
,4117,,,,10032.103515625
,4118,,,,12222.4453125
,4119,,,,9357.8681640625
,4120,,,,9787.69140625
,4121,,,,10621.1513671875
,4122,,,,11218.8857421875
,4123,,,,6962.33544921875
,4124,,,,11202.1455078125
,4125,,,,8053.25244140625
,4126,,,,10083.7978515625
,4127,,,,9198.89453125
,4128,,,,12806.904296875
,4129,,,,9544.1943359375
,4130,,,,10128.51171875
,4131,,,,12566.78125
,4132,,,,12007.447265625
,4133,,,,9323.71875
,4134,,,,11702.283203125
,4135,,,,11252.166015625
,4136,,,,5828.60546875
,4137,,,,9875.6669921875
,4138,,,,10622.3564453125
,4139,,,,9233.1171875
,4140,,,,9321.0830078125
,4141,,,,10569.08203125
,4142,,,,10843.568359375
,4143,,,,9069.119140625
,4144,,,,10271.5029296875
,4145,,,,8479.9658203125
,4146,,,,8472.703125
,4147,,,,10244.3779296875
,4148,,,,8610.560546875
,4149,,,,8603.7431640625
,4150,,,,10480.5048828125
,4151,,,,8538.9619140625
,4152,,,,12386.029296875
,4153,,,,14075.90234375
66,16414,,,9914.482421875,
66,16414,10185.1875,,,
67,16449,,9927.8466796875,,
67,16499,,8017.43115234375,,
67,16549,,12258.59375,,
67,16599,,8930.7685546875,,
67,16649,,11219.4189453125,,
,4154,,,,8580.880859375
,4155,,,,9234.90234375
,4156,,,,9414.5205078125
,4157,,,,8130.3349609375
,4158,,,,11301.529296875
,4159,,,,9388.03515625
,4160,,,,12735.189453125
,4161,,,,9063.046875
,4162,,,,9007.974609375
,4163,,,,9034.390625
,4164,,,,9753.6591796875
,4165,,,,10186.5703125
,4166,,,,10011.2490234375
,4167,,,,10757.3310546875
,4168,,,,12583.33984375
,4169,,,,8960.826171875
,4170,,,,10755.1533203125
,4171,,,,10807.8740234375
,4172,,,,9649.7041015625
,4173,,,,8323.673828125
,4174,,,,9960.7763671875
,4175,,,,8403.7568359375
,4176,,,,10349.0673828125
,4177,,,,8544.888671875
,4178,,,,9852.115234375
,4179,,,,10057.31640625
,4180,,,,12226.048828125
,4181,,,,9373.3515625
,4182,,,,9792.0341796875
,4183,,,,10650.9208984375
,4184,,,,11211.7109375
,4185,,,,6966.80224609375
,4186,,,,11243.0029296875
,4187,,,,8054.505859375
,4188,,,,10091.814453125
,4189,,,,9212.333984375
,4190,,,,12843.21484375
,4191,,,,9583.2841796875
,4192,,,,10134.37109375
,4193,,,,12602.783203125
,4194,,,,12063.34765625
,4195,,,,9368.4140625
,4196,,,,11703.62109375
,4197,,,,11282.4609375
,4198,,,,5835.26513671875
,4199,,,,9908.859375
,4200,,,,10614.6181640625
,4201,,,,9251.6806640625
,4202,,,,9330.2587890625
,4203,,,,10591.4462890625
,4204,,,,10862.0400390625
,4205,,,,9088.0703125
,4206,,,,10288.15234375
,4207,,,,8481.525390625
,4208,,,,8433.5771484375
,4209,,,,10287.791015625
,4210,,,,8638.5029296875
,4211,,,,8612.2509765625
,4212,,,,10525.625
,4213,,,,8558.8037109375
,4214,,,,12396.259765625
,4215,,,,14122.7724609375
67,16659,,,9932.3525390625,
67,16659,10155.6845703125,,,
68,16699,,8852.6416015625,,
68,16749,,10255.291015625,,
68,16799,,8860.81640625,,
68,16849,,10027.5595703125,,
68,16899,,8501.8349609375,,
,4216,,,,8481.79296875
,4217,,,,9165.03515625
,4218,,,,9332.6142578125
,4219,,,,8044.84326171875
,4220,,,,11248.998046875
,4221,,,,9315.5078125
,4222,,,,12645.05078125
,4223,,,,9005.6494140625
,4224,,,,8948.4794921875
,4225,,,,8953.2490234375
,4226,,,,9688.373046875
,4227,,,,10105.2880859375
,4228,,,,9951.23828125
,4229,,,,10676.1181640625
,4230,,,,12531.8720703125
,4231,,,,8907.54296875
,4232,,,,10704.3271484375
,4233,,,,10735.3505859375
,4234,,,,9562.359375
,4235,,,,8276.455078125
,4236,,,,9860.9736328125
,4237,,,,8324.66015625
,4238,,,,10238.76171875
,4239,,,,8479.689453125
,4240,,,,9750.314453125
,4241,,,,9970.9970703125
,4242,,,,12168.9755859375
,4243,,,,9283.244140625
,4244,,,,9690.5810546875
,4245,,,,10576.24609375
,4246,,,,11134.1328125
,4247,,,,6911.501953125
,4248,,,,11123.9716796875
,4249,,,,7996.86181640625
,4250,,,,10013.1982421875
,4251,,,,9128.0146484375
,4252,,,,12755.603515625
,4253,,,,9506.5263671875
,4254,,,,10073.5302734375
,4255,,,,12500.142578125
,4256,,,,11951.1005859375
,4257,,,,9258.1181640625
,4258,,,,11629.8427734375
,4259,,,,11220.3134765625
,4260,,,,5793.96728515625
,4261,,,,9823.05078125
,4262,,,,10556.630859375
,4263,,,,9159.4189453125
,4264,,,,9234.0595703125
,4265,,,,10506.5654296875
,4266,,,,10758.0
,4267,,,,8999.9521484375
,4268,,,,10219.181640625
,4269,,,,8390.28515625
,4270,,,,8360.3740234375
,4271,,,,10214.568359375
,4272,,,,8579.0966796875
,4273,,,,8546.064453125
,4274,,,,10398.0546875
,4275,,,,8481.9052734375
,4276,,,,12338.26953125
,4277,,,,14041.96484375
68,16904,,,9854.1474609375,
68,16904,10155.138671875,,,
69,16949,,10868.546875,,
69,16999,,10481.97265625,,
69,17049,,10248.2490234375,,
69,17099,,10841.56640625,,
69,17149,,12115.8681640625,,
,4278,,,,8597.525390625
,4279,,,,9251.8388671875
,4280,,,,9397.689453125
,4281,,,,8145.4873046875
,4282,,,,11302.3447265625
,4283,,,,9380.8603515625
,4284,,,,12730.1904296875
,4285,,,,9089.3505859375
,4286,,,,9026.2294921875
,4287,,,,9019.025390625
,4288,,,,9742.3369140625
,4289,,,,10159.287109375
,4290,,,,9989.7314453125
,4291,,,,10757.705078125
,4292,,,,12591.45703125
,4293,,,,8959.18359375
,4294,,,,10738.416015625
,4295,,,,10809.7919921875
,4296,,,,9625.4384765625
,4297,,,,8344.51171875
,4298,,,,9914.205078125
,4299,,,,8381.2412109375
,4300,,,,10295.9443359375
,4301,,,,8547.4912109375
,4302,,,,9790.4765625
,4303,,,,10024.8203125
,4304,,,,12233.5986328125
,4305,,,,9387.90625
,4306,,,,9776.685546875
,4307,,,,10643.451171875
,4308,,,,11225.2001953125
,4309,,,,6965.3525390625
,4310,,,,11215.7421875
,4311,,,,8035.2421875
,4312,,,,10061.37890625
,4313,,,,9211.98828125
,4314,,,,12827.0810546875
,4315,,,,9531.501953125
,4316,,,,10101.7802734375
,4317,,,,12566.1591796875
,4318,,,,12028.6767578125
,4319,,,,9328.904296875
,4320,,,,11686.5361328125
,4321,,,,11286.6708984375
,4322,,,,5844.09033203125
,4323,,,,9910.7724609375
,4324,,,,10641.4697265625
,4325,,,,9248.0283203125
,4326,,,,9323.572265625
,4327,,,,10560.423828125
,4328,,,,10840.8662109375
,4329,,,,9088.5263671875
,4330,,,,10286.109375
,4331,,,,8482.9287109375
,4332,,,,8462.853515625
,4333,,,,10270.5537109375
,4334,,,,8604.75390625
,4335,,,,8616.1337890625
,4336,,,,10472.515625
,4337,,,,8540.0283203125
,4338,,,,12394.15625
,4339,,,,14089.388671875
69,17149,,,9921.736328125,
69,17149,10130.640625,,,
70,17199,,9197.697265625,,
70,17249,,9682.126953125,,
70,17299,,11203.9609375,,
70,17349,,8257.7412109375,,
,4340,,,,8485.2568359375
,4341,,,,9106.15234375
,4342,,,,9260.115234375
,4343,,,,8047.62939453125
,4344,,,,11211.4287109375
,4345,,,,9270.3759765625
,4346,,,,12601.5224609375
,4347,,,,8989.259765625
,4348,,,,8902.7431640625
,4349,,,,8905.525390625
,4350,,,,9666.7041015625
,4351,,,,10075.8935546875
,4352,,,,9910.6064453125
,4353,,,,10658.0029296875
,4354,,,,12492.623046875
,4355,,,,8857.9677734375
,4356,,,,10624.2763671875
,4357,,,,10689.076171875
,4358,,,,9523.0888671875
,4359,,,,8238.1083984375
,4360,,,,9787.484375
,4361,,,,8290.8779296875
,4362,,,,10185.138671875
,4363,,,,8449.2177734375
,4364,,,,9685.912109375
,4365,,,,9908.8515625
,4366,,,,12143.26953125
,4367,,,,9271.7744140625
,4368,,,,9636.359375
,4369,,,,10554.1767578125
,4370,,,,11085.685546875
,4371,,,,6873.396484375
,4372,,,,11093.7744140625
,4373,,,,7940.498046875
,4374,,,,9938.283203125
,4375,,,,9102.0791015625
,4376,,,,12763.0810546875
,4377,,,,9430.771484375
,4378,,,,10009.7490234375
,4379,,,,12464.2578125
,4380,,,,11882.82421875
,4381,,,,9249.5166015625
,4382,,,,11585.21484375
,4383,,,,11174.658203125
,4384,,,,5774.1064453125
,4385,,,,9796.576171875
,4386,,,,10517.1298828125
,4387,,,,9099.2431640625
,4388,,,,9198.2216796875
,4389,,,,10431.7421875
,4390,,,,10729.05859375
,4391,,,,8962.7890625
,4392,,,,10163.375
,4393,,,,8367.056640625
,4394,,,,8291.54296875
,4395,,,,10169.009765625
,4396,,,,8505.7177734375
,4397,,,,8480.8916015625
,4398,,,,10346.798828125
,4399,,,,8418.9375
,4400,,,,12279.9169921875
,4401,,,,13974.7001953125
70,17394,,,9810.9208984375,
70,17394,10114.005859375,,,
71,17399,,8415.55859375,,
71,17449,,10309.6962890625,,
71,17499,,8834.4765625,,
71,17549,,13044.568359375,,
71,17599,,10736.0419921875,,
,4402,,,,8501.9501953125
,4403,,,,9175.720703125
,4404,,,,9307.9267578125
,4405,,,,8066.5712890625
,4406,,,,11218.3896484375
,4407,,,,9325.5830078125
,4408,,,,12623.1728515625
,4409,,,,9012.9609375
,4410,,,,8976.966796875
,4411,,,,8962.234375
,4412,,,,9683.564453125
,4413,,,,10064.677734375
,4414,,,,9918.1689453125
,4415,,,,10663.876953125
,4416,,,,12513.59765625
,4417,,,,8894.3759765625
,4418,,,,10685.3896484375
,4419,,,,10709.076171875
,4420,,,,9508.18359375
,4421,,,,8280.4111328125
,4422,,,,9863.1689453125
,4423,,,,8314.5322265625
,4424,,,,10247.05078125
,4425,,,,8468.2294921875
,4426,,,,9739.5703125
,4427,,,,9987.88671875
,4428,,,,12169.5673828125
,4429,,,,9298.8525390625
,4430,,,,9700.9580078125
,4431,,,,10540.5341796875
,4432,,,,11143.8388671875
,4433,,,,6909.4541015625
,4434,,,,11118.48828125
,4435,,,,7993.43994140625
,4436,,,,10006.5556640625
,4437,,,,9143.3037109375
,4438,,,,12757.7109375
,4439,,,,9468.6318359375
,4440,,,,10039.556640625
,4441,,,,12475.1630859375
,4442,,,,11958.4765625
,4443,,,,9281.8681640625
,4444,,,,11623.8408203125
,4445,,,,11167.1416015625
,4446,,,,5774.3857421875
,4447,,,,9846.7080078125
,4448,,,,10523.892578125
,4449,,,,9124.0615234375
,4450,,,,9215.8671875
,4451,,,,10493.552734375
,4452,,,,10769.2392578125
,4453,,,,8981.2158203125
,4454,,,,10232.01953125
,4455,,,,8429.15234375
,4456,,,,8376.3271484375
,4457,,,,10191.767578125
,4458,,,,8575.2021484375
,4459,,,,8506.3623046875
,4460,,,,10414.84765625
,4461,,,,8514.0703125
,4462,,,,12326.8701171875
,4463,,,,14080.6015625
71,17639,,,9848.0673828125,
71,17639,10108.966796875,,,
72,17649,,10645.7158203125,,
72,17699,,9449.3623046875,,
72,17749,,9505.84765625,,
72,17799,,9371.7568359375,,
72,17849,,8336.123046875,,
,4464,,,,8503.810546875
,4465,,,,9155.525390625
,4466,,,,9325.9619140625
,4467,,,,8062.05810546875
,4468,,,,11242.173828125
,4469,,,,9319.29296875
,4470,,,,12646.42578125
,4471,,,,8993.609375
,4472,,,,8929.1279296875
,4473,,,,8933.2177734375
,4474,,,,9686.3271484375
,4475,,,,10100.296875
,4476,,,,9921.46875
,4477,,,,10675.673828125
,4478,,,,12517.810546875
,4479,,,,8873.115234375
,4480,,,,10700.0224609375
,4481,,,,10718.748046875
,4482,,,,9555.2900390625
,4483,,,,8274.74609375
,4484,,,,9858.2724609375
,4485,,,,8339.3603515625
,4486,,,,10253.8388671875
,4487,,,,8455.357421875
,4488,,,,9767.138671875
,4489,,,,9968.8076171875
,4490,,,,12156.2177734375
,4491,,,,9299.6630859375
,4492,,,,9690.4677734375
,4493,,,,10598.810546875
,4494,,,,11135.9765625
,4495,,,,6889.7900390625
,4496,,,,11140.8017578125
,4497,,,,7980.607421875
,4498,,,,9989.5556640625
,4499,,,,9126.4619140625
,4500,,,,12784.84375
,4501,,,,9481.3818359375
,4502,,,,10067.3193359375
,4503,,,,12515.6455078125
,4504,,,,11935.5849609375
,4505,,,,9285.0791015625
,4506,,,,11626.6435546875
,4507,,,,11205.9140625
,4508,,,,5774.2998046875
,4509,,,,9839.1923828125
,4510,,,,10531.72265625
,4511,,,,9147.0673828125
,4512,,,,9239.4150390625
,4513,,,,10513.2255859375
,4514,,,,10780.3798828125
,4515,,,,8984.712890625
,4516,,,,10210.626953125
,4517,,,,8394.8681640625
,4518,,,,8372.69140625
,4519,,,,10163.244140625
,4520,,,,8554.396484375
,4521,,,,8530.2373046875
,4522,,,,10407.8681640625
,4523,,,,8504.048828125
,4524,,,,12314.7451171875
,4525,,,,14052.837890625
72,17884,,,9850.3330078125,
72,17884,10096.35546875,,,
73,17899,,9481.724609375,,
73,17949,,14302.5029296875,,
73,17999,,8468.18359375,,
73,18049,,10068.212890625,,
73,18099,,9113.3896484375,,
,4526,,,,8527.1572265625
,4527,,,,9173.7958984375
,4528,,,,9352.4638671875
,4529,,,,8055.71630859375
,4530,,,,11274.0751953125
,4531,,,,9319.0458984375
,4532,,,,12655.193359375
,4533,,,,8988.048828125
,4534,,,,8929.70703125
,4535,,,,8957.521484375
,4536,,,,9694.36328125
,4537,,,,10107.751953125
,4538,,,,9956.1669921875
,4539,,,,10687.7177734375
,4540,,,,12514.708984375
,4541,,,,8913.27734375
,4542,,,,10693.95703125
,4543,,,,10716.958984375
,4544,,,,9584.3544921875
,4545,,,,8288.6298828125
,4546,,,,9889.8623046875
,4547,,,,8343.4736328125
,4548,,,,10262.060546875
,4549,,,,8492.021484375
,4550,,,,9763.84375
,4551,,,,9986.6474609375
,4552,,,,12191.685546875
,4553,,,,9318.91015625
,4554,,,,9734.1044921875
,4555,,,,10609.3662109375
,4556,,,,11146.826171875
,4557,,,,6932.271484375
,4558,,,,11146.0947265625
,4559,,,,7989.50634765625
,4560,,,,10026.5517578125
,4561,,,,9161.0625
,4562,,,,12775.07421875
,4563,,,,9517.3037109375
,4564,,,,10075.0908203125
,4565,,,,12519.654296875
,4566,,,,11975.1640625
,4567,,,,9273.9208984375
,4568,,,,11654.2646484375
,4569,,,,11227.4453125
,4570,,,,5772.724609375
,4571,,,,9847.65234375
,4572,,,,10554.8642578125
,4573,,,,9167.3740234375
,4574,,,,9252.259765625
,4575,,,,10557.3115234375
,4576,,,,10769.3837890625
,4577,,,,8994.220703125
,4578,,,,10210.615234375
,4579,,,,8435.64453125
,4580,,,,8350.0947265625
,4581,,,,10197.6962890625
,4582,,,,8565.3837890625
,4583,,,,8598.296875
,4584,,,,10410.4970703125
,4585,,,,8506.6396484375
,4586,,,,12358.5712890625
,4587,,,,14066.875
73,18129,,,9866.7333984375,
73,18129,10077.54296875,,,
74,18149,,11312.2314453125,,
74,18199,,9455.8603515625,,
74,18249,,9689.5849609375,,
74,18299,,7876.3076171875,,
74,18349,,11153.7666015625,,
,4588,,,,8486.134765625
,4589,,,,9168.0185546875
,4590,,,,9293.56640625
,4591,,,,8040.69970703125
,4592,,,,11216.01171875
,4593,,,,9278.197265625
,4594,,,,12618.96875
,4595,,,,8978.595703125
,4596,,,,8906.3427734375
,4597,,,,8920.2265625
,4598,,,,9651.6240234375
,4599,,,,10080.1533203125
,4600,,,,9903.390625
,4601,,,,10664.318359375
,4602,,,,12494.787109375
,4603,,,,8898.6689453125
,4604,,,,10630.4609375
,4605,,,,10684.0537109375
,4606,,,,9545.5830078125
,4607,,,,8282.88671875
,4608,,,,9838.8779296875
,4609,,,,8330.193359375
,4610,,,,10204.248046875
,4611,,,,8485.5234375
,4612,,,,9738.8896484375
,4613,,,,9945.37109375
,4614,,,,12160.8515625
,4615,,,,9299.84375
,4616,,,,9714.4892578125
,4617,,,,10591.1005859375
,4618,,,,11110.5185546875
,4619,,,,6885.8486328125
,4620,,,,11125.3046875
,4621,,,,7961.66552734375
,4622,,,,9978.9814453125
,4623,,,,9133.8017578125
,4624,,,,12723.9833984375
,4625,,,,9459.9140625
,4626,,,,10007.318359375
,4627,,,,12454.4931640625
,4628,,,,11917.4130859375
,4629,,,,9261.4794921875
,4630,,,,11603.6640625
,4631,,,,11185.666015625
,4632,,,,5755.31787109375
,4633,,,,9818.587890625
,4634,,,,10515.82421875
,4635,,,,9126.271484375
,4636,,,,9223.2802734375
,4637,,,,10472.029296875
,4638,,,,10741.943359375
,4639,,,,8981.4296875
,4640,,,,10190.2685546875
,4641,,,,8411.4814453125
,4642,,,,8333.1005859375
,4643,,,,10189.7275390625
,4644,,,,8506.3720703125
,4645,,,,8520.1328125
,4646,,,,10395.775390625
,4647,,,,8444.38671875
,4648,,,,12319.3056640625
,4649,,,,13997.796875
74,18374,,,9831.4541015625,
74,18374,10055.1552734375,,,
75,18399,,11407.1357421875,,
75,18449,,10256.2939453125,,
75,18499,,11016.494140625,,
75,18549,,8255.9375,,
75,18599,,10672.6328125,,
,4650,,,,8455.94921875
,4651,,,,9144.2275390625
,4652,,,,9253.8515625
,4653,,,,8029.65234375
,4654,,,,11186.76171875
,4655,,,,9246.9091796875
,4656,,,,12583.451171875
,4657,,,,8983.021484375
,4658,,,,8920.232421875
,4659,,,,8900.8046875
,4660,,,,9650.515625
,4661,,,,10037.796875
,4662,,,,9898.40234375
,4663,,,,10630.029296875
,4664,,,,12473.685546875
,4665,,,,8868.44921875
,4666,,,,10602.7451171875
,4667,,,,10679.912109375
,4668,,,,9514.509765625
,4669,,,,8254.802734375
,4670,,,,9786.2666015625
,4671,,,,8288.931640625
,4672,,,,10169.3076171875
,4673,,,,8434.4560546875
,4674,,,,9666.384765625
,4675,,,,9906.900390625
,4676,,,,12135.5029296875
,4677,,,,9260.0546875
,4678,,,,9676.095703125
,4679,,,,10558.11328125
,4680,,,,11068.08203125
,4681,,,,6867.27783203125
,4682,,,,11073.142578125
,4683,,,,7920.79443359375
,4684,,,,9939.771484375
,4685,,,,9104.7548828125
,4686,,,,12722.599609375
,4687,,,,9409.9453125
,4688,,,,9996.263671875
,4689,,,,12436.947265625
,4690,,,,11878.771484375
,4691,,,,9232.6220703125
,4692,,,,11576.49609375
,4693,,,,11155.7880859375
,4694,,,,5756.982421875
,4695,,,,9782.8564453125
,4696,,,,10481.3486328125
,4697,,,,9084.3857421875
,4698,,,,9171.1533203125
,4699,,,,10432.59375
,4700,,,,10687.4765625
,4701,,,,8954.5537109375
,4702,,,,10167.36328125
,4703,,,,8402.0673828125
,4704,,,,8295.908203125
,4705,,,,10169.154296875
,4706,,,,8496.966796875
,4707,,,,8513.3505859375
,4708,,,,10347.837890625
,4709,,,,8420.3291015625
,4710,,,,12301.1171875
,4711,,,,13985.447265625
75,18619,,,9802.646484375,
75,18619,10037.103515625,,,
76,18649,,9299.4599609375,,
76,18699,,11659.2412109375,,
76,18749,,12163.6669921875,,
76,18799,,8504.234375,,
76,18849,,11316.30859375,,
,4712,,,,8431.3876953125
,4713,,,,9112.8828125
,4714,,,,9216.7333984375
,4715,,,,7970.40283203125
,4716,,,,11168.5126953125
,4717,,,,9226.58984375
,4718,,,,12571.90625
,4719,,,,8960.443359375
,4720,,,,8875.6083984375
,4721,,,,8889.25390625
,4722,,,,9586.7822265625
,4723,,,,9980.6474609375
,4724,,,,9839.349609375
,4725,,,,10625.3427734375
,4726,,,,12422.853515625
,4727,,,,8860.7841796875
,4728,,,,10595.54296875
,4729,,,,10655.48828125
,4730,,,,9481.1259765625
,4731,,,,8231.0126953125
,4732,,,,9736.6669921875
,4733,,,,8250.541015625
,4734,,,,10154.4853515625
,4735,,,,8441.5859375
,4736,,,,9656.107421875
,4737,,,,9872.1904296875
,4738,,,,12091.7412109375
,4739,,,,9244.6328125
,4740,,,,9631.2001953125
,4741,,,,10495.625
,4742,,,,11062.0029296875
,4743,,,,6836.05859375
,4744,,,,11042.849609375
,4745,,,,7905.51953125
,4746,,,,9955.046875
,4747,,,,9066.8681640625
,4748,,,,12689.14453125
,4749,,,,9401.701171875
,4750,,,,9960.9765625
,4751,,,,12414.79296875
,4752,,,,11809.4765625
,4753,,,,9188.96484375
,4754,,,,11549.4716796875
,4755,,,,11105.181640625
,4756,,,,5711.9951171875
,4757,,,,9727.162109375
,4758,,,,10455.8583984375
,4759,,,,9058.3564453125
,4760,,,,9159.9306640625
,4761,,,,10422.7099609375
,4762,,,,10696.732421875
,4763,,,,8929.7158203125
,4764,,,,10123.1279296875
,4765,,,,8331.765625
,4766,,,,8299.5791015625
,4767,,,,10103.90234375
,4768,,,,8477.1767578125
,4769,,,,8457.4833984375
,4770,,,,10306.5771484375
,4771,,,,8410.6171875
,4772,,,,12281.001953125
,4773,,,,13960.708984375
76,18864,,,9772.70703125,
76,18864,10025.4091796875,,,
77,18899,,11007.162109375,,
77,18949,,9793.4501953125,,
77,18999,,9012.705078125,,
77,19049,,10652.2158203125,,
77,19099,,12245.6240234375,,
,4774,,,,8400.3330078125
,4775,,,,9083.01171875
,4776,,,,9223.5693359375
,4777,,,,7995.39794921875
,4778,,,,11149.7607421875
,4779,,,,9247.3837890625
,4780,,,,12568.1865234375
,4781,,,,8925.904296875
,4782,,,,8855.8623046875
,4783,,,,8852.6552734375
,4784,,,,9618.728515625
,4785,,,,10014.9794921875
,4786,,,,9843.41796875
,4787,,,,10612.4169921875
,4788,,,,12434.19140625
,4789,,,,8827.9677734375
,4790,,,,10604.7861328125
,4791,,,,10658.4228515625
,4792,,,,9463.7587890625
,4793,,,,8226.408203125
,4794,,,,9758.98046875
,4795,,,,8253.6689453125
,4796,,,,10143.7587890625
,4797,,,,8397.0751953125
,4798,,,,9683.5087890625
,4799,,,,9884.18359375
,4800,,,,12059.3974609375
,4801,,,,9241.0380859375
,4802,,,,9599.7822265625
,4803,,,,10525.7783203125
,4804,,,,11053.0166015625
,4805,,,,6841.01171875
,4806,,,,11047.51171875
,4807,,,,7910.73828125
,4808,,,,9932.9189453125
,4809,,,,9023.3330078125
,4810,,,,12709.25
,4811,,,,9390.9580078125
,4812,,,,9984.361328125
,4813,,,,12406.3994140625
,4814,,,,11841.6396484375
,4815,,,,9220.30859375
,4816,,,,11539.330078125
,4817,,,,11100.9609375
,4818,,,,5719.97802734375
,4819,,,,9753.80859375
,4820,,,,10444.353515625
,4821,,,,9061.9716796875
,4822,,,,9157.1083984375
,4823,,,,10414.6669921875
,4824,,,,10693.3564453125
,4825,,,,8908.923828125
,4826,,,,10141.689453125
,4827,,,,8317.240234375
,4828,,,,8271.033203125
,4829,,,,10092.0849609375
,4830,,,,8479.9541015625
,4831,,,,8424.8251953125
,4832,,,,10305.70703125
,4833,,,,8402.8388671875
,4834,,,,12244.134765625
,4835,,,,13985.212890625
77,19109,,,9769.048828125,
77,19109,10017.708984375,,,
78,19149,,8203.13671875,,
78,19199,,13021.4853515625,,
78,19249,,9825.1728515625,,
78,19299,,10301.6533203125,,
78,19349,,10729.57421875,,
,4836,,,,8444.69921875
,4837,,,,9106.7744140625
,4838,,,,9217.95703125
,4839,,,,7968.0869140625
,4840,,,,11171.0380859375
,4841,,,,9264.716796875
,4842,,,,12606.888671875
,4843,,,,8961.6533203125
,4844,,,,8877.251953125
,4845,,,,8869.521484375
,4846,,,,9588.578125
,4847,,,,9980.060546875
,4848,,,,9840.966796875
,4849,,,,10627.55078125
,4850,,,,12427.779296875
,4851,,,,8855.6181640625
,4852,,,,10599.32421875
,4853,,,,10667.796875
,4854,,,,9441.6767578125
,4855,,,,8237.9326171875
,4856,,,,9770.453125
,4857,,,,8287.9541015625
,4858,,,,10112.4033203125
,4859,,,,8424.486328125
,4860,,,,9666.20703125
,4861,,,,9910.3505859375
,4862,,,,12088.2041015625
,4863,,,,9267.8056640625
,4864,,,,9630.880859375
,4865,,,,10534.599609375
,4866,,,,11049.205078125
,4867,,,,6828.4794921875
,4868,,,,11058.642578125
,4869,,,,7928.88916015625
,4870,,,,9932.818359375
,4871,,,,9068.4482421875
,4872,,,,12742.931640625
,4873,,,,9380.6552734375
,4874,,,,9940.7138671875
,4875,,,,12408.8564453125
,4876,,,,11828.9453125
,4877,,,,9233.96484375
,4878,,,,11549.2802734375
,4879,,,,11102.7265625
,4880,,,,5719.162109375
,4881,,,,9753.251953125
,4882,,,,10451.9228515625
,4883,,,,9059.537109375
,4884,,,,9149.419921875
,4885,,,,10400.5576171875
,4886,,,,10741.474609375
,4887,,,,8949.7724609375
,4888,,,,10142.51171875
,4889,,,,8324.8515625
,4890,,,,8296.015625
,4891,,,,10093.1201171875
,4892,,,,8456.6455078125
,4893,,,,8439.60546875
,4894,,,,10318.681640625
,4895,,,,8426.6640625
,4896,,,,12251.0263671875
,4897,,,,14044.9609375
78,19354,,,9777.2373046875,
78,19354,10005.7666015625,,,
79,19399,,8624.5947265625,,
79,19449,,10629.4287109375,,
79,19499,,8760.359375,,
79,19549,,10358.5146484375,,
79,19599,,9325.1240234375,,
,4898,,,,8400.884765625
,4899,,,,9090.4130859375
,4900,,,,9179.00390625
,4901,,,,7929.9599609375
,4902,,,,11136.046875
,4903,,,,9238.080078125
,4904,,,,12530.388671875
,4905,,,,8927.2314453125
,4906,,,,8848.376953125
,4907,,,,8855.01171875
,4908,,,,9574.97265625
,4909,,,,9971.279296875
,4910,,,,9825.955078125
,4911,,,,10591.58984375
,4912,,,,12398.826171875
,4913,,,,8855.7490234375
,4914,,,,10542.505859375
,4915,,,,10615.8232421875
,4916,,,,9426.4794921875
,4917,,,,8210.865234375
,4918,,,,9756.7060546875
,4919,,,,8265.701171875
,4920,,,,10126.615234375
,4921,,,,8406.591796875
,4922,,,,9622.9453125
,4923,,,,9895.51171875
,4924,,,,12070.947265625
,4925,,,,9226.28125
,4926,,,,9618.5830078125
,4927,,,,10501.517578125
,4928,,,,10996.1376953125
,4929,,,,6818.04443359375
,4930,,,,11043.55859375
,4931,,,,7890.056640625
,4932,,,,9902.673828125
,4933,,,,9055.0361328125
,4934,,,,12686.482421875
,4935,,,,9362.6337890625
,4936,,,,9933.5546875
,4937,,,,12365.99609375
,4938,,,,11835.9345703125
,4939,,,,9182.8173828125
,4940,,,,11478.7783203125
,4941,,,,11100.224609375
,4942,,,,5700.46875
,4943,,,,9732.6513671875
,4944,,,,10410.037109375
,4945,,,,9011.0888671875
,4946,,,,9118.7431640625
,4947,,,,10354.65234375
,4948,,,,10651.7958984375
,4949,,,,8895.8515625
,4950,,,,10111.677734375
,4951,,,,8340.4921875
,4952,,,,8260.814453125
,4953,,,,10073.650390625
,4954,,,,8439.380859375
,4955,,,,8449.501953125
,4956,,,,10262.8388671875
,4957,,,,8380.83984375
,4958,,,,12242.8701171875
,4959,,,,13987.6103515625
79,19599,,,9748.4814453125,
79,19599,9988.55078125,,,
80,19649,,8370.62890625,,
80,19699,,11893.5263671875,,
80,19749,,9724.822265625,,
80,19799,,9719.9013671875,,
,4960,,,,8367.7392578125
,4961,,,,9090.5419921875
,4962,,,,9227.8896484375
,4963,,,,7957.48974609375
,4964,,,,11134.9912109375
,4965,,,,9224.947265625
,4966,,,,12503.6796875
,4967,,,,8912.5205078125
,4968,,,,8879.5234375
,4969,,,,8845.78515625
,4970,,,,9582.0400390625
,4971,,,,9982.8173828125
,4972,,,,9834.318359375
,4973,,,,10569.6982421875
,4974,,,,12381.2861328125
,4975,,,,8835.951171875
,4976,,,,10605.9736328125
,4977,,,,10629.4619140625
,4978,,,,9442.3994140625
,4979,,,,8198.90234375
,4980,,,,9781.8828125
,4981,,,,8285.6357421875
,4982,,,,10129.49609375
,4983,,,,8365.27734375
,4984,,,,9690.1708984375
,4985,,,,9897.787109375
,4986,,,,12077.2353515625
,4987,,,,9200.189453125
,4988,,,,9614.4296875
,4989,,,,10505.9736328125
,4990,,,,11005.3759765625
,4991,,,,6806.76806640625
,4992,,,,11036.6220703125
,4993,,,,7917.5390625
,4994,,,,9942.294921875
,4995,,,,9002.8828125
,4996,,,,12647.3671875
,4997,,,,9361.474609375
,4998,,,,9936.5703125
,4999,,,,12370.9033203125
,5000,,,,11839.33984375
,5001,,,,9185.173828125
,5002,,,,11520.0947265625
,5003,,,,11081.685546875
,5004,,,,5714.1962890625
,5005,,,,9726.037109375
,5006,,,,10403.5986328125
,5007,,,,9022.96875
,5008,,,,9106.8681640625
,5009,,,,10403.2587890625
,5010,,,,10634.73046875
,5011,,,,8877.4296875
,5012,,,,10105.982421875
,5013,,,,8321.3203125
,5014,,,,8265.0986328125
,5015,,,,10077.7041015625
,5016,,,,8450.6162109375
,5017,,,,8446.8515625
,5018,,,,10321.248046875
,5019,,,,8387.1513671875
,5020,,,,12245.48046875
,5021,,,,13953.17578125
80,19844,,,9751.47265625,
80,19844,9972.8125,,,
81,19849,,11072.5908203125,,
81,19899,,7934.4619140625,,
81,19949,,10987.6025390625,,
81,19999,,10632.3427734375,,
81,20049,,9962.9892578125,,
,5022,,,,8372.8525390625
,5023,,,,9103.3857421875
,5024,,,,9274.7939453125
,5025,,,,7971.53466796875
,5026,,,,11172.3125
,5027,,,,9233.0986328125
,5028,,,,12551.64453125
,5029,,,,8932.22265625
,5030,,,,8871.05078125
,5031,,,,8868.1826171875
,5032,,,,9614.939453125
,5033,,,,10014.490234375
,5034,,,,9874.1455078125
,5035,,,,10606.0615234375
,5036,,,,12399.0986328125
,5037,,,,8867.369140625
,5038,,,,10622.8759765625
,5039,,,,10658.6982421875
,5040,,,,9484.03125
,5041,,,,8226.923828125
,5042,,,,9801.1943359375
,5043,,,,8288.9140625
,5044,,,,10142.6044921875
,5045,,,,8415.4169921875
,5046,,,,9702.29296875
,5047,,,,9883.6884765625
,5048,,,,12095.0576171875
,5049,,,,9229.7216796875
,5050,,,,9620.671875
,5051,,,,10541.1494140625
,5052,,,,11024.9345703125
,5053,,,,6820.81005859375
,5054,,,,11056.875
,5055,,,,7917.693359375
,5056,,,,9959.4765625
,5057,,,,9045.8759765625
,5058,,,,12645.74609375
,5059,,,,9417.4248046875
,5060,,,,9986.9501953125
,5061,,,,12391.509765625
,5062,,,,11868.5009765625
,5063,,,,9196.46875
,5064,,,,11534.4697265625
,5065,,,,11119.423828125
,5066,,,,5713.67529296875
,5067,,,,9755.4453125
,5068,,,,10471.986328125
,5069,,,,9078.611328125
,5070,,,,9142.4814453125
,5071,,,,10427.5537109375
,5072,,,,10674.5224609375
,5073,,,,8916.16796875
,5074,,,,10134.3056640625
,5075,,,,8341.224609375
,5076,,,,8262.4482421875
,5077,,,,10094.607421875
,5078,,,,8454.748046875
,5079,,,,8520.326171875
,5080,,,,10309.55078125
,5081,,,,8392.1083984375
,5082,,,,12273.1728515625
,5083,,,,14002.7568359375
81,20089,,,9775.6435546875,
81,20089,9956.9619140625,,,
82,20099,,9683.2021484375,,
82,20149,,9193.45703125,,
82,20199,,11306.58984375,,
82,20249,,9471.646484375,,
82,20299,,10744.42578125,,
,5084,,,,8367.228515625
,5085,,,,9043.62890625
,5086,,,,9129.3759765625
,5087,,,,7918.974609375
,5088,,,,11117.6396484375
,5089,,,,9184.5927734375
,5090,,,,12511.2158203125
,5091,,,,8884.2783203125
,5092,,,,8815.1630859375
,5093,,,,8823.7119140625
,5094,,,,9561.1669921875
,5095,,,,9950.611328125
,5096,,,,9793.51953125
,5097,,,,10565.9365234375
,5098,,,,12364.923828125
,5099,,,,8812.8349609375
,5100,,,,10523.2978515625
,5101,,,,10592.5869140625
,5102,,,,9408.9658203125
,5103,,,,8187.82421875
,5104,,,,9756.2255859375
,5105,,,,8232.3798828125
,5106,,,,10112.1708984375
,5107,,,,8366.1708984375
,5108,,,,9632.0
,5109,,,,9855.892578125
,5110,,,,12053.205078125
,5111,,,,9184.9443359375
,5112,,,,9588.521484375
,5113,,,,10472.021484375
,5114,,,,10942.6865234375
,5115,,,,6798.81494140625
,5116,,,,11027.1162109375
,5117,,,,7875.88623046875
,5118,,,,9887.072265625
,5119,,,,9014.80859375
,5120,,,,12642.7080078125
,5121,,,,9327.150390625
,5122,,,,9907.65234375
,5123,,,,12347.111328125
,5124,,,,11819.234375
,5125,,,,9173.7197265625
,5126,,,,11489.5439453125
,5127,,,,11052.51953125
,5128,,,,5671.578125
,5129,,,,9727.4033203125
,5130,,,,10374.47265625
,5131,,,,8981.6845703125
,5132,,,,9085.2333984375
,5133,,,,10328.6748046875
,5134,,,,10657.59765625
,5135,,,,8854.517578125
,5136,,,,10064.9375
,5137,,,,8314.8134765625
,5138,,,,8192.9716796875
,5139,,,,10067.177734375
,5140,,,,8399.9140625
,5141,,,,8408.5283203125
,5142,,,,10269.50390625
,5143,,,,8370.5234375
,5144,,,,12201.001953125
,5145,,,,13971.1484375
82,20334,,,9721.5947265625,
82,20334,9948.8486328125,,,
83,20349,,7341.46533203125,,
83,20399,,8799.3408203125,,
83,20449,,10108.4697265625,,
83,20499,,10786.5693359375,,
83,20549,,9386.9091796875,,
,5146,,,,8409.4423828125
,5147,,,,9158.6337890625
,5148,,,,9278.423828125
,5149,,,,7994.9482421875
,5150,,,,11157.603515625
,5151,,,,9255.64453125
,5152,,,,12576.466796875
,5153,,,,8949.0107421875
,5154,,,,8873.83203125
,5155,,,,8906.5322265625
,5156,,,,9612.724609375
,5157,,,,10051.4228515625
,5158,,,,9899.7841796875
,5159,,,,10607.5048828125
,5160,,,,12420.4638671875
,5161,,,,8893.2353515625
,5162,,,,10606.6171875
,5163,,,,10651.7197265625
,5164,,,,9495.0283203125
,5165,,,,8262.9697265625
,5166,,,,9852.1572265625
,5167,,,,8331.5849609375
,5168,,,,10171.6455078125
,5169,,,,8440.703125
,5170,,,,9693.8916015625
,5171,,,,9956.7734375
,5172,,,,12131.15625
,5173,,,,9262.9443359375
,5174,,,,9703.125
,5175,,,,10556.427734375
,5176,,,,11064.1962890625
,5177,,,,6864.92236328125
,5178,,,,11085.6376953125
,5179,,,,7939.17236328125
,5180,,,,9963.6591796875
,5181,,,,9106.4208984375
,5182,,,,12680.5625
,5183,,,,9411.8984375
,5184,,,,9967.310546875
,5185,,,,12404.525390625
,5186,,,,11914.7333984375
,5187,,,,9236.5693359375
,5188,,,,11581.3046875
,5189,,,,11168.31640625
,5190,,,,5721.58984375
,5191,,,,9798.7294921875
,5192,,,,10472.505859375
,5193,,,,9084.9853515625
,5194,,,,9156.12890625
,5195,,,,10445.228515625
,5196,,,,10708.6416015625
,5197,,,,8934.2119140625
,5198,,,,10173.888671875
,5199,,,,8410.1357421875
,5200,,,,8313.2431640625
,5201,,,,10130.7236328125
,5202,,,,8473.810546875
,5203,,,,8513.744140625
,5204,,,,10379.34765625
,5205,,,,8429.9677734375
,5206,,,,12281.9560546875
,5207,,,,13986.46484375
83,20579,,,9801.5732421875,
83,20579,9932.3935546875,,,
84,20599,,13473.357421875,,
84,20649,,10115.9580078125,,
84,20699,,7965.32861328125,,
84,20749,,11709.1533203125,,
84,20799,,10588.486328125,,
,5208,,,,8400.26171875
,5209,,,,9070.7958984375
,5210,,,,9184.3212890625
,5211,,,,7945.92236328125
,5212,,,,11101.470703125
,5213,,,,9233.3466796875
,5214,,,,12513.29296875
,5215,,,,8905.2412109375
,5216,,,,8848.4609375
,5217,,,,8846.0615234375
,5218,,,,9577.212890625
,5219,,,,9963.8076171875
,5220,,,,9808.087890625
,5221,,,,10585.3759765625
,5222,,,,12346.55078125
,5223,,,,8845.1591796875
,5224,,,,10548.1005859375
,5225,,,,10609.1689453125
,5226,,,,9424.7060546875
,5227,,,,8210.8447265625
,5228,,,,9800.5595703125
,5229,,,,8278.802734375
,5230,,,,10172.4970703125
,5231,,,,8381.9208984375
,5232,,,,9672.2783203125
,5233,,,,9913.09765625
,5234,,,,12057.00390625
,5235,,,,9227.841796875
,5236,,,,9639.498046875
,5237,,,,10509.400390625
,5238,,,,10989.8623046875
,5239,,,,6807.72998046875
,5240,,,,11063.115234375
,5241,,,,7886.31640625
,5242,,,,9936.7119140625
,5243,,,,9043.453125
,5244,,,,12689.34765625
,5245,,,,9340.4189453125
,5246,,,,9899.0234375
,5247,,,,12362.7353515625
,5248,,,,11864.2626953125
,5249,,,,9196.0439453125
,5250,,,,11504.064453125
,5251,,,,11091.35546875
,5252,,,,5689.02685546875
,5253,,,,9729.0869140625
,5254,,,,10384.4267578125
,5255,,,,9006.166015625
,5256,,,,9111.7890625
,5257,,,,10393.30859375
,5258,,,,10641.3388671875
,5259,,,,8876.7197265625
,5260,,,,10122.572265625
,5261,,,,8335.369140625
,5262,,,,8243.5126953125
,5263,,,,10081.642578125
,5264,,,,8438.4501953125
,5265,,,,8433.3935546875
,5266,,,,10330.0791015625
,5267,,,,8388.7734375
,5268,,,,12226.7314453125
,5269,,,,13910.0830078125
84,20824,,,9748.1669921875,
84,20824,9925.3984375,,,
85,20849,,11779.2509765625,,
85,20899,,10930.2412109375,,
85,20949,,7325.72607421875,,
85,20999,,10392.1923828125,,
85,21049,,9028.625,,
,5270,,,,8350.037109375
,5271,,,,9036.49609375
,5272,,,,9155.1572265625
,5273,,,,7887.0634765625
,5274,,,,11092.2568359375
,5275,,,,9200.3916015625
,5276,,,,12463.921875
,5277,,,,8852.9853515625
,5278,,,,8800.63671875
,5279,,,,8812.9384765625
,5280,,,,9539.8466796875
,5281,,,,9916.978515625
,5282,,,,9776.5556640625
,5283,,,,10553.0458984375
,5284,,,,12322.7255859375
,5285,,,,8817.365234375
,5286,,,,10509.2666015625
,5287,,,,10572.4052734375
,5288,,,,9398.4482421875
,5289,,,,8187.6142578125
,5290,,,,9730.4765625
,5291,,,,8208.400390625
,5292,,,,10122.611328125
,5293,,,,8357.166015625
,5294,,,,9609.3779296875
,5295,,,,9824.0244140625
,5296,,,,12027.43359375
,5297,,,,9174.9599609375
,5298,,,,9554.66015625
,5299,,,,10466.4814453125
,5300,,,,10956.5283203125
,5301,,,,6783.3076171875
,5302,,,,11025.47265625
,5303,,,,7841.58056640625
,5304,,,,9886.822265625
,5305,,,,8981.6279296875
,5306,,,,12619.306640625
,5307,,,,9338.423828125
,5308,,,,9895.689453125
,5309,,,,12313.94921875
,5310,,,,11797.21875
,5311,,,,9116.3154296875
,5312,,,,11445.1630859375
,5313,,,,11063.0849609375
,5314,,,,5660.9765625
,5315,,,,9688.255859375
,5316,,,,10355.2578125
,5317,,,,8981.15234375
,5318,,,,9075.005859375
,5319,,,,10331.294921875
,5320,,,,10597.8759765625
,5321,,,,8824.8662109375
,5322,,,,10069.8427734375
,5323,,,,8294.4423828125
,5324,,,,8181.8056640625
,5325,,,,10022.47265625
,5326,,,,8413.78515625
,5327,,,,8424.7734375
,5328,,,,10239.1025390625
,5329,,,,8322.70703125
,5330,,,,12225.6162109375
,5331,,,,13956.3427734375
85,21069,,,9705.333984375,
85,21069,9922.748046875,,,
86,21099,,10480.6083984375,,
86,21149,,9116.572265625,,
86,21199,,10074.1748046875,,
86,21249,,9087.4462890625,,
86,21299,,8510.263671875,,
,5332,,,,8395.1865234375
,5333,,,,9092.796875
,5334,,,,9210.26953125
,5335,,,,7924.59814453125
,5336,,,,11120.30078125
,5337,,,,9208.990234375
,5338,,,,12518.017578125
,5339,,,,8900.2529296875
,5340,,,,8847.9775390625
,5341,,,,8843.6904296875
,5342,,,,9558.541015625
,5343,,,,9938.8330078125
,5344,,,,9779.9326171875
,5345,,,,10579.615234375
,5346,,,,12341.8095703125
,5347,,,,8807.078125
,5348,,,,10600.0244140625
,5349,,,,10614.3466796875
,5350,,,,9406.390625
,5351,,,,8203.1689453125
,5352,,,,9740.564453125
,5353,,,,8260.375
,5354,,,,10096.6923828125
,5355,,,,8349.4443359375
,5356,,,,9642.521484375
,5357,,,,9877.849609375
,5358,,,,12032.7685546875
,5359,,,,9196.6552734375
,5360,,,,9622.2119140625
,5361,,,,10477.1025390625
,5362,,,,11020.1025390625
,5363,,,,6794.3818359375
,5364,,,,11006.0830078125
,5365,,,,7902.69189453125
,5366,,,,9928.2412109375
,5367,,,,8997.3974609375
,5368,,,,12646.08203125
,5369,,,,9371.3642578125
,5370,,,,9920.767578125
,5371,,,,12363.84375
,5372,,,,11797.4453125
,5373,,,,9168.7294921875
,5374,,,,11512.7548828125
,5375,,,,11044.728515625
,5376,,,,5681.125
,5377,,,,9728.298828125
,5378,,,,10380.5400390625
,5379,,,,9034.9873046875
,5380,,,,9088.8837890625
,5381,,,,10385.3779296875
,5382,,,,10646.8212890625
,5383,,,,8875.927734375
,5384,,,,10093.01953125
,5385,,,,8290.3916015625
,5386,,,,8268.806640625
,5387,,,,10015.4892578125
,5388,,,,8401.19140625
,5389,,,,8428.505859375
,5390,,,,10283.724609375
,5391,,,,8371.296875
,5392,,,,12217.4775390625
,5393,,,,13924.2939453125
86,21314,,,9733.9541015625,
86,21314,9896.9599609375,,,
87,21349,,9022.978515625,,
87,21399,,9275.8232421875,,
87,21449,,10061.7509765625,,
87,21499,,9625.26953125,,
87,21549,,8702.533203125,,
,5394,,,,8341.0263671875
,5395,,,,9063.33984375
,5396,,,,9172.091796875
,5397,,,,7898.19970703125
,5398,,,,11075.806640625
,5399,,,,9149.1591796875
,5400,,,,12466.1640625
,5401,,,,8876.0771484375
,5402,,,,8808.1005859375
,5403,,,,8809.64453125
,5404,,,,9524.8837890625
,5405,,,,9922.7509765625
,5406,,,,9758.7060546875
,5407,,,,10542.478515625
,5408,,,,12320.0712890625
,5409,,,,8785.5791015625
,5410,,,,10556.92578125
,5411,,,,10569.72265625
,5412,,,,9384.7802734375
,5413,,,,8186.69189453125
,5414,,,,9709.0263671875
,5415,,,,8227.32421875
,5416,,,,10070.6318359375
,5417,,,,8341.884765625
,5418,,,,9615.6357421875
,5419,,,,9835.3203125
,5420,,,,12003.6201171875
,5421,,,,9162.3564453125
,5422,,,,9576.291015625
,5423,,,,10458.5869140625
,5424,,,,10961.9560546875
,5425,,,,6780.80712890625
,5426,,,,10967.818359375
,5427,,,,7840.515625
,5428,,,,9899.05078125
,5429,,,,8983.2236328125
,5430,,,,12583.4697265625
,5431,,,,9330.2958984375
,5432,,,,9875.6787109375
,5433,,,,12289.765625
,5434,,,,11753.1123046875
,5435,,,,9141.5517578125
,5436,,,,11447.26953125
,5437,,,,11038.68359375
,5438,,,,5676.85400390625
,5439,,,,9668.1396484375
,5440,,,,10342.994140625
,5441,,,,8990.943359375
,5442,,,,9055.7607421875
,5443,,,,10341.267578125
,5444,,,,10608.1005859375
,5445,,,,8839.4140625
,5446,,,,10061.1884765625
,5447,,,,8264.318359375
,5448,,,,8213.3974609375
,5449,,,,10015.9541015625
,5450,,,,8404.1552734375
,5451,,,,8378.4365234375
,5452,,,,10249.658203125
,5453,,,,8329.4716796875
,5454,,,,12196.6416015625
,5455,,,,13877.396484375
87,21559,,,9699.291015625,
87,21559,9882.4755859375,,,
88,21599,,8470.2177734375,,
88,21649,,11808.8330078125,,
88,21699,,8051.38037109375,,
88,21749,,8678.1376953125,,
88,21799,,9820.7373046875,,
,5456,,,,8382.65625
,5457,,,,9012.7861328125
,5458,,,,9135.9794921875
,5459,,,,7911.21728515625
,5460,,,,11112.0166015625
,5461,,,,9187.4970703125
,5462,,,,12502.673828125
,5463,,,,8888.6552734375
,5464,,,,8777.4814453125
,5465,,,,8793.5458984375
,5466,,,,9554.15625
,5467,,,,9944.2275390625
,5468,,,,9792.3134765625
,5469,,,,10571.849609375
,5470,,,,12368.1474609375
,5471,,,,8810.3720703125
,5472,,,,10498.62109375
,5473,,,,10600.5341796875
,5474,,,,9394.56640625
,5475,,,,8200.873046875
,5476,,,,9737.5869140625
,5477,,,,8208.43359375
,5478,,,,10084.32421875
,5479,,,,8386.8447265625
,5480,,,,9585.2705078125
,5481,,,,9837.5537109375
,5482,,,,12047.76953125
,5483,,,,9188.3369140625
,5484,,,,9567.56640625
,5485,,,,10482.8779296875
,5486,,,,10934.396484375
,5487,,,,6778.388671875
,5488,,,,10979.0380859375
,5489,,,,7835.2109375
,5490,,,,9864.66796875
,5491,,,,8997.580078125
,5492,,,,12626.8505859375
,5493,,,,9329.7841796875
,5494,,,,9894.16015625
,5495,,,,12328.384765625
,5496,,,,11813.109375
,5497,,,,9143.5703125
,5498,,,,11474.5830078125
,5499,,,,11073.5849609375
,5500,,,,5679.2998046875
,5501,,,,9698.294921875
,5502,,,,10392.638671875
,5503,,,,8997.2041015625
,5504,,,,9079.953125
,5505,,,,10316.0751953125
,5506,,,,10628.71875
,5507,,,,8863.7490234375
,5508,,,,10065.5732421875
,5509,,,,8277.02734375
,5510,,,,8171.4287109375
,5511,,,,10040.3798828125
,5512,,,,8360.7236328125
,5513,,,,8415.349609375
,5514,,,,10255.109375
,5515,,,,8329.462890625
,5516,,,,12198.033203125
,5517,,,,13945.326171875
88,21804,,,9710.41796875,
88,21804,9874.166015625,,,
89,21849,,9925.7158203125,,
89,21899,,8841.2314453125,,
89,21949,,12642.4609375,,
89,21999,,11569.5068359375,,
89,22049,,9861.3486328125,,
,5518,,,,8347.91015625
,5519,,,,9003.62890625
,5520,,,,9118.173828125
,5521,,,,7883.5732421875
,5522,,,,11059.1953125
,5523,,,,9141.11328125
,5524,,,,12432.1171875
,5525,,,,8858.755859375
,5526,,,,8788.671875
,5527,,,,8788.9462890625
,5528,,,,9508.712890625
,5529,,,,9900.7919921875
,5530,,,,9748.017578125
,5531,,,,10532.7412109375
,5532,,,,12301.984375
,5533,,,,8761.0478515625
,5534,,,,10523.833984375
,5535,,,,10554.4912109375
,5536,,,,9372.849609375
,5537,,,,8159.3525390625
,5538,,,,9677.6474609375
,5539,,,,8203.5810546875
,5540,,,,10036.8271484375
,5541,,,,8309.6826171875
,5542,,,,9589.0029296875
,5543,,,,9814.61328125
,5544,,,,11983.150390625
,5545,,,,9128.8642578125
,5546,,,,9525.232421875
,5547,,,,10439.423828125
,5548,,,,10915.1435546875
,5549,,,,6758.51806640625
,5550,,,,10933.6220703125
,5551,,,,7830.2080078125
,5552,,,,9871.333984375
,5553,,,,8947.390625
,5554,,,,12589.384765625
,5555,,,,9297.9169921875
,5556,,,,9880.5703125
,5557,,,,12271.1103515625
,5558,,,,11720.259765625
,5559,,,,9113.4912109375
,5560,,,,11415.6494140625
,5561,,,,10989.640625
,5562,,,,5671.65380859375
,5563,,,,9642.2646484375
,5564,,,,10318.654296875
,5565,,,,8968.1728515625
,5566,,,,9043.9130859375
,5567,,,,10291.1171875
,5568,,,,10568.8408203125
,5569,,,,8825.560546875
,5570,,,,10025.3359375
,5571,,,,8241.796875
,5572,,,,8185.62744140625
,5573,,,,9997.5673828125
,5574,,,,8368.93359375
,5575,,,,8375.349609375
,5576,,,,10225.1611328125
,5577,,,,8303.28125
,5578,,,,12187.30859375
,5579,,,,13881.626953125
89,22049,,,9675.2294921875,
89,22049,9866.349609375,,,
90,22099,,10246.5390625,,
90,22149,,6959.35302734375,,
90,22199,,9491.4736328125,,
90,22249,,13062.5029296875,,
,5580,,,,8303.99609375
,5581,,,,8951.18359375
,5582,,,,9075.767578125
,5583,,,,7856.41845703125
,5584,,,,11048.884765625
,5585,,,,9150.2607421875
,5586,,,,12407.3623046875
,5587,,,,8818.6044921875
,5588,,,,8738.0947265625
,5589,,,,8740.173828125
,5590,,,,9497.1171875
,5591,,,,9862.828125
,5592,,,,9716.34765625
,5593,,,,10522.19921875
,5594,,,,12268.744140625
,5595,,,,8738.1201171875
,5596,,,,10484.29296875
,5597,,,,10520.3330078125
,5598,,,,9321.7607421875
,5599,,,,8138.8388671875
,5600,,,,9658.3837890625
,5601,,,,8194.046875
,5602,,,,10005.4521484375
,5603,,,,8292.6650390625
,5604,,,,9570.8349609375
,5605,,,,9803.86328125
,5606,,,,11953.3896484375
,5607,,,,9132.005859375
,5608,,,,9491.8935546875
,5609,,,,10407.201171875
,5610,,,,10870.31640625
,5611,,,,6714.66845703125
,5612,,,,10953.5517578125
,5613,,,,7820.32275390625
,5614,,,,9820.548828125
,5615,,,,8926.1103515625
,5616,,,,12599.1767578125
,5617,,,,9271.4462890625
,5618,,,,9858.2822265625
,5619,,,,12268.265625
,5620,,,,11704.3310546875
,5621,,,,9120.34375
,5622,,,,11403.2939453125
,5623,,,,10971.7705078125
,5624,,,,5643.91064453125
,5625,,,,9632.603515625
,5626,,,,10290.9794921875
,5627,,,,8902.6484375
,5628,,,,8995.6572265625
,5629,,,,10275.568359375
,5630,,,,10548.7919921875
,5631,,,,8777.69140625
,5632,,,,9989.41796875
,5633,,,,8213.9990234375
,5634,,,,8121.2568359375
,5635,,,,9949.890625
,5636,,,,8328.349609375
,5637,,,,8327.9892578125
,5638,,,,10203.1240234375
,5639,,,,8276.423828125
,5640,,,,12103.423828125
,5641,,,,13896.9619140625
90,22294,,,9647.2939453125,
90,22294,9854.4150390625,,,
91,22299,,8207.0615234375,,
91,22349,,9133.458984375,,
91,22399,,7851.3330078125,,
91,22449,,9902.7265625,,
91,22499,,9898.025390625,,
,5642,,,,8330.61328125
,5643,,,,9023.84375
,5644,,,,9104.5751953125
,5645,,,,7883.404296875
,5646,,,,11062.4619140625
,5647,,,,9155.67578125
,5648,,,,12441.3876953125
,5649,,,,8840.3583984375
,5650,,,,8744.5322265625
,5651,,,,8768.0498046875
,5652,,,,9497.18359375
,5653,,,,9892.79296875
,5654,,,,9728.8935546875
,5655,,,,10555.1962890625
,5656,,,,12281.626953125
,5657,,,,8770.888671875
,5658,,,,10518.8759765625
,5659,,,,10560.8623046875
,5660,,,,9357.6162109375
,5661,,,,8175.9130859375
,5662,,,,9680.5107421875
,5663,,,,8190.52587890625
,5664,,,,10017.33203125
,5665,,,,8348.419921875
,5666,,,,9586.9375
,5667,,,,9839.09765625
,5668,,,,11979.6845703125
,5669,,,,9128.5576171875
,5670,,,,9535.279296875
,5671,,,,10415.443359375
,5672,,,,10918.5361328125
,5673,,,,6740.59814453125
,5674,,,,10931.31640625
,5675,,,,7836.49169921875
,5676,,,,9880.30078125
,5677,,,,8958.16015625
,5678,,,,12576.294921875
,5679,,,,9299.2880859375
,5680,,,,9853.677734375
,5681,,,,12271.939453125
,5682,,,,11706.32421875
,5683,,,,9106.4189453125
,5684,,,,11448.548828125
,5685,,,,10992.1767578125
,5686,,,,5656.0224609375
,5687,,,,9635.109375
,5688,,,,10341.47265625
,5689,,,,8944.2568359375
,5690,,,,9044.8076171875
,5691,,,,10293.1923828125
,5692,,,,10564.7353515625
,5693,,,,8808.220703125
,5694,,,,10018.166015625
,5695,,,,8253.9404296875
,5696,,,,8169.0322265625
,5697,,,,9996.6328125
,5698,,,,8340.8193359375
,5699,,,,8371.8251953125
,5700,,,,10207.6416015625
,5701,,,,8289.0341796875
,5702,,,,12150.2255859375
,5703,,,,13886.20703125
91,22539,,,9671.2099609375,
91,22539,9837.2509765625,,,
92,22549,,11737.4912109375,,
92,22599,,11405.724609375,,
92,22649,,9099.8349609375,,
92,22699,,9216.4111328125,,
92,22749,,12268.5625,,
,5704,,,,8335.5751953125
,5705,,,,8973.3828125
,5706,,,,9079.7509765625
,5707,,,,7854.724609375
,5708,,,,11057.2939453125
,5709,,,,9143.728515625
,5710,,,,12425.912109375
,5711,,,,8812.140625
,5712,,,,8728.3427734375
,5713,,,,8734.103515625
,5714,,,,9493.6162109375
,5715,,,,9864.9658203125
,5716,,,,9725.23828125
,5717,,,,10528.62109375
,5718,,,,12303.5263671875
,5719,,,,8761.1181640625
,5720,,,,10477.9677734375
,5721,,,,10549.9169921875
,5722,,,,9338.7138671875
,5723,,,,8138.9052734375
,5724,,,,9661.3095703125
,5725,,,,8173.08642578125
,5726,,,,10008.787109375
,5727,,,,8335.5791015625
,5728,,,,9525.63671875
,5729,,,,9803.2275390625
,5730,,,,11976.2216796875
,5731,,,,9109.7607421875
,5732,,,,9518.525390625
,5733,,,,10419.359375
,5734,,,,10867.578125
,5735,,,,6736.15625
,5736,,,,10920.18359375
,5737,,,,7814.0615234375
,5738,,,,9814.34375
,5739,,,,8914.5146484375
,5740,,,,12600.4541015625
,5741,,,,9268.8701171875
,5742,,,,9839.212890625
,5743,,,,12248.912109375
,5744,,,,11700.4423828125
,5745,,,,9113.96875
,5746,,,,11397.9638671875
,5747,,,,10974.4775390625
,5748,,,,5650.86474609375
,5749,,,,9617.6787109375
,5750,,,,10303.3095703125
,5751,,,,8925.3447265625
,5752,,,,9015.369140625
,5753,,,,10250.634765625
,5754,,,,10554.50390625
,5755,,,,8800.400390625
,5756,,,,9992.0458984375
,5757,,,,8221.1337890625
,5758,,,,8126.134765625
,5759,,,,9961.005859375
,5760,,,,8302.6767578125
,5761,,,,8365.013671875
,5762,,,,10170.05078125
,5763,,,,8267.0068359375
,5764,,,,12131.4541015625
,5765,,,,13884.62109375
92,22784,,,9650.0185546875,
92,22784,9826.4091796875,,,
93,22799,,10290.7119140625,,
93,22849,,10486.2392578125,,
93,22899,,10432.26953125,,
93,22949,,8453.310546875,,
93,22999,,10827.623046875,,
,5766,,,,8334.0869140625
,5767,,,,8984.4306640625
,5768,,,,9092.40234375
,5769,,,,7852.4541015625
,5770,,,,11059.7451171875
,5771,,,,9124.0478515625
,5772,,,,12421.6015625
,5773,,,,8836.392578125
,5774,,,,8748.103515625
,5775,,,,8758.7080078125
,5776,,,,9491.1171875
,5777,,,,9855.353515625
,5778,,,,9714.2216796875
,5779,,,,10540.0703125
,5780,,,,12266.630859375
,5781,,,,8758.7421875
,5782,,,,10488.8916015625
,5783,,,,10534.44921875
,5784,,,,9337.408203125
,5785,,,,8137.05517578125
,5786,,,,9667.93359375
,5787,,,,8195.38671875
,5788,,,,10016.4619140625
,5789,,,,8330.5
,5790,,,,9581.5439453125
,5791,,,,9836.212890625
,5792,,,,11949.8759765625
,5793,,,,9141.7568359375
,5794,,,,9536.7080078125
,5795,,,,10423.8115234375
,5796,,,,10895.30078125
,5797,,,,6736.4462890625
,5798,,,,10960.478515625
,5799,,,,7848.25830078125
,5800,,,,9837.1650390625
,5801,,,,8945.8037109375
,5802,,,,12633.5703125
,5803,,,,9283.2470703125
,5804,,,,9813.4208984375
,5805,,,,12251.9794921875
,5806,,,,11711.74609375
,5807,,,,9149.27734375
,5808,,,,11395.0947265625
,5809,,,,10972.7265625
,5810,,,,5628.48193359375
,5811,,,,9614.2509765625
,5812,,,,10276.3291015625
,5813,,,,8924.2783203125
,5814,,,,9017.0068359375
,5815,,,,10266.51953125
,5816,,,,10615.9658203125
,5817,,,,8809.9267578125
,5818,,,,10010.916015625
,5819,,,,8238.5673828125
,5820,,,,8150.49072265625
,5821,,,,9967.65625
,5822,,,,8331.0
,5823,,,,8323.6923828125
,5824,,,,10241.7900390625
,5825,,,,8303.7314453125
,5826,,,,12127.1220703125
,5827,,,,13872.888671875
93,23029,,,9659.345703125,
93,23029,9814.1142578125,,,
94,23049,,9493.6201171875,,
94,23099,,11640.0810546875,,
94,23149,,7851.06982421875,,
94,23199,,8285.3935546875,,
94,23249,,8338.935546875,,
,5828,,,,8293.2646484375
,5829,,,,8961.4794921875
,5830,,,,9041.34375
,5831,,,,7805.88134765625
,5832,,,,11014.0849609375
,5833,,,,9076.6796875
,5834,,,,12377.9501953125
,5835,,,,8789.35546875
,5836,,,,8714.4755859375
,5837,,,,8722.51171875
,5838,,,,9445.27734375
,5839,,,,9817.765625
,5840,,,,9670.9111328125
,5841,,,,10491.1796875
,5842,,,,12199.9892578125
,5843,,,,8718.0302734375
,5844,,,,10453.921875
,5845,,,,10505.068359375
,5846,,,,9311.9521484375
,5847,,,,8107.5654296875
,5848,,,,9611.7509765625
,5849,,,,8172.79541015625
,5850,,,,9964.4267578125
,5851,,,,8284.947265625
,5852,,,,9545.201171875
,5853,,,,9765.55859375
,5854,,,,11893.26171875
,5855,,,,9076.6689453125
,5856,,,,9483.0244140625
,5857,,,,10375.4033203125
,5858,,,,10840.154296875
,5859,,,,6713.4150390625
,5860,,,,10888.2470703125
,5861,,,,7802.12939453125
,5862,,,,9822.392578125
,5863,,,,8891.2578125
,5864,,,,12557.8125
,5865,,,,9257.3984375
,5866,,,,9785.140625
,5867,,,,12207.66796875
,5868,,,,11629.212890625
,5869,,,,9090.541015625
,5870,,,,11356.8232421875
,5871,,,,10903.462890625
,5872,,,,5636.275390625
,5873,,,,9572.646484375
,5874,,,,10246.4609375
,5875,,,,8876.2607421875
,5876,,,,8986.67578125
,5877,,,,10227.1201171875
,5878,,,,10561.109375
,5879,,,,8764.1640625
,5880,,,,9944.9697265625
,5881,,,,8196.900390625
,5882,,,,8121.45751953125
,5883,,,,9908.634765625
,5884,,,,8298.3994140625
,5885,,,,8289.6826171875
,5886,,,,10186.1484375
,5887,,,,8242.7783203125
,5888,,,,12109.73046875
,5889,,,,13804.7998046875
94,23274,,,9615.1357421875,
94,23274,9807.0068359375,,,
95,23299,,10836.2236328125,,
95,23349,,9829.14453125,,
95,23399,,8982.2080078125,,
95,23449,,9954.9375,,
95,23499,,8305.923828125,,
,5890,,,,8295.9677734375
,5891,,,,8944.005859375
,5892,,,,9051.4384765625
,5893,,,,7826.10009765625
,5894,,,,11045.5185546875
,5895,,,,9109.359375
,5896,,,,12400.78125
,5897,,,,8793.1552734375
,5898,,,,8696.3603515625
,5899,,,,8714.93359375
,5900,,,,9442.6806640625
,5901,,,,9840.328125
,5902,,,,9700.0078125
,5903,,,,10502.4306640625
,5904,,,,12251.4658203125
,5905,,,,8744.482421875
,5906,,,,10444.193359375
,5907,,,,10528.31640625
,5908,,,,9312.30859375
,5909,,,,8139.85205078125
,5910,,,,9643.3251953125
,5911,,,,8137.1416015625
,5912,,,,9981.0322265625
,5913,,,,8295.8662109375
,5914,,,,9536.5791015625
,5915,,,,9771.1220703125
,5916,,,,11960.09765625
,5917,,,,9075.9404296875
,5918,,,,9499.3603515625
,5919,,,,10387.33984375
,5920,,,,10839.712890625
,5921,,,,6700.2705078125
,5922,,,,10901.0517578125
,5923,,,,7807.1669921875
,5924,,,,9800.232421875
,5925,,,,8920.09765625
,5926,,,,12557.5966796875
,5927,,,,9245.1640625
,5928,,,,9803.1923828125
,5929,,,,12223.1044921875
,5930,,,,11661.5595703125
,5931,,,,9077.306640625
,5932,,,,11395.4091796875
,5933,,,,10953.5029296875
,5934,,,,5613.26123046875
,5935,,,,9578.34375
,5936,,,,10269.7392578125
,5937,,,,8896.9912109375
,5938,,,,8996.0009765625
,5939,,,,10236.2724609375
,5940,,,,10535.8291015625
,5941,,,,8751.6591796875
,5942,,,,9952.599609375
,5943,,,,8195.416015625
,5944,,,,8096.2275390625
,5945,,,,9948.28125
,5946,,,,8278.04296875
,5947,,,,8340.830078125
,5948,,,,10152.703125
,5949,,,,8230.666015625
,5950,,,,12119.37109375
,5951,,,,13829.7314453125
95,23519,,,9624.083984375,
95,23519,9801.43359375,,,
96,23549,,10022.0234375,,
96,23599,,11573.095703125,,
96,23649,,11662.1416015625,,
96,23699,,9273.23046875,,
96,23749,,10771.056640625,,
,5952,,,,8252.2001953125
,5953,,,,8919.8671875
,5954,,,,8972.982421875
,5955,,,,7738.38671875
,5956,,,,10983.9755859375
,5957,,,,9022.3115234375
,5958,,,,12326.505859375
,5959,,,,8755.234375
,5960,,,,8682.37890625
,5961,,,,8693.025390625
,5962,,,,9404.2216796875
,5963,,,,9774.5322265625
,5964,,,,9630.685546875
,5965,,,,10421.3037109375
,5966,,,,12181.2685546875
,5967,,,,8708.005859375
,5968,,,,10378.751953125
,5969,,,,10464.0478515625
,5970,,,,9240.21875
,5971,,,,8077.39599609375
,5972,,,,9543.8125
,5973,,,,8116.84375
,5974,,,,9922.7138671875
,5975,,,,8214.521484375
,5976,,,,9463.7265625
,5977,,,,9731.8603515625
,5978,,,,11881.38671875
,5979,,,,9044.888671875
,5980,,,,9446.044921875
,5981,,,,10319.5126953125
,5982,,,,10787.8857421875
,5983,,,,6682.1435546875
,5984,,,,10855.6015625
,5985,,,,7745.35400390625
,5986,,,,9756.748046875
,5987,,,,8846.919921875
,5988,,,,12491.337890625
,5989,,,,9180.978515625
,5990,,,,9712.314453125
,5991,,,,12147.3349609375
,5992,,,,11592.947265625
,5993,,,,9029.736328125
,5994,,,,11327.36328125
,5995,,,,10850.9833984375
,5996,,,,5589.3359375
,5997,,,,9525.580078125
,5998,,,,10194.59765625
,5999,,,,8786.923828125
,6000,,,,8932.2255859375
,6001,,,,10168.5751953125
,6002,,,,10496.791015625
,6003,,,,8696.3662109375
,6004,,,,9892.638671875
,6005,,,,8140.23046875
,6006,,,,8030.22216796875
,6007,,,,9870.578125
,6008,,,,8245.7353515625
,6009,,,,8237.5205078125
,6010,,,,10093.0234375
,6011,,,,8207.921875
,6012,,,,12079.3671875
,6013,,,,13797.5068359375
96,23764,,,9564.48828125,
96,23764,9779.4248046875,,,
97,23799,,12630.7294921875,,
97,23849,,10320.9091796875,,
97,23899,,11571.580078125,,
97,23949,,9427.32421875,,
97,23999,,9924.19140625,,
,6014,,,,8215.8154296875
,6015,,,,8897.5400390625
,6016,,,,8983.1455078125
,6017,,,,7766.42041015625
,6018,,,,10988.2568359375
,6019,,,,9059.7177734375
,6020,,,,12333.1083984375
,6021,,,,8775.26171875
,6022,,,,8686.5126953125
,6023,,,,8676.2275390625
,6024,,,,9409.1923828125
,6025,,,,9800.6875
,6026,,,,9660.4873046875
,6027,,,,10446.685546875
,6028,,,,12214.1083984375
,6029,,,,8717.7109375
,6030,,,,10405.1787109375
,6031,,,,10461.80859375
,6032,,,,9254.7275390625
,6033,,,,8097.5859375
,6034,,,,9589.22265625
,6035,,,,8085.244140625
,6036,,,,9934.130859375
,6037,,,,8241.259765625
,6038,,,,9494.9560546875
,6039,,,,9741.2099609375
,6040,,,,11924.2392578125
,6041,,,,9036.060546875
,6042,,,,9443.1630859375
,6043,,,,10351.2685546875
,6044,,,,10793.59765625
,6045,,,,6670.5888671875
,6046,,,,10858.9208984375
,6047,,,,7755.81982421875
,6048,,,,9762.0498046875
,6049,,,,8843.322265625
,6050,,,,12493.95703125
,6051,,,,9193.51171875
,6052,,,,9748.53515625
,6053,,,,12140.4697265625
,6054,,,,11614.7353515625
,6055,,,,9024.515625
,6056,,,,11314.2587890625
,6057,,,,10891.22265625
,6058,,,,5596.35791015625
,6059,,,,9530.439453125
,6060,,,,10205.6298828125
,6061,,,,8811.5537109375
,6062,,,,8931.2509765625
,6063,,,,10181.08203125
,6064,,,,10455.966796875
,6065,,,,8707.9013671875
,6066,,,,9934.7802734375
,6067,,,,8161.9482421875
,6068,,,,8031.25390625
,6069,,,,9898.9140625
,6070,,,,8259.634765625
,6071,,,,8269.482421875
,6072,,,,10097.095703125
,6073,,,,8190.05517578125
,6074,,,,12104.1962890625
,6075,,,,13758.0
97,24009,,,9575.0654296875,
97,24009,9777.0302734375,,,
98,24049,,10877.275390625,,
98,24099,,7850.11083984375,,
98,24149,,12316.4228515625,,
98,24199,,9888.75390625,,
98,24249,,11272.2802734375,,
,6076,,,,8226.392578125
,6077,,,,8890.9140625
,6078,,,,8974.150390625
,6079,,,,7770.54736328125
,6080,,,,10989.7529296875
,6081,,,,9040.779296875
,6082,,,,12338.716796875
,6083,,,,8733.6201171875
,6084,,,,8654.00390625
,6085,,,,8673.888671875
,6086,,,,9384.724609375
,6087,,,,9771.5283203125
,6088,,,,9641.2802734375
,6089,,,,10453.4091796875
,6090,,,,12170.7216796875
,6091,,,,8704.212890625
,6092,,,,10383.87890625
,6093,,,,10448.6171875
,6094,,,,9246.892578125
,6095,,,,8060.962890625
,6096,,,,9553.4951171875
,6097,,,,8088.46337890625
,6098,,,,9908.8486328125
,6099,,,,8230.4677734375
,6100,,,,9456.3466796875
,6101,,,,9694.7841796875
,6102,,,,11914.767578125
,6103,,,,9015.005859375
,6104,,,,9409.248046875
,6105,,,,10320.9052734375
,6106,,,,10773.8505859375
,6107,,,,6656.6201171875
,6108,,,,10828.173828125
,6109,,,,7739.3544921875
,6110,,,,9736.7177734375
,6111,,,,8839.111328125
,6112,,,,12504.4736328125
,6113,,,,9173.0654296875
,6114,,,,9750.0693359375
,6115,,,,12154.0546875
,6116,,,,11572.1572265625
,6117,,,,9006.2763671875
,6118,,,,11305.572265625
,6119,,,,10887.25
,6120,,,,5570.68994140625
,6121,,,,9515.48828125
,6122,,,,10201.8916015625
,6123,,,,8802.830078125
,6124,,,,8946.904296875
,6125,,,,10184.876953125
,6126,,,,10448.6259765625
,6127,,,,8690.376953125
,6128,,,,9888.4970703125
,6129,,,,8140.36767578125
,6130,,,,8013.6845703125
,6131,,,,9849.2373046875
,6132,,,,8221.853515625
,6133,,,,8253.8525390625
,6134,,,,10098.8251953125
,6135,,,,8160.681640625
,6136,,,,12063.890625
,6137,,,,13735.515625
98,24254,,,9558.107421875,
98,24254,9764.2099609375,,,
99,24299,,10116.6474609375,,
99,24349,,8514.2158203125,,
99,24399,,8585.04296875,,
99,24449,,9996.39453125,,
99,24499,,10188.220703125,,
,6138,,,,8259.9365234375
,6139,,,,8897.93359375
,6140,,,,8997.25390625
,6141,,,,7786.1962890625
,6142,,,,10992.9560546875
,6143,,,,9072.4169921875
,6144,,,,12351.546875
,6145,,,,8767.65234375
,6146,,,,8682.87890625
,6147,,,,8690.8408203125
,6148,,,,9420.8076171875
,6149,,,,9766.1845703125
,6150,,,,9650.43359375
,6151,,,,10473.40625
,6152,,,,12183.544921875
,6153,,,,8692.81640625
,6154,,,,10432.9375
,6155,,,,10476.384765625
,6156,,,,9252.9248046875
,6157,,,,8097.98046875
,6158,,,,9581.8154296875
,6159,,,,8125.208984375
,6160,,,,9925.3046875
,6161,,,,8248.2841796875
,6162,,,,9520.3583984375
,6163,,,,9749.857421875
,6164,,,,11885.369140625
,6165,,,,9067.7099609375
,6166,,,,9449.6337890625
,6167,,,,10353.2939453125
,6168,,,,10791.11328125
,6169,,,,6653.56103515625
,6170,,,,10873.16796875
,6171,,,,7772.26025390625
,6172,,,,9773.5087890625
,6173,,,,8867.9287109375
,6174,,,,12559.6376953125
,6175,,,,9217.0498046875
,6176,,,,9752.8056640625
,6177,,,,12176.7333984375
,6178,,,,11615.5234375
,6179,,,,9072.4296875
,6180,,,,11325.9033203125
,6181,,,,10905.17578125
,6182,,,,5604.1142578125
,6183,,,,9551.5185546875
,6184,,,,10215.51953125
,6185,,,,8850.8486328125
,6186,,,,8941.4443359375
,6187,,,,10181.0576171875
,6188,,,,10516.49609375
,6189,,,,8729.62109375
,6190,,,,9932.888671875
,6191,,,,8155.66455078125
,6192,,,,8039.1416015625
,6193,,,,9895.896484375
,6194,,,,8244.4541015625
,6195,,,,8261.9365234375
,6196,,,,10161.2724609375
,6197,,,,8215.9287109375
,6198,,,,12067.1279296875
,6199,,,,13807.5400390625
99,24499,,,9585.232421875,
99,24499,9755.2255859375,,,
