epoch,step,train_loss_epoch,train_loss_step,val_loss_epoch,val_loss_step
0,49,,42.913246154785156,,
0,99,,39.379886627197266,,
,0,,,,41.98928451538086
,1,,,,39.918060302734375
,2,,,,32.98603820800781
,3,,,,33.67909240722656
,4,,,,35.950462341308594
,5,,,,46.79615020751953
,6,,,,38.98176574707031
,7,,,,34.36792755126953
,8,,,,36.485923767089844
,9,,,,35.93085479736328
,10,,,,47.47439193725586
,11,,,,44.587406158447266
,12,,,,42.283935546875
,13,,,,37.02729415893555
,14,,,,28.911806106567383
,15,,,,36.63908004760742
,16,,,,36.832698822021484
,17,,,,35.887447357177734
,18,,,,47.44281768798828
,19,,,,29.873727798461914
,20,,,,42.865074157714844
,21,,,,42.94461441040039
,22,,,,31.688505172729492
,23,,,,45.79379653930664
,24,,,,45.61354446411133
,25,,,,52.552059173583984
,26,,,,40.4506950378418
,27,,,,53.99049758911133
,28,,,,42.14906311035156
,29,,,,49.172733306884766
,30,,,,46.98891830444336
,31,,,,28.12574577331543
0,124,,,40.48918533325195,
0,124,41.59040069580078,,,
1,149,,51.99457931518555,,
1,199,,36.673561096191406,,
1,249,,32.068843841552734,,
,32,,,,38.10493850708008
,33,,,,36.31071090698242
,34,,,,30.060319900512695
,35,,,,30.74405860900879
,36,,,,32.683834075927734
,37,,,,42.450042724609375
,38,,,,35.4194221496582
,39,,,,31.21726417541504
,40,,,,33.18098449707031
,41,,,,32.67742156982422
,42,,,,43.15223693847656
,43,,,,40.8089599609375
,44,,,,38.40304183959961
,45,,,,33.603660583496094
,46,,,,26.245319366455078
,47,,,,33.38913345336914
,48,,,,33.48785400390625
,49,,,,32.660926818847656
,50,,,,43.18840408325195
,51,,,,27.161806106567383
,52,,,,38.910804748535156
,53,,,,39.0614013671875
,54,,,,28.835140228271484
,55,,,,41.46308898925781
,56,,,,41.514244079589844
,57,,,,47.82770919799805
,58,,,,36.79798889160156
,59,,,,49.034324645996094
,60,,,,38.31092071533203
,61,,,,44.701385498046875
,62,,,,42.737022399902344
,63,,,,25.64999008178711
1,249,,,36.81782150268555,
1,249,38.500728607177734,,,
2,299,,46.61490249633789,,
2,349,,32.41655731201172,,
,64,,,,33.75669860839844
,65,,,,32.183650970458984
,66,,,,26.74959373474121
,67,,,,27.382972717285156
,68,,,,29.000898361206055
,69,,,,37.6029167175293
,70,,,,31.4044189453125
,71,,,,27.703380584716797
,72,,,,29.44169807434082
,73,,,,29.00148582458496
,74,,,,38.253353118896484
,75,,,,36.393760681152344
,76,,,,34.0124626159668
,77,,,,29.75514030456543
,78,,,,23.25254249572754
,79,,,,29.670663833618164
,80,,,,29.705551147460938
,81,,,,29.01424789428711
,82,,,,38.30973434448242
,83,,,,24.108217239379883
,84,,,,34.47374725341797
,85,,,,34.68208312988281
,86,,,,25.602779388427734
,87,,,,36.62965774536133
,88,,,,36.8731803894043
,89,,,,42.50517654418945
,90,,,,32.70680236816406
,91,,,,43.44679260253906
,92,,,,33.93620681762695
,93,,,,39.63037109375
,94,,,,37.913692474365234
,95,,,,22.864248275756836
2,374,,,32.666236877441406,
2,374,34.43845748901367,,,
3,399,,42.31121063232422,,
3,449,,32.27854919433594,,
3,499,,34.06838607788086,,
,96,,,,29.782323837280273
,97,,,,28.36559295654297
,98,,,,23.686595916748047
,99,,,,24.283790588378906
,100,,,,25.60982322692871
,101,,,,33.189964294433594
,102,,,,27.69455337524414
,103,,,,24.498676300048828
,104,,,,26.006893157958984
,105,,,,25.610984802246094
,106,,,,33.77602005004883
,107,,,,32.30074691772461
,108,,,,29.97579574584961
,109,,,,26.233192443847656
,110,,,,20.540607452392578
,111,,,,26.246910095214844
,112,,,,26.268173217773438
,113,,,,25.661420822143555
,114,,,,33.821895599365234
,115,,,,21.29192352294922
,116,,,,30.42082977294922
,117,,,,30.63778305053711
,118,,,,22.618656158447266
,119,,,,32.25636291503906
,120,,,,32.613037109375
,121,,,,37.57632064819336
,122,,,,28.951751708984375
,123,,,,38.347412109375
,124,,,,29.918212890625
,125,,,,34.96240234375
,126,,,,33.456443786621094
,127,,,,20.3016357421875
3,499,,,28.85377311706543,
3,499,30.3946475982666,,,
4,549,,24.005966186523438,,
4,599,,25.25916862487793,,
,128,,,,26.490631103515625
,129,,,,25.18277931213379
,130,,,,21.113571166992188
,131,,,,21.70577049255371
,132,,,,22.75449562072754
,133,,,,29.513959884643555
,134,,,,24.63934326171875
,135,,,,21.856107711791992
,136,,,,23.135517120361328
,137,,,,22.77351188659668
,138,,,,30.051658630371094
,139,,,,28.84765625
,140,,,,26.62528419494629
,141,,,,23.302270889282227
,142,,,,18.290159225463867
,143,,,,23.393232345581055
,144,,,,23.387392044067383
,145,,,,22.870302200317383
,146,,,,30.105390548706055
,147,,,,18.943859100341797
,148,,,,27.065702438354492
,149,,,,27.282968521118164
,150,,,,20.12081527709961
,151,,,,28.641183853149414
,152,,,,29.071718215942383
,153,,,,33.44675827026367
,154,,,,25.815214157104492
,155,,,,34.08277893066406
,156,,,,26.570507049560547
,157,,,,31.05817222595215
,158,,,,29.75307273864746
,159,,,,18.13228416442871
4,624,,,25.677589416503906,
4,624,26.938566207885742,,,
5,649,,24.984004974365234,,
5,699,,21.467924118041992,,
5,749,,29.993886947631836,,
,160,,,,23.80990982055664
,161,,,,22.578998565673828
,162,,,,19.005340576171875
,163,,,,19.58991241455078
,164,,,,20.40506362915039
,165,,,,26.49730682373047
,166,,,,22.14968490600586
,167,,,,19.706050872802734
,168,,,,20.78441047668457
,169,,,,20.437973022460938
,170,,,,26.983051300048828
,171,,,,26.016454696655273
,172,,,,23.880756378173828
,173,,,,20.913175582885742
,174,,,,16.452882766723633
,175,,,,21.05767250061035
,176,,,,21.01360511779785
,177,,,,20.571977615356445
,178,,,,27.083036422729492
,179,,,,17.013286590576172
,180,,,,24.32204246520996
,181,,,,24.5434513092041
,182,,,,18.063905715942383
,183,,,,25.695411682128906
,184,,,,26.160541534423828
,185,,,,30.052059173583984
,186,,,,23.231327056884766
,187,,,,30.580413818359375
,188,,,,23.82172393798828
,189,,,,27.855825424194336
,190,,,,26.720966339111328
,191,,,,16.293930053710938
5,749,,,23.074295043945312,
5,749,24.089197158813477,,,
6,799,,24.925790786743164,,
6,849,,26.120962142944336,,
,192,,,,21.686824798583984
,193,,,,20.496522903442383
,194,,,,17.33486557006836
,195,,,,17.89995002746582
,196,,,,18.539018630981445
,197,,,,24.112035751342773
,198,,,,20.17789649963379
,199,,,,17.998760223388672
,200,,,,18.913679122924805
,201,,,,18.568437576293945
,202,,,,24.518896102905273
,203,,,,23.769989013671875
,204,,,,21.693166732788086
,205,,,,19.024520874023438
,206,,,,14.998427391052246
,207,,,,19.215898513793945
,208,,,,19.102739334106445
,209,,,,18.728418350219727
,210,,,,24.692264556884766
,211,,,,15.475655555725098
,212,,,,22.135744094848633
,213,,,,22.34530258178711
,214,,,,16.417760848999023
,215,,,,23.34688377380371
,216,,,,23.818788528442383
,217,,,,27.351463317871094
,218,,,,21.16571807861328
,219,,,,27.782705307006836
,220,,,,21.632665634155273
,221,,,,25.301488876342773
,222,,,,24.304569244384766
,223,,,,14.799728393554688
6,874,,,21.000032424926758,
6,874,21.793231964111328,,,
7,899,,15.74221134185791,,
7,949,,22.345537185668945,,
7,999,,15.829435348510742,,
,224,,,,20.083118438720703
,225,,,,18.901765823364258
,226,,,,16.05335807800293
,227,,,,16.600418090820312
,228,,,,17.13780403137207
,229,,,,22.32666778564453
,230,,,,18.689498901367188
,231,,,,16.707029342651367
,232,,,,17.488222122192383
,233,,,,17.1406192779541
,234,,,,22.638193130493164
,235,,,,22.049726486206055
,236,,,,20.03398323059082
,237,,,,17.59041976928711
,238,,,,13.893171310424805
,239,,,,17.82021141052246
,240,,,,17.639188766479492
,241,,,,17.316068649291992
,242,,,,22.867006301879883
,243,,,,14.313751220703125
,244,,,,20.477699279785156
,245,,,,20.665483474731445
,246,,,,15.152788162231445
,247,,,,21.5637149810791
,248,,,,22.028993606567383
,249,,,,25.3013916015625
,250,,,,19.596969604492188
,251,,,,25.65308952331543
,252,,,,19.97089195251465
,253,,,,23.34652328491211
,254,,,,22.459442138671875
,255,,,,13.670676231384277
7,999,,,19.42159652709961,
7,999,20.001615524291992,,,
8,1049,,18.58260154724121,,
8,1099,,15.67624568939209,,
,256,,,,18.92491340637207
,257,,,,17.73141860961914
,258,,,,15.113588333129883
,259,,,,15.634272575378418
,260,,,,16.140453338623047
,261,,,,21.076610565185547
,262,,,,17.630022048950195
,263,,,,15.778112411499023
,264,,,,16.45534324645996
,265,,,,16.117294311523438
,266,,,,21.27560043334961
,267,,,,20.779876708984375
,268,,,,18.83818244934082
,269,,,,16.549036026000977
,270,,,,13.094329833984375
,271,,,,16.802875518798828
,272,,,,16.585054397583008
,273,,,,16.284563064575195
,274,,,,21.525148391723633
,275,,,,13.48001766204834
,276,,,,19.282291412353516
,277,,,,19.460689544677734
,278,,,,14.23945140838623
,279,,,,20.27974510192871
,280,,,,20.736425399780273
,281,,,,23.831947326660156
,282,,,,18.455841064453125
,283,,,,24.120683670043945
,284,,,,18.77581024169922
,285,,,,21.92500877380371
,286,,,,21.113277435302734
,287,,,,12.864527702331543
8,1124,,,18.280126571655273,
8,1124,18.666017532348633,,,
9,1149,,14.77849006652832,,
9,1199,,17.039461135864258,,
9,1249,,16.5573673248291,,
,288,,,,18.111650466918945
,289,,,,16.906206130981445
,290,,,,14.452259063720703
,291,,,,14.943656921386719
,292,,,,15.442184448242188
,293,,,,20.217533111572266
,294,,,,16.884052276611328
,295,,,,15.114883422851562
,296,,,,15.731490135192871
,297,,,,15.393059730529785
,298,,,,20.31773567199707
,299,,,,19.858121871948242
,300,,,,17.998865127563477
,301,,,,15.81411361694336
,302,,,,12.525404930114746
,303,,,,16.078044891357422
,304,,,,15.849196434020996
,305,,,,15.5441255569458
,306,,,,20.572425842285156
,307,,,,12.892706871032715
,308,,,,18.433910369873047
,309,,,,18.61412239074707
,310,,,,13.590327262878418
,311,,,,19.381389617919922
,312,,,,19.813188552856445
,313,,,,22.771564483642578
,314,,,,17.640562057495117
,315,,,,23.050199508666992
,316,,,,17.931957244873047
,317,,,,20.927762985229492
,318,,,,20.169450759887695
,319,,,,12.301084518432617
9,1249,,,17.4735164642334,
9,1249,17.70099639892578,,,
10,1299,,17.06462287902832,,
10,1349,,17.16285514831543,,
,320,,,,17.522628784179688
,321,,,,16.313955307006836
,322,,,,13.977566719055176
,323,,,,14.439987182617188
,324,,,,14.931410789489746
,325,,,,19.597373962402344
,326,,,,16.338397979736328
,327,,,,14.629923820495605
,328,,,,15.215883255004883
,329,,,,14.877840995788574
,330,,,,19.621864318847656
,331,,,,19.183902740478516
,332,,,,17.381214141845703
,333,,,,15.296061515808105
,334,,,,12.119868278503418
,335,,,,15.540306091308594
,336,,,,15.328097343444824
,337,,,,15.014972686767578
,338,,,,19.8834171295166
,339,,,,12.462259292602539
,340,,,,17.821195602416992
,341,,,,17.99590301513672
,342,,,,13.12667179107666
,343,,,,18.73561668395996
,344,,,,19.127092361450195
,345,,,,21.98383331298828
,346,,,,17.038307189941406
,347,,,,22.275148391723633
,348,,,,17.32036018371582
,349,,,,20.21844482421875
,350,,,,19.493181228637695
,351,,,,11.90178394317627
10,1374,,,16.889223098754883,
10,1374,17.01345443725586,,,
11,1399,,18.082693099975586,,
11,1449,,18.446218490600586,,
11,1499,,16.287208557128906,,
,352,,,,17.103254318237305
,353,,,,15.890522956848145
,354,,,,13.637001991271973
,355,,,,14.064867973327637
,356,,,,14.558778762817383
,357,,,,19.14309310913086
,358,,,,15.93956470489502
,359,,,,14.279644012451172
,360,,,,14.842726707458496
,361,,,,14.50243854522705
,362,,,,19.112194061279297
,363,,,,18.7022647857666
,364,,,,16.931869506835938
,365,,,,14.92308235168457
,366,,,,11.83542537689209
,367,,,,15.149023056030273
,368,,,,14.957504272460938
,369,,,,14.632966995239258
,370,,,,19.391422271728516
,371,,,,12.14657211303711
,372,,,,17.368581771850586
,373,,,,17.538358688354492
,374,,,,12.78570556640625
,375,,,,18.275196075439453
,376,,,,18.62044334411621
,377,,,,21.3980712890625
,378,,,,16.593475341796875
,379,,,,21.705698013305664
,380,,,,16.878713607788086
,381,,,,19.707494735717773
,382,,,,19.01073455810547
,383,,,,11.611140251159668
11,1499,,,16.464942932128906,
11,1499,16.51209831237793,,,
12,1549,,14.78272819519043,,
12,1599,,13.30390739440918,,
,384,,,,16.793424606323242
,385,,,,15.573822975158691
,386,,,,13.378119468688965
,387,,,,13.781550407409668
,388,,,,14.283671379089355
,389,,,,18.810117721557617
,390,,,,15.644969940185547
,391,,,,14.01729965209961
,392,,,,14.564632415771484
,393,,,,14.22597885131836
,394,,,,18.739288330078125
,395,,,,18.337200164794922
,396,,,,16.599510192871094
,397,,,,14.65180492401123
,398,,,,11.621521949768066
,399,,,,14.854226112365723
,400,,,,14.679286003112793
,401,,,,14.342269897460938
,402,,,,19.026649475097656
,403,,,,11.90929126739502
,404,,,,17.028335571289062
,405,,,,17.196741104125977
,406,,,,12.534931182861328
,407,,,,17.93668556213379
,408,,,,18.238130569458008
,409,,,,20.958965301513672
,410,,,,16.262956619262695
,411,,,,21.280921936035156
,412,,,,16.552722930908203
,413,,,,19.32936668395996
,414,,,,18.647974014282227
,415,,,,11.390806198120117
12,1624,,,16.148805618286133,
12,1624,16.140377044677734,,,
13,1649,,15.416644096374512,,
13,1699,,11.904938697814941,,
13,1749,,15.213618278503418,,
,416,,,,16.562625885009766
,417,,,,15.338898658752441
,418,,,,13.183195114135742
,419,,,,13.569724082946777
,420,,,,14.068373680114746
,421,,,,18.553077697753906
,422,,,,15.417980194091797
,423,,,,13.823558807373047
,424,,,,14.353551864624023
,425,,,,14.016363143920898
,426,,,,18.45709991455078
,427,,,,18.058610916137695
,428,,,,16.349334716796875
,429,,,,14.449129104614258
,430,,,,11.460522651672363
,431,,,,14.63291072845459
,432,,,,14.4701509475708
,433,,,,14.120718955993652
,434,,,,18.753568649291992
,435,,,,11.72826862335205
,436,,,,16.775470733642578
,437,,,,16.934118270874023
,438,,,,12.344910621643066
,439,,,,17.687864303588867
,440,,,,17.947633743286133
,441,,,,20.619770050048828
,442,,,,16.01314353942871
,443,,,,20.961679458618164
,444,,,,16.307092666625977
,445,,,,19.033781051635742
,446,,,,18.376644134521484
,447,,,,11.226662635803223
13,1749,,,15.909646987915039,
13,1749,15.863907814025879,,,
14,1799,,17.065536499023438,,
14,1849,,14.455511093139648,,
,448,,,,16.38665199279785
,449,,,,15.164801597595215
,450,,,,13.031564712524414
,451,,,,13.403154373168945
,452,,,,13.904821395874023
,453,,,,18.352821350097656
,454,,,,15.240151405334473
,455,,,,13.67611312866211
,456,,,,14.191658973693848
,457,,,,13.856026649475098
,458,,,,18.24309539794922
,459,,,,17.8346004486084
,460,,,,16.15870475769043
,461,,,,14.291984558105469
,462,,,,11.333047866821289
,463,,,,14.469914436340332
,464,,,,14.305926322937012
,465,,,,13.948309898376465
,466,,,,18.547500610351562
,467,,,,11.585122108459473
,468,,,,16.57872772216797
,469,,,,16.737350463867188
,470,,,,12.20184326171875
,471,,,,17.50389862060547
,472,,,,17.72840690612793
,473,,,,20.360536575317383
,474,,,,15.823644638061523
,475,,,,20.717145919799805
,476,,,,16.120681762695312
,477,,,,18.813087463378906
,478,,,,18.162687301635742
,479,,,,11.09747314453125
14,1874,,,15.726344108581543,
14,1874,15.652922630310059,,,
15,1899,,15.62134075164795,,
15,1949,,15.084223747253418,,
15,1999,,13.956408500671387,,
,480,,,,16.2474422454834
,481,,,,15.019754409790039
,482,,,,12.904659271240234
,483,,,,13.269603729248047
,484,,,,13.772109031677246
,485,,,,18.190427780151367
,486,,,,15.096945762634277
,487,,,,13.554510116577148
,488,,,,14.060596466064453
,489,,,,13.728594779968262
,490,,,,18.06968116760254
,491,,,,17.648488998413086
,492,,,,16.004405975341797
,493,,,,14.168183326721191
,494,,,,11.23129653930664
,495,,,,14.331488609313965
,496,,,,14.173285484313965
,497,,,,13.809614181518555
,498,,,,18.37826919555664
,499,,,,11.46988296508789
,500,,,,16.425148010253906
,501,,,,16.566404342651367
,502,,,,12.088574409484863
,503,,,,17.35997200012207
,504,,,,17.551969528198242
,505,,,,20.16162109375
,506,,,,15.67442512512207
,507,,,,20.527700424194336
,508,,,,15.97481918334961
,509,,,,18.627920150756836
,510,,,,17.98921012878418
,511,,,,10.994024276733398
15,1999,,,15.578415870666504,
15,1999,15.48667049407959,,,
16,2049,,12.294257164001465,,
16,2099,,17.95500946044922,,
,512,,,,16.133922576904297
,513,,,,14.91051197052002
,514,,,,12.80126953125
,515,,,,13.16058349609375
,516,,,,13.6670503616333
,517,,,,18.066083908081055
,518,,,,14.987071990966797
,519,,,,13.460663795471191
,520,,,,13.96229362487793
,521,,,,13.63128662109375
,522,,,,17.93364715576172
,523,,,,17.497934341430664
,524,,,,15.887548446655273
,525,,,,14.072965621948242
,526,,,,11.151323318481445
,527,,,,14.229958534240723
,528,,,,14.07401180267334
,529,,,,13.699228286743164
,530,,,,18.246946334838867
,531,,,,11.377359390258789
,532,,,,16.3005428314209
,533,,,,16.437664031982422
,534,,,,12.00198745727539
,535,,,,17.25259780883789
,536,,,,17.408384323120117
,537,,,,20.00985336303711
,538,,,,15.558961868286133
,539,,,,20.381725311279297
,540,,,,15.863113403320312
,541,,,,18.484966278076172
,542,,,,17.844316482543945
,543,,,,10.915331840515137
16,2124,,,15.46318531036377,
16,2124,15.357198715209961,,,
17,2149,,16.459692001342773,,
17,2199,,11.270710945129395,,
17,2249,,17.81625747680664,,
,544,,,,16.042316436767578
,545,,,,14.827831268310547
,546,,,,12.713385581970215
,547,,,,13.071029663085938
,548,,,,13.581069946289062
,549,,,,17.96021842956543
,550,,,,14.9003267288208
,551,,,,13.380657196044922
,552,,,,13.880016326904297
,553,,,,13.544328689575195
,554,,,,17.82120132446289
,555,,,,17.363441467285156
,556,,,,15.794584274291992
,557,,,,13.995710372924805
,558,,,,11.085249900817871
,559,,,,14.145895957946777
,560,,,,13.987340927124023
,561,,,,13.607401847839355
,562,,,,18.13754653930664
,563,,,,11.30260181427002
,564,,,,16.198863983154297
,565,,,,16.32998275756836
,566,,,,11.929998397827148
,567,,,,17.16353988647461
,568,,,,17.293581008911133
,569,,,,19.88198471069336
,570,,,,15.461767196655273
,571,,,,20.260223388671875
,572,,,,15.7732515335083
,573,,,,18.372385025024414
,574,,,,17.73367691040039
,575,,,,10.847556114196777
17,2249,,,15.368104934692383,
17,2249,15.248189926147461,,,
18,2299,,20.205839157104492,,
18,2349,,17.4937686920166,,
,576,,,,15.971908569335938
,577,,,,14.754826545715332
,578,,,,12.639931678771973
,579,,,,12.995104789733887
,580,,,,13.504328727722168
,581,,,,17.865198135375977
,582,,,,14.826278686523438
,583,,,,13.318300247192383
,584,,,,13.811723709106445
,585,,,,13.473259925842285
,586,,,,17.72589874267578
,587,,,,17.25306510925293
,588,,,,15.713168144226074
,589,,,,13.928529739379883
,590,,,,11.033318519592285
,591,,,,14.075108528137207
,592,,,,13.91234302520752
,593,,,,13.536566734313965
,594,,,,18.05147933959961
,595,,,,11.242419242858887
,596,,,,16.1201229095459
,597,,,,16.24081039428711
,598,,,,11.86948013305664
,599,,,,17.089433670043945
,600,,,,17.195207595825195
,601,,,,19.78618812561035
,602,,,,15.381101608276367
,603,,,,20.16460609436035
,604,,,,15.696063995361328
,605,,,,18.273881912231445
,606,,,,17.634113311767578
,607,,,,10.786169052124023
18,2374,,,15.288971900939941,
18,2374,15.161147117614746,,,
19,2399,,15.772680282592773,,
19,2449,,15.594698905944824,,
19,2499,,15.636300086975098,,
,608,,,,15.904064178466797
,609,,,,14.690971374511719
,610,,,,12.583659172058105
,611,,,,12.929450035095215
,612,,,,13.442840576171875
,613,,,,17.78731918334961
,614,,,,14.76312255859375
,615,,,,13.25854206085205
,616,,,,13.760046005249023
,617,,,,13.413413047790527
,618,,,,17.646696090698242
,619,,,,17.158658981323242
,620,,,,15.647313117980957
,621,,,,13.879770278930664
,622,,,,10.986384391784668
,623,,,,14.017643928527832
,624,,,,13.854198455810547
,625,,,,13.479393005371094
,626,,,,17.98033905029297
,627,,,,11.187067985534668
,628,,,,16.047990798950195
,629,,,,16.160171508789062
,630,,,,11.819351196289062
,631,,,,17.02967643737793
,632,,,,17.111696243286133
,633,,,,19.69760513305664
,634,,,,15.31403636932373
,635,,,,20.084095001220703
,636,,,,15.630414962768555
,637,,,,18.196788787841797
,638,,,,17.562389373779297
,639,,,,10.736577033996582
19,2499,,,15.222695350646973,
19,2499,15.085684776306152,,,
20,2549,,14.376714706420898,,
20,2599,,20.483924865722656,,
,640,,,,15.848217010498047
,641,,,,14.641562461853027
,642,,,,12.529890060424805
,643,,,,12.87360954284668
,644,,,,13.387651443481445
,645,,,,17.71806526184082
,646,,,,14.705775260925293
,647,,,,13.212607383728027
,648,,,,13.706971168518066
,649,,,,13.360438346862793
,650,,,,17.577701568603516
,651,,,,17.07615852355957
,652,,,,15.591893196105957
,653,,,,13.837821960449219
,654,,,,10.951542854309082
,655,,,,13.969767570495605
,656,,,,13.803080558776855
,657,,,,13.428789138793945
,658,,,,17.91745376586914
,659,,,,11.14353084564209
,660,,,,15.993327140808105
,661,,,,16.100059509277344
,662,,,,11.778986930847168
,663,,,,16.9808292388916
,664,,,,17.03847885131836
,665,,,,19.62578773498535
,666,,,,15.250760078430176
,667,,,,20.02123260498047
,668,,,,15.574519157409668
,669,,,,18.128334045410156
,670,,,,17.495281219482422
,671,,,,10.688613891601562
20,2624,,,15.166152954101562,
20,2624,15.025280952453613,,,
21,2649,,16.60060691833496,,
21,2699,,17.260021209716797,,
21,2749,,13.431061744689941,,
,672,,,,15.801542282104492
,673,,,,14.596976280212402
,674,,,,12.487391471862793
,675,,,,12.822105407714844
,676,,,,13.336047172546387
,677,,,,17.654624938964844
,678,,,,14.66007137298584
,679,,,,13.169357299804688
,680,,,,13.667343139648438
,681,,,,13.316926002502441
,682,,,,17.514142990112305
,683,,,,17.00229263305664
,684,,,,15.537070274353027
,685,,,,13.804593086242676
,686,,,,10.922284126281738
,687,,,,13.92543888092041
,688,,,,13.760895729064941
,689,,,,13.394254684448242
,690,,,,17.872488021850586
,691,,,,11.10526180267334
,692,,,,15.946852684020996
,693,,,,16.038394927978516
,694,,,,11.74352741241455
,695,,,,16.941017150878906
,696,,,,16.977807998657227
,697,,,,19.568906784057617
,698,,,,15.197027206420898
,699,,,,19.959623336791992
,700,,,,15.52686882019043
,701,,,,18.070636749267578
,702,,,,17.436758041381836
,703,,,,10.643560409545898
21,2749,,,15.11742115020752,
21,2749,14.970931053161621,,,
22,2799,,18.456207275390625,,
22,2849,,12.029464721679688,,
,704,,,,15.761235237121582
,705,,,,14.562318801879883
,706,,,,12.446616172790527
,707,,,,12.776655197143555
,708,,,,13.304957389831543
,709,,,,17.614282608032227
,710,,,,14.627894401550293
,711,,,,13.128266334533691
,712,,,,13.63145923614502
,713,,,,13.274306297302246
,714,,,,17.473163604736328
,715,,,,16.935497283935547
,716,,,,15.50924301147461
,717,,,,13.772245407104492
,718,,,,10.894887924194336
,719,,,,13.893110275268555
,720,,,,13.72174072265625
,721,,,,13.35662841796875
,722,,,,17.824689865112305
,723,,,,11.074838638305664
,724,,,,15.903491020202637
,725,,,,15.988187789916992
,726,,,,11.71226978302002
,727,,,,16.911048889160156
,728,,,,16.926929473876953
,729,,,,19.51806640625
,730,,,,15.158796310424805
,731,,,,19.909168243408203
,732,,,,15.489577293395996
,733,,,,18.028270721435547
,734,,,,17.395856857299805
,735,,,,10.60903263092041
22,2874,,,15.077692985534668,
22,2874,14.925436973571777,,,
23,2899,,14.88563346862793,,
23,2949,,14.991059303283691,,
23,2999,,16.089839935302734,,
,736,,,,15.725716590881348
,737,,,,14.520944595336914
,738,,,,12.411203384399414
,739,,,,12.736190795898438
,740,,,,13.269548416137695
,741,,,,17.570926666259766
,742,,,,14.5892333984375
,743,,,,13.096945762634277
,744,,,,13.597233772277832
,745,,,,13.24731159210205
,746,,,,17.429351806640625
,747,,,,16.877605438232422
,748,,,,15.475722312927246
,749,,,,13.74623966217041
,750,,,,10.871100425720215
,751,,,,13.858800888061523
,752,,,,13.69310474395752
,753,,,,13.32831859588623
,754,,,,17.790983200073242
,755,,,,11.048789024353027
,756,,,,15.87032413482666
,757,,,,15.948761940002441
,758,,,,11.687944412231445
,759,,,,16.878725051879883
,760,,,,16.884965896606445
,761,,,,19.48447608947754
,762,,,,15.11694622039795
,763,,,,19.869243621826172
,764,,,,15.451411247253418
,765,,,,17.982473373413086
,766,,,,17.34251594543457
,767,,,,10.571569442749023
23,2999,,,15.041471481323242,
23,2999,14.885417938232422,,,
24,3049,,13.85721206665039,,
24,3099,,16.40508460998535,,
,768,,,,15.692965507507324
,769,,,,14.501139640808105
,770,,,,12.388863563537598
,771,,,,12.705734252929688
,772,,,,13.24254322052002
,773,,,,17.535194396972656
,774,,,,14.56240463256836
,775,,,,13.067392349243164
,776,,,,13.572957038879395
,777,,,,13.217961311340332
,778,,,,17.395505905151367
,779,,,,16.832117080688477
,780,,,,15.450807571411133
,781,,,,13.725165367126465
,782,,,,10.853358268737793
,783,,,,13.835562705993652
,784,,,,13.668045043945312
,785,,,,13.305329322814941
,786,,,,17.76248550415039
,787,,,,11.024358749389648
,788,,,,15.838690757751465
,789,,,,15.91114330291748
,790,,,,11.667868614196777
,791,,,,16.856531143188477
,792,,,,16.84495735168457
,793,,,,19.44530487060547
,794,,,,15.092255592346191
,795,,,,19.833871841430664
,796,,,,15.423405647277832
,797,,,,17.954715728759766
,798,,,,17.314437866210938
,799,,,,10.544054985046387
24,3124,,,15.013091087341309,
24,3124,14.85195255279541,,,
25,3149,,13.022689819335938,,
25,3199,,14.649198532104492,,
25,3249,,10.831774711608887,,
,800,,,,15.663615226745605
,801,,,,14.47562026977539
,802,,,,12.368864059448242
,803,,,,12.678162574768066
,804,,,,13.217804908752441
,805,,,,17.501394271850586
,806,,,,14.534555435180664
,807,,,,13.045183181762695
,808,,,,13.550241470336914
,809,,,,13.192811965942383
,810,,,,17.364017486572266
,811,,,,16.786462783813477
,812,,,,15.425119400024414
,813,,,,13.711749076843262
,814,,,,10.837451934814453
,815,,,,13.810338973999023
,816,,,,13.648487091064453
,817,,,,13.288078308105469
,818,,,,17.739343643188477
,819,,,,11.004462242126465
,820,,,,15.816347122192383
,821,,,,15.87710189819336
,822,,,,11.651860237121582
,823,,,,16.836868286132812
,824,,,,16.80919075012207
,825,,,,19.42062759399414
,826,,,,15.0584077835083
,827,,,,19.800392150878906
,828,,,,15.39946460723877
,829,,,,17.926069259643555
,830,,,,17.285457611083984
,831,,,,10.513776779174805
25,3249,,,14.98732852935791,
25,3249,14.822545051574707,,,
26,3299,,13.736659049987793,,
26,3349,,10.872626304626465,,
,832,,,,15.63914680480957
,833,,,,14.4576997756958
,834,,,,12.3494234085083
,835,,,,12.653396606445312
,836,,,,13.195893287658691
,837,,,,17.47193717956543
,838,,,,14.510372161865234
,839,,,,13.020003318786621
,840,,,,13.526328086853027
,841,,,,13.173510551452637
,842,,,,17.339488983154297
,843,,,,16.752073287963867
,844,,,,15.402615547180176
,845,,,,13.694676399230957
,846,,,,10.8245210647583
,847,,,,13.788749694824219
,848,,,,13.627400398254395
,849,,,,13.270987510681152
,850,,,,17.715879440307617
,851,,,,10.989449501037598
,852,,,,15.799094200134277
,853,,,,15.851008415222168
,854,,,,11.633898735046387
,855,,,,16.82002067565918
,856,,,,16.783987045288086
,857,,,,19.39105796813965
,858,,,,15.037389755249023
,859,,,,19.777231216430664
,860,,,,15.376143455505371
,861,,,,17.89615249633789
,862,,,,17.25605583190918
,863,,,,10.486967086791992
26,3374,,,14.964714050292969,
26,3374,14.796713829040527,,,
27,3399,,14.123854637145996,,
27,3449,,13.406779289245605,,
27,3499,,17.365161895751953,,
,864,,,,15.613048553466797
,865,,,,14.435596466064453
,866,,,,12.33401107788086
,867,,,,12.62710952758789
,868,,,,13.17524528503418
,869,,,,17.441787719726562
,870,,,,14.486278533935547
,871,,,,12.997824668884277
,872,,,,13.506300926208496
,873,,,,13.150396347045898
,874,,,,17.31545066833496
,875,,,,16.722015380859375
,876,,,,15.381793975830078
,877,,,,13.677709579467773
,878,,,,10.808698654174805
,879,,,,13.767807006835938
,880,,,,13.610776901245117
,881,,,,13.251439094543457
,882,,,,17.697471618652344
,883,,,,10.973027229309082
,884,,,,15.777650833129883
,885,,,,15.821816444396973
,886,,,,11.617810249328613
,887,,,,16.803850173950195
,888,,,,16.753875732421875
,889,,,,19.36594009399414
,890,,,,15.012104034423828
,891,,,,19.753578186035156
,892,,,,15.351652145385742
,893,,,,17.872814178466797
,894,,,,17.230810165405273
,895,,,,10.454330444335938
27,3499,,,14.942376136779785,
27,3499,14.773154258728027,,,
28,3549,,17.06243324279785,,
28,3599,,18.707767486572266,,
,896,,,,15.589299201965332
,897,,,,14.41897201538086
,898,,,,12.320571899414062
,899,,,,12.611653327941895
,900,,,,13.157512664794922
,901,,,,17.416601181030273
,902,,,,14.466527938842773
,903,,,,12.981891632080078
,904,,,,13.493090629577637
,905,,,,13.135102272033691
,906,,,,17.2918758392334
,907,,,,16.690690994262695
,908,,,,15.361394882202148
,909,,,,13.668177604675293
,910,,,,10.797924995422363
,911,,,,13.75235652923584
,912,,,,13.598610877990723
,913,,,,13.236669540405273
,914,,,,17.68653106689453
,915,,,,10.960061073303223
,916,,,,15.764227867126465
,917,,,,15.801738739013672
,918,,,,11.608603477478027
,919,,,,16.787906646728516
,920,,,,16.733104705810547
,921,,,,19.35106086730957
,922,,,,14.987306594848633
,923,,,,19.722515106201172
,924,,,,15.334931373596191
,925,,,,17.848220825195312
,926,,,,17.208555221557617
,927,,,,10.438142776489258
28,3624,,,14.924581527709961,
28,3624,14.753491401672363,,,
29,3649,,13.976679801940918,,
29,3699,,13.734868049621582,,
29,3749,,15.257929801940918,,
,928,,,,15.575270652770996
,929,,,,14.402324676513672
,930,,,,12.308172225952148
,931,,,,12.599020957946777
,932,,,,13.14388370513916
,933,,,,17.393577575683594
,934,,,,14.451861381530762
,935,,,,12.964913368225098
,936,,,,13.473114967346191
,937,,,,13.117144584655762
,938,,,,17.27471160888672
,939,,,,16.673093795776367
,940,,,,15.347747802734375
,941,,,,13.654524803161621
,942,,,,10.789335250854492
,943,,,,13.738038063049316
,944,,,,13.586310386657715
,945,,,,13.223857879638672
,946,,,,17.6754207611084
,947,,,,10.951921463012695
,948,,,,15.751198768615723
,949,,,,15.781039237976074
,950,,,,11.592941284179688
,951,,,,16.776840209960938
,952,,,,16.713424682617188
,953,,,,19.326940536499023
,954,,,,14.97105884552002
,955,,,,19.706018447875977
,956,,,,15.320070266723633
,957,,,,17.827922821044922
,958,,,,17.18975067138672
,959,,,,10.417614936828613
29,3749,,,14.908987998962402,
29,3749,14.735846519470215,,,
30,3799,,14.69069766998291,,
30,3849,,9.429262161254883,,
,960,,,,15.557296752929688
,961,,,,14.39525318145752
,962,,,,12.298285484313965
,963,,,,12.579751968383789
,964,,,,13.137876510620117
,965,,,,17.380155563354492
,966,,,,14.4446382522583
,967,,,,12.951181411743164
,968,,,,13.459954261779785
,969,,,,13.113517761230469
,970,,,,17.264591217041016
,971,,,,16.649030685424805
,972,,,,15.339217185974121
,973,,,,13.648870468139648
,974,,,,10.780025482177734
,975,,,,13.72799301147461
,976,,,,13.576491355895996
,977,,,,13.211474418640137
,978,,,,17.66115379333496
,979,,,,10.944204330444336
,980,,,,15.741621017456055
,981,,,,15.765483856201172
,982,,,,11.587160110473633
,983,,,,16.771469116210938
,984,,,,16.697221755981445
,985,,,,19.319007873535156
,986,,,,14.96478271484375
,987,,,,19.69491958618164
,988,,,,15.308088302612305
,989,,,,17.818037033081055
,990,,,,17.175477981567383
,991,,,,10.402555465698242
30,3874,,,14.898075103759766,
30,3874,14.71962833404541,,,
31,3899,,11.601176261901855,,
31,3949,,13.353327751159668,,
31,3999,,12.534077644348145,,
,992,,,,15.53865909576416
,993,,,,14.38077163696289
,994,,,,12.28814697265625
,995,,,,12.565312385559082
,996,,,,13.12460994720459
,997,,,,17.362215042114258
,998,,,,14.433966636657715
,999,,,,12.937640190124512
,1000,,,,13.446056365966797
,1001,,,,13.10168170928955
,1002,,,,17.25223159790039
,1003,,,,16.632381439208984
,1004,,,,15.328203201293945
,1005,,,,13.638534545898438
,1006,,,,10.77585506439209
,1007,,,,13.71214485168457
,1008,,,,13.568111419677734
,1009,,,,13.205048561096191
,1010,,,,17.64882469177246
,1011,,,,10.93414306640625
,1012,,,,15.73060417175293
,1013,,,,15.750041007995605
,1014,,,,11.580302238464355
,1015,,,,16.76177978515625
,1016,,,,16.68260955810547
,1017,,,,19.306880950927734
,1018,,,,14.9559326171875
,1019,,,,19.67864418029785
,1020,,,,15.295900344848633
,1021,,,,17.798688888549805
,1022,,,,17.15516471862793
,1023,,,,10.388781547546387
31,3999,,,14.885383605957031,
31,3999,14.705909729003906,,,
32,4049,,14.558831214904785,,
32,4099,,15.915390014648438,,
,1024,,,,15.526564598083496
,1025,,,,14.370737075805664
,1026,,,,12.280475616455078
,1027,,,,12.556010246276855
,1028,,,,13.110761642456055
,1029,,,,17.341981887817383
,1030,,,,14.422629356384277
,1031,,,,12.927370071411133
,1032,,,,13.436266899108887
,1033,,,,13.093132019042969
,1034,,,,17.234661102294922
,1035,,,,16.61540412902832
,1036,,,,15.317012786865234
,1037,,,,13.634407997131348
,1038,,,,10.769540786743164
,1039,,,,13.69796371459961
,1040,,,,13.55666732788086
,1041,,,,13.20146656036377
,1042,,,,17.63459587097168
,1043,,,,10.925803184509277
,1044,,,,15.725475311279297
,1045,,,,15.73110294342041
,1046,,,,11.571707725524902
,1047,,,,16.754045486450195
,1048,,,,16.661741256713867
,1049,,,,19.287445068359375
,1050,,,,14.943217277526855
,1051,,,,19.66377067565918
,1052,,,,15.281622886657715
,1053,,,,17.78795623779297
,1054,,,,17.138099670410156
,1055,,,,10.371115684509277
32,4124,,,14.873357772827148,
32,4124,14.693136215209961,,,
33,4149,,14.092695236206055,,
33,4199,,13.766337394714355,,
33,4249,,14.76375961303711,,
,1056,,,,15.512615203857422
,1057,,,,14.36721134185791
,1058,,,,12.277711868286133
,1059,,,,12.554105758666992
,1060,,,,13.10556411743164
,1061,,,,17.32710838317871
,1062,,,,14.412524223327637
,1063,,,,12.915968894958496
,1064,,,,13.42873764038086
,1065,,,,13.082914352416992
,1066,,,,17.228227615356445
,1067,,,,16.60882568359375
,1068,,,,15.305561065673828
,1069,,,,13.63009262084961
,1070,,,,10.764211654663086
,1071,,,,13.69281005859375
,1072,,,,13.55077838897705
,1073,,,,13.189932823181152
,1074,,,,17.635475158691406
,1075,,,,10.922314643859863
,1076,,,,15.716261863708496
,1077,,,,15.725314140319824
,1078,,,,11.568745613098145
,1079,,,,16.746435165405273
,1080,,,,16.653057098388672
,1081,,,,19.281978607177734
,1082,,,,14.934398651123047
,1083,,,,19.64848518371582
,1084,,,,15.275590896606445
,1085,,,,17.77826690673828
,1086,,,,17.132993698120117
,1087,,,,10.359346389770508
33,4249,,,14.866048812866211,
33,4249,14.68270492553711,,,
34,4299,,16.626527786254883,,
34,4349,,14.249927520751953,,
,1088,,,,15.504584312438965
,1089,,,,14.35777759552002
,1090,,,,12.265515327453613
,1091,,,,12.538986206054688
,1092,,,,13.094635963439941
,1093,,,,17.314970016479492
,1094,,,,14.403437614440918
,1095,,,,12.904276847839355
,1096,,,,13.413883209228516
,1097,,,,13.075634002685547
,1098,,,,17.219024658203125
,1099,,,,16.58929443359375
,1100,,,,15.301807403564453
,1101,,,,13.619669914245605
,1102,,,,10.756462097167969
,1103,,,,13.680329322814941
,1104,,,,13.538174629211426
,1105,,,,13.183709144592285
,1106,,,,17.619604110717773
,1107,,,,10.918062210083008
,1108,,,,15.709725379943848
,1109,,,,15.709992408752441
,1110,,,,11.55840015411377
,1111,,,,16.73906707763672
,1112,,,,16.641050338745117
,1113,,,,19.269826889038086
,1114,,,,14.923376083374023
,1115,,,,19.63724136352539
,1116,,,,15.263955116271973
,1117,,,,17.765287399291992
,1118,,,,17.115251541137695
,1119,,,,10.346444129943848
34,4374,,,14.85502815246582,
34,4374,14.671883583068848,,,
35,4399,,13.743836402893066,,
35,4449,,17.96034049987793,,
35,4499,,13.335419654846191,,
,1120,,,,15.489590644836426
,1121,,,,14.348912239074707
,1122,,,,12.261503219604492
,1123,,,,12.53160572052002
,1124,,,,13.081623077392578
,1125,,,,17.298748016357422
,1126,,,,14.398690223693848
,1127,,,,12.894786834716797
,1128,,,,13.406383514404297
,1129,,,,13.0669527053833
,1130,,,,17.20808982849121
,1131,,,,16.580366134643555
,1132,,,,15.292569160461426
,1133,,,,13.615306854248047
,1134,,,,10.752542495727539
,1135,,,,13.672112464904785
,1136,,,,13.53435230255127
,1137,,,,13.177452087402344
,1138,,,,17.618432998657227
,1139,,,,10.911504745483398
,1140,,,,15.700082778930664
,1141,,,,15.700724601745605
,1142,,,,11.553864479064941
,1143,,,,16.73184585571289
,1144,,,,16.629484176635742
,1145,,,,19.262088775634766
,1146,,,,14.916531562805176
,1147,,,,19.627254486083984
,1148,,,,15.254770278930664
,1149,,,,17.75333023071289
,1150,,,,17.103343963623047
,1151,,,,10.341364860534668
35,4499,,,14.846724510192871,
35,4499,14.66264533996582,,,
36,4549,,15.535938262939453,,
36,4599,,15.598666191101074,,
,1152,,,,15.479105949401855
,1153,,,,14.342312812805176
,1154,,,,12.256415367126465
,1155,,,,12.524493217468262
,1156,,,,13.076909065246582
,1157,,,,17.291120529174805
,1158,,,,14.39156723022461
,1159,,,,12.886091232299805
,1160,,,,13.3980712890625
,1161,,,,13.062183380126953
,1162,,,,17.20061683654785
,1163,,,,16.57008171081543
,1164,,,,15.288280487060547
,1165,,,,13.611309051513672
,1166,,,,10.746827125549316
,1167,,,,13.664751052856445
,1168,,,,13.52895450592041
,1169,,,,13.17142391204834
,1170,,,,17.607433319091797
,1171,,,,10.904813766479492
,1172,,,,15.696722984313965
,1173,,,,15.69066333770752
,1174,,,,11.548684120178223
,1175,,,,16.725038528442383
,1176,,,,16.61609649658203
,1177,,,,19.25332260131836
,1178,,,,14.909029960632324
,1179,,,,19.624784469604492
,1180,,,,15.246676445007324
,1181,,,,17.74595832824707
,1182,,,,17.093475341796875
,1183,,,,10.333723068237305
36,4624,,,14.83957290649414,
36,4624,14.654272079467773,,,
37,4649,,16.514808654785156,,
37,4699,,12.553376197814941,,
37,4749,,13.816913604736328,,
,1184,,,,15.472173690795898
,1185,,,,14.336942672729492
,1186,,,,12.24998664855957
,1187,,,,12.515983581542969
,1188,,,,13.065116882324219
,1189,,,,17.274730682373047
,1190,,,,14.380793571472168
,1191,,,,12.87674617767334
,1192,,,,13.389431953430176
,1193,,,,13.055888175964355
,1194,,,,17.192821502685547
,1195,,,,16.564916610717773
,1196,,,,15.278063774108887
,1197,,,,13.607592582702637
,1198,,,,10.743106842041016
,1199,,,,13.658342361450195
,1200,,,,13.520570755004883
,1201,,,,13.163684844970703
,1202,,,,17.606182098388672
,1203,,,,10.901119232177734
,1204,,,,15.689553260803223
,1205,,,,15.685561180114746
,1206,,,,11.541510581970215
,1207,,,,16.723583221435547
,1208,,,,16.60637855529785
,1209,,,,19.245798110961914
,1210,,,,14.90340805053711
,1211,,,,19.616069793701172
,1212,,,,15.234162330627441
,1213,,,,17.734800338745117
,1214,,,,17.08388328552246
,1215,,,,10.326186180114746
37,4749,,,14.832013130187988,
37,4749,14.64854907989502,,,
38,4799,,15.10650634765625,,
38,4849,,14.703927993774414,,
,1216,,,,15.464118003845215
,1217,,,,14.33272647857666
,1218,,,,12.250802993774414
,1219,,,,12.509422302246094
,1220,,,,13.060888290405273
,1221,,,,17.2625675201416
,1222,,,,14.374421119689941
,1223,,,,12.868735313415527
,1224,,,,13.382616996765137
,1225,,,,13.053664207458496
,1226,,,,17.183534622192383
,1227,,,,16.56212043762207
,1228,,,,15.271449089050293
,1229,,,,13.605356216430664
,1230,,,,10.738581657409668
,1231,,,,13.655954360961914
,1232,,,,13.514165878295898
,1233,,,,13.165555953979492
,1234,,,,17.60428810119629
,1235,,,,10.895401000976562
,1236,,,,15.684244155883789
,1237,,,,15.67396354675293
,1238,,,,11.541784286499023
,1239,,,,16.718421936035156
,1240,,,,16.59817886352539
,1241,,,,19.23436164855957
,1242,,,,14.89665699005127
,1243,,,,19.60995101928711
,1244,,,,15.230319023132324
,1245,,,,17.731521606445312
,1246,,,,17.081298828125
,1247,,,,10.322104454040527
38,4874,,,14.826801300048828,
38,4874,14.64067554473877,,,
39,4899,,15.850053787231445,,
39,4949,,15.301562309265137,,
39,4999,,15.62725830078125,,
,1248,,,,15.457809448242188
,1249,,,,14.324738502502441
,1250,,,,12.243008613586426
,1251,,,,12.502326011657715
,1252,,,,13.059375762939453
,1253,,,,17.260419845581055
,1254,,,,14.372211456298828
,1255,,,,12.865766525268555
,1256,,,,13.378594398498535
,1257,,,,13.055456161499023
,1258,,,,17.179264068603516
,1259,,,,16.55470848083496
,1260,,,,15.269716262817383
,1261,,,,13.600966453552246
,1262,,,,10.738931655883789
,1263,,,,13.646464347839355
,1264,,,,13.515304565429688
,1265,,,,13.1612548828125
,1266,,,,17.595218658447266
,1267,,,,10.89508056640625
,1268,,,,15.68731689453125
,1269,,,,15.669072151184082
,1270,,,,11.538920402526855
,1271,,,,16.71444320678711
,1272,,,,16.590524673461914
,1273,,,,19.234725952148438
,1274,,,,14.895238876342773
,1275,,,,19.60931396484375
,1276,,,,15.225363731384277
,1277,,,,17.719066619873047
,1278,,,,17.072351455688477
,1279,,,,10.320297241210938
39,4999,,,14.8228178024292,
39,4999,14.633398056030273,,,
40,5049,,14.120291709899902,,
40,5099,,14.155634880065918,,
,1280,,,,15.450875282287598
,1281,,,,14.325016975402832
,1282,,,,12.24577808380127
,1283,,,,12.500968933105469
,1284,,,,13.054889678955078
,1285,,,,17.245025634765625
,1286,,,,14.364001274108887
,1287,,,,12.856059074401855
,1288,,,,13.371965408325195
,1289,,,,13.048066139221191
,1290,,,,17.17566680908203
,1291,,,,16.54985237121582
,1292,,,,15.264047622680664
,1293,,,,13.597169876098633
,1294,,,,10.734029769897461
,1295,,,,13.644559860229492
,1296,,,,13.507062911987305
,1297,,,,13.159469604492188
,1298,,,,17.59417152404785
,1299,,,,10.892763137817383
,1300,,,,15.681584358215332
,1301,,,,15.661266326904297
,1302,,,,11.534696578979492
,1303,,,,16.70962905883789
,1304,,,,16.583250045776367
,1305,,,,19.221717834472656
,1306,,,,14.89110279083252
,1307,,,,19.60558319091797
,1308,,,,15.216496467590332
,1309,,,,17.714811325073242
,1310,,,,17.068965911865234
,1311,,,,10.315484046936035
40,5124,,,14.817580223083496,
40,5124,14.62818717956543,,,
41,5149,,16.031503677368164,,
41,5199,,16.381858825683594,,
41,5249,,14.884688377380371,,
,1312,,,,15.444952964782715
,1313,,,,14.321407318115234
,1314,,,,12.239106178283691
,1315,,,,12.497785568237305
,1316,,,,13.047465324401855
,1317,,,,17.23702049255371
,1318,,,,14.36348819732666
,1319,,,,12.853005409240723
,1320,,,,13.3671236038208
,1321,,,,13.048307418823242
,1322,,,,17.16755485534668
,1323,,,,16.541364669799805
,1324,,,,15.26113224029541
,1325,,,,13.594504356384277
,1326,,,,10.733120918273926
,1327,,,,13.641022682189941
,1328,,,,13.502278327941895
,1329,,,,13.15712833404541
,1330,,,,17.591537475585938
,1331,,,,10.888754844665527
,1332,,,,15.679899215698242
,1333,,,,15.65727710723877
,1334,,,,11.530317306518555
,1335,,,,16.710763931274414
,1336,,,,16.574363708496094
,1337,,,,19.215702056884766
,1338,,,,14.889026641845703
,1339,,,,19.600692749023438
,1340,,,,15.211325645446777
,1341,,,,17.71177101135254
,1342,,,,17.065959930419922
,1343,,,,10.315542221069336
41,5249,,,14.813570022583008,
41,5249,14.622602462768555,,,
42,5299,,11.870929718017578,,
42,5349,,12.26598834991455,,
,1344,,,,15.441024780273438
,1345,,,,14.315875053405762
,1346,,,,12.238028526306152
,1347,,,,12.49468994140625
,1348,,,,13.0407075881958
,1349,,,,17.21643829345703
,1350,,,,14.352431297302246
,1351,,,,12.841286659240723
,1352,,,,13.361019134521484
,1353,,,,13.037826538085938
,1354,,,,17.16276741027832
,1355,,,,16.537324905395508
,1356,,,,15.246806144714355
,1357,,,,13.591425895690918
,1358,,,,10.727274894714355
,1359,,,,13.634611129760742
,1360,,,,13.496630668640137
,1361,,,,13.155780792236328
,1362,,,,17.58887481689453
,1363,,,,10.885334014892578
,1364,,,,15.675665855407715
,1365,,,,15.644866943359375
,1366,,,,11.526569366455078
,1367,,,,16.701337814331055
,1368,,,,16.569265365600586
,1369,,,,19.209299087524414
,1370,,,,14.87994384765625
,1371,,,,19.59401512145996
,1372,,,,15.201139450073242
,1373,,,,17.70469093322754
,1374,,,,17.06039810180664
,1375,,,,10.305768966674805
42,5374,,,14.806714057922363,
42,5374,14.616031646728516,,,
43,5399,,13.483613014221191,,
43,5449,,12.71838092803955,,
43,5499,,11.521918296813965,,
,1376,,,,15.431368827819824
,1377,,,,14.311850547790527
,1378,,,,12.23513126373291
,1379,,,,12.489990234375
,1380,,,,13.03696060180664
,1381,,,,17.212182998657227
,1382,,,,14.347482681274414
,1383,,,,12.840834617614746
,1384,,,,13.355525016784668
,1385,,,,13.039228439331055
,1386,,,,17.15822410583496
,1387,,,,16.537797927856445
,1388,,,,15.244508743286133
,1389,,,,13.587465286254883
,1390,,,,10.72852611541748
,1391,,,,13.631174087524414
,1392,,,,13.498165130615234
,1393,,,,13.148290634155273
,1394,,,,17.589061737060547
,1395,,,,10.884756088256836
,1396,,,,15.671425819396973
,1397,,,,15.645197868347168
,1398,,,,11.52576732635498
,1399,,,,16.700176239013672
,1400,,,,16.567138671875
,1401,,,,19.211788177490234
,1402,,,,14.879265785217285
,1403,,,,19.59193992614746
,1404,,,,15.1984224319458
,1405,,,,17.69086456298828
,1406,,,,17.047651290893555
,1407,,,,10.30707836151123
43,5499,,,14.803677558898926,
43,5499,14.612041473388672,,,
44,5549,,20.556636810302734,,
44,5599,,13.205815315246582,,
,1408,,,,15.431289672851562
,1409,,,,14.304889678955078
,1410,,,,12.231302261352539
,1411,,,,12.484167098999023
,1412,,,,13.035999298095703
,1413,,,,17.201953887939453
,1414,,,,14.345019340515137
,1415,,,,12.833793640136719
,1416,,,,13.351520538330078
,1417,,,,13.033320426940918
,1418,,,,17.1522216796875
,1419,,,,16.530637741088867
,1420,,,,15.241374015808105
,1421,,,,13.586033821105957
,1422,,,,10.724879264831543
,1423,,,,13.628127098083496
,1424,,,,13.490402221679688
,1425,,,,13.148713111877441
,1426,,,,17.587358474731445
,1427,,,,10.882946968078613
,1428,,,,15.670568466186523
,1429,,,,15.639313697814941
,1430,,,,11.52137279510498
,1431,,,,16.69753074645996
,1432,,,,16.56252098083496
,1433,,,,19.202491760253906
,1434,,,,14.872797966003418
,1435,,,,19.584552764892578
,1436,,,,15.19189167022705
,1437,,,,17.68585968017578
,1438,,,,17.04334259033203
,1439,,,,10.299988746643066
44,5624,,,14.799142837524414,
44,5624,14.609612464904785,,,
45,5649,,15.632553100585938,,
45,5699,,13.34346866607666,,
45,5749,,13.30264663696289,,
,1440,,,,15.426445960998535
,1441,,,,14.308916091918945
,1442,,,,12.232353210449219
,1443,,,,12.485175132751465
,1444,,,,13.03579330444336
,1445,,,,17.198192596435547
,1446,,,,14.344191551208496
,1447,,,,12.835268020629883
,1448,,,,13.35180377960205
,1449,,,,13.036630630493164
,1450,,,,17.151758193969727
,1451,,,,16.532798767089844
,1452,,,,15.238898277282715
,1453,,,,13.586488723754883
,1454,,,,10.726015090942383
,1455,,,,13.629365921020508
,1456,,,,13.490108489990234
,1457,,,,13.150534629821777
,1458,,,,17.587751388549805
,1459,,,,10.882548332214355
,1460,,,,15.674552917480469
,1461,,,,15.636906623840332
,1462,,,,11.524187088012695
,1463,,,,16.69955825805664
,1464,,,,16.561628341674805
,1465,,,,19.203542709350586
,1466,,,,14.873784065246582
,1467,,,,19.586313247680664
,1468,,,,15.192352294921875
,1469,,,,17.690776824951172
,1470,,,,17.044601440429688
,1471,,,,10.306591987609863
45,5749,,,14.799867630004883,
45,5749,14.605435371398926,,,
46,5799,,15.915327072143555,,
46,5849,,15.134899139404297,,
,1472,,,,15.414713859558105
,1473,,,,14.29861068725586
,1474,,,,12.228422164916992
,1475,,,,12.481590270996094
,1476,,,,13.029229164123535
,1477,,,,17.1900577545166
,1478,,,,14.33276081085205
,1479,,,,12.827458381652832
,1480,,,,13.341692924499512
,1481,,,,13.029162406921387
,1482,,,,17.145282745361328
,1483,,,,16.527019500732422
,1484,,,,15.228487968444824
,1485,,,,13.580634117126465
,1486,,,,10.721237182617188
,1487,,,,13.622831344604492
,1488,,,,13.483094215393066
,1489,,,,13.146076202392578
,1490,,,,17.5837345123291
,1491,,,,10.879171371459961
,1492,,,,15.667990684509277
,1493,,,,15.630828857421875
,1494,,,,11.51836109161377
,1495,,,,16.692821502685547
,1496,,,,16.552907943725586
,1497,,,,19.192174911499023
,1498,,,,14.865182876586914
,1499,,,,19.580278396606445
,1500,,,,15.183073043823242
,1501,,,,17.67680549621582
,1502,,,,17.03326988220215
,1503,,,,10.295802116394043
46,5874,,,14.792285919189453,
46,5874,14.600654602050781,,,
47,5899,,15.732125282287598,,
47,5949,,17.41413688659668,,
47,5999,,16.78057289123535,,
,1504,,,,15.418457984924316
,1505,,,,14.297930717468262
,1506,,,,12.225848197937012
,1507,,,,12.482706069946289
,1508,,,,13.023829460144043
,1509,,,,17.179258346557617
,1510,,,,14.334220886230469
,1511,,,,12.82475757598877
,1512,,,,13.341553688049316
,1513,,,,13.030009269714355
,1514,,,,17.146364212036133
,1515,,,,16.523679733276367
,1516,,,,15.225848197937012
,1517,,,,13.57854175567627
,1518,,,,10.720221519470215
,1519,,,,13.622471809387207
,1520,,,,13.477937698364258
,1521,,,,13.145209312438965
,1522,,,,17.586009979248047
,1523,,,,10.87841796875
,1524,,,,15.668598175048828
,1525,,,,15.62807846069336
,1526,,,,11.515583038330078
,1527,,,,16.69013786315918
,1528,,,,16.549415588378906
,1529,,,,19.189882278442383
,1530,,,,14.862749099731445
,1531,,,,19.579519271850586
,1532,,,,15.177912712097168
,1533,,,,17.678342819213867
,1534,,,,17.034868240356445
,1535,,,,10.294168472290039
47,5999,,,14.790781021118164,
47,5999,14.597896575927734,,,
48,6049,,15.197829246520996,,
48,6099,,15.2675142288208,,
,1536,,,,15.407909393310547
,1537,,,,14.29577350616455
,1538,,,,12.222573280334473
,1539,,,,12.474109649658203
,1540,,,,13.027957916259766
,1541,,,,17.177959442138672
,1542,,,,14.334781646728516
,1543,,,,12.816676139831543
,1544,,,,13.339771270751953
,1545,,,,13.024836540222168
,1546,,,,17.14521598815918
,1547,,,,16.517911911010742
,1548,,,,15.229584693908691
,1549,,,,13.577559471130371
,1550,,,,10.711454391479492
,1551,,,,13.620824813842773
,1552,,,,13.475356101989746
,1553,,,,13.135214805603027
,1554,,,,17.581449508666992
,1555,,,,10.876766204833984
,1556,,,,15.661126136779785
,1557,,,,15.625763893127441
,1558,,,,11.513501167297363
,1559,,,,16.692901611328125
,1560,,,,16.545902252197266
,1561,,,,19.19091033935547
,1562,,,,14.863810539245605
,1563,,,,19.57639503479004
,1564,,,,15.17330551147461
,1565,,,,17.67523193359375
,1566,,,,17.028060913085938
,1567,,,,10.29451847076416
48,6124,,,14.787654876708984,
48,6124,14.594432830810547,,,
49,6149,,20.659671783447266,,
49,6199,,13.773296356201172,,
49,6249,,14.200509071350098,,
,1568,,,,15.411458015441895
,1569,,,,14.291149139404297
,1570,,,,12.222790718078613
,1571,,,,12.474222183227539
,1572,,,,13.025116920471191
,1573,,,,17.171255111694336
,1574,,,,14.33169937133789
,1575,,,,12.812543869018555
,1576,,,,13.333925247192383
,1577,,,,13.023595809936523
,1578,,,,17.140708923339844
,1579,,,,16.514503479003906
,1580,,,,15.231040000915527
,1581,,,,13.574088096618652
,1582,,,,10.71622371673584
,1583,,,,13.614622116088867
,1584,,,,13.472257614135742
,1585,,,,13.139291763305664
,1586,,,,17.58148765563965
,1587,,,,10.877019882202148
,1588,,,,15.661148071289062
,1589,,,,15.623300552368164
,1590,,,,11.510589599609375
,1591,,,,16.692087173461914
,1592,,,,16.54648208618164
,1593,,,,19.187219619750977
,1594,,,,14.8634614944458
,1595,,,,19.57137680053711
,1596,,,,15.172487258911133
,1597,,,,17.669628143310547
,1598,,,,17.022546768188477
,1599,,,,10.294286727905273
49,6249,,,14.785691261291504,
49,6249,14.592652320861816,,,
50,6299,,15.038670539855957,,
50,6349,,15.250520706176758,,
,1600,,,,15.405221939086914
,1601,,,,14.291418075561523
,1602,,,,12.221625328063965
,1603,,,,12.470314979553223
,1604,,,,13.021157264709473
,1605,,,,17.160863876342773
,1606,,,,14.328025817871094
,1607,,,,12.818038940429688
,1608,,,,13.333659172058105
,1609,,,,13.020808219909668
,1610,,,,17.136682510375977
,1611,,,,16.51435089111328
,1612,,,,15.225461959838867
,1613,,,,13.572942733764648
,1614,,,,10.716829299926758
,1615,,,,13.614394187927246
,1616,,,,13.473329544067383
,1617,,,,13.142121315002441
,1618,,,,17.575613021850586
,1619,,,,10.873554229736328
,1620,,,,15.659567832946777
,1621,,,,15.618295669555664
,1622,,,,11.509384155273438
,1623,,,,16.686574935913086
,1624,,,,16.53874969482422
,1625,,,,19.18605613708496
,1626,,,,14.862528800964355
,1627,,,,19.57792091369629
,1628,,,,15.166544914245605
,1629,,,,17.666507720947266
,1630,,,,17.02265167236328
,1631,,,,10.294260025024414
50,6374,,,14.783513069152832,
50,6374,14.587309837341309,,,
51,6399,,15.410200119018555,,
51,6449,,12.089081764221191,,
51,6499,,13.548229217529297,,
,1632,,,,15.4034423828125
,1633,,,,14.285487174987793
,1634,,,,12.219339370727539
,1635,,,,12.472766876220703
,1636,,,,13.017436027526855
,1637,,,,17.157947540283203
,1638,,,,14.32400131225586
,1639,,,,12.809553146362305
,1640,,,,13.33051586151123
,1641,,,,13.021050453186035
,1642,,,,17.134307861328125
,1643,,,,16.51704978942871
,1644,,,,15.220005989074707
,1645,,,,13.571847915649414
,1646,,,,10.71389389038086
,1647,,,,13.609270095825195
,1648,,,,13.46947956085205
,1649,,,,13.134527206420898
,1650,,,,17.58126449584961
,1651,,,,10.875829696655273
,1652,,,,15.660067558288574
,1653,,,,15.618409156799316
,1654,,,,11.508768081665039
,1655,,,,16.68684196472168
,1656,,,,16.537309646606445
,1657,,,,19.18234634399414
,1658,,,,14.854307174682617
,1659,,,,19.568307876586914
,1660,,,,15.163308143615723
,1661,,,,17.658422470092773
,1662,,,,17.020591735839844
,1663,,,,10.294574737548828
51,6499,,,14.780841827392578,
51,6499,14.585836410522461,,,
52,6549,,9.608027458190918,,
52,6599,,13.378332138061523,,
,1664,,,,15.398043632507324
,1665,,,,14.280556678771973
,1666,,,,12.216057777404785
,1667,,,,12.468402862548828
,1668,,,,13.020177841186523
,1669,,,,17.150226593017578
,1670,,,,14.322994232177734
,1671,,,,12.808249473571777
,1672,,,,13.328173637390137
,1673,,,,13.018315315246582
,1674,,,,17.131250381469727
,1675,,,,16.51251220703125
,1676,,,,15.219042778015137
,1677,,,,13.568304061889648
,1678,,,,10.712874412536621
,1679,,,,13.607519149780273
,1680,,,,13.469391822814941
,1681,,,,13.133100509643555
,1682,,,,17.57781410217285
,1683,,,,10.874464988708496
,1684,,,,15.65628719329834
,1685,,,,15.615304946899414
,1686,,,,11.506613731384277
,1687,,,,16.685104370117188
,1688,,,,16.53266716003418
,1689,,,,19.185367584228516
,1690,,,,14.853715896606445
,1691,,,,19.56155014038086
,1692,,,,15.159932136535645
,1693,,,,17.654865264892578
,1694,,,,17.014198303222656
,1695,,,,10.293892860412598
52,6624,,,14.778129577636719,
52,6624,14.582289695739746,,,
53,6649,,13.860185623168945,,
53,6699,,10.201508522033691,,
53,6749,,9.113697052001953,,
,1696,,,,15.393987655639648
,1697,,,,14.28165054321289
,1698,,,,12.216226577758789
,1699,,,,12.467610359191895
,1700,,,,13.01388931274414
,1701,,,,17.141271591186523
,1702,,,,14.317366600036621
,1703,,,,12.808643341064453
,1704,,,,13.324498176574707
,1705,,,,13.016485214233398
,1706,,,,17.126760482788086
,1707,,,,16.512008666992188
,1708,,,,15.212446212768555
,1709,,,,13.56444263458252
,1710,,,,10.712355613708496
,1711,,,,13.60747241973877
,1712,,,,13.463549613952637
,1713,,,,13.133039474487305
,1714,,,,17.57792091369629
,1715,,,,10.87252426147461
,1716,,,,15.655248641967773
,1717,,,,15.612383842468262
,1718,,,,11.505661010742188
,1719,,,,16.68341827392578
,1720,,,,16.531837463378906
,1721,,,,19.178686141967773
,1722,,,,14.851040840148926
,1723,,,,19.565231323242188
,1724,,,,15.156760215759277
,1725,,,,17.652538299560547
,1726,,,,17.011091232299805
,1727,,,,10.286320686340332
53,6749,,,14.775668144226074,
53,6749,14.580573081970215,,,
54,6799,,14.810670852661133,,
54,6849,,13.79884147644043,,
,1728,,,,15.39464282989502
,1729,,,,14.280009269714355
,1730,,,,12.213266372680664
,1731,,,,12.460986137390137
,1732,,,,13.01440143585205
,1733,,,,17.13958740234375
,1734,,,,14.316994667053223
,1735,,,,12.802882194519043
,1736,,,,13.322640419006348
,1737,,,,13.013327598571777
,1738,,,,17.126373291015625
,1739,,,,16.50148582458496
,1740,,,,15.21621036529541
,1741,,,,13.56350326538086
,1742,,,,10.708083152770996
,1743,,,,13.60738754272461
,1744,,,,13.46098804473877
,1745,,,,13.126174926757812
,1746,,,,17.57259750366211
,1747,,,,10.86843204498291
,1748,,,,15.650971412658691
,1749,,,,15.609658241271973
,1750,,,,11.500370979309082
,1751,,,,16.683935165405273
,1752,,,,16.529821395874023
,1753,,,,19.180265426635742
,1754,,,,14.851232528686523
,1755,,,,19.566028594970703
,1756,,,,15.152101516723633
,1757,,,,17.65278434753418
,1758,,,,17.00872039794922
,1759,,,,10.284186363220215
54,6874,,,14.773340225219727,
54,6874,14.577056884765625,,,
55,6899,,14.281853675842285,,
55,6949,,10.277437210083008,,
55,6999,,13.545022010803223,,
,1760,,,,15.39677619934082
,1761,,,,14.284689903259277
,1762,,,,12.214367866516113
,1763,,,,12.466131210327148
,1764,,,,13.014474868774414
,1765,,,,17.135560989379883
,1766,,,,14.313149452209473
,1767,,,,12.801183700561523
,1768,,,,13.322196960449219
,1769,,,,13.01459789276123
,1770,,,,17.129302978515625
,1771,,,,16.499319076538086
,1772,,,,15.213462829589844
,1773,,,,13.56529712677002
,1774,,,,10.706586837768555
,1775,,,,13.607111930847168
,1776,,,,13.46073055267334
,1777,,,,13.131387710571289
,1778,,,,17.573991775512695
,1779,,,,10.869729042053223
,1780,,,,15.651546478271484
,1781,,,,15.608813285827637
,1782,,,,11.501630783081055
,1783,,,,16.684139251708984
,1784,,,,16.527389526367188
,1785,,,,19.174633026123047
,1786,,,,14.850228309631348
,1787,,,,19.56698226928711
,1788,,,,15.152117729187012
,1789,,,,17.653268814086914
,1790,,,,17.015867233276367
,1791,,,,10.283684730529785
55,6999,,,14.773681640625,
55,6999,14.576931953430176,,,
56,7049,,13.96531867980957,,
56,7099,,15.666644096374512,,
,1792,,,,15.392518997192383
,1793,,,,14.277868270874023
,1794,,,,12.213765144348145
,1795,,,,12.462658882141113
,1796,,,,13.012889862060547
,1797,,,,17.126327514648438
,1798,,,,14.314332962036133
,1799,,,,12.806370735168457
,1800,,,,13.319300651550293
,1801,,,,13.01583480834961
,1802,,,,17.12403678894043
,1803,,,,16.50281524658203
,1804,,,,15.204744338989258
,1805,,,,13.564440727233887
,1806,,,,10.710752487182617
,1807,,,,13.603796005249023
,1808,,,,13.46264362335205
,1809,,,,13.132511138916016
,1810,,,,17.57672882080078
,1811,,,,10.871840476989746
,1812,,,,15.65087890625
,1813,,,,15.606884002685547
,1814,,,,11.502219200134277
,1815,,,,16.681610107421875
,1816,,,,16.532163619995117
,1817,,,,19.181041717529297
,1818,,,,14.849482536315918
,1819,,,,19.5606689453125
,1820,,,,15.151049613952637
,1821,,,,17.641036987304688
,1822,,,,17.003875732421875
,1823,,,,10.285531044006348
56,7124,,,14.772110939025879,
56,7124,14.572263717651367,,,
57,7149,,13.774389266967773,,
57,7199,,15.166461944580078,,
57,7249,,15.746496200561523,,
,1824,,,,15.392012596130371
,1825,,,,14.2767915725708
,1826,,,,12.212068557739258
,1827,,,,12.456600189208984
,1828,,,,13.012431144714355
,1829,,,,17.124156951904297
,1830,,,,14.309296607971191
,1831,,,,12.80296802520752
,1832,,,,13.316526412963867
,1833,,,,13.018295288085938
,1834,,,,17.12352752685547
,1835,,,,16.495481491088867
,1836,,,,15.208483695983887
,1837,,,,13.563199043273926
,1838,,,,10.707998275756836
,1839,,,,13.60103988647461
,1840,,,,13.457751274108887
,1841,,,,13.127097129821777
,1842,,,,17.569568634033203
,1843,,,,10.865981101989746
,1844,,,,15.647807121276855
,1845,,,,15.602038383483887
,1846,,,,11.496809005737305
,1847,,,,16.685094833374023
,1848,,,,16.52105712890625
,1849,,,,19.18133544921875
,1850,,,,14.8503999710083
,1851,,,,19.56623077392578
,1852,,,,15.14648723602295
,1853,,,,17.641033172607422
,1854,,,,17.007081985473633
,1855,,,,10.283961296081543
57,7249,,,14.769843101501465,
57,7249,14.571542739868164,,,
58,7299,,15.796473503112793,,
58,7349,,11.859152793884277,,
,1856,,,,15.388118743896484
,1857,,,,14.273487091064453
,1858,,,,12.210701942443848
,1859,,,,12.456422805786133
,1860,,,,13.012099266052246
,1861,,,,17.118955612182617
,1862,,,,14.305757522583008
,1863,,,,12.799370765686035
,1864,,,,13.316661834716797
,1865,,,,13.011506080627441
,1866,,,,17.11958122253418
,1867,,,,16.49772834777832
,1868,,,,15.204607009887695
,1869,,,,13.561071395874023
,1870,,,,10.707723617553711
,1871,,,,13.599467277526855
,1872,,,,13.462485313415527
,1873,,,,13.12713623046875
,1874,,,,17.57240867614746
,1875,,,,10.868705749511719
,1876,,,,15.647858619689941
,1877,,,,15.60038948059082
,1878,,,,11.500079154968262
,1879,,,,16.684547424316406
,1880,,,,16.52216911315918
,1881,,,,19.180910110473633
,1882,,,,14.846659660339355
,1883,,,,19.555864334106445
,1884,,,,15.141403198242188
,1885,,,,17.6345157623291
,1886,,,,17.000789642333984
,1887,,,,10.28320026397705
58,7374,,,14.767999649047852,
58,7374,14.568500518798828,,,
59,7399,,13.380501747131348,,
59,7449,,15.399020195007324,,
59,7499,,11.553483963012695,,
,1888,,,,15.386414527893066
,1889,,,,14.275628089904785
,1890,,,,12.211995124816895
,1891,,,,12.45577621459961
,1892,,,,13.011537551879883
,1893,,,,17.115638732910156
,1894,,,,14.303083419799805
,1895,,,,12.797494888305664
,1896,,,,13.314248085021973
,1897,,,,13.011091232299805
,1898,,,,17.12047004699707
,1899,,,,16.496620178222656
,1900,,,,15.205551147460938
,1901,,,,13.560941696166992
,1902,,,,10.7046480178833
,1903,,,,13.60183334350586
,1904,,,,13.45614242553711
,1905,,,,13.127123832702637
,1906,,,,17.56761360168457
,1907,,,,10.867596626281738
,1908,,,,15.646698951721191
,1909,,,,15.599218368530273
,1910,,,,11.497211456298828
,1911,,,,16.68438720703125
,1912,,,,16.522314071655273
,1913,,,,19.1763858795166
,1914,,,,14.846916198730469
,1915,,,,19.55791664123535
,1916,,,,15.13912296295166
,1917,,,,17.634685516357422
,1918,,,,17.003969192504883
,1919,,,,10.284106254577637
59,7499,,,14.767082214355469,
59,7499,14.566808700561523,,,
60,7549,,16.033367156982422,,
60,7599,,12.168798446655273,,
,1920,,,,15.384469032287598
,1921,,,,14.267915725708008
,1922,,,,12.20437240600586
,1923,,,,12.452180862426758
,1924,,,,13.009214401245117
,1925,,,,17.1104736328125
,1926,,,,14.307758331298828
,1927,,,,12.796867370605469
,1928,,,,13.311386108398438
,1929,,,,13.005998611450195
,1930,,,,17.117155075073242
,1931,,,,16.49256706237793
,1932,,,,15.203173637390137
,1933,,,,13.554452896118164
,1934,,,,10.7031831741333
,1935,,,,13.597579956054688
,1936,,,,13.452399253845215
,1937,,,,13.121893882751465
,1938,,,,17.564804077148438
,1939,,,,10.864957809448242
,1940,,,,15.641022682189941
,1941,,,,15.599200248718262
,1942,,,,11.493403434753418
,1943,,,,16.680288314819336
,1944,,,,16.5191707611084
,1945,,,,19.18067169189453
,1946,,,,14.83985710144043
,1947,,,,19.55394172668457
,1948,,,,15.13874340057373
,1949,,,,17.635751724243164
,1950,,,,16.992290496826172
,1951,,,,10.282318115234375
60,7624,,,14.763766288757324,
60,7624,14.563775062561035,,,
61,7649,,13.70380973815918,,
61,7699,,12.674331665039062,,
61,7749,,13.656143188476562,,
,1952,,,,15.387361526489258
,1953,,,,14.26868724822998
,1954,,,,12.209396362304688
,1955,,,,12.45583724975586
,1956,,,,13.010811805725098
,1957,,,,17.105619430541992
,1958,,,,14.302011489868164
,1959,,,,12.796810150146484
,1960,,,,13.311484336853027
,1961,,,,13.00609302520752
,1962,,,,17.118972778320312
,1963,,,,16.49472427368164
,1964,,,,15.198365211486816
,1965,,,,13.557374954223633
,1966,,,,10.702726364135742
,1967,,,,13.599271774291992
,1968,,,,13.45275592803955
,1969,,,,13.125314712524414
,1970,,,,17.57152557373047
,1971,,,,10.86822509765625
,1972,,,,15.643590927124023
,1973,,,,15.598294258117676
,1974,,,,11.494650840759277
,1975,,,,16.68103790283203
,1976,,,,16.52138900756836
,1977,,,,19.173002243041992
,1978,,,,14.843246459960938
,1979,,,,19.55375862121582
,1980,,,,15.13720703125
,1981,,,,17.63155174255371
,1982,,,,16.997379302978516
,1983,,,,10.276596069335938
61,7749,,,14.764405250549316,
61,7749,14.563409805297852,,,
62,7799,,14.86439037322998,,
62,7849,,14.401459693908691,,
,1984,,,,15.385438919067383
,1985,,,,14.269173622131348
,1986,,,,12.205310821533203
,1987,,,,12.453410148620605
,1988,,,,13.006121635437012
,1989,,,,17.10041046142578
,1990,,,,14.303656578063965
,1991,,,,12.79777717590332
,1992,,,,13.30854606628418
,1993,,,,13.003876686096191
,1994,,,,17.112476348876953
,1995,,,,16.490949630737305
,1996,,,,15.199105262756348
,1997,,,,13.554950714111328
,1998,,,,10.70119857788086
,1999,,,,13.598067283630371
,2000,,,,13.45186996459961
,2001,,,,13.121893882751465
,2002,,,,17.574121475219727
,2003,,,,10.864965438842773
,2004,,,,15.640993118286133
,2005,,,,15.597545623779297
,2006,,,,11.48977279663086
,2007,,,,16.678104400634766
,2008,,,,16.519634246826172
,2009,,,,19.173696517944336
,2010,,,,14.836031913757324
,2011,,,,19.552656173706055
,2012,,,,15.135128021240234
,2013,,,,17.630897521972656
,2014,,,,16.998355865478516
,2015,,,,10.276578903198242
62,7874,,,14.762408256530762,
62,7874,14.560420036315918,,,
63,7899,,17.258773803710938,,
63,7949,,13.19947624206543,,
63,7999,,16.369802474975586,,
,2016,,,,15.382457733154297
,2017,,,,14.268189430236816
,2018,,,,12.205219268798828
,2019,,,,12.457660675048828
,2020,,,,13.001962661743164
,2021,,,,17.08979606628418
,2022,,,,14.289125442504883
,2023,,,,12.791831970214844
,2024,,,,13.308563232421875
,2025,,,,13.00353717803955
,2026,,,,17.110549926757812
,2027,,,,16.49127960205078
,2028,,,,15.188752174377441
,2029,,,,13.555642127990723
,2030,,,,10.69820785522461
,2031,,,,13.597074508666992
,2032,,,,13.447535514831543
,2033,,,,13.12088680267334
,2034,,,,17.571638107299805
,2035,,,,10.862921714782715
,2036,,,,15.63720703125
,2037,,,,15.591414451599121
,2038,,,,11.489493370056152
,2039,,,,16.676198959350586
,2040,,,,16.515953063964844
,2041,,,,19.1628360748291
,2042,,,,14.834577560424805
,2043,,,,19.55266761779785
,2044,,,,15.12868595123291
,2045,,,,17.62846565246582
,2046,,,,16.997282028198242
,2047,,,,10.269083976745605
63,7999,,,14.759197235107422,
63,7999,14.559114456176758,,,
64,8049,,16.486772537231445,,
64,8099,,13.791221618652344,,
,2048,,,,15.380477905273438
,2049,,,,14.267340660095215
,2050,,,,12.20348834991455
,2051,,,,12.446134567260742
,2052,,,,13.00556468963623
,2053,,,,17.09680938720703
,2054,,,,14.28722858428955
,2055,,,,12.788491249084473
,2056,,,,13.30571460723877
,2057,,,,13.003763198852539
,2058,,,,17.116657257080078
,2059,,,,16.48775863647461
,2060,,,,15.195509910583496
,2061,,,,13.552946090698242
,2062,,,,10.697563171386719
,2063,,,,13.59619140625
,2064,,,,13.447118759155273
,2065,,,,13.116948127746582
,2066,,,,17.561481475830078
,2067,,,,10.86090087890625
,2068,,,,15.637438774108887
,2069,,,,15.590067863464355
,2070,,,,11.487882614135742
,2071,,,,16.678861618041992
,2072,,,,16.519561767578125
,2073,,,,19.166461944580078
,2074,,,,14.838178634643555
,2075,,,,19.55650520324707
,2076,,,,15.130715370178223
,2077,,,,17.621826171875
,2078,,,,16.995052337646484
,2079,,,,10.273273468017578
64,8124,,,14.758687973022461,
64,8124,14.557458877563477,,,
65,8149,,10.461552619934082,,
65,8199,,16.770593643188477,,
65,8249,,16.154447555541992,,
,2080,,,,15.380281448364258
,2081,,,,14.265666007995605
,2082,,,,12.205666542053223
,2083,,,,12.450761795043945
,2084,,,,13.003362655639648
,2085,,,,17.083261489868164
,2086,,,,14.283482551574707
,2087,,,,12.792458534240723
,2088,,,,13.305996894836426
,2089,,,,12.998821258544922
,2090,,,,17.11148452758789
,2091,,,,16.489898681640625
,2092,,,,15.187467575073242
,2093,,,,13.55180835723877
,2094,,,,10.695287704467773
,2095,,,,13.594696998596191
,2096,,,,13.446757316589355
,2097,,,,13.11809253692627
,2098,,,,17.567806243896484
,2099,,,,10.862370491027832
,2100,,,,15.635372161865234
,2101,,,,15.589547157287598
,2102,,,,11.485618591308594
,2103,,,,16.675004959106445
,2104,,,,16.517623901367188
,2105,,,,19.160587310791016
,2106,,,,14.830920219421387
,2107,,,,19.54803466796875
,2108,,,,15.125749588012695
,2109,,,,17.62107276916504
,2110,,,,16.996435165405273
,2111,,,,10.270294189453125
65,8249,,,14.756766319274902,
65,8249,14.556763648986816,,,
66,8299,,17.454017639160156,,
66,8349,,13.35934066772461,,
,2112,,,,15.37933349609375
,2113,,,,14.268817901611328
,2114,,,,12.206722259521484
,2115,,,,12.451019287109375
,2116,,,,13.00316047668457
,2117,,,,17.080402374267578
,2118,,,,14.282465934753418
,2119,,,,12.793350219726562
,2120,,,,13.305997848510742
,2121,,,,12.999845504760742
,2122,,,,17.10845184326172
,2123,,,,16.491146087646484
,2124,,,,15.18816089630127
,2125,,,,13.55416488647461
,2126,,,,10.696537017822266
,2127,,,,13.593502044677734
,2128,,,,13.448869705200195
,2129,,,,13.12124252319336
,2130,,,,17.56789207458496
,2131,,,,10.859479904174805
,2132,,,,15.635188102722168
,2133,,,,15.586360931396484
,2134,,,,11.485076904296875
,2135,,,,16.67584228515625
,2136,,,,16.516904830932617
,2137,,,,19.165409088134766
,2138,,,,14.837233543395996
,2139,,,,19.551313400268555
,2140,,,,15.123205184936523
,2141,,,,17.618738174438477
,2142,,,,16.99686050415039
,2143,,,,10.271685600280762
66,8374,,,14.7571382522583,
66,8374,14.554208755493164,,,
67,8399,,12.171077728271484,,
67,8449,,9.816181182861328,,
67,8499,,17.77952766418457,,
,2144,,,,15.38084602355957
,2145,,,,14.264705657958984
,2146,,,,12.202466011047363
,2147,,,,12.44705867767334
,2148,,,,13.002738952636719
,2149,,,,17.07793617248535
,2150,,,,14.287567138671875
,2151,,,,12.789904594421387
,2152,,,,13.3030366897583
,2153,,,,13.000394821166992
,2154,,,,17.10934829711914
,2155,,,,16.48700714111328
,2156,,,,15.19044303894043
,2157,,,,13.55044174194336
,2158,,,,10.697001457214355
,2159,,,,13.592453002929688
,2160,,,,13.444992065429688
,2161,,,,13.118034362792969
,2162,,,,17.565153121948242
,2163,,,,10.859234809875488
,2164,,,,15.631762504577637
,2165,,,,15.585925102233887
,2166,,,,11.484475135803223
,2167,,,,16.674240112304688
,2168,,,,16.516965866088867
,2169,,,,19.165958404541016
,2170,,,,14.832734107971191
,2171,,,,19.548553466796875
,2172,,,,15.121288299560547
,2173,,,,17.614397048950195
,2174,,,,16.991865158081055
,2175,,,,10.269513130187988
67,8499,,,14.755402565002441,
67,8499,14.552306175231934,,,
68,8549,,14.486724853515625,,
68,8599,,14.73719310760498,,
,2176,,,,15.377599716186523
,2177,,,,14.26366901397705
,2178,,,,12.200844764709473
,2179,,,,12.44643497467041
,2180,,,,12.996556282043457
,2181,,,,17.070295333862305
,2182,,,,14.278199195861816
,2183,,,,12.790472984313965
,2184,,,,13.29913330078125
,2185,,,,12.997941970825195
,2186,,,,17.107730865478516
,2187,,,,16.48487091064453
,2188,,,,15.183260917663574
,2189,,,,13.550662994384766
,2190,,,,10.696073532104492
,2191,,,,13.586505889892578
,2192,,,,13.443653106689453
,2193,,,,13.124709129333496
,2194,,,,17.564472198486328
,2195,,,,10.861769676208496
,2196,,,,15.637099266052246
,2197,,,,15.582168579101562
,2198,,,,11.482694625854492
,2199,,,,16.67064094543457
,2200,,,,16.517196655273438
,2201,,,,19.16509246826172
,2202,,,,14.828691482543945
,2203,,,,19.54793930053711
,2204,,,,15.120506286621094
,2205,,,,17.60780143737793
,2206,,,,16.98630142211914
,2207,,,,10.268942832946777
68,8624,,,14.75322151184082,
68,8624,14.55068588256836,,,
69,8649,,13.213728904724121,,
69,8699,,13.756258010864258,,
69,8749,,15.087356567382812,,
,2208,,,,15.376527786254883
,2209,,,,14.261628150939941
,2210,,,,12.199542999267578
,2211,,,,12.44632339477539
,2212,,,,12.998065948486328
,2213,,,,17.066017150878906
,2214,,,,14.279219627380371
,2215,,,,12.789674758911133
,2216,,,,13.300617218017578
,2217,,,,12.998064041137695
,2218,,,,17.10414695739746
,2219,,,,16.485450744628906
,2220,,,,15.184667587280273
,2221,,,,13.547127723693848
,2222,,,,10.69501781463623
,2223,,,,13.586909294128418
,2224,,,,13.43960952758789
,2225,,,,13.117748260498047
,2226,,,,17.563928604125977
,2227,,,,10.859441757202148
,2228,,,,15.631837844848633
,2229,,,,15.580265998840332
,2230,,,,11.479962348937988
,2231,,,,16.669790267944336
,2232,,,,16.511058807373047
,2233,,,,19.15979766845703
,2234,,,,14.830655097961426
,2235,,,,19.544153213500977
,2236,,,,15.114781379699707
,2237,,,,17.61115074157715
,2238,,,,16.988256454467773
,2239,,,,10.267293930053711
69,8749,,,14.751623153686523,
69,8749,14.550654411315918,,,
70,8799,,12.76375961303711,,
70,8849,,12.546220779418945,,
,2240,,,,15.378390312194824
,2241,,,,14.259753227233887
,2242,,,,12.198112487792969
,2243,,,,12.445754051208496
,2244,,,,12.999384880065918
,2245,,,,17.063966751098633
,2246,,,,14.284452438354492
,2247,,,,12.788142204284668
,2248,,,,13.301140785217285
,2249,,,,12.996503829956055
,2250,,,,17.103681564331055
,2251,,,,16.480472564697266
,2252,,,,15.185168266296387
,2253,,,,13.548742294311523
,2254,,,,10.693962097167969
,2255,,,,13.590065956115723
,2256,,,,13.439830780029297
,2257,,,,13.117416381835938
,2258,,,,17.565959930419922
,2259,,,,10.860884666442871
,2260,,,,15.631622314453125
,2261,,,,15.5818452835083
,2262,,,,11.480584144592285
,2263,,,,16.6695613861084
,2264,,,,16.510494232177734
,2265,,,,19.16420555114746
,2266,,,,14.82580852508545
,2267,,,,19.540700912475586
,2268,,,,15.115734100341797
,2269,,,,17.60757827758789
,2270,,,,16.98720359802246
,2271,,,,10.267613410949707
70,8874,,,14.75148868560791,
70,8874,14.54773998260498,,,
71,8899,,16.2388858795166,,
71,8949,,13.64927864074707,,
71,8999,,10.666412353515625,,
,2272,,,,15.379443168640137
,2273,,,,14.260498046875
,2274,,,,12.197993278503418
,2275,,,,12.44451904296875
,2276,,,,12.999271392822266
,2277,,,,17.06569480895996
,2278,,,,14.277609825134277
,2279,,,,12.784817695617676
,2280,,,,13.298053741455078
,2281,,,,12.998239517211914
,2282,,,,17.106773376464844
,2283,,,,16.48447036743164
,2284,,,,15.185778617858887
,2285,,,,13.54455280303955
,2286,,,,10.694323539733887
,2287,,,,13.588332176208496
,2288,,,,13.44097900390625
,2289,,,,13.11226749420166
,2290,,,,17.561325073242188
,2291,,,,10.859660148620605
,2292,,,,15.632230758666992
,2293,,,,15.579901695251465
,2294,,,,11.478439331054688
,2295,,,,16.670927047729492
,2296,,,,16.509746551513672
,2297,,,,19.159990310668945
,2298,,,,14.82805347442627
,2299,,,,19.546478271484375
,2300,,,,15.115534782409668
,2301,,,,17.60893440246582
,2302,,,,16.987409591674805
,2303,,,,10.264989852905273
71,8999,,,14.750991821289062,
71,8999,14.54599666595459,,,
72,9049,,12.317646026611328,,
72,9099,,16.1406192779541,,
,2304,,,,15.379229545593262
,2305,,,,14.25861644744873
,2306,,,,12.198038101196289
,2307,,,,12.446943283081055
,2308,,,,12.994904518127441
,2309,,,,17.05970001220703
,2310,,,,14.27702808380127
,2311,,,,12.788342475891113
,2312,,,,13.299519538879395
,2313,,,,12.997621536254883
,2314,,,,17.103933334350586
,2315,,,,16.482921600341797
,2316,,,,15.182013511657715
,2317,,,,13.547316551208496
,2318,,,,10.693464279174805
,2319,,,,13.588740348815918
,2320,,,,13.436598777770996
,2321,,,,13.11548900604248
,2322,,,,17.563810348510742
,2323,,,,10.858222007751465
,2324,,,,15.631513595581055
,2325,,,,15.577812194824219
,2326,,,,11.477235794067383
,2327,,,,16.670976638793945
,2328,,,,16.509403228759766
,2329,,,,19.1588134765625
,2330,,,,14.827841758728027
,2331,,,,19.54503631591797
,2332,,,,15.11408805847168
,2333,,,,17.60541343688965
,2334,,,,16.98874282836914
,2335,,,,10.266484260559082
72,9124,,,14.75027084350586,
72,9124,14.545902252197266,,,
73,9149,,12.989388465881348,,
73,9199,,14.114811897277832,,
73,9249,,16.637781143188477,,
,2336,,,,15.3795804977417
,2337,,,,14.25650405883789
,2338,,,,12.194916725158691
,2339,,,,12.442995071411133
,2340,,,,12.99259090423584
,2341,,,,17.052274703979492
,2342,,,,14.271181106567383
,2343,,,,12.783823013305664
,2344,,,,13.295848846435547
,2345,,,,12.998119354248047
,2346,,,,17.09870147705078
,2347,,,,16.483869552612305
,2348,,,,15.177985191345215
,2349,,,,13.545869827270508
,2350,,,,10.693758010864258
,2351,,,,13.58741283416748
,2352,,,,13.438241004943848
,2353,,,,13.11345386505127
,2354,,,,17.562828063964844
,2355,,,,10.857556343078613
,2356,,,,15.630867958068848
,2357,,,,15.574999809265137
,2358,,,,11.47459888458252
,2359,,,,16.66934585571289
,2360,,,,16.507287979125977
,2361,,,,19.15594482421875
,2362,,,,14.82723331451416
,2363,,,,19.541736602783203
,2364,,,,15.111071586608887
,2365,,,,17.603857040405273
,2366,,,,16.986242294311523
,2367,,,,10.263895988464355
73,9249,,,14.748054504394531,
73,9249,14.543176651000977,,,
74,9299,,17.103717803955078,,
74,9349,,18.372474670410156,,
,2368,,,,15.374333381652832
,2369,,,,14.257712364196777
,2370,,,,12.19437313079834
,2371,,,,12.443387985229492
,2372,,,,12.99100399017334
,2373,,,,17.04175567626953
,2374,,,,14.26864242553711
,2375,,,,12.783884048461914
,2376,,,,13.29221248626709
,2377,,,,12.99084186553955
,2378,,,,17.09868049621582
,2379,,,,16.478479385375977
,2380,,,,15.172900199890137
,2381,,,,13.545036315917969
,2382,,,,10.692766189575195
,2383,,,,13.587233543395996
,2384,,,,13.435067176818848
,2385,,,,13.112968444824219
,2386,,,,17.569303512573242
,2387,,,,10.857328414916992
,2388,,,,15.62682819366455
,2389,,,,15.577131271362305
,2390,,,,11.47530460357666
,2391,,,,16.66795539855957
,2392,,,,16.51085090637207
,2393,,,,19.15619659423828
,2394,,,,14.820528984069824
,2395,,,,19.53803253173828
,2396,,,,15.108525276184082
,2397,,,,17.597875595092773
,2398,,,,16.979137420654297
,2399,,,,10.264445304870605
74,9374,,,14.745996475219727,
74,9374,14.541460990905762,,,
75,9399,,19.217554092407227,,
75,9449,,12.308446884155273,,
75,9499,,16.082801818847656,,
,2400,,,,15.37131404876709
,2401,,,,14.255655288696289
,2402,,,,12.192561149597168
,2403,,,,12.439459800720215
,2404,,,,12.994443893432617
,2405,,,,17.04290771484375
,2406,,,,14.263676643371582
,2407,,,,12.783329963684082
,2408,,,,13.289460182189941
,2409,,,,12.993635177612305
,2410,,,,17.10107421875
,2411,,,,16.479970932006836
,2412,,,,15.1740083694458
,2413,,,,13.54399585723877
,2414,,,,10.690303802490234
,2415,,,,13.584997177124023
,2416,,,,13.434184074401855
,2417,,,,13.11437702178955
,2418,,,,17.56119155883789
,2419,,,,10.85917854309082
,2420,,,,15.628490447998047
,2421,,,,15.575310707092285
,2422,,,,11.473858833312988
,2423,,,,16.66436195373535
,2424,,,,16.507455825805664
,2425,,,,19.160112380981445
,2426,,,,14.823996543884277
,2427,,,,19.54433822631836
,2428,,,,15.10701847076416
,2429,,,,17.598106384277344
,2430,,,,16.97994613647461
,2431,,,,10.263595581054688
75,9499,,,14.745556831359863,
75,9499,14.540374755859375,,,
76,9549,,15.188465118408203,,
76,9599,,14.974531173706055,,
,2432,,,,15.373645782470703
,2433,,,,14.255016326904297
,2434,,,,12.193077087402344
,2435,,,,12.438844680786133
,2436,,,,12.993715286254883
,2437,,,,17.041425704956055
,2438,,,,14.262887954711914
,2439,,,,12.778851509094238
,2440,,,,13.291910171508789
,2441,,,,12.991618156433105
,2442,,,,17.102617263793945
,2443,,,,16.47932243347168
,2444,,,,15.174369812011719
,2445,,,,13.54384708404541
,2446,,,,10.687685012817383
,2447,,,,13.586469650268555
,2448,,,,13.434751510620117
,2449,,,,13.111433982849121
,2450,,,,17.558155059814453
,2451,,,,10.855109214782715
,2452,,,,15.62630844116211
,2453,,,,15.572871208190918
,2454,,,,11.471830368041992
,2455,,,,16.665998458862305
,2456,,,,16.506454467773438
,2457,,,,19.153255462646484
,2458,,,,14.82261848449707
,2459,,,,19.542171478271484
,2460,,,,15.104044914245605
,2461,,,,17.596965789794922
,2462,,,,16.984516143798828
,2463,,,,10.259225845336914
76,9624,,,14.744532585144043,
76,9624,14.538896560668945,,,
77,9649,,16.043546676635742,,
77,9699,,13.983428955078125,,
77,9749,,12.875651359558105,,
,2464,,,,15.373374938964844
,2465,,,,14.25747299194336
,2466,,,,12.194668769836426
,2467,,,,12.435927391052246
,2468,,,,12.987055778503418
,2469,,,,17.028818130493164
,2470,,,,14.258357048034668
,2471,,,,12.783666610717773
,2472,,,,13.290788650512695
,2473,,,,12.991543769836426
,2474,,,,17.09479331970215
,2475,,,,16.479869842529297
,2476,,,,15.166584014892578
,2477,,,,13.5424165725708
,2478,,,,10.692768096923828
,2479,,,,13.584762573242188
,2480,,,,13.434479713439941
,2481,,,,13.114763259887695
,2482,,,,17.566556930541992
,2483,,,,10.855016708374023
,2484,,,,15.628036499023438
,2485,,,,15.567741394042969
,2486,,,,11.471393585205078
,2487,,,,16.666250228881836
,2488,,,,16.506792068481445
,2489,,,,19.155580520629883
,2490,,,,14.820582389831543
,2491,,,,19.541179656982422
,2492,,,,15.101486206054688
,2493,,,,17.591663360595703
,2494,,,,16.980512619018555
,2495,,,,10.257957458496094
77,9749,,,14.743341445922852,
77,9749,14.53852367401123,,,
78,9799,,14.322538375854492,,
78,9849,,14.07546615600586,,
,2496,,,,15.3734130859375
,2497,,,,14.253459930419922
,2498,,,,12.192825317382812
,2499,,,,12.439379692077637
,2500,,,,12.98857593536377
,2501,,,,17.028717041015625
,2502,,,,14.25485610961914
,2503,,,,12.78111743927002
,2504,,,,13.290812492370605
,2505,,,,12.98713493347168
,2506,,,,17.096351623535156
,2507,,,,16.47572135925293
,2508,,,,15.167241096496582
,2509,,,,13.538862228393555
,2510,,,,10.686763763427734
,2511,,,,13.58276081085205
,2512,,,,13.430496215820312
,2513,,,,13.10794734954834
,2514,,,,17.559350967407227
,2515,,,,10.85457706451416
,2516,,,,15.625662803649902
,2517,,,,15.568652153015137
,2518,,,,11.469213485717773
,2519,,,,16.661970138549805
,2520,,,,16.502010345458984
,2521,,,,19.15138053894043
,2522,,,,14.817638397216797
,2523,,,,19.53604507446289
,2524,,,,15.098970413208008
,2525,,,,17.589845657348633
,2526,,,,16.9800968170166
,2527,,,,10.257342338562012
78,9874,,,14.740997314453125,
78,9874,14.535599708557129,,,
79,9899,,16.003631591796875,,
79,9949,,14.259099960327148,,
79,9999,,18.205102920532227,,
,2528,,,,15.37208366394043
,2529,,,,14.250388145446777
,2530,,,,12.189892768859863
,2531,,,,12.441044807434082
,2532,,,,12.98613452911377
,2533,,,,17.01941680908203
,2534,,,,14.25329303741455
,2535,,,,12.778945922851562
,2536,,,,13.290196418762207
,2537,,,,12.986711502075195
,2538,,,,17.092540740966797
,2539,,,,16.47905158996582
,2540,,,,15.163593292236328
,2541,,,,13.541540145874023
,2542,,,,10.689253807067871
,2543,,,,13.58031177520752
,2544,,,,13.432221412658691
,2545,,,,13.116081237792969
,2546,,,,17.563234329223633
,2547,,,,10.856406211853027
,2548,,,,15.62785530090332
,2549,,,,15.568161010742188
,2550,,,,11.469677925109863
,2551,,,,16.659198760986328
,2552,,,,16.503707885742188
,2553,,,,19.154998779296875
,2554,,,,14.81072998046875
,2555,,,,19.52979278564453
,2556,,,,15.096874237060547
,2557,,,,17.583663940429688
,2558,,,,16.977121353149414
,2559,,,,10.253902435302734
79,9999,,,14.740081787109375,
79,9999,14.534968376159668,,,
80,10049,,12.88188362121582,,
80,10099,,12.950712203979492,,
,2560,,,,15.372271537780762
,2561,,,,14.2515230178833
,2562,,,,12.191542625427246
,2563,,,,12.437766075134277
,2564,,,,12.987860679626465
,2565,,,,17.022369384765625
,2566,,,,14.255671501159668
,2567,,,,12.774836540222168
,2568,,,,13.29002857208252
,2569,,,,12.98571491241455
,2570,,,,17.09193229675293
,2571,,,,16.473846435546875
,2572,,,,15.168030738830566
,2573,,,,13.539633750915527
,2574,,,,10.685495376586914
,2575,,,,13.581823348999023
,2576,,,,13.429718017578125
,2577,,,,13.111001014709473
,2578,,,,17.56044578552246
,2579,,,,10.855710983276367
,2580,,,,15.626410484313965
,2581,,,,15.566354751586914
,2582,,,,11.468839645385742
,2583,,,,16.662395477294922
,2584,,,,16.50290298461914
,2585,,,,19.15176010131836
,2586,,,,14.816234588623047
,2587,,,,19.53312873840332
,2588,,,,15.09469223022461
,2589,,,,17.585878372192383
,2590,,,,16.978506088256836
,2591,,,,10.254150390625
80,10124,,,14.739771842956543,
80,10124,14.534734725952148,,,
81,10149,,15.622262954711914,,
81,10199,,16.73724937438965,,
81,10249,,18.395816802978516,,
,2592,,,,15.372499465942383
,2593,,,,14.250950813293457
,2594,,,,12.18938159942627
,2595,,,,12.433362007141113
,2596,,,,12.98906421661377
,2597,,,,17.026029586791992
,2598,,,,14.25497055053711
,2599,,,,12.779733657836914
,2600,,,,13.286578178405762
,2601,,,,12.988656997680664
,2602,,,,17.09535789489746
,2603,,,,16.47283172607422
,2604,,,,15.173676490783691
,2605,,,,13.538509368896484
,2606,,,,10.687235832214355
,2607,,,,13.582084655761719
,2608,,,,13.431427955627441
,2609,,,,13.108637809753418
,2610,,,,17.55942153930664
,2611,,,,10.857460975646973
,2612,,,,15.627224922180176
,2613,,,,15.5691556930542
,2614,,,,11.46771240234375
,2615,,,,16.663516998291016
,2616,,,,16.505128860473633
,2617,,,,19.15686798095703
,2618,,,,14.81781005859375
,2619,,,,19.53830337524414
,2620,,,,15.094179153442383
,2621,,,,17.585250854492188
,2622,,,,16.97130012512207
,2623,,,,10.258200645446777
81,10249,,,14.740442276000977,
81,10249,14.533049583435059,,,
82,10299,,16.017486572265625,,
82,10349,,11.942309379577637,,
,2624,,,,15.37258243560791
,2625,,,,14.250240325927734
,2626,,,,12.190666198730469
,2627,,,,12.431989669799805
,2628,,,,12.984590530395508
,2629,,,,17.012826919555664
,2630,,,,14.253250122070312
,2631,,,,12.7782564163208
,2632,,,,13.288397789001465
,2633,,,,12.98394775390625
,2634,,,,17.093244552612305
,2635,,,,16.474328994750977
,2636,,,,15.16814136505127
,2637,,,,13.538430213928223
,2638,,,,10.685248374938965
,2639,,,,13.582585334777832
,2640,,,,13.429682731628418
,2641,,,,13.110282897949219
,2642,,,,17.5595703125
,2643,,,,10.852235794067383
,2644,,,,15.624778747558594
,2645,,,,15.564719200134277
,2646,,,,11.467044830322266
,2647,,,,16.66228675842285
,2648,,,,16.498498916625977
,2649,,,,19.155237197875977
,2650,,,,14.820517539978027
,2651,,,,19.53382110595703
,2652,,,,15.090604782104492
,2653,,,,17.585866928100586
,2654,,,,16.97498321533203
,2655,,,,10.260833740234375
82,10374,,,14.738691329956055,
82,10374,14.53264331817627,,,
83,10399,,11.546957969665527,,
83,10449,,14.368185997009277,,
83,10499,,16.22572898864746,,
,2656,,,,15.36928939819336
,2657,,,,14.254631042480469
,2658,,,,12.191828727722168
,2659,,,,12.434672355651855
,2660,,,,12.986873626708984
,2661,,,,17.01418113708496
,2662,,,,14.25240707397461
,2663,,,,12.777570724487305
,2664,,,,13.287773132324219
,2665,,,,12.98666763305664
,2666,,,,17.09246063232422
,2667,,,,16.47954750061035
,2668,,,,15.165606498718262
,2669,,,,13.540553092956543
,2670,,,,10.687331199645996
,2671,,,,13.58337116241455
,2672,,,,13.4315185546875
,2673,,,,13.109067916870117
,2674,,,,17.562328338623047
,2675,,,,10.8560791015625
,2676,,,,15.62546443939209
,2677,,,,15.565756797790527
,2678,,,,11.468762397766113
,2679,,,,16.6634521484375
,2680,,,,16.501110076904297
,2681,,,,19.14891815185547
,2682,,,,14.8145112991333
,2683,,,,19.537755966186523
,2684,,,,15.093442916870117
,2685,,,,17.58700942993164
,2686,,,,16.974834442138672
,2687,,,,10.258217811584473
83,10499,,,14.739498138427734,
83,10499,14.53218936920166,,,
84,10549,,17.4136905670166,,
84,10599,,17.48082160949707,,
,2688,,,,15.373759269714355
,2689,,,,14.25572681427002
,2690,,,,12.193452835083008
,2691,,,,12.437728881835938
,2692,,,,12.990091323852539
,2693,,,,17.00819969177246
,2694,,,,14.25460147857666
,2695,,,,12.778465270996094
,2696,,,,13.290042877197266
,2697,,,,12.985214233398438
,2698,,,,17.093210220336914
,2699,,,,16.477460861206055
,2700,,,,15.167555809020996
,2701,,,,13.540895462036133
,2702,,,,10.686067581176758
,2703,,,,13.58537769317627
,2704,,,,13.432113647460938
,2705,,,,13.110893249511719
,2706,,,,17.56270408630371
,2707,,,,10.856512069702148
,2708,,,,15.62591552734375
,2709,,,,15.565177917480469
,2710,,,,11.46812629699707
,2711,,,,16.663637161254883
,2712,,,,16.499998092651367
,2713,,,,19.152217864990234
,2714,,,,14.81569766998291
,2715,,,,19.532939910888672
,2716,,,,15.093022346496582
,2717,,,,17.587932586669922
,2718,,,,16.981618881225586
,2719,,,,10.257641792297363
84,10624,,,14.740185737609863,
84,10624,14.530901908874512,,,
85,10649,,13.267894744873047,,
85,10699,,12.660296440124512,,
85,10749,,17.561731338500977,,
,2720,,,,15.365458488464355
,2721,,,,14.250800132751465
,2722,,,,12.185136795043945
,2723,,,,12.424013137817383
,2724,,,,12.992167472839355
,2725,,,,17.012184143066406
,2726,,,,14.253533363342285
,2727,,,,12.773796081542969
,2728,,,,13.284929275512695
,2729,,,,12.982736587524414
,2730,,,,17.095109939575195
,2731,,,,16.469322204589844
,2732,,,,15.169503211975098
,2733,,,,13.537515640258789
,2734,,,,10.680891036987305
,2735,,,,13.582905769348145
,2736,,,,13.430238723754883
,2737,,,,13.102686882019043
,2738,,,,17.55439567565918
,2739,,,,10.85543155670166
,2740,,,,15.618932723999023
,2741,,,,15.567916870117188
,2742,,,,11.468175888061523
,2743,,,,16.662416458129883
,2744,,,,16.50069236755371
,2745,,,,19.154272079467773
,2746,,,,14.818686485290527
,2747,,,,19.536893844604492
,2748,,,,15.091955184936523
,2749,,,,17.584030151367188
,2750,,,,16.976539611816406
,2751,,,,10.259472846984863
85,10749,,,14.737540245056152,
85,10749,14.529512405395508,,,
86,10799,,12.031659126281738,,
86,10849,,17.686906814575195,,
,2752,,,,15.368414878845215
,2753,,,,14.247417449951172
,2754,,,,12.18538761138916
,2755,,,,12.428510665893555
,2756,,,,12.98739242553711
,2757,,,,17.007028579711914
,2758,,,,14.253205299377441
,2759,,,,12.77252197265625
,2760,,,,13.283869743347168
,2761,,,,12.980716705322266
,2762,,,,17.09271812438965
,2763,,,,16.473623275756836
,2764,,,,15.167463302612305
,2765,,,,13.536030769348145
,2766,,,,10.683334350585938
,2767,,,,13.58206558227539
,2768,,,,13.425790786743164
,2769,,,,13.107348442077637
,2770,,,,17.557758331298828
,2771,,,,10.852962493896484
,2772,,,,15.62210750579834
,2773,,,,15.56297492980957
,2774,,,,11.463013648986816
,2775,,,,16.659101486206055
,2776,,,,16.49704933166504
,2777,,,,19.14790153503418
,2778,,,,14.814559936523438
,2779,,,,19.533203125
,2780,,,,15.085403442382812
,2781,,,,17.58431053161621
,2782,,,,16.974315643310547
,2783,,,,10.255866050720215
86,10874,,,14.736043930053711,
86,10874,14.528005599975586,,,
87,10899,,13.261274337768555,,
87,10949,,17.753395080566406,,
87,10999,,15.150858879089355,,
,2784,,,,15.370409965515137
,2785,,,,14.249950408935547
,2786,,,,12.187955856323242
,2787,,,,12.430192947387695
,2788,,,,12.988723754882812
,2789,,,,17.003482818603516
,2790,,,,14.249993324279785
,2791,,,,12.776129722595215
,2792,,,,13.286255836486816
,2793,,,,12.98354434967041
,2794,,,,17.091745376586914
,2795,,,,16.47390365600586
,2796,,,,15.167258262634277
,2797,,,,13.536195755004883
,2798,,,,10.686285972595215
,2799,,,,13.581771850585938
,2800,,,,13.430192947387695
,2801,,,,13.107353210449219
,2802,,,,17.56154441833496
,2803,,,,10.8560791015625
,2804,,,,15.622170448303223
,2805,,,,15.55978012084961
,2806,,,,11.465224266052246
,2807,,,,16.66337776184082
,2808,,,,16.49991226196289
,2809,,,,19.157285690307617
,2810,,,,14.815775871276855
,2811,,,,19.53070640563965
,2812,,,,15.087698936462402
,2813,,,,17.578027725219727
,2814,,,,16.971221923828125
,2815,,,,10.261968612670898
87,10999,,,14.737140655517578,
87,10999,14.52733325958252,,,
88,11049,,13.502463340759277,,
88,11099,,14.716703414916992,,
,2816,,,,15.365519523620605
,2817,,,,14.247724533081055
,2818,,,,12.184982299804688
,2819,,,,12.430085182189941
,2820,,,,12.98642349243164
,2821,,,,16.995849609375
,2822,,,,14.24657154083252
,2823,,,,12.770952224731445
,2824,,,,13.284554481506348
,2825,,,,12.97447681427002
,2826,,,,17.09152603149414
,2827,,,,16.470903396606445
,2828,,,,15.162320137023926
,2829,,,,13.5352783203125
,2830,,,,10.680742263793945
,2831,,,,13.578801155090332
,2832,,,,13.423271179199219
,2833,,,,13.102116584777832
,2834,,,,17.556671142578125
,2835,,,,10.852067947387695
,2836,,,,15.619135856628418
,2837,,,,15.557744026184082
,2838,,,,11.461701393127441
,2839,,,,16.658008575439453
,2840,,,,16.49315643310547
,2841,,,,19.14165687561035
,2842,,,,14.810392379760742
,2843,,,,19.527639389038086
,2844,,,,15.08259105682373
,2845,,,,17.577207565307617
,2846,,,,16.97288703918457
,2847,,,,10.252996444702148
88,11124,,,14.732999801635742,
88,11124,14.525081634521484,,,
89,11149,,10.46981430053711,,
89,11199,,11.429997444152832,,
89,11249,,17.259790420532227,,
,2848,,,,15.371495246887207
,2849,,,,14.247081756591797
,2850,,,,12.188193321228027
,2851,,,,12.433327674865723
,2852,,,,12.981043815612793
,2853,,,,16.98550796508789
,2854,,,,14.24123764038086
,2855,,,,12.776639938354492
,2856,,,,13.281716346740723
,2857,,,,12.97746753692627
,2858,,,,17.091022491455078
,2859,,,,16.47726821899414
,2860,,,,15.154330253601074
,2861,,,,13.536256790161133
,2862,,,,10.686244010925293
,2863,,,,13.57925033569336
,2864,,,,13.42525863647461
,2865,,,,13.111087799072266
,2866,,,,17.560009002685547
,2867,,,,10.853097915649414
,2868,,,,15.623388290405273
,2869,,,,15.555380821228027
,2870,,,,11.464552879333496
,2871,,,,16.657880783081055
,2872,,,,16.495891571044922
,2873,,,,19.14413833618164
,2874,,,,14.809911727905273
,2875,,,,19.529544830322266
,2876,,,,15.080525398254395
,2877,,,,17.574953079223633
,2878,,,,16.97216796875
,2879,,,,10.252223014831543
89,11249,,,14.733723640441895,
89,11249,14.525596618652344,,,
90,11299,,15.188298225402832,,
90,11349,,13.500333786010742,,
,2880,,,,15.366962432861328
,2881,,,,14.245064735412598
,2882,,,,12.185148239135742
,2883,,,,12.427995681762695
,2884,,,,12.985127449035645
,2885,,,,16.990007400512695
,2886,,,,14.242576599121094
,2887,,,,12.77055835723877
,2888,,,,13.28290843963623
,2889,,,,12.9755859375
,2890,,,,17.09115219116211
,2891,,,,16.471263885498047
,2892,,,,15.159111022949219
,2893,,,,13.533409118652344
,2894,,,,10.68173599243164
,2895,,,,13.579496383666992
,2896,,,,13.424022674560547
,2897,,,,13.104293823242188
,2898,,,,17.557880401611328
,2899,,,,10.853647232055664
,2900,,,,15.620380401611328
,2901,,,,15.554652214050293
,2902,,,,11.460820198059082
,2903,,,,16.656953811645508
,2904,,,,16.494476318359375
,2905,,,,19.14395523071289
,2906,,,,14.807748794555664
,2907,,,,19.531740188598633
,2908,,,,15.07934284210205
,2909,,,,17.572534561157227
,2910,,,,16.971961975097656
,2911,,,,10.250597953796387
90,11374,,,14.732325553894043,
90,11374,14.524285316467285,,,
91,11399,,15.989455223083496,,
91,11449,,14.277907371520996,,
91,11499,,13.969744682312012,,
,2912,,,,15.36547565460205
,2913,,,,14.243053436279297
,2914,,,,12.181488990783691
,2915,,,,12.426679611206055
,2916,,,,12.985675811767578
,2917,,,,16.990375518798828
,2918,,,,14.248088836669922
,2919,,,,12.772456169128418
,2920,,,,13.281816482543945
,2921,,,,12.978769302368164
,2922,,,,17.088300704956055
,2923,,,,16.470279693603516
,2924,,,,15.163241386413574
,2925,,,,13.53347396850586
,2926,,,,10.68295669555664
,2927,,,,13.583291053771973
,2928,,,,13.423224449157715
,2929,,,,13.099066734313965
,2930,,,,17.55489730834961
,2931,,,,10.851727485656738
,2932,,,,15.616222381591797
,2933,,,,15.558205604553223
,2934,,,,11.462346076965332
,2935,,,,16.658893585205078
,2936,,,,16.49785804748535
,2937,,,,19.144542694091797
,2938,,,,14.807453155517578
,2939,,,,19.52895736694336
,2940,,,,15.080086708068848
,2941,,,,17.576711654663086
,2942,,,,16.969724655151367
,2943,,,,10.256731986999512
91,11499,,,14.732463836669922,
91,11499,14.523384094238281,,,
92,11549,,12.209921836853027,,
92,11599,,18.02004623413086,,
,2944,,,,15.3678560256958
,2945,,,,14.249496459960938
,2946,,,,12.18412971496582
,2947,,,,12.428333282470703
,2948,,,,12.984224319458008
,2949,,,,16.985857009887695
,2950,,,,14.247429847717285
,2951,,,,12.76958179473877
,2952,,,,13.28402042388916
,2953,,,,12.976262092590332
,2954,,,,17.087474822998047
,2955,,,,16.472190856933594
,2956,,,,15.16488265991211
,2957,,,,13.53676986694336
,2958,,,,10.684683799743652
,2959,,,,13.580241203308105
,2960,,,,13.42418384552002
,2961,,,,13.10625171661377
,2962,,,,17.558767318725586
,2963,,,,10.849749565124512
,2964,,,,15.618861198425293
,2965,,,,15.5534029006958
,2966,,,,11.462189674377441
,2967,,,,16.65995216369629
,2968,,,,16.497438430786133
,2969,,,,19.14446449279785
,2970,,,,14.805858612060547
,2971,,,,19.525365829467773
,2972,,,,15.079951286315918
,2973,,,,17.576309204101562
,2974,,,,16.974315643310547
,2975,,,,10.25683307647705
92,11624,,,14.732951164245605,
92,11624,14.522811889648438,,,
93,11649,,16.5743408203125,,
93,11699,,14.408913612365723,,
93,11749,,13.353842735290527,,
,2976,,,,15.366891860961914
,2977,,,,14.241106033325195
,2978,,,,12.182889938354492
,2979,,,,12.426863670349121
,2980,,,,12.979741096496582
,2981,,,,16.982683181762695
,2982,,,,14.244511604309082
,2983,,,,12.768550872802734
,2984,,,,13.281339645385742
,2985,,,,12.975483894348145
,2986,,,,17.086551666259766
,2987,,,,16.467838287353516
,2988,,,,15.163618087768555
,2989,,,,13.532380104064941
,2990,,,,10.684553146362305
,2991,,,,13.57820987701416
,2992,,,,13.420607566833496
,2993,,,,13.103866577148438
,2994,,,,17.55242156982422
,2995,,,,10.849893569946289
,2996,,,,15.61806869506836
,2997,,,,15.552658081054688
,2998,,,,11.460468292236328
,2999,,,,16.65761947631836
,3000,,,,16.497867584228516
,3001,,,,19.14580726623535
,3002,,,,14.807714462280273
,3003,,,,19.52681541442871
,3004,,,,15.077153205871582
,3005,,,,17.567943572998047
,3006,,,,16.966276168823242
,3007,,,,10.2534761428833
93,11749,,,14.730616569519043,
93,11749,14.521596908569336,,,
94,11799,,17.156597137451172,,
94,11849,,18.60662841796875,,
,3008,,,,15.36662769317627
,3009,,,,14.243474006652832
,3010,,,,12.181249618530273
,3011,,,,12.428492546081543
,3012,,,,12.979772567749023
,3013,,,,16.97506332397461
,3014,,,,14.243497848510742
,3015,,,,12.77001953125
,3016,,,,13.283073425292969
,3017,,,,12.97203540802002
,3018,,,,17.08692741394043
,3019,,,,16.473234176635742
,3020,,,,15.154159545898438
,3021,,,,13.531168937683105
,3022,,,,10.683733940124512
,3023,,,,13.579577445983887
,3024,,,,13.421259880065918
,3025,,,,13.105666160583496
,3026,,,,17.561893463134766
,3027,,,,10.852042198181152
,3028,,,,15.61937427520752
,3029,,,,15.554409980773926
,3030,,,,11.460982322692871
,3031,,,,16.65479850769043
,3032,,,,16.493907928466797
,3033,,,,19.142004013061523
,3034,,,,14.802623748779297
,3035,,,,19.52149200439453
,3036,,,,15.073431968688965
,3037,,,,17.568859100341797
,3038,,,,16.966171264648438
,3039,,,,10.250432014465332
94,11874,,,14.730034828186035,
94,11874,14.521090507507324,,,
95,11899,,15.466264724731445,,
95,11949,,17.669538497924805,,
95,11999,,14.253962516784668,,
,3040,,,,15.365160942077637
,3041,,,,14.241982460021973
,3042,,,,12.185250282287598
,3043,,,,12.42611312866211
,3044,,,,12.97610092163086
,3045,,,,16.967220306396484
,3046,,,,14.23598861694336
,3047,,,,12.77121353149414
,3048,,,,13.280634880065918
,3049,,,,12.97230052947998
,3050,,,,17.085205078125
,3051,,,,16.4717960357666
,3052,,,,15.150069236755371
,3053,,,,13.532294273376465
,3054,,,,10.680914878845215
,3055,,,,13.577672958374023
,3056,,,,13.420881271362305
,3057,,,,13.10410213470459
,3058,,,,17.563814163208008
,3059,,,,10.85163402557373
,3060,,,,15.616049766540527
,3061,,,,15.551562309265137
,3062,,,,11.459165573120117
,3063,,,,16.654253005981445
,3064,,,,16.493616104125977
,3065,,,,19.14449691772461
,3066,,,,14.803242683410645
,3067,,,,19.525043487548828
,3068,,,,15.070595741271973
,3069,,,,17.565475463867188
,3070,,,,16.965436935424805
,3071,,,,10.24905776977539
95,11999,,,14.728690147399902,
95,11999,14.520297050476074,,,
96,12049,,10.793462753295898,,
96,12099,,13.20134449005127,,
,3072,,,,15.363138198852539
,3073,,,,14.239276885986328
,3074,,,,12.180548667907715
,3075,,,,12.423300743103027
,3076,,,,12.981987953186035
,3077,,,,16.97447395324707
,3078,,,,14.241159439086914
,3079,,,,12.766862869262695
,3080,,,,13.279977798461914
,3081,,,,12.974555015563965
,3082,,,,17.088232040405273
,3083,,,,16.467388153076172
,3084,,,,15.156704902648926
,3085,,,,13.52865219116211
,3086,,,,10.681927680969238
,3087,,,,13.576265335083008
,3088,,,,13.42073917388916
,3089,,,,13.103814125061035
,3090,,,,17.552005767822266
,3091,,,,10.849958419799805
,3092,,,,15.615445137023926
,3093,,,,15.549777030944824
,3094,,,,11.458704948425293
,3095,,,,16.65353775024414
,3096,,,,16.489688873291016
,3097,,,,19.144147872924805
,3098,,,,14.808449745178223
,3099,,,,19.52284049987793
,3100,,,,15.07153034210205
,3101,,,,17.567506790161133
,3102,,,,16.96629524230957
,3103,,,,10.252737045288086
96,12124,,,14.728385925292969,
96,12124,14.519598007202148,,,
97,12149,,11.456452369689941,,
97,12199,,17.930997848510742,,
97,12249,,14.708471298217773,,
,3104,,,,15.365453720092773
,3105,,,,14.24158763885498
,3106,,,,12.181553840637207
,3107,,,,12.425851821899414
,3108,,,,12.979073524475098
,3109,,,,16.97304344177246
,3110,,,,14.240265846252441
,3111,,,,12.769021034240723
,3112,,,,13.28042221069336
,3113,,,,12.977505683898926
,3114,,,,17.08586311340332
,3115,,,,16.464677810668945
,3116,,,,15.158378601074219
,3117,,,,13.529955863952637
,3118,,,,10.684882164001465
,3119,,,,13.577462196350098
,3120,,,,13.422263145446777
,3121,,,,13.10851001739502
,3122,,,,17.558063507080078
,3123,,,,10.848088264465332
,3124,,,,15.618680953979492
,3125,,,,15.549519538879395
,3126,,,,11.457681655883789
,3127,,,,16.6566104888916
,3128,,,,16.49078369140625
,3129,,,,19.143754959106445
,3130,,,,14.808202743530273
,3131,,,,19.526086807250977
,3132,,,,15.072306632995605
,3133,,,,17.565570831298828
,3134,,,,16.96906280517578
,3135,,,,10.25106143951416
97,12249,,,14.729374885559082,
97,12249,14.519425392150879,,,
98,12299,,17.111652374267578,,
98,12349,,11.740412712097168,,
,3136,,,,15.362404823303223
,3137,,,,14.241046905517578
,3138,,,,12.182554244995117
,3139,,,,12.424806594848633
,3140,,,,12.976573944091797
,3141,,,,16.971559524536133
,3142,,,,14.238398551940918
,3143,,,,12.767340660095215
,3144,,,,13.281044960021973
,3145,,,,12.975668907165527
,3146,,,,17.08493995666504
,3147,,,,16.470783233642578
,3148,,,,15.155519485473633
,3149,,,,13.531286239624023
,3150,,,,10.685373306274414
,3151,,,,13.57275390625
,3152,,,,13.422435760498047
,3153,,,,13.10970687866211
,3154,,,,17.554670333862305
,3155,,,,10.847745895385742
,3156,,,,15.618142127990723
,3157,,,,15.546342849731445
,3158,,,,11.457329750061035
,3159,,,,16.650863647460938
,3160,,,,16.48996353149414
,3161,,,,19.143157958984375
,3162,,,,14.806123733520508
,3163,,,,19.520702362060547
,3164,,,,15.068387985229492
,3165,,,,17.560344696044922
,3166,,,,16.96414566040039
,3167,,,,10.253676414489746
98,12374,,,14.727855682373047,
98,12374,14.517858505249023,,,
99,12399,,14.86520004272461,,
99,12449,,16.89729881286621,,
99,12499,,15.370494842529297,,
,3168,,,,15.365589141845703
,3169,,,,14.243124961853027
,3170,,,,12.183027267456055
,3171,,,,12.42574405670166
,3172,,,,12.97893238067627
,3173,,,,16.97140121459961
,3174,,,,14.237099647521973
,3175,,,,12.767229080200195
,3176,,,,13.280868530273438
,3177,,,,12.9790620803833
,3178,,,,17.088830947875977
,3179,,,,16.471351623535156
,3180,,,,15.155055046081543
,3181,,,,13.53303050994873
,3182,,,,10.68313217163086
,3183,,,,13.576189041137695
,3184,,,,13.422874450683594
,3185,,,,13.108943939208984
,3186,,,,17.554716110229492
,3187,,,,10.849740028381348
,3188,,,,15.619563102722168
,3189,,,,15.54725170135498
,3190,,,,11.458145141601562
,3191,,,,16.653656005859375
,3192,,,,16.490734100341797
,3193,,,,19.13869857788086
,3194,,,,14.808333396911621
,3195,,,,19.529802322387695
,3196,,,,15.070024490356445
,3197,,,,17.565704345703125
,3198,,,,16.972320556640625
,3199,,,,10.254459381103516
99,12499,,,14.729402542114258,
99,12499,14.518197059631348,,,
