epoch,step,train_loss_epoch,train_loss_step,val_loss_epoch,val_loss_step
0,49,,12267.8349609375,,
0,99,,17001.302734375,,
0,149,,12280.439453125,,
0,199,,13720.373046875,,
,0,,,,9397.2900390625
,1,,,,12783.212890625
,2,,,,16659.966796875
,3,,,,8884.84375
,4,,,,11599.203125
,5,,,,12906.21484375
,6,,,,12765.8125
,7,,,,13486.029296875
,8,,,,13536.1865234375
,9,,,,12122.9462890625
,10,,,,12044.697265625
,11,,,,13341.8056640625
,12,,,,14272.5947265625
,13,,,,11240.48828125
,14,,,,10834.037109375
,15,,,,13159.5322265625
,16,,,,11765.732421875
,17,,,,14190.357421875
,18,,,,13343.6689453125
,19,,,,14168.845703125
,20,,,,13997.2490234375
,21,,,,12824.8671875
,22,,,,12744.345703125
,23,,,,13124.8271484375
,24,,,,10688.162109375
,25,,,,12601.5859375
,26,,,,10120.513671875
,27,,,,13331.900390625
,28,,,,12201.77734375
,29,,,,11709.7412109375
,30,,,,13669.98046875
,31,,,,16772.2421875
,32,,,,11401.298828125
,33,,,,11845.3076171875
,34,,,,12039.2724609375
,35,,,,11317.609375
,36,,,,9012.84765625
,37,,,,12358.21875
,38,,,,14113.298828125
,39,,,,14789.5712890625
,40,,,,11384.9287109375
,41,,,,12789.5146484375
,42,,,,10701.21484375
,43,,,,12579.64453125
,44,,,,12534.8408203125
,45,,,,12780.794921875
,46,,,,12816.4501953125
,47,,,,11316.5087890625
,48,,,,11854.22265625
,49,,,,14445.677734375
,50,,,,16803.138671875
,51,,,,12752.0556640625
,52,,,,13128.408203125
,53,,,,10272.552734375
,54,,,,11716.267578125
,55,,,,13455.6455078125
,56,,,,11503.88671875
,57,,,,11953.919921875
,58,,,,11686.154296875
,59,,,,11674.53125
,60,,,,14297.322265625
,61,,,,16239.0625
0,244,,,12564.2548828125,
0,244,12837.9814453125,,,
1,249,,11890.7734375,,
1,299,,13950.298828125,,
1,349,,9690.6689453125,,
1,399,,11951.775390625,,
1,449,,13080.8994140625,,
,62,,,,9378.2041015625
,63,,,,12744.673828125
,64,,,,16609.755859375
,65,,,,8864.931640625
,66,,,,11565.8046875
,67,,,,12871.0234375
,68,,,,12732.9580078125
,69,,,,13450.6708984375
,70,,,,13503.2900390625
,71,,,,12098.2958984375
,72,,,,12007.171875
,73,,,,13303.9814453125
,74,,,,14230.3125
,75,,,,11211.4619140625
,76,,,,10805.47265625
,77,,,,13127.0478515625
,78,,,,11734.19140625
,79,,,,14150.30078125
,80,,,,13310.90234375
,81,,,,14130.259765625
,82,,,,13953.6474609375
,83,,,,12791.8037109375
,84,,,,12705.072265625
,85,,,,13085.89453125
,86,,,,10664.224609375
,87,,,,12569.162109375
,88,,,,10095.1865234375
,89,,,,13297.8525390625
,90,,,,12165.9365234375
,91,,,,11678.0556640625
,92,,,,13632.830078125
,93,,,,16720.630859375
,94,,,,11371.0615234375
,95,,,,11811.07421875
,96,,,,12007.15625
,97,,,,11286.041015625
,98,,,,8993.34765625
,99,,,,12322.4560546875
,100,,,,14074.541015625
,101,,,,14751.189453125
,102,,,,11357.69140625
,103,,,,12751.224609375
,104,,,,10673.7919921875
,105,,,,12545.830078125
,106,,,,12502.88671875
,107,,,,12742.55859375
,108,,,,12778.5078125
,109,,,,11284.587890625
,110,,,,11824.861328125
,111,,,,14405.26953125
,112,,,,16757.484375
,113,,,,12720.3486328125
,114,,,,13091.078125
,115,,,,10243.251953125
,116,,,,11680.5205078125
,117,,,,13423.744140625
,118,,,,11473.63671875
,119,,,,11925.3818359375
,120,,,,11656.400390625
,121,,,,11639.7197265625
,122,,,,14258.734375
,123,,,,16195.341796875
1,489,,,12530.2802734375,
1,489,12555.2900390625,,,
2,499,,13085.14453125,,
2,549,,11966.94921875,,
2,599,,13165.884765625,,
2,649,,15723.7783203125,,
2,699,,18167.744140625,,
,124,,,,9346.1103515625
,125,,,,12686.3671875
,126,,,,16529.998046875
,127,,,,8833.048828125
,128,,,,11520.703125
,129,,,,12814.3720703125
,130,,,,12678.33203125
,131,,,,13394.9677734375
,132,,,,13443.57421875
,133,,,,12050.947265625
,134,,,,11953.2197265625
,135,,,,13247.904296875
,136,,,,14166.9873046875
,137,,,,11168.2001953125
,138,,,,10755.96484375
,139,,,,13074.8623046875
,140,,,,11685.59765625
,141,,,,14086.4765625
,142,,,,13261.291015625
,143,,,,14067.109375
,144,,,,13884.728515625
,145,,,,12733.068359375
,146,,,,12647.234375
,147,,,,13026.5068359375
,148,,,,10617.3046875
,149,,,,12514.1005859375
,150,,,,10061.400390625
,151,,,,13242.61328125
,152,,,,12109.29296875
,153,,,,11627.73046875
,154,,,,13567.9716796875
,155,,,,16635.220703125
,156,,,,11326.6455078125
,157,,,,11756.3212890625
,158,,,,11952.671875
,159,,,,11238.736328125
,160,,,,8962.15625
,161,,,,12268.8662109375
,162,,,,14014.2294921875
,163,,,,14692.1484375
,164,,,,11314.880859375
,165,,,,12692.91015625
,166,,,,10630.185546875
,167,,,,12491.3994140625
,168,,,,12451.201171875
,169,,,,12682.7578125
,170,,,,12718.197265625
,171,,,,11232.9892578125
,172,,,,11776.359375
,173,,,,14337.908203125
,174,,,,16672.78125
,175,,,,12666.3876953125
,176,,,,13033.6875
,177,,,,10200.814453125
,178,,,,11629.111328125
,179,,,,13368.017578125
,180,,,,11428.515625
,181,,,,11880.6455078125
,182,,,,11608.888671875
,183,,,,11587.884765625
,184,,,,14190.849609375
,185,,,,16116.513671875
2,734,,,12476.0263671875,
2,734,12350.970703125,,,
3,749,,14164.1689453125,,
3,799,,11486.9931640625,,
3,849,,11463.5341796875,,
3,899,,13662.8623046875,,
3,949,,13297.5576171875,,
,186,,,,9334.33984375
,187,,,,12645.63671875
,188,,,,16470.228515625
,189,,,,8818.38671875
,190,,,,11493.677734375
,191,,,,12776.154296875
,192,,,,12646.0068359375
,193,,,,13358.0986328125
,194,,,,13405.5947265625
,195,,,,12025.5791015625
,196,,,,11914.5166015625
,197,,,,13205.97265625
,198,,,,14122.1845703125
,199,,,,11140.0302734375
,200,,,,10726.373046875
,201,,,,13042.0361328125
,202,,,,11656.4814453125
,203,,,,14043.966796875
,204,,,,13227.3623046875
,205,,,,14021.818359375
,206,,,,13830.9853515625
,207,,,,12693.912109375
,208,,,,12603.138671875
,209,,,,12986.4306640625
,210,,,,10588.8359375
,211,,,,12481.150390625
,212,,,,10045.9365234375
,213,,,,13201.796875
,214,,,,12067.201171875
,215,,,,11597.6181640625
,216,,,,13523.025390625
,217,,,,16572.26171875
,218,,,,11298.1220703125
,219,,,,11717.5244140625
,220,,,,11914.3525390625
,221,,,,11209.9697265625
,222,,,,8949.015625
,223,,,,12233.1181640625
,224,,,,13974.7236328125
,225,,,,14652.3017578125
,226,,,,11292.3544921875
,227,,,,12648.0439453125
,228,,,,10600.6748046875
,229,,,,12454.6083984375
,230,,,,12423.1669921875
,231,,,,12635.9140625
,232,,,,12674.8193359375
,233,,,,11195.6572265625
,234,,,,11744.0712890625
,235,,,,14289.576171875
,236,,,,16611.5859375
,237,,,,12629.1630859375
,238,,,,12995.3359375
,239,,,,10170.38671875
,240,,,,11593.8291015625
,241,,,,13334.390625
,242,,,,11401.041015625
,243,,,,11851.0703125
,244,,,,11580.7109375
,245,,,,11555.583984375
,246,,,,14142.15625
,247,,,,16052.5
3,979,,,12439.8388671875,
3,979,12204.8173828125,,,
4,999,,15319.2353515625,,
4,1049,,12395.5771484375,,
4,1099,,10560.16796875,,
4,1149,,11039.7890625,,
4,1199,,13392.3154296875,,
,248,,,,9315.26953125
,249,,,,12597.77734375
,250,,,,16401.140625
,251,,,,8798.029296875
,252,,,,11457.8115234375
,253,,,,12725.939453125
,254,,,,12598.9951171875
,255,,,,13309.61328125
,256,,,,13354.9384765625
,257,,,,11984.9833984375
,258,,,,11861.4638671875
,259,,,,13160.0205078125
,260,,,,14067.8701171875
,261,,,,11113.1435546875
,262,,,,10687.642578125
,263,,,,13001.0068359375
,264,,,,11618.2138671875
,265,,,,13991.279296875
,266,,,,13184.419921875
,267,,,,13967.3525390625
,268,,,,13767.6923828125
,269,,,,12646.0576171875
,270,,,,12550.328125
,271,,,,12938.43359375
,272,,,,10551.1669921875
,273,,,,12445.2421875
,274,,,,10022.1982421875
,275,,,,13153.1591796875
,276,,,,12018.546875
,277,,,,11561.1845703125
,278,,,,13466.6796875
,279,,,,16493.64453125
,280,,,,11263.103515625
,281,,,,11673.57421875
,282,,,,11876.1943359375
,283,,,,11174.1552734375
,284,,,,8929.49609375
,285,,,,12189.7490234375
,286,,,,13926.529296875
,287,,,,14605.990234375
,288,,,,11261.865234375
,289,,,,12595.9443359375
,290,,,,10564.2236328125
,291,,,,12409.466796875
,292,,,,12380.447265625
,293,,,,12581.884765625
,294,,,,12619.6787109375
,295,,,,11147.63671875
,296,,,,11708.904296875
,297,,,,14228.927734375
,298,,,,16535.91015625
,299,,,,12582.1708984375
,300,,,,12947.962890625
,301,,,,10136.3671875
,302,,,,11554.09765625
,303,,,,13288.1796875
,304,,,,11367.748046875
,305,,,,11819.119140625
,306,,,,11545.701171875
,307,,,,11516.1884765625
,308,,,,14080.931640625
,309,,,,15980.482421875
4,1224,,,12395.208984375,
4,1224,12086.9912109375,,,
5,1249,,8729.15625,,
5,1299,,11506.6103515625,,
5,1349,,12196.568359375,,
5,1399,,17012.5703125,,
5,1449,,10943.0458984375,,
,310,,,,9257.34375
,311,,,,12486.4345703125
,312,,,,16254.498046875
,313,,,,8742.046875
,314,,,,11363.388671875
,315,,,,12619.091796875
,316,,,,12507.3154296875
,317,,,,13203.9248046875
,318,,,,13252.7587890625
,319,,,,11902.0947265625
,320,,,,11770.7509765625
,321,,,,13050.326171875
,322,,,,13943.7138671875
,323,,,,11017.7451171875
,324,,,,10594.2421875
,325,,,,12905.1962890625
,326,,,,11521.8134765625
,327,,,,13873.4345703125
,328,,,,13090.853515625
,329,,,,13851.634765625
,330,,,,13646.6728515625
,331,,,,12543.580078125
,332,,,,12434.96875
,333,,,,12827.56640625
,334,,,,10475.962890625
,335,,,,12337.3583984375
,336,,,,9955.2138671875
,337,,,,13047.509765625
,338,,,,11913.28515625
,339,,,,11466.9755859375
,340,,,,13348.513671875
,341,,,,16347.2783203125
,342,,,,11179.169921875
,343,,,,11577.10546875
,344,,,,11766.0927734375
,345,,,,11077.89453125
,346,,,,8872.708984375
,347,,,,12086.5888671875
,348,,,,13812.720703125
,349,,,,14493.83203125
,350,,,,11181.7158203125
,351,,,,12474.548828125
,352,,,,10488.5556640625
,353,,,,12322.4384765625
,354,,,,12284.76171875
,355,,,,12466.0634765625
,356,,,,12510.0498046875
,357,,,,11058.974609375
,358,,,,11617.0
,359,,,,14112.7265625
,360,,,,16395.77734375
,361,,,,12490.0634765625
,362,,,,12843.66796875
,363,,,,10056.908203125
,364,,,,11450.4140625
,365,,,,13192.533203125
,366,,,,11273.81640625
,367,,,,11730.849609375
,368,,,,11448.96484375
,369,,,,11416.416015625
,370,,,,13961.962890625
,371,,,,15846.6826171875
5,1469,,,12294.6708984375,
5,1469,11998.404296875,,,
6,1499,,13029.375,,
6,1549,,14281.115234375,,
6,1599,,10962.724609375,,
6,1649,,10870.2431640625,,
6,1699,,11158.412109375,,
,372,,,,9241.62890625
,373,,,,12416.2568359375
,374,,,,16137.064453125
,375,,,,8707.916015625
,376,,,,11311.76171875
,377,,,,12541.15234375
,378,,,,12438.1337890625
,379,,,,13129.3857421875
,380,,,,13186.1123046875
,381,,,,11841.4365234375
,382,,,,11686.857421875
,383,,,,12978.7265625
,384,,,,13853.6845703125
,385,,,,10979.9072265625
,386,,,,10529.5751953125
,387,,,,12832.6025390625
,388,,,,11466.94921875
,389,,,,13786.1728515625
,390,,,,13030.0205078125
,391,,,,13757.169921875
,392,,,,13537.9853515625
,393,,,,12475.50390625
,394,,,,12354.486328125
,395,,,,12747.666015625
,396,,,,10420.064453125
,397,,,,12286.810546875
,398,,,,9925.3896484375
,399,,,,12967.826171875
,400,,,,11836.111328125
,401,,,,11408.9287109375
,402,,,,13264.92578125
,403,,,,16225.658203125
,404,,,,11125.9658203125
,405,,,,11502.517578125
,406,,,,11701.3916015625
,407,,,,11018.88671875
,408,,,,8851.90625
,409,,,,12021.275390625
,410,,,,13738.6904296875
,411,,,,14414.314453125
,412,,,,11136.0390625
,413,,,,12393.884765625
,414,,,,10428.5146484375
,415,,,,12243.4306640625
,416,,,,12223.36328125
,417,,,,12374.767578125
,418,,,,12428.1689453125
,419,,,,10986.671875
,420,,,,11563.0576171875
,421,,,,14015.24609375
,422,,,,16268.216796875
,423,,,,12424.6494140625
,424,,,,12768.10546875
,425,,,,10002.80078125
,426,,,,11382.876953125
,427,,,,13131.2568359375
,428,,,,11232.833984375
,429,,,,11682.806640625
,430,,,,11398.279296875
,431,,,,11354.669921875
,432,,,,13864.048828125
,433,,,,15716.9375
6,1714,,,12225.3486328125,
6,1714,11924.6259765625,,,
7,1749,,10585.75390625,,
7,1799,,12829.7294921875,,
7,1849,,11810.7802734375,,
7,1899,,12837.2724609375,,
7,1949,,13503.32421875,,
,434,,,,9168.0146484375
,435,,,,12282.28515625
,436,,,,15969.0986328125
,437,,,,8637.8779296875
,438,,,,11203.466796875
,439,,,,12417.232421875
,440,,,,12319.5810546875
,441,,,,12997.8056640625
,442,,,,13063.0751953125
,443,,,,11738.6044921875
,444,,,,11569.392578125
,445,,,,12849.7607421875
,446,,,,13705.4794921875
,447,,,,10876.625
,448,,,,10420.005859375
,449,,,,12721.7216796875
,450,,,,11356.8544921875
,451,,,,13645.326171875
,452,,,,12917.08203125
,453,,,,13619.140625
,454,,,,13391.78515625
,455,,,,12355.1953125
,456,,,,12215.931640625
,457,,,,12620.2177734375
,458,,,,10324.7578125
,459,,,,12160.8369140625
,460,,,,9837.9580078125
,461,,,,12844.5458984375
,462,,,,11709.9208984375
,463,,,,11298.71484375
,464,,,,13116.3994140625
,465,,,,16042.5
,466,,,,11035.177734375
,467,,,,11388.3017578125
,468,,,,11577.0673828125
,469,,,,10908.57421875
,470,,,,8779.01953125
,471,,,,11906.470703125
,472,,,,13602.595703125
,473,,,,14281.123046875
,474,,,,11036.8046875
,475,,,,12255.169921875
,476,,,,10329.15625
,477,,,,12133.7275390625
,478,,,,12106.568359375
,479,,,,12237.2861328125
,480,,,,12297.4423828125
,481,,,,10869.884765625
,482,,,,11454.37890625
,483,,,,13872.5048828125
,484,,,,16093.669921875
,485,,,,12311.1787109375
,486,,,,12642.1640625
,487,,,,9907.9443359375
,488,,,,11263.6826171875
,489,,,,13012.607421875
,490,,,,11122.701171875
,491,,,,11585.958984375
,492,,,,11290.1171875
,493,,,,11241.3134765625
,494,,,,13714.23046875
,495,,,,15551.58203125
7,1959,,,12105.0498046875,
7,1959,11849.994140625,,,
8,1999,,10624.62890625,,
8,2049,,11585.7490234375,,
8,2099,,9636.025390625,,
8,2149,,12384.8525390625,,
8,2199,,11024.75390625,,
,496,,,,9131.48828125
,497,,,,12211.623046875
,498,,,,15851.4453125
,499,,,,8601.8125
,500,,,,11159.787109375
,501,,,,12319.8779296875
,502,,,,12259.5576171875
,503,,,,12921.7529296875
,504,,,,12972.759765625
,505,,,,11660.9951171875
,506,,,,11484.9306640625
,507,,,,12768.005859375
,508,,,,13629.3154296875
,509,,,,10825.451171875
,510,,,,10349.5263671875
,511,,,,12644.0400390625
,512,,,,11292.72265625
,513,,,,13546.837890625
,514,,,,12843.9833984375
,515,,,,13516.451171875
,516,,,,13276.501953125
,517,,,,12279.056640625
,518,,,,12137.7216796875
,519,,,,12536.3134765625
,520,,,,10246.99609375
,521,,,,12099.7041015625
,522,,,,9824.548828125
,523,,,,12741.6201171875
,524,,,,11624.072265625
,525,,,,11249.6748046875
,526,,,,13009.396484375
,527,,,,15905.11328125
,528,,,,10983.6669921875
,529,,,,11302.720703125
,530,,,,11499.513671875
,531,,,,10835.107421875
,532,,,,8748.740234375
,533,,,,11827.6767578125
,534,,,,13521.78515625
,535,,,,14184.3154296875
,536,,,,10976.291015625
,537,,,,12162.97265625
,538,,,,10268.81640625
,539,,,,12057.8798828125
,540,,,,12025.798828125
,541,,,,12134.509765625
,542,,,,12215.9091796875
,543,,,,10790.8642578125
,544,,,,11381.904296875
,545,,,,13763.826171875
,546,,,,15963.6865234375
,547,,,,12209.8408203125
,548,,,,12560.154296875
,549,,,,9841.740234375
,550,,,,11201.291015625
,551,,,,12945.173828125
,552,,,,11078.431640625
,553,,,,11527.181640625
,554,,,,11243.1279296875
,555,,,,11207.0283203125
,556,,,,13594.404296875
,557,,,,15370.9375
8,2204,,,12028.009765625,
8,2204,11788.447265625,,,
9,2249,,15654.6279296875,,
9,2299,,10363.240234375,,
9,2349,,11258.9033203125,,
9,2399,,7283.0927734375,,
9,2449,,9331.443359375,,
,558,,,,9066.591796875
,559,,,,12030.30859375
,560,,,,15594.3486328125
,561,,,,8518.5048828125
,562,,,,10986.8271484375
,563,,,,12140.521484375
,564,,,,12074.73828125
,565,,,,12733.087890625
,566,,,,12804.193359375
,567,,,,11531.466796875
,568,,,,11302.529296875
,569,,,,12570.7265625
,570,,,,13395.439453125
,571,,,,10695.92578125
,572,,,,10204.0791015625
,573,,,,12480.1494140625
,574,,,,11141.443359375
,575,,,,13343.302734375
,576,,,,12688.2978515625
,577,,,,13304.4716796875
,578,,,,13048.8369140625
,579,,,,12116.974609375
,580,,,,11915.4384765625
,581,,,,12343.7685546875
,582,,,,10130.939453125
,583,,,,11932.322265625
,584,,,,9711.8232421875
,585,,,,12568.2890625
,586,,,,11440.171875
,587,,,,11089.69140625
,588,,,,12807.0283203125
,589,,,,15619.708984375
,590,,,,10849.896484375
,591,,,,11136.4013671875
,592,,,,11332.560546875
,593,,,,10678.5947265625
,594,,,,8667.77734375
,595,,,,11654.3759765625
,596,,,,13328.580078125
,597,,,,14006.0234375
,598,,,,10857.794921875
,599,,,,11950.361328125
,600,,,,10145.255859375
,601,,,,11901.0341796875
,602,,,,11865.451171875
,603,,,,11916.638671875
,604,,,,12013.6220703125
,605,,,,10626.6904296875
,606,,,,11233.322265625
,607,,,,13557.435546875
,608,,,,15702.421875
,609,,,,12066.5556640625
,610,,,,12377.29296875
,611,,,,9713.587890625
,612,,,,11016.548828125
,613,,,,12786.662109375
,614,,,,10925.447265625
,615,,,,11386.126953125
,616,,,,11087.1337890625
,617,,,,11018.3603515625
,618,,,,13387.384765625
,619,,,,15148.955078125
9,2449,,,11856.4189453125,
9,2449,11737.494140625,,,
10,2499,,12030.1962890625,,
10,2549,,11769.4453125,,
10,2599,,12237.6015625,,
10,2649,,11641.6396484375,,
,620,,,,8970.69921875
,621,,,,11845.2958984375
,622,,,,15376.435546875
,623,,,,8409.4365234375
,624,,,,10855.9189453125
,625,,,,11936.470703125
,626,,,,11917.669921875
,627,,,,12549.2978515625
,628,,,,12642.4921875
,629,,,,11377.6318359375
,630,,,,11129.744140625
,631,,,,12399.2685546875
,632,,,,13191.2080078125
,633,,,,10545.6435546875
,634,,,,10043.0986328125
,635,,,,12305.6005859375
,636,,,,10987.6923828125
,637,,,,13141.6923828125
,638,,,,12524.57421875
,639,,,,13107.029296875
,640,,,,12823.7783203125
,641,,,,11935.578125
,642,,,,11731.923828125
,643,,,,12164.951171875
,644,,,,9996.9091796875
,645,,,,11767.427734375
,646,,,,9615.60546875
,647,,,,12381.984375
,648,,,,11256.3095703125
,649,,,,10934.4189453125
,650,,,,12591.31640625
,651,,,,15368.833984375
,652,,,,10723.337890625
,653,,,,10969.03125
,654,,,,11176.3076171875
,655,,,,10526.7783203125
,656,,,,8550.4326171875
,657,,,,11494.2197265625
,658,,,,13161.09765625
,659,,,,13808.1220703125
,660,,,,10725.5947265625
,661,,,,11747.5751953125
,662,,,,9995.701171875
,663,,,,11735.31640625
,664,,,,11693.220703125
,665,,,,11705.81640625
,666,,,,11829.8203125
,667,,,,10460.5546875
,668,,,,11092.5263671875
,669,,,,13347.4912109375
,670,,,,15463.66015625
,671,,,,11898.119140625
,672,,,,12210.884765625
,673,,,,9565.98828125
,674,,,,10853.93359375
,675,,,,12621.5009765625
,676,,,,10752.9501953125
,677,,,,11249.1240234375
,678,,,,10936.5810546875
,679,,,,10883.5498046875
,680,,,,13169.2294921875
,681,,,,14888.201171875
10,2694,,,11686.4716796875,
10,2694,11681.98828125,,,
11,2699,,11868.767578125,,
11,2749,,14078.4990234375,,
11,2799,,14690.4443359375,,
11,2849,,12248.0029296875,,
11,2899,,8796.724609375,,
,682,,,,8960.865234375
,683,,,,11811.58203125
,684,,,,15300.40625
,685,,,,8382.8984375
,686,,,,10826.77734375
,687,,,,11879.6796875
,688,,,,11843.7802734375
,689,,,,12473.5146484375
,690,,,,12592.76171875
,691,,,,11317.47265625
,692,,,,11041.5830078125
,693,,,,12379.39453125
,694,,,,13161.5107421875
,695,,,,10566.248046875
,696,,,,10026.12890625
,697,,,,12265.021484375
,698,,,,10978.275390625
,699,,,,13073.615234375
,700,,,,12479.41015625
,701,,,,13033.9873046875
,702,,,,12750.9609375
,703,,,,11878.60546875
,704,,,,11673.3818359375
,705,,,,12097.6357421875
,706,,,,9917.1875
,707,,,,11753.4931640625
,708,,,,9593.1494140625
,709,,,,12312.2294921875
,710,,,,11206.6005859375
,711,,,,10906.927734375
,712,,,,12523.935546875
,713,,,,15248.6171875
,714,,,,10697.232421875
,715,,,,10912.1181640625
,716,,,,11173.1103515625
,717,,,,10461.634765625
,718,,,,8542.224609375
,719,,,,11457.814453125
,720,,,,13093.115234375
,721,,,,13740.2080078125
,722,,,,10685.7861328125
,723,,,,11734.1875
,724,,,,9931.630859375
,725,,,,11659.0947265625
,726,,,,11621.9091796875
,727,,,,11662.26171875
,728,,,,11746.5830078125
,729,,,,10382.572265625
,730,,,,11031.828125
,731,,,,13268.1220703125
,732,,,,15336.87890625
,733,,,,11816.8310546875
,734,,,,12123.78125
,735,,,,9511.2353515625
,736,,,,10828.5439453125
,737,,,,12587.8427734375
,738,,,,10767.62109375
,739,,,,11217.677734375
,740,,,,10923.4482421875
,741,,,,10839.2236328125
,742,,,,13077.25
,743,,,,14713.01953125
11,2939,,,11635.453125,
11,2939,11637.9755859375,,,
12,2949,,12688.0205078125,,
12,2999,,11095.1220703125,,
12,3049,,11575.3583984375,,
12,3099,,12099.8232421875,,
12,3149,,13818.013671875,,
,744,,,,8888.982421875
,745,,,,11580.1689453125
,746,,,,14929.251953125
,747,,,,8293.1533203125
,748,,,,10611.494140625
,749,,,,11649.791015625
,750,,,,11640.1865234375
,751,,,,12262.98828125
,752,,,,12387.6982421875
,753,,,,11153.71484375
,754,,,,10841.2978515625
,755,,,,12116.0185546875
,756,,,,12856.0791015625
,757,,,,10387.8212890625
,758,,,,9854.6982421875
,759,,,,12043.458984375
,760,,,,10766.369140625
,761,,,,12817.822265625
,762,,,,12285.47265625
,763,,,,12767.568359375
,764,,,,12446.033203125
,765,,,,11683.2939453125
,766,,,,11394.3974609375
,767,,,,11848.958984375
,768,,,,9797.8271484375
,769,,,,11554.7509765625
,770,,,,9465.73046875
,771,,,,12075.0751953125
,772,,,,10972.4921875
,773,,,,10694.1796875
,774,,,,12264.4873046875
,775,,,,14938.859375
,776,,,,10509.662109375
,777,,,,10709.658203125
,778,,,,10925.4248046875
,779,,,,10288.533203125
,780,,,,8454.166015625
,781,,,,11230.0810546875
,782,,,,12826.205078125
,783,,,,13511.0087890625
,784,,,,10550.95703125
,785,,,,11431.6728515625
,786,,,,9763.39453125
,787,,,,11484.4404296875
,788,,,,11441.3115234375
,789,,,,11358.6162109375
,790,,,,11510.8818359375
,791,,,,10187.2744140625
,792,,,,10851.3349609375
,793,,,,12984.787109375
,794,,,,15023.98046875
,795,,,,11676.7080078125
,796,,,,11943.685546875
,797,,,,9365.1064453125
,798,,,,10589.0849609375
,799,,,,12394.8994140625
,800,,,,10559.4326171875
,801,,,,11053.37890625
,802,,,,10720.720703125
,803,,,,10590.5888671875
,804,,,,12815.8984375
,805,,,,14446.291015625
12,3184,,,11421.0615234375,
12,3184,11591.9912109375,,,
13,3199,,13586.4384765625,,
13,3249,,12013.5009765625,,
13,3299,,11098.4638671875,,
13,3349,,10534.916015625,,
13,3399,,11758.3203125,,
,806,,,,8689.064453125
,807,,,,11380.205078125
,808,,,,14701.5986328125
,809,,,,8120.82275390625
,810,,,,10402.0224609375
,811,,,,11423.5185546875
,812,,,,11476.12109375
,813,,,,12049.4248046875
,814,,,,12172.904296875
,815,,,,10921.197265625
,816,,,,10669.671875
,817,,,,11895.5693359375
,818,,,,12655.9345703125
,819,,,,10170.7021484375
,820,,,,9625.7705078125
,821,,,,11841.767578125
,822,,,,10567.0654296875
,823,,,,12579.8837890625
,824,,,,12068.384765625
,825,,,,12518.45703125
,826,,,,12227.923828125
,827,,,,11483.509765625
,828,,,,11204.25
,829,,,,11662.35546875
,830,,,,9623.6875
,831,,,,11335.783203125
,832,,,,9279.8935546875
,833,,,,11857.23046875
,834,,,,10772.5390625
,835,,,,10507.4189453125
,836,,,,12035.7861328125
,837,,,,14703.9326171875
,838,,,,10346.951171875
,839,,,,10511.3818359375
,840,,,,10719.0732421875
,841,,,,10095.54296875
,842,,,,8260.41015625
,843,,,,11049.8095703125
,844,,,,12624.42578125
,845,,,,13266.8994140625
,846,,,,10331.99609375
,847,,,,11203.5869140625
,848,,,,9598.7841796875
,849,,,,11289.08984375
,850,,,,11205.0478515625
,851,,,,11167.609375
,852,,,,11331.92578125
,853,,,,10021.4501953125
,854,,,,10646.2060546875
,855,,,,12721.890625
,856,,,,14816.15234375
,857,,,,11450.91796875
,858,,,,11732.4599609375
,859,,,,9184.4306640625
,860,,,,10408.2294921875
,861,,,,12168.9072265625
,862,,,,10334.7890625
,863,,,,10863.6728515625
,864,,,,10538.9931640625
,865,,,,10465.9482421875
,866,,,,12564.5234375
,867,,,,14156.556640625
13,3429,,,11216.2080078125,
13,3429,11539.5888671875,,,
14,3449,,10318.9599609375,,
14,3499,,13267.328125,,
14,3549,,10695.62109375,,
14,3599,,12801.3564453125,,
14,3649,,12624.9345703125,,
,868,,,,8661.5341796875
,869,,,,11316.7861328125
,870,,,,14589.619140625
,871,,,,8093.3193359375
,872,,,,10359.9208984375
,873,,,,11328.6669921875
,874,,,,11391.8046875
,875,,,,11983.033203125
,876,,,,12117.470703125
,877,,,,10863.8125
,878,,,,10557.51953125
,879,,,,11826.11328125
,880,,,,12535.935546875
,881,,,,10137.4560546875
,882,,,,9585.6748046875
,883,,,,11760.1884765625
,884,,,,10525.5107421875
,885,,,,12485.244140625
,886,,,,12005.1298828125
,887,,,,12422.5244140625
,888,,,,12118.56640625
,889,,,,11412.1171875
,890,,,,11119.1611328125
,891,,,,11600.26171875
,892,,,,9565.255859375
,893,,,,11269.498046875
,894,,,,9269.2685546875
,895,,,,11761.3212890625
,896,,,,10694.81640625
,897,,,,10448.7421875
,898,,,,11927.1376953125
,899,,,,14565.517578125
,900,,,,10293.935546875
,901,,,,10446.818359375
,902,,,,10673.01171875
,903,,,,10008.302734375
,904,,,,8226.939453125
,905,,,,10993.1826171875
,906,,,,12547.421875
,907,,,,13191.7373046875
,908,,,,10288.9990234375
,909,,,,11142.4052734375
,910,,,,9538.015625
,911,,,,11210.9326171875
,912,,,,11123.4375
,913,,,,11080.35546875
,914,,,,11250.544921875
,915,,,,9923.966796875
,916,,,,10575.8203125
,917,,,,12618.0927734375
,918,,,,14709.5400390625
,919,,,,11371.8203125
,920,,,,11649.66796875
,921,,,,9120.9365234375
,922,,,,10344.8583984375
,923,,,,12112.3427734375
,924,,,,10288.14453125
,925,,,,10817.4921875
,926,,,,10497.9560546875
,927,,,,10412.044921875
,928,,,,12475.3984375
,929,,,,14010.06640625
14,3674,,,11145.2392578125,
14,3674,11507.9326171875,,,
15,3699,,12414.1015625,,
15,3749,,12428.7080078125,,
15,3799,,12281.7705078125,,
15,3849,,11089.0126953125,,
15,3899,,14853.07421875,,
,930,,,,8705.9765625
,931,,,,11386.4736328125
,932,,,,14634.6630859375
,933,,,,8140.69482421875
,934,,,,10447.6728515625
,935,,,,11380.978515625
,936,,,,11429.0107421875
,937,,,,12017.884765625
,938,,,,12172.1884765625
,939,,,,10857.59375
,940,,,,10569.546875
,941,,,,11861.658203125
,942,,,,12596.7861328125
,943,,,,10230.6689453125
,944,,,,9590.1923828125
,945,,,,11800.4130859375
,946,,,,10604.6630859375
,947,,,,12517.751953125
,948,,,,12051.662109375
,949,,,,12459.642578125
,950,,,,12138.0341796875
,951,,,,11462.375
,952,,,,11168.345703125
,953,,,,11630.25390625
,954,,,,9586.1435546875
,955,,,,11382.7265625
,956,,,,9321.0908203125
,957,,,,11801.91796875
,958,,,,10762.2431640625
,959,,,,10499.3134765625
,960,,,,11998.595703125
,961,,,,14576.3583984375
,962,,,,10326.61328125
,963,,,,10492.4150390625
,964,,,,10732.966796875
,965,,,,10057.7275390625
,966,,,,8328.84765625
,967,,,,11042.0078125
,968,,,,12623.767578125
,969,,,,13246.2138671875
,970,,,,10337.9365234375
,971,,,,11151.7744140625
,972,,,,9550.837890625
,973,,,,11221.3076171875
,974,,,,11169.4453125
,975,,,,11098.80859375
,976,,,,11268.3857421875
,977,,,,9946.658203125
,978,,,,10626.912109375
,979,,,,12640.8330078125
,980,,,,14684.150390625
,981,,,,11381.62109375
,982,,,,11663.0947265625
,983,,,,9156.4443359375
,984,,,,10422.6904296875
,985,,,,12151.224609375
,986,,,,10403.880859375
,987,,,,10856.6689453125
,988,,,,10591.0615234375
,989,,,,10456.19140625
,990,,,,12478.0458984375
,991,,,,13946.6083984375
15,3919,,,11188.4501953125,
15,3919,11475.12890625,,,
16,3949,,10259.662109375,,
16,3999,,13498.6728515625,,
16,4049,,11094.4013671875,,
16,4099,,10867.78515625,,
16,4149,,12557.923828125,,
,992,,,,8581.810546875
,993,,,,11287.6982421875
,994,,,,14559.8505859375
,995,,,,8055.146484375
,996,,,,10360.009765625
,997,,,,11282.0400390625
,998,,,,11329.75390625
,999,,,,11913.9228515625
,1000,,,,12086.892578125
,1001,,,,10778.2265625
,1002,,,,10505.3359375
,1003,,,,11797.458984375
,1004,,,,12531.2509765625
,1005,,,,10083.8662109375
,1006,,,,9482.9482421875
,1007,,,,11689.3359375
,1008,,,,10511.6171875
,1009,,,,12429.150390625
,1010,,,,11926.380859375
,1011,,,,12358.5546875
,1012,,,,12083.8818359375
,1013,,,,11350.91015625
,1014,,,,11089.966796875
,1015,,,,11535.23046875
,1016,,,,9485.4638671875
,1017,,,,11277.462890625
,1018,,,,9257.3076171875
,1019,,,,11697.517578125
,1020,,,,10663.5517578125
,1021,,,,10433.9814453125
,1022,,,,11915.6728515625
,1023,,,,14438.9130859375
,1024,,,,10282.2646484375
,1025,,,,10421.267578125
,1026,,,,10664.353515625
,1027,,,,9954.19140625
,1028,,,,8211.666015625
,1029,,,,10925.8251953125
,1030,,,,12539.796875
,1031,,,,13128.5458984375
,1032,,,,10229.2548828125
,1033,,,,11078.1435546875
,1034,,,,9474.6376953125
,1035,,,,11160.8681640625
,1036,,,,11041.2412109375
,1037,,,,11030.3173828125
,1038,,,,11163.2373046875
,1039,,,,9878.48828125
,1040,,,,10509.3076171875
,1041,,,,12575.4111328125
,1042,,,,14581.98046875
,1043,,,,11295.15234375
,1044,,,,11562.0458984375
,1045,,,,9074.8427734375
,1046,,,,10376.12109375
,1047,,,,12070.552734375
,1048,,,,10262.2568359375
,1049,,,,10753.2412109375
,1050,,,,10479.3564453125
,1051,,,,10399.84765625
,1052,,,,12364.0947265625
,1053,,,,13800.79296875
16,4164,,,11096.0849609375,
16,4164,11425.7958984375,,,
17,4199,,9888.4697265625,,
17,4249,,10917.6044921875,,
17,4299,,10475.26953125,,
17,4349,,10738.134765625,,
17,4399,,10011.3193359375,,
,1054,,,,8512.2314453125
,1055,,,,11117.087890625
,1056,,,,14351.44921875
,1057,,,,7946.1533203125
,1058,,,,10203.7255859375
,1059,,,,11087.2021484375
,1060,,,,11220.619140625
,1061,,,,11777.1787109375
,1062,,,,11949.013671875
,1063,,,,10627.978515625
,1064,,,,10360.6884765625
,1065,,,,11595.4208984375
,1066,,,,12323.9443359375
,1067,,,,9978.6728515625
,1068,,,,9370.4462890625
,1069,,,,11540.2099609375
,1070,,,,10350.931640625
,1071,,,,12246.8466796875
,1072,,,,11787.634765625
,1073,,,,12175.0380859375
,1074,,,,11867.5400390625
,1075,,,,11247.1279296875
,1076,,,,10938.4755859375
,1077,,,,11376.8837890625
,1078,,,,9407.224609375
,1079,,,,11124.9521484375
,1080,,,,9130.2880859375
,1081,,,,11541.365234375
,1082,,,,10493.7080078125
,1083,,,,10262.2216796875
,1084,,,,11697.388671875
,1085,,,,14268.4892578125
,1086,,,,10152.2529296875
,1087,,,,10253.7158203125
,1088,,,,10486.7314453125
,1089,,,,9839.86328125
,1090,,,,8073.2802734375
,1091,,,,10800.912109375
,1092,,,,12348.119140625
,1093,,,,12937.0888671875
,1094,,,,10105.7216796875
,1095,,,,10918.0537109375
,1096,,,,9339.4326171875
,1097,,,,11009.5205078125
,1098,,,,10909.498046875
,1099,,,,10847.2333984375
,1100,,,,11043.7548828125
,1101,,,,9723.505859375
,1102,,,,10370.8740234375
,1103,,,,12346.8369140625
,1104,,,,14431.427734375
,1105,,,,11176.4873046875
,1106,,,,11422.9677734375
,1107,,,,8949.7451171875
,1108,,,,10167.880859375
,1109,,,,11884.279296875
,1110,,,,10107.57421875
,1111,,,,10649.5966796875
,1112,,,,10332.0869140625
,1113,,,,10261.5537109375
,1114,,,,12197.572265625
,1115,,,,13651.908203125
17,4409,,,10943.5751953125,
17,4409,11404.0263671875,,,
18,4449,,12147.3701171875,,
18,4499,,10550.30078125,,
18,4549,,10507.49609375,,
18,4599,,10842.0439453125,,
18,4649,,9166.40625,,
,1116,,,,8486.4521484375
,1117,,,,11070.7919921875
,1118,,,,14225.0986328125
,1119,,,,7904.27685546875
,1120,,,,10115.1630859375
,1121,,,,11063.849609375
,1122,,,,11118.3017578125
,1123,,,,11694.302734375
,1124,,,,11885.755859375
,1125,,,,10589.8388671875
,1126,,,,10303.416015625
,1127,,,,11499.978515625
,1128,,,,12226.0498046875
,1129,,,,9918.275390625
,1130,,,,9309.6044921875
,1131,,,,11491.111328125
,1132,,,,10294.9287109375
,1133,,,,12176.5009765625
,1134,,,,11762.2978515625
,1135,,,,12083.4384765625
,1136,,,,11796.27734375
,1137,,,,11168.51953125
,1138,,,,10846.4736328125
,1139,,,,11281.1650390625
,1140,,,,9360.8876953125
,1141,,,,11057.2587890625
,1142,,,,9059.5283203125
,1143,,,,11495.9287109375
,1144,,,,10452.462890625
,1145,,,,10202.8681640625
,1146,,,,11666.5888671875
,1147,,,,14210.9052734375
,1148,,,,10101.51953125
,1149,,,,10186.91015625
,1150,,,,10403.705078125
,1151,,,,9803.6162109375
,1152,,,,8057.97509765625
,1153,,,,10742.2646484375
,1154,,,,12280.6953125
,1155,,,,12874.6982421875
,1156,,,,10069.6904296875
,1157,,,,10817.7041015625
,1158,,,,9282.8818359375
,1159,,,,10951.8037109375
,1160,,,,10851.8408203125
,1161,,,,10746.9873046875
,1162,,,,10951.828125
,1163,,,,9690.7802734375
,1164,,,,10322.85546875
,1165,,,,12275.8671875
,1166,,,,14329.900390625
,1167,,,,11151.7158203125
,1168,,,,11346.1494140625
,1169,,,,8918.2939453125
,1170,,,,10123.017578125
,1171,,,,11845.412109375
,1172,,,,10052.724609375
,1173,,,,10595.5869140625
,1174,,,,10261.8994140625
,1175,,,,10135.0771484375
,1176,,,,12137.5068359375
,1177,,,,13595.7978515625
18,4654,,,10880.705078125,
18,4654,11363.8828125,,,
19,4699,,12225.140625,,
19,4749,,11759.2119140625,,
19,4799,,10057.779296875,,
19,4849,,10669.9052734375,,
19,4899,,11429.0615234375,,
,1178,,,,8494.4541015625
,1179,,,,11120.115234375
,1180,,,,14303.1552734375
,1181,,,,7902.75
,1182,,,,10171.255859375
,1183,,,,11067.771484375
,1184,,,,11146.7958984375
,1185,,,,11737.9541015625
,1186,,,,11902.2001953125
,1187,,,,10585.953125
,1188,,,,10295.6123046875
,1189,,,,11584.630859375
,1190,,,,12296.8203125
,1191,,,,10039.9462890625
,1192,,,,9321.208984375
,1193,,,,11492.2109375
,1194,,,,10329.39453125
,1195,,,,12196.2509765625
,1196,,,,11771.384765625
,1197,,,,12118.0166015625
,1198,,,,11815.93359375
,1199,,,,11202.546875
,1200,,,,10906.69140625
,1201,,,,11352.291015625
,1202,,,,9370.5654296875
,1203,,,,11123.7431640625
,1204,,,,9130.9501953125
,1205,,,,11508.361328125
,1206,,,,10498.9169921875
,1207,,,,10241.9912109375
,1208,,,,11674.140625
,1209,,,,14206.4228515625
,1210,,,,10121.216796875
,1211,,,,10229.6884765625
,1212,,,,10510.8349609375
,1213,,,,9823.0986328125
,1214,,,,8083.68994140625
,1215,,,,10781.0654296875
,1216,,,,12329.1865234375
,1217,,,,12904.3349609375
,1218,,,,10097.8984375
,1219,,,,10865.2822265625
,1220,,,,9296.6787109375
,1221,,,,10948.953125
,1222,,,,10887.6376953125
,1223,,,,10748.7529296875
,1224,,,,11014.369140625
,1225,,,,9675.333984375
,1226,,,,10332.58984375
,1227,,,,12320.828125
,1228,,,,14332.767578125
,1229,,,,11131.0546875
,1230,,,,11375.13671875
,1231,,,,8933.21875
,1232,,,,10153.462890625
,1233,,,,11888.27734375
,1234,,,,10100.0478515625
,1235,,,,10630.109375
,1236,,,,10340.9970703125
,1237,,,,10217.5537109375
,1238,,,,12149.6083984375
,1239,,,,13553.1181640625
19,4899,,,10913.3037109375,
19,4899,11333.9091796875,,,
20,4949,,12159.1904296875,,
20,4999,,11026.11328125,,
20,5049,,10127.607421875,,
20,5099,,9495.1416015625,,
,1240,,,,8341.1318359375
,1241,,,,10898.3623046875
,1242,,,,14040.919921875
,1243,,,,7796.38818359375
,1244,,,,9961.6162109375
,1245,,,,10899.986328125
,1246,,,,10970.701171875
,1247,,,,11522.8740234375
,1248,,,,11730.9140625
,1249,,,,10423.1962890625
,1250,,,,10121.4677734375
,1251,,,,11358.8662109375
,1252,,,,12046.0078125
,1253,,,,9824.5615234375
,1254,,,,9143.88671875
,1255,,,,11315.3818359375
,1256,,,,10136.5390625
,1257,,,,12002.884765625
,1258,,,,11601.724609375
,1259,,,,11906.41796875
,1260,,,,11618.6953125
,1261,,,,11042.4453125
,1262,,,,10650.8603515625
,1263,,,,11147.6865234375
,1264,,,,9255.1103515625
,1265,,,,10911.7431640625
,1266,,,,8934.2236328125
,1267,,,,11361.8125
,1268,,,,10336.3974609375
,1269,,,,10020.884765625
,1270,,,,11490.4541015625
,1271,,,,14000.806640625
,1272,,,,9997.548828125
,1273,,,,10047.076171875
,1274,,,,10280.501953125
,1275,,,,9667.4140625
,1276,,,,7922.54345703125
,1277,,,,10596.2080078125
,1278,,,,12107.033203125
,1279,,,,12717.1240234375
,1280,,,,9949.939453125
,1281,,,,10693.78515625
,1282,,,,9150.3681640625
,1283,,,,10805.6181640625
,1284,,,,10687.9375
,1285,,,,10603.1015625
,1286,,,,10789.1728515625
,1287,,,,9550.3994140625
,1288,,,,10171.677734375
,1289,,,,12108.37109375
,1290,,,,14126.76171875
,1291,,,,11000.494140625
,1292,,,,11179.0224609375
,1293,,,,8765.66015625
,1294,,,,9944.671875
,1295,,,,11688.455078125
,1296,,,,9892.298828125
,1297,,,,10461.931640625
,1298,,,,10125.9228515625
,1299,,,,9989.9189453125
,1300,,,,11965.1748046875
,1301,,,,13433.169921875
20,5144,,,10727.75390625,
20,5144,11287.3740234375,,,
21,5149,,10956.4638671875,,
21,5199,,9227.0029296875,,
21,5249,,11720.126953125,,
21,5299,,12626.0361328125,,
21,5349,,11321.845703125,,
,1302,,,,8435.3056640625
,1303,,,,11018.73828125
,1304,,,,14151.12890625
,1305,,,,7871.94482421875
,1306,,,,10066.2880859375
,1307,,,,10976.83203125
,1308,,,,11058.1416015625
,1309,,,,11601.255859375
,1310,,,,11837.4306640625
,1311,,,,10498.9453125
,1312,,,,10245.3896484375
,1313,,,,11445.412109375
,1314,,,,12192.37109375
,1315,,,,9927.1005859375
,1316,,,,9250.953125
,1317,,,,11423.12890625
,1318,,,,10250.548828125
,1319,,,,12068.8974609375
,1320,,,,11655.2548828125
,1321,,,,12008.8720703125
,1322,,,,11712.9443359375
,1323,,,,11119.087890625
,1324,,,,10779.255859375
,1325,,,,11241.439453125
,1326,,,,9272.3486328125
,1327,,,,11003.744140625
,1328,,,,9034.4501953125
,1329,,,,11395.751953125
,1330,,,,10384.0048828125
,1331,,,,10156.7412109375
,1332,,,,11539.03515625
,1333,,,,14092.28125
,1334,,,,10033.421875
,1335,,,,10155.078125
,1336,,,,10344.310546875
,1337,,,,9714.0830078125
,1338,,,,7993.24658203125
,1339,,,,10668.40625
,1340,,,,12220.4296875
,1341,,,,12785.1591796875
,1342,,,,10006.9697265625
,1343,,,,10748.458984375
,1344,,,,9197.2197265625
,1345,,,,10882.763671875
,1346,,,,10792.6953125
,1347,,,,10674.609375
,1348,,,,10905.5771484375
,1349,,,,9586.7177734375
,1350,,,,10238.533203125
,1351,,,,12208.908203125
,1352,,,,14223.0810546875
,1353,,,,11058.62109375
,1354,,,,11292.2939453125
,1355,,,,8839.5712890625
,1356,,,,10027.4375
,1357,,,,11822.9130859375
,1358,,,,9988.755859375
,1359,,,,10560.26171875
,1360,,,,10234.9443359375
,1361,,,,10120.34765625
,1362,,,,12015.765625
,1363,,,,13436.033203125
21,5389,,,10813.5947265625,
21,5389,11267.125,,,
22,5399,,7363.93212890625,,
22,5449,,13102.61328125,,
22,5499,,12809.69140625,,
22,5549,,10633.939453125,,
22,5599,,10296.08984375,,
,1364,,,,8345.3037109375
,1365,,,,10941.8837890625
,1366,,,,14073.9140625
,1367,,,,7799.783203125
,1368,,,,9967.9384765625
,1369,,,,10877.9140625
,1370,,,,10994.63671875
,1371,,,,11530.578125
,1372,,,,11707.14453125
,1373,,,,10381.3154296875
,1374,,,,10178.9599609375
,1375,,,,11330.2080078125
,1376,,,,12093.3291015625
,1377,,,,9791.791015625
,1378,,,,9162.16796875
,1379,,,,11322.083984375
,1380,,,,10108.236328125
,1381,,,,12012.244140625
,1382,,,,11564.2255859375
,1383,,,,11887.060546875
,1384,,,,11605.892578125
,1385,,,,11026.720703125
,1386,,,,10724.853515625
,1387,,,,11168.48046875
,1388,,,,9206.8837890625
,1389,,,,10911.142578125
,1390,,,,8952.5576171875
,1391,,,,11318.2353515625
,1392,,,,10296.0068359375
,1393,,,,10043.0908203125
,1394,,,,11463.326171875
,1395,,,,14007.7001953125
,1396,,,,9954.8994140625
,1397,,,,10047.890625
,1398,,,,10245.9833984375
,1399,,,,9674.0927734375
,1400,,,,7863.51708984375
,1401,,,,10637.98828125
,1402,,,,12115.2158203125
,1403,,,,12650.1484375
,1404,,,,9899.318359375
,1405,,,,10642.765625
,1406,,,,9128.5234375
,1407,,,,10791.205078125
,1408,,,,10690.515625
,1409,,,,10581.0048828125
,1410,,,,10817.5458984375
,1411,,,,9519.5615234375
,1412,,,,10153.2607421875
,1413,,,,12064.3310546875
,1414,,,,14162.8818359375
,1415,,,,10969.693359375
,1416,,,,11188.6181640625
,1417,,,,8748.0419921875
,1418,,,,9937.3134765625
,1419,,,,11707.7216796875
,1420,,,,9871.6650390625
,1421,,,,10438.384765625
,1422,,,,10138.8603515625
,1423,,,,10068.1484375
,1424,,,,11934.2666015625
,1425,,,,13324.6201171875
22,5634,,,10721.451171875,
22,5634,11230.8310546875,,,
23,5649,,11767.578125,,
23,5699,,11812.5771484375,,
23,5749,,9837.7529296875,,
23,5799,,12803.7939453125,,
23,5849,,11162.6015625,,
,1426,,,,8333.5546875
,1427,,,,10907.1337890625
,1428,,,,14053.658203125
,1429,,,,7764.21484375
,1430,,,,9959.2705078125
,1431,,,,10861.046875
,1432,,,,10911.6982421875
,1433,,,,11461.7294921875
,1434,,,,11711.810546875
,1435,,,,10348.4833984375
,1436,,,,10078.3818359375
,1437,,,,11351.787109375
,1438,,,,12088.3896484375
,1439,,,,9787.140625
,1440,,,,9110.2705078125
,1441,,,,11236.6884765625
,1442,,,,10125.96875
,1443,,,,11959.4833984375
,1444,,,,11532.142578125
,1445,,,,11893.529296875
,1446,,,,11579.7646484375
,1447,,,,11006.03125
,1448,,,,10683.0947265625
,1449,,,,11115.0400390625
,1450,,,,9190.9150390625
,1451,,,,10919.4482421875
,1452,,,,8928.365234375
,1453,,,,11303.177734375
,1454,,,,10273.3583984375
,1455,,,,9966.033203125
,1456,,,,11434.255859375
,1457,,,,13913.6689453125
,1458,,,,9956.1171875
,1459,,,,10031.5029296875
,1460,,,,10244.396484375
,1461,,,,9635.4541015625
,1462,,,,7854.2373046875
,1463,,,,10586.83203125
,1464,,,,12121.5634765625
,1465,,,,12660.708984375
,1466,,,,9873.990234375
,1467,,,,10639.75390625
,1468,,,,9125.3359375
,1469,,,,10770.857421875
,1470,,,,10642.544921875
,1471,,,,10532.19140625
,1472,,,,10722.1767578125
,1473,,,,9512.4560546875
,1474,,,,10137.931640625
,1475,,,,12041.447265625
,1476,,,,14075.3701171875
,1477,,,,10939.703125
,1478,,,,11152.64453125
,1479,,,,8732.9912109375
,1480,,,,9933.154296875
,1481,,,,11680.1162109375
,1482,,,,9848.646484375
,1483,,,,10459.458984375
,1484,,,,10135.7255859375
,1485,,,,10005.77734375
,1486,,,,11905.978515625
,1487,,,,13289.2490234375
23,5879,,,10693.7099609375,
23,5879,11210.205078125,,,
24,5899,,13126.0546875,,
24,5949,,12242.3466796875,,
24,5999,,11267.517578125,,
24,6049,,11853.841796875,,
24,6099,,14327.8046875,,
,1488,,,,8332.96875
,1489,,,,10910.734375
,1490,,,,14008.9833984375
,1491,,,,7784.44091796875
,1492,,,,9963.322265625
,1493,,,,10813.380859375
,1494,,,,10978.3564453125
,1495,,,,11499.2861328125
,1496,,,,11741.1376953125
,1497,,,,10343.5390625
,1498,,,,10116.2783203125
,1499,,,,11283.3203125
,1500,,,,12043.0712890625
,1501,,,,9812.111328125
,1502,,,,9125.6767578125
,1503,,,,11306.361328125
,1504,,,,10094.4345703125
,1505,,,,11948.7392578125
,1506,,,,11540.1513671875
,1507,,,,11822.01171875
,1508,,,,11494.5166015625
,1509,,,,11031.3125
,1510,,,,10632.083984375
,1511,,,,11170.078125
,1512,,,,9179.7197265625
,1513,,,,10904.8857421875
,1514,,,,8936.619140625
,1515,,,,11282.94921875
,1516,,,,10260.89453125
,1517,,,,9986.248046875
,1518,,,,11390.62890625
,1519,,,,13941.66015625
,1520,,,,9928.9599609375
,1521,,,,10026.150390625
,1522,,,,10244.3466796875
,1523,,,,9709.6025390625
,1524,,,,7893.65283203125
,1525,,,,10610.822265625
,1526,,,,12098.4228515625
,1527,,,,12644.0244140625
,1528,,,,9909.8427734375
,1529,,,,10578.5888671875
,1530,,,,9095.8779296875
,1531,,,,10740.7470703125
,1532,,,,10684.24609375
,1533,,,,10483.33984375
,1534,,,,10791.703125
,1535,,,,9465.5283203125
,1536,,,,10143.759765625
,1537,,,,11990.3681640625
,1538,,,,14061.8369140625
,1539,,,,10975.2041015625
,1540,,,,11187.3330078125
,1541,,,,8725.7001953125
,1542,,,,9865.7685546875
,1543,,,,11643.4775390625
,1544,,,,9855.4619140625
,1545,,,,10447.2138671875
,1546,,,,10113.5224609375
,1547,,,,10031.08203125
,1548,,,,11860.56640625
,1549,,,,13272.3994140625
24,6124,,,10689.375,
24,6124,11178.7666015625,,,
25,6149,,9136.3271484375,,
25,6199,,8356.236328125,,
25,6249,,13023.6953125,,
25,6299,,8558.529296875,,
25,6349,,11357.763671875,,
,1550,,,,8381.82421875
,1551,,,,10981.951171875
,1552,,,,14099.2197265625
,1553,,,,7866.36279296875
,1554,,,,10052.126953125
,1555,,,,10877.6943359375
,1556,,,,11036.9794921875
,1557,,,,11579.544921875
,1558,,,,11775.1767578125
,1559,,,,10415.572265625
,1560,,,,10216.619140625
,1561,,,,11365.908203125
,1562,,,,12183.453125
,1563,,,,9841.48828125
,1564,,,,9193.0400390625
,1565,,,,11333.8037109375
,1566,,,,10180.953125
,1567,,,,11997.9912109375
,1568,,,,11589.3916015625
,1569,,,,11915.6796875
,1570,,,,11655.9052734375
,1571,,,,11046.3740234375
,1572,,,,10821.3837890625
,1573,,,,11212.9248046875
,1574,,,,9229.4189453125
,1575,,,,10988.529296875
,1576,,,,9063.1259765625
,1577,,,,11344.8564453125
,1578,,,,10294.9794921875
,1579,,,,10128.54296875
,1580,,,,11506.7509765625
,1581,,,,13964.7822265625
,1582,,,,9988.2060546875
,1583,,,,10128.259765625
,1584,,,,10305.1328125
,1585,,,,9669.6298828125
,1586,,,,7932.3076171875
,1587,,,,10645.734375
,1588,,,,12195.3232421875
,1589,,,,12689.1806640625
,1590,,,,9950.2236328125
,1591,,,,10662.15234375
,1592,,,,9190.2822265625
,1593,,,,10829.029296875
,1594,,,,10677.2255859375
,1595,,,,10603.095703125
,1596,,,,10869.013671875
,1597,,,,9543.5302734375
,1598,,,,10158.9814453125
,1599,,,,12109.4677734375
,1600,,,,14191.3740234375
,1601,,,,10985.1083984375
,1602,,,,11198.052734375
,1603,,,,8779.7294921875
,1604,,,,9988.9267578125
,1605,,,,11786.9326171875
,1606,,,,9918.6328125
,1607,,,,10524.7373046875
,1608,,,,10213.849609375
,1609,,,,10173.2900390625
,1610,,,,11930.6845703125
,1611,,,,13238.6962890625
25,6369,,,10762.65625,
25,6369,11146.5263671875,,,
26,6399,,12303.3408203125,,
26,6449,,11410.806640625,,
26,6499,,13861.9521484375,,
26,6549,,8864.2138671875,,
26,6599,,11574.1533203125,,
,1612,,,,8345.66796875
,1613,,,,10909.4130859375
,1614,,,,13974.87890625
,1615,,,,7750.9677734375
,1616,,,,9970.5830078125
,1617,,,,10825.4697265625
,1618,,,,10919.7744140625
,1619,,,,11469.982421875
,1620,,,,11694.017578125
,1621,,,,10337.9052734375
,1622,,,,10010.5625
,1623,,,,11317.451171875
,1624,,,,12044.83984375
,1625,,,,9833.5068359375
,1626,,,,9128.5185546875
,1627,,,,11219.923828125
,1628,,,,10112.0302734375
,1629,,,,11937.93359375
,1630,,,,11507.908203125
,1631,,,,11798.3388671875
,1632,,,,11506.3037109375
,1633,,,,11015.2275390625
,1634,,,,10649.517578125
,1635,,,,11097.7841796875
,1636,,,,9210.9755859375
,1637,,,,10933.677734375
,1638,,,,8952.69921875
,1639,,,,11291.4853515625
,1640,,,,10304.6181640625
,1641,,,,9973.931640625
,1642,,,,11404.646484375
,1643,,,,13872.228515625
,1644,,,,9963.3271484375
,1645,,,,9984.115234375
,1646,,,,10268.15234375
,1647,,,,9637.76171875
,1648,,,,7882.15966796875
,1649,,,,10601.4814453125
,1650,,,,12066.6103515625
,1651,,,,12643.99609375
,1652,,,,9914.5595703125
,1653,,,,10623.080078125
,1654,,,,9084.97265625
,1655,,,,10736.302734375
,1656,,,,10622.212890625
,1657,,,,10472.9423828125
,1658,,,,10732.26953125
,1659,,,,9433.6611328125
,1660,,,,10142.0654296875
,1661,,,,11997.5546875
,1662,,,,14036.880859375
,1663,,,,10964.9931640625
,1664,,,,11135.8369140625
,1665,,,,8733.5087890625
,1666,,,,9884.23046875
,1667,,,,11682.9033203125
,1668,,,,9884.7314453125
,1669,,,,10460.2080078125
,1670,,,,10151.25
,1671,,,,9981.171875
,1672,,,,11868.1953125
,1673,,,,13199.3408203125
26,6614,,,10679.7548828125,
26,6614,11122.880859375,,,
27,6649,,12130.6220703125,,
27,6699,,11557.56640625,,
27,6749,,10381.314453125,,
27,6799,,10271.60546875,,
27,6849,,10368.8193359375,,
,1674,,,,8273.9130859375
,1675,,,,10816.4609375
,1676,,,,13879.8212890625
,1677,,,,7697.17529296875
,1678,,,,9859.203125
,1679,,,,10753.6318359375
,1680,,,,10822.818359375
,1681,,,,11332.5888671875
,1682,,,,11608.7548828125
,1683,,,,10273.6123046875
,1684,,,,10036.3603515625
,1685,,,,11178.9404296875
,1686,,,,11937.1337890625
,1687,,,,9691.55078125
,1688,,,,9023.3310546875
,1689,,,,11170.6943359375
,1690,,,,10002.8037109375
,1691,,,,11858.048828125
,1692,,,,11420.9970703125
,1693,,,,11693.62890625
,1694,,,,11433.9541015625
,1695,,,,10899.869140625
,1696,,,,10555.2412109375
,1697,,,,10977.7431640625
,1698,,,,9092.38671875
,1699,,,,10823.0576171875
,1700,,,,8843.9765625
,1701,,,,11181.8291015625
,1702,,,,10184.5009765625
,1703,,,,9926.9990234375
,1704,,,,11285.3525390625
,1705,,,,13781.4501953125
,1706,,,,9873.275390625
,1707,,,,9939.208984375
,1708,,,,10141.5400390625
,1709,,,,9559.021484375
,1710,,,,7788.7080078125
,1711,,,,10493.619140625
,1712,,,,11981.3505859375
,1713,,,,12500.921875
,1714,,,,9794.619140625
,1715,,,,10491.4677734375
,1716,,,,9002.3505859375
,1717,,,,10681.9306640625
,1718,,,,10540.9521484375
,1719,,,,10384.8271484375
,1720,,,,10635.73828125
,1721,,,,9370.5869140625
,1722,,,,10026.85546875
,1723,,,,11929.6875
,1724,,,,13917.091796875
,1725,,,,10892.71875
,1726,,,,11030.16796875
,1727,,,,8632.9130859375
,1728,,,,9808.0771484375
,1729,,,,11637.9013671875
,1730,,,,9740.2978515625
,1731,,,,10363.8388671875
,1732,,,,10031.498046875
,1733,,,,9880.779296875
,1734,,,,11781.4189453125
,1735,,,,13144.841796875
27,6859,,,10585.7529296875,
27,6859,11092.7646484375,,,
28,6899,,12471.775390625,,
28,6949,,9423.9052734375,,
28,6999,,9885.4453125,,
28,7049,,10407.794921875,,
28,7099,,10435.609375,,
,1736,,,,8260.3642578125
,1737,,,,10794.1650390625
,1738,,,,13894.0712890625
,1739,,,,7725.48095703125
,1740,,,,9858.62890625
,1741,,,,10696.1416015625
,1742,,,,10851.37890625
,1743,,,,11391.177734375
,1744,,,,11608.611328125
,1745,,,,10223.8095703125
,1746,,,,9984.26953125
,1747,,,,11186.4501953125
,1748,,,,11957.9833984375
,1749,,,,9733.2333984375
,1750,,,,9039.1318359375
,1751,,,,11172.5810546875
,1752,,,,10007.8935546875
,1753,,,,11832.548828125
,1754,,,,11423.75390625
,1755,,,,11701.53125
,1756,,,,11426.2607421875
,1757,,,,10930.8779296875
,1758,,,,10595.3310546875
,1759,,,,11029.4072265625
,1760,,,,9101.8115234375
,1761,,,,10808.0078125
,1762,,,,8862.8837890625
,1763,,,,11194.9033203125
,1764,,,,10175.501953125
,1765,,,,9910.05859375
,1766,,,,11272.890625
,1767,,,,13744.40625
,1768,,,,9866.70703125
,1769,,,,9923.994140625
,1770,,,,10155.578125
,1771,,,,9553.3388671875
,1772,,,,7746.833984375
,1773,,,,10506.7890625
,1774,,,,12022.119140625
,1775,,,,12519.361328125
,1776,,,,9827.6484375
,1777,,,,10499.03515625
,1778,,,,9019.4921875
,1779,,,,10650.5810546875
,1780,,,,10541.8427734375
,1781,,,,10409.1845703125
,1782,,,,10677.9521484375
,1783,,,,9353.9189453125
,1784,,,,10028.73046875
,1785,,,,11874.6455078125
,1786,,,,13927.224609375
,1787,,,,10838.3818359375
,1788,,,,11044.7041015625
,1789,,,,8630.4794921875
,1790,,,,9792.6435546875
,1791,,,,11579.7900390625
,1792,,,,9764.134765625
,1793,,,,10380.0087890625
,1794,,,,10037.3984375
,1795,,,,9951.3916015625
,1796,,,,11755.462890625
,1797,,,,13089.41015625
28,7104,,,10587.25,
28,7104,11056.8525390625,,,
29,7149,,12630.240234375,,
29,7199,,12410.447265625,,
29,7249,,7550.73974609375,,
29,7299,,10987.0849609375,,
29,7349,,10156.7607421875,,
,1798,,,,8156.84814453125
,1799,,,,10703.3525390625
,1800,,,,13765.0595703125
,1801,,,,7628.62158203125
,1802,,,,9722.8408203125
,1803,,,,10582.6181640625
,1804,,,,10826.7041015625
,1805,,,,11335.126953125
,1806,,,,11488.16796875
,1807,,,,10130.43359375
,1808,,,,9913.8359375
,1809,,,,11064.5517578125
,1810,,,,11895.408203125
,1811,,,,9636.6962890625
,1812,,,,8970.9833984375
,1813,,,,11116.2255859375
,1814,,,,9906.3251953125
,1815,,,,11740.3017578125
,1816,,,,11328.244140625
,1817,,,,11576.115234375
,1818,,,,11329.9990234375
,1819,,,,10837.787109375
,1820,,,,10532.287109375
,1821,,,,10952.6103515625
,1822,,,,9033.5224609375
,1823,,,,10706.1767578125
,1824,,,,8776.470703125
,1825,,,,11084.263671875
,1826,,,,10106.689453125
,1827,,,,9779.6142578125
,1828,,,,11168.236328125
,1829,,,,13672.1240234375
,1830,,,,9783.4775390625
,1831,,,,9817.6708984375
,1832,,,,10049.8876953125
,1833,,,,9475.6572265625
,1834,,,,7654.11962890625
,1835,,,,10439.10546875
,1836,,,,11896.828125
,1837,,,,12425.34765625
,1838,,,,9732.0615234375
,1839,,,,10424.2822265625
,1840,,,,8964.4169921875
,1841,,,,10539.4072265625
,1842,,,,10422.326171875
,1843,,,,10408.3310546875
,1844,,,,10598.734375
,1845,,,,9291.30078125
,1846,,,,9953.1220703125
,1847,,,,11753.38671875
,1848,,,,13858.4814453125
,1849,,,,10727.5146484375
,1850,,,,10935.673828125
,1851,,,,8556.328125
,1852,,,,9688.1298828125
,1853,,,,11422.9072265625
,1854,,,,9703.482421875
,1855,,,,10280.728515625
,1856,,,,9961.2001953125
,1857,,,,9912.95703125
,1858,,,,11625.8798828125
,1859,,,,12963.6396484375
29,7349,,,10496.89453125,
29,7349,11035.0859375,,,
30,7399,,9829.154296875,,
30,7449,,10722.6044921875,,
30,7499,,11545.4384765625,,
30,7549,,9602.3798828125,,
,1860,,,,8185.20556640625
,1861,,,,10684.0458984375
,1862,,,,13763.2255859375
,1863,,,,7634.45556640625
,1864,,,,9768.0205078125
,1865,,,,10626.537109375
,1866,,,,10763.0673828125
,1867,,,,11326.3603515625
,1868,,,,11534.6572265625
,1869,,,,10172.6474609375
,1870,,,,9926.2470703125
,1871,,,,11100.23046875
,1872,,,,11856.6513671875
,1873,,,,9672.6259765625
,1874,,,,8950.73046875
,1875,,,,11035.716796875
,1876,,,,9954.380859375
,1877,,,,11723.619140625
,1878,,,,11308.0419921875
,1879,,,,11591.724609375
,1880,,,,11335.4775390625
,1881,,,,10825.4033203125
,1882,,,,10486.3271484375
,1883,,,,10942.50390625
,1884,,,,9069.9775390625
,1885,,,,10712.158203125
,1886,,,,8807.162109375
,1887,,,,11086.3818359375
,1888,,,,10084.15625
,1889,,,,9836.3857421875
,1890,,,,11178.5205078125
,1891,,,,13615.5390625
,1892,,,,9794.890625
,1893,,,,9851.6376953125
,1894,,,,10072.4091796875
,1895,,,,9441.7412109375
,1896,,,,7709.59130859375
,1897,,,,10406.0654296875
,1898,,,,11921.474609375
,1899,,,,12411.3720703125
,1900,,,,9787.33203125
,1901,,,,10417.318359375
,1902,,,,8956.19921875
,1903,,,,10575.8154296875
,1904,,,,10435.462890625
,1905,,,,10295.58984375
,1906,,,,10588.0908203125
,1907,,,,9266.427734375
,1908,,,,9950.29296875
,1909,,,,11791.4697265625
,1910,,,,13814.1923828125
,1911,,,,10783.6845703125
,1912,,,,10927.08203125
,1913,,,,8585.4912109375
,1914,,,,9690.8154296875
,1915,,,,11505.021484375
,1916,,,,9672.56640625
,1917,,,,10312.4931640625
,1918,,,,9975.4326171875
,1919,,,,9847.158203125
,1920,,,,11629.966796875
,1921,,,,12976.658203125
30,7594,,,10500.27734375,
30,7594,11004.29296875,,,
31,7599,,11248.73046875,,
31,7649,,10436.6455078125,,
31,7699,,10695.51171875,,
31,7749,,11403.58984375,,
31,7799,,11241.9443359375,,
,1922,,,,8146.5283203125
,1923,,,,10679.8515625
,1924,,,,13720.9794921875
,1925,,,,7618.99853515625
,1926,,,,9746.853515625
,1927,,,,10593.5595703125
,1928,,,,10747.001953125
,1929,,,,11281.8681640625
,1930,,,,11509.046875
,1931,,,,10121.3447265625
,1932,,,,9938.4658203125
,1933,,,,11049.162109375
,1934,,,,11839.4658203125
,1935,,,,9630.4619140625
,1936,,,,8890.673828125
,1937,,,,11043.388671875
,1938,,,,9894.095703125
,1939,,,,11692.3994140625
,1940,,,,11294.8115234375
,1941,,,,11545.73828125
,1942,,,,11283.2578125
,1943,,,,10815.091796875
,1944,,,,10428.234375
,1945,,,,10934.0595703125
,1946,,,,9006.154296875
,1947,,,,10668.357421875
,1948,,,,8759.771484375
,1949,,,,11052.935546875
,1950,,,,10056.548828125
,1951,,,,9801.5927734375
,1952,,,,11138.427734375
,1953,,,,13633.541015625
,1954,,,,9757.98046875
,1955,,,,9836.3896484375
,1956,,,,9992.7578125
,1957,,,,9456.8232421875
,1958,,,,7716.076171875
,1959,,,,10383.8837890625
,1960,,,,11903.5
,1961,,,,12377.7919921875
,1962,,,,9730.0625
,1963,,,,10348.7421875
,1964,,,,8921.9794921875
,1965,,,,10529.7783203125
,1966,,,,10405.6142578125
,1967,,,,10254.095703125
,1968,,,,10567.908203125
,1969,,,,9231.3056640625
,1970,,,,9934.4951171875
,1971,,,,11755.2880859375
,1972,,,,13762.6943359375
,1973,,,,10759.7294921875
,1974,,,,10901.7646484375
,1975,,,,8552.576171875
,1976,,,,9647.400390625
,1977,,,,11417.806640625
,1978,,,,9657.9130859375
,1979,,,,10256.287109375
,1980,,,,9917.8603515625
,1981,,,,9852.0703125
,1982,,,,11561.7109375
,1983,,,,12963.421875
31,7839,,,10467.2294921875,
31,7839,10982.720703125,,,
32,7849,,9761.857421875,,
32,7899,,11287.796875,,
32,7949,,12653.4287109375,,
32,7999,,11858.029296875,,
32,8049,,9070.931640625,,
,1984,,,,8142.27734375
,1985,,,,10637.201171875
,1986,,,,13675.1416015625
,1987,,,,7562.205078125
,1988,,,,9696.0615234375
,1989,,,,10597.29296875
,1990,,,,10655.08203125
,1991,,,,11199.39453125
,1992,,,,11463.0732421875
,1993,,,,10102.6162109375
,1994,,,,9815.4072265625
,1995,,,,11034.4638671875
,1996,,,,11773.537109375
,1997,,,,9602.359375
,1998,,,,8864.923828125
,1999,,,,10952.9736328125
,2000,,,,9881.9541015625
,2001,,,,11660.7939453125
,2002,,,,11258.2744140625
,2003,,,,11529.46875
,2004,,,,11261.78515625
,2005,,,,10756.1259765625
,2006,,,,10416.513671875
,2007,,,,10818.56640625
,2008,,,,9005.0146484375
,2009,,,,10683.38671875
,2010,,,,8739.123046875
,2011,,,,11032.0703125
,2012,,,,10019.9892578125
,2013,,,,9773.8759765625
,2014,,,,11139.390625
,2015,,,,13528.3037109375
,2016,,,,9754.5869140625
,2017,,,,9797.138671875
,2018,,,,10013.0185546875
,2019,,,,9396.7880859375
,2020,,,,7671.23388671875
,2021,,,,10313.4638671875
,2022,,,,11839.775390625
,2023,,,,12339.529296875
,2024,,,,9682.7763671875
,2025,,,,10325.9140625
,2026,,,,8901.65625
,2027,,,,10510.1025390625
,2028,,,,10374.0537109375
,2029,,,,10179.90234375
,2030,,,,10473.873046875
,2031,,,,9227.3623046875
,2032,,,,9872.107421875
,2033,,,,11754.439453125
,2034,,,,13702.9462890625
,2035,,,,10730.5625
,2036,,,,10848.025390625
,2037,,,,8539.5927734375
,2038,,,,9629.3671875
,2039,,,,11456.22265625
,2040,,,,9619.5966796875
,2041,,,,10254.9453125
,2042,,,,9914.7373046875
,2043,,,,9755.4423828125
,2044,,,,11557.39453125
,2045,,,,12912.2255859375
32,8084,,,10430.4599609375,
32,8084,10959.0927734375,,,
33,8099,,12647.2373046875,,
33,8149,,10398.8583984375,,
33,8199,,10879.359375,,
33,8249,,10530.8603515625,,
33,8299,,10253.072265625,,
,2046,,,,8190.19482421875
,2047,,,,10701.212890625
,2048,,,,13795.068359375
,2049,,,,7635.1494140625
,2050,,,,9790.6240234375
,2051,,,,10650.2490234375
,2052,,,,10795.4345703125
,2053,,,,11341.3369140625
,2054,,,,11530.10546875
,2055,,,,10143.4677734375
,2056,,,,9899.986328125
,2057,,,,11116.5224609375
,2058,,,,11895.197265625
,2059,,,,9692.0537109375
,2060,,,,8947.1689453125
,2061,,,,11060.291015625
,2062,,,,9960.4873046875
,2063,,,,11744.2451171875
,2064,,,,11320.8349609375
,2065,,,,11578.1982421875
,2066,,,,11319.56640625
,2067,,,,10853.919921875
,2068,,,,10534.8447265625
,2069,,,,10971.7978515625
,2070,,,,9062.0009765625
,2071,,,,10737.109375
,2072,,,,8824.87890625
,2073,,,,11122.71484375
,2074,,,,10097.740234375
,2075,,,,9866.337890625
,2076,,,,11202.88671875
,2077,,,,13610.0302734375
,2078,,,,9815.9375
,2079,,,,9870.8388671875
,2080,,,,10078.1494140625
,2081,,,,9546.0830078125
,2082,,,,7689.06591796875
,2083,,,,10458.302734375
,2084,,,,11912.8271484375
,2085,,,,12412.6044921875
,2086,,,,9760.6572265625
,2087,,,,10397.1748046875
,2088,,,,8963.2255859375
,2089,,,,10565.923828125
,2090,,,,10452.8193359375
,2091,,,,10294.80078125
,2092,,,,10609.3017578125
,2093,,,,9251.302734375
,2094,,,,9979.3251953125
,2095,,,,11778.7216796875
,2096,,,,13853.3125
,2097,,,,10773.3359375
,2098,,,,10969.232421875
,2099,,,,8578.0478515625
,2100,,,,9722.3359375
,2101,,,,11450.162109375
,2102,,,,9705.126953125
,2103,,,,10324.6708984375
,2104,,,,10017.955078125
,2105,,,,9923.8447265625
,2106,,,,11635.052734375
,2107,,,,12942.8583984375
33,8329,,,10513.3330078125,
33,8329,10929.822265625,,,
34,8349,,12130.13671875,,
34,8399,,10197.8095703125,,
34,8449,,10932.9892578125,,
34,8499,,9032.2568359375,,
34,8549,,9575.765625,,
,2108,,,,8155.6962890625
,2109,,,,10634.880859375
,2110,,,,13696.8095703125
,2111,,,,7573.60693359375
,2112,,,,9716.6826171875
,2113,,,,10571.103515625
,2114,,,,10679.5439453125
,2115,,,,11223.2939453125
,2116,,,,11488.2724609375
,2117,,,,10078.4814453125
,2118,,,,9821.353515625
,2119,,,,11027.0107421875
,2120,,,,11747.3642578125
,2121,,,,9643.68359375
,2122,,,,8879.005859375
,2123,,,,10993.11328125
,2124,,,,9895.451171875
,2125,,,,11665.3056640625
,2126,,,,11246.224609375
,2127,,,,11488.4013671875
,2128,,,,11228.455078125
,2129,,,,10770.1572265625
,2130,,,,10369.26171875
,2131,,,,10856.921875
,2132,,,,8982.5654296875
,2133,,,,10691.705078125
,2134,,,,8718.3798828125
,2135,,,,11025.53515625
,2136,,,,10049.59765625
,2137,,,,9758.8720703125
,2138,,,,11121.994140625
,2139,,,,13532.4140625
,2140,,,,9750.173828125
,2141,,,,9814.7822265625
,2142,,,,10023.1953125
,2143,,,,9449.0205078125
,2144,,,,7684.39404296875
,2145,,,,10356.1630859375
,2146,,,,11829.734375
,2147,,,,12339.5302734375
,2148,,,,9666.9541015625
,2149,,,,10290.857421875
,2150,,,,8887.92578125
,2151,,,,10508.9619140625
,2152,,,,10379.6162109375
,2153,,,,10200.65234375
,2154,,,,10487.3037109375
,2155,,,,9189.4853515625
,2156,,,,9912.640625
,2157,,,,11738.8740234375
,2158,,,,13710.29296875
,2159,,,,10732.1669921875
,2160,,,,10871.7021484375
,2161,,,,8516.578125
,2162,,,,9621.3828125
,2163,,,,11399.810546875
,2164,,,,9622.0849609375
,2165,,,,10258.3095703125
,2166,,,,9923.5625
,2167,,,,9776.7529296875
,2168,,,,11562.6396484375
,2169,,,,12898.1416015625
34,8574,,,10432.3955078125,
34,8574,10902.6513671875,,,
35,8599,,11217.4208984375,,
35,8649,,13279.2890625,,
35,8699,,13338.4306640625,,
35,8749,,9380.2451171875,,
35,8799,,11192.818359375,,
,2170,,,,8132.05322265625
,2171,,,,10584.1259765625
,2172,,,,13623.5732421875
,2173,,,,7566.54541015625
,2174,,,,9683.4150390625
,2175,,,,10532.5595703125
,2176,,,,10663.8740234375
,2177,,,,11198.244140625
,2178,,,,11457.0087890625
,2179,,,,10073.798828125
,2180,,,,9813.2412109375
,2181,,,,10993.306640625
,2182,,,,11748.3037109375
,2183,,,,9602.408203125
,2184,,,,8868.9453125
,2185,,,,10972.3623046875
,2186,,,,9859.0556640625
,2187,,,,11604.5927734375
,2188,,,,11218.14453125
,2189,,,,11472.0859375
,2190,,,,11189.6982421875
,2191,,,,10726.1962890625
,2192,,,,10372.845703125
,2193,,,,10812.62109375
,2194,,,,8980.474609375
,2195,,,,10628.12890625
,2196,,,,8710.349609375
,2197,,,,10985.107421875
,2198,,,,10000.4609375
,2199,,,,9716.6044921875
,2200,,,,11042.1328125
,2201,,,,13435.4208984375
,2202,,,,9723.1005859375
,2203,,,,9777.458984375
,2204,,,,9960.9111328125
,2205,,,,9396.1533203125
,2206,,,,7637.89501953125
,2207,,,,10301.6318359375
,2208,,,,11795.7080078125
,2209,,,,12309.5302734375
,2210,,,,9689.806640625
,2211,,,,10269.2919921875
,2212,,,,8876.2822265625
,2213,,,,10471.095703125
,2214,,,,10315.9873046875
,2215,,,,10181.9736328125
,2216,,,,10475.7861328125
,2217,,,,9137.4853515625
,2218,,,,9868.2841796875
,2219,,,,11709.515625
,2220,,,,13675.888671875
,2221,,,,10687.7021484375
,2222,,,,10825.0380859375
,2223,,,,8483.6875
,2224,,,,9552.146484375
,2225,,,,11394.4267578125
,2226,,,,9612.712890625
,2227,,,,10241.27734375
,2228,,,,9869.1181640625
,2229,,,,9727.5458984375
,2230,,,,11508.5732421875
,2231,,,,12849.4609375
35,8819,,,10398.0302734375,
35,8819,10870.921875,,,
36,8849,,11667.556640625,,
36,8899,,10418.2509765625,,
36,8949,,10695.626953125,,
36,8999,,11385.9814453125,,
36,9049,,8600.4775390625,,
,2232,,,,8069.7548828125
,2233,,,,10552.8193359375
,2234,,,,13578.3662109375
,2235,,,,7560.017578125
,2236,,,,9645.451171875
,2237,,,,10507.6171875
,2238,,,,10674.9521484375
,2239,,,,11193.833984375
,2240,,,,11391.9013671875
,2241,,,,10049.2333984375
,2242,,,,9833.509765625
,2243,,,,10962.3525390625
,2244,,,,11729.6982421875
,2245,,,,9552.6201171875
,2246,,,,8835.1708984375
,2247,,,,10948.0537109375
,2248,,,,9821.4716796875
,2249,,,,11575.8798828125
,2250,,,,11222.6318359375
,2251,,,,11439.458984375
,2252,,,,11167.564453125
,2253,,,,10690.5634765625
,2254,,,,10373.2119140625
,2255,,,,10829.3916015625
,2256,,,,8945.4736328125
,2257,,,,10572.9892578125
,2258,,,,8711.568359375
,2259,,,,10968.3857421875
,2260,,,,9996.8017578125
,2261,,,,9758.2099609375
,2262,,,,11058.6318359375
,2263,,,,13416.9765625
,2264,,,,9702.6689453125
,2265,,,,9761.5244140625
,2266,,,,9954.2626953125
,2267,,,,9344.22265625
,2268,,,,7604.8837890625
,2269,,,,10270.16015625
,2270,,,,11758.4365234375
,2271,,,,12268.1005859375
,2272,,,,9658.0478515625
,2273,,,,10265.8642578125
,2274,,,,8868.55859375
,2275,,,,10439.0517578125
,2276,,,,10296.748046875
,2277,,,,10176.93359375
,2278,,,,10482.9013671875
,2279,,,,9119.8935546875
,2280,,,,9823.318359375
,2281,,,,11685.8271484375
,2282,,,,13679.0830078125
,2283,,,,10660.3134765625
,2284,,,,10794.568359375
,2285,,,,8457.666015625
,2286,,,,9515.1982421875
,2287,,,,11350.3154296875
,2288,,,,9602.9560546875
,2289,,,,10203.546875
,2290,,,,9807.0224609375
,2291,,,,9734.435546875
,2292,,,,11507.470703125
,2293,,,,12835.748046875
36,9064,,,10376.4990234375,
36,9064,10855.189453125,,,
37,9099,,9532.7421875,,
37,9149,,9021.578125,,
37,9199,,8987.8955078125,,
37,9249,,10379.2373046875,,
37,9299,,12318.900390625,,
,2294,,,,8070.96240234375
,2295,,,,10527.73828125
,2296,,,,13513.6591796875
,2297,,,,7506.55810546875
,2298,,,,9611.3056640625
,2299,,,,10480.27734375
,2300,,,,10614.5029296875
,2301,,,,11110.517578125
,2302,,,,11344.3720703125
,2303,,,,10033.6728515625
,2304,,,,9777.3583984375
,2305,,,,10896.0634765625
,2306,,,,11650.1435546875
,2307,,,,9507.2880859375
,2308,,,,8798.9189453125
,2309,,,,10922.3486328125
,2310,,,,9787.8076171875
,2311,,,,11541.3125
,2312,,,,11173.48828125
,2313,,,,11361.9794921875
,2314,,,,11108.1650390625
,2315,,,,10666.1064453125
,2316,,,,10311.63671875
,2317,,,,10782.9765625
,2318,,,,8936.4150390625
,2319,,,,10569.134765625
,2320,,,,8664.421875
,2321,,,,10949.6240234375
,2322,,,,9949.2919921875
,2323,,,,9699.2685546875
,2324,,,,11004.6484375
,2325,,,,13367.0927734375
,2326,,,,9656.8427734375
,2327,,,,9695.8837890625
,2328,,,,9894.7431640625
,2329,,,,9357.447265625
,2330,,,,7574.5712890625
,2331,,,,10256.8642578125
,2332,,,,11699.7470703125
,2333,,,,12206.9794921875
,2334,,,,9615.083984375
,2335,,,,10192.0771484375
,2336,,,,8821.7939453125
,2337,,,,10399.3212890625
,2338,,,,10281.0888671875
,2339,,,,10112.748046875
,2340,,,,10412.0791015625
,2341,,,,9091.96484375
,2342,,,,9825.51953125
,2343,,,,11593.9609375
,2344,,,,13606.1005859375
,2345,,,,10643.1064453125
,2346,,,,10751.857421875
,2347,,,,8435.6171875
,2348,,,,9498.5537109375
,2349,,,,11316.1943359375
,2350,,,,9539.0908203125
,2351,,,,10167.283203125
,2352,,,,9802.9013671875
,2353,,,,9652.6396484375
,2354,,,,11456.763671875
,2355,,,,12791.1884765625
37,9309,,,10333.369140625,
37,9309,10829.5732421875,,,
38,9349,,12569.2041015625,,
38,9399,,12584.0478515625,,
38,9449,,9900.9111328125,,
38,9499,,10241.8642578125,,
38,9549,,11811.52734375,,
,2356,,,,7975.6884765625
,2357,,,,10410.58203125
,2358,,,,13428.03515625
,2359,,,,7438.73876953125
,2360,,,,9504.09375
,2361,,,,10355.6552734375
,2362,,,,10545.671875
,2363,,,,11035.6123046875
,2364,,,,11257.4560546875
,2365,,,,9931.392578125
,2366,,,,9701.7666015625
,2367,,,,10799.1416015625
,2368,,,,11528.4384765625
,2369,,,,9372.154296875
,2370,,,,8752.169921875
,2371,,,,10799.7392578125
,2372,,,,9671.7216796875
,2373,,,,11413.47265625
,2374,,,,11022.9560546875
,2375,,,,11321.6025390625
,2376,,,,11037.689453125
,2377,,,,10569.98046875
,2378,,,,10203.8330078125
,2379,,,,10695.58984375
,2380,,,,8844.87890625
,2381,,,,10452.90234375
,2382,,,,8564.9189453125
,2383,,,,10849.9296875
,2384,,,,9823.57421875
,2385,,,,9588.599609375
,2386,,,,10855.564453125
,2387,,,,13260.3056640625
,2388,,,,9569.080078125
,2389,,,,9619.9326171875
,2390,,,,9776.5322265625
,2391,,,,9219.400390625
,2392,,,,7459.7109375
,2393,,,,10150.7021484375
,2394,,,,11619.46875
,2395,,,,12094.1708984375
,2396,,,,9542.91796875
,2397,,,,10123.41015625
,2398,,,,8747.587890625
,2399,,,,10337.8515625
,2400,,,,10152.02734375
,2401,,,,10050.94921875
,2402,,,,10344.640625
,2403,,,,8983.703125
,2404,,,,9696.8056640625
,2405,,,,11503.41796875
,2406,,,,13543.2978515625
,2407,,,,10539.10546875
,2408,,,,10663.6162109375
,2409,,,,8334.6435546875
,2410,,,,9389.02734375
,2411,,,,11209.7802734375
,2412,,,,9411.376953125
,2413,,,,10072.234375
,2414,,,,9673.96484375
,2415,,,,9613.400390625
,2416,,,,11356.498046875
,2417,,,,12703.921875
38,9554,,,10235.294921875,
38,9554,10811.275390625,,,
39,9599,,11614.3095703125,,
39,9649,,13445.12109375,,
39,9699,,10439.9990234375,,
39,9749,,10231.9189453125,,
39,9799,,13328.3466796875,,
,2418,,,,8027.583984375
,2419,,,,10497.1220703125
,2420,,,,13494.7021484375
,2421,,,,7501.87353515625
,2422,,,,9564.7998046875
,2423,,,,10431.73828125
,2424,,,,10634.4267578125
,2425,,,,11119.9375
,2426,,,,11312.5029296875
,2427,,,,9974.97265625
,2428,,,,9750.404296875
,2429,,,,10883.7041015625
,2430,,,,11659.0810546875
,2431,,,,9467.08203125
,2432,,,,8797.1767578125
,2433,,,,10927.724609375
,2434,,,,9762.1708984375
,2435,,,,11467.9052734375
,2436,,,,11114.828125
,2437,,,,11353.9814453125
,2438,,,,11084.9599609375
,2439,,,,10644.564453125
,2440,,,,10312.99609375
,2441,,,,10796.4580078125
,2442,,,,8895.169921875
,2443,,,,10514.5615234375
,2444,,,,8641.646484375
,2445,,,,10911.8984375
,2446,,,,9929.736328125
,2447,,,,9671.5048828125
,2448,,,,10949.6015625
,2449,,,,13342.7099609375
,2450,,,,9633.9677734375
,2451,,,,9666.3857421875
,2452,,,,9863.41796875
,2453,,,,9303.4521484375
,2454,,,,7539.6083984375
,2455,,,,10231.6953125
,2456,,,,11659.9052734375
,2457,,,,12174.3427734375
,2458,,,,9596.744140625
,2459,,,,10200.5869140625
,2460,,,,8815.35546875
,2461,,,,10378.5361328125
,2462,,,,10210.7802734375
,2463,,,,10122.3681640625
,2464,,,,10415.2119140625
,2465,,,,9055.107421875
,2466,,,,9767.2197265625
,2467,,,,11561.6748046875
,2468,,,,13598.9951171875
,2469,,,,10595.3974609375
,2470,,,,10711.7578125
,2471,,,,8393.01171875
,2472,,,,9445.005859375
,2473,,,,11240.986328125
,2474,,,,9556.3056640625
,2475,,,,10146.2109375
,2476,,,,9761.6123046875
,2477,,,,9680.8642578125
,2478,,,,11401.771484375
,2479,,,,12696.87890625
39,9799,,,10306.4033203125,
39,9799,10776.248046875,,,
40,9849,,10871.2744140625,,
40,9899,,7492.7373046875,,
40,9949,,12086.1748046875,,
40,9999,,10582.974609375,,
,2480,,,,7940.5791015625
,2481,,,,10366.3134765625
,2482,,,,13363.20703125
,2483,,,,7421.7958984375
,2484,,,,9442.515625
,2485,,,,10323.134765625
,2486,,,,10434.564453125
,2487,,,,10963.27734375
,2488,,,,11177.8330078125
,2489,,,,9880.3798828125
,2490,,,,9611.2578125
,2491,,,,10771.35546875
,2492,,,,11529.478515625
,2493,,,,9355.24609375
,2494,,,,8672.640625
,2495,,,,10756.65234375
,2496,,,,9643.794921875
,2497,,,,11397.8642578125
,2498,,,,11009.91015625
,2499,,,,11251.14453125
,2500,,,,11010.40625
,2501,,,,10509.837890625
,2502,,,,10198.8203125
,2503,,,,10612.0966796875
,2504,,,,8836.5244140625
,2505,,,,10391.96484375
,2506,,,,8520.474609375
,2507,,,,10814.107421875
,2508,,,,9833.373046875
,2509,,,,9506.326171875
,2510,,,,10884.21875
,2511,,,,13177.037109375
,2512,,,,9566.6865234375
,2513,,,,9586.1962890625
,2514,,,,9765.9375
,2515,,,,9164.8212890625
,2516,,,,7441.337890625
,2517,,,,10082.7822265625
,2518,,,,11544.4638671875
,2519,,,,12078.912109375
,2520,,,,9477.05078125
,2521,,,,10085.8076171875
,2522,,,,8760.1806640625
,2523,,,,10298.111328125
,2524,,,,10095.111328125
,2525,,,,9993.0009765625
,2526,,,,10231.935546875
,2527,,,,9007.123046875
,2528,,,,9671.806640625
,2529,,,,11485.244140625
,2530,,,,13431.8291015625
,2531,,,,10494.0107421875
,2532,,,,10587.66796875
,2533,,,,8321.515625
,2534,,,,9363.8251953125
,2535,,,,11170.3623046875
,2536,,,,9421.53515625
,2537,,,,10060.265625
,2538,,,,9663.3935546875
,2539,,,,9500.724609375
,2540,,,,11319.6123046875
,2541,,,,12623.4228515625
40,10044,,,10193.623046875,
40,10044,10768.4755859375,,,
41,10049,,8245.455078125,,
41,10099,,11604.4951171875,,
41,10149,,12557.9296875,,
41,10199,,11532.919921875,,
41,10249,,12181.65625,,
,2542,,,,7981.47900390625
,2543,,,,10445.21875
,2544,,,,13472.7451171875
,2545,,,,7433.72705078125
,2546,,,,9545.5166015625
,2547,,,,10381.296875
,2548,,,,10502.4228515625
,2549,,,,11045.6572265625
,2550,,,,11256.01171875
,2551,,,,9933.7861328125
,2552,,,,9622.150390625
,2553,,,,10841.7275390625
,2554,,,,11557.9365234375
,2555,,,,9429.7978515625
,2556,,,,8709.4189453125
,2557,,,,10748.765625
,2558,,,,9717.0654296875
,2559,,,,11472.73046875
,2560,,,,11059.9033203125
,2561,,,,11289.9375
,2562,,,,11048.0380859375
,2563,,,,10573.9736328125
,2564,,,,10287.9716796875
,2565,,,,10674.0205078125
,2566,,,,8892.2236328125
,2567,,,,10493.201171875
,2568,,,,8615.9638671875
,2569,,,,10887.9765625
,2570,,,,9881.955078125
,2571,,,,9608.763671875
,2572,,,,10962.5244140625
,2573,,,,13231.6689453125
,2574,,,,9613.0146484375
,2575,,,,9632.150390625
,2576,,,,9852.7421875
,2577,,,,9260.810546875
,2578,,,,7500.90283203125
,2579,,,,10149.5341796875
,2580,,,,11635.6494140625
,2581,,,,12128.5126953125
,2582,,,,9525.1826171875
,2583,,,,10113.634765625
,2584,,,,8802.2080078125
,2585,,,,10363.2744140625
,2586,,,,10165.1845703125
,2587,,,,10008.115234375
,2588,,,,10310.908203125
,2589,,,,9066.6484375
,2590,,,,9765.2705078125
,2591,,,,11556.681640625
,2592,,,,13495.2626953125
,2593,,,,10530.6142578125
,2594,,,,10670.439453125
,2595,,,,8386.8486328125
,2596,,,,9477.6953125
,2597,,,,11206.478515625
,2598,,,,9491.0341796875
,2599,,,,10137.404296875
,2600,,,,9762.7451171875
,2601,,,,9587.166015625
,2602,,,,11396.654296875
,2603,,,,12648.6865234375
41,10289,,,10257.7275390625,
41,10289,10737.548828125,,,
42,10299,,9689.7861328125,,
42,10349,,12563.8515625,,
42,10399,,10401.0146484375,,
42,10449,,10477.9638671875,,
42,10499,,11017.4970703125,,
,2604,,,,8015.236328125
,2605,,,,10386.470703125
,2606,,,,13407.2275390625
,2607,,,,7413.19775390625
,2608,,,,9505.923828125
,2609,,,,10338.53515625
,2610,,,,10449.865234375
,2611,,,,10951.2744140625
,2612,,,,11277.705078125
,2613,,,,9922.3212890625
,2614,,,,9639.431640625
,2615,,,,10808.119140625
,2616,,,,11496.12109375
,2617,,,,9425.9677734375
,2618,,,,8730.6484375
,2619,,,,10771.25
,2620,,,,9680.166015625
,2621,,,,11410.744140625
,2622,,,,10994.158203125
,2623,,,,11283.83203125
,2624,,,,10988.951171875
,2625,,,,10568.3798828125
,2626,,,,10176.79296875
,2627,,,,10637.189453125
,2628,,,,8842.55078125
,2629,,,,10464.833984375
,2630,,,,8548.01953125
,2631,,,,10839.400390625
,2632,,,,9815.0791015625
,2633,,,,9588.61328125
,2634,,,,10849.751953125
,2635,,,,13175.923828125
,2636,,,,9570.2177734375
,2637,,,,9631.77734375
,2638,,,,9789.3544921875
,2639,,,,9228.8095703125
,2640,,,,7469.0283203125
,2641,,,,10096.6015625
,2642,,,,11595.79296875
,2643,,,,12096.1279296875
,2644,,,,9509.0185546875
,2645,,,,10056.5888671875
,2646,,,,8769.400390625
,2647,,,,10316.6845703125
,2648,,,,10127.931640625
,2649,,,,9956.2255859375
,2650,,,,10260.6142578125
,2651,,,,8974.47265625
,2652,,,,9715.8837890625
,2653,,,,11500.443359375
,2654,,,,13439.53515625
,2655,,,,10516.2822265625
,2656,,,,10645.330078125
,2657,,,,8349.3271484375
,2658,,,,9399.822265625
,2659,,,,11218.466796875
,2660,,,,9365.48046875
,2661,,,,10115.7177734375
,2662,,,,9683.390625
,2663,,,,9543.1904296875
,2664,,,,11317.7216796875
,2665,,,,12649.525390625
42,10534,,,10216.3134765625,
42,10534,10726.392578125,,,
43,10549,,7642.552734375,,
43,10599,,9671.8525390625,,
43,10649,,9375.2529296875,,
43,10699,,8866.7109375,,
43,10749,,8702.3818359375,,
,2666,,,,8003.34765625
,2667,,,,10433.9091796875
,2668,,,,13420.0615234375
,2669,,,,7433.7392578125
,2670,,,,9516.6318359375
,2671,,,,10349.7734375
,2672,,,,10501.6689453125
,2673,,,,11026.462890625
,2674,,,,11244.8916015625
,2675,,,,9900.2236328125
,2676,,,,9642.2080078125
,2677,,,,10810.841796875
,2678,,,,11515.0419921875
,2679,,,,9424.0224609375
,2680,,,,8709.818359375
,2681,,,,10788.3720703125
,2682,,,,9698.1982421875
,2683,,,,11433.3671875
,2684,,,,11064.46484375
,2685,,,,11282.8466796875
,2686,,,,10992.609375
,2687,,,,10568.689453125
,2688,,,,10281.57421875
,2689,,,,10638.6591796875
,2690,,,,8849.171875
,2691,,,,10490.896484375
,2692,,,,8600.1181640625
,2693,,,,10850.5859375
,2694,,,,9859.0
,2695,,,,9593.953125
,2696,,,,10948.5439453125
,2697,,,,13221.1025390625
,2698,,,,9561.9326171875
,2699,,,,9623.97265625
,2700,,,,9817.88671875
,2701,,,,9237.3828125
,2702,,,,7493.6904296875
,2703,,,,10147.3916015625
,2704,,,,11612.6728515625
,2705,,,,12098.4853515625
,2706,,,,9493.8330078125
,2707,,,,10098.2568359375
,2708,,,,8766.107421875
,2709,,,,10306.650390625
,2710,,,,10154.4970703125
,2711,,,,10038.099609375
,2712,,,,10291.3291015625
,2713,,,,9047.5234375
,2714,,,,9753.2109375
,2715,,,,11489.099609375
,2716,,,,13476.1953125
,2717,,,,10489.9462890625
,2718,,,,10658.08984375
,2719,,,,8339.69921875
,2720,,,,9459.9033203125
,2721,,,,11213.4794921875
,2722,,,,9454.259765625
,2723,,,,10114.552734375
,2724,,,,9755.24609375
,2725,,,,9573.96484375
,2726,,,,11372.294921875
,2727,,,,12595.4638671875
43,10779,,,10238.5244140625,
43,10779,10699.767578125,,,
44,10799,,9566.03515625,,
44,10849,,10821.3251953125,,
44,10899,,8936.4658203125,,
44,10949,,14677.607421875,,
44,10999,,12160.3349609375,,
,2728,,,,7883.85546875
,2729,,,,10296.72265625
,2730,,,,13256.73046875
,2731,,,,7332.8212890625
,2732,,,,9377.998046875
,2733,,,,10219.5546875
,2734,,,,10389.6083984375
,2735,,,,10903.5947265625
,2736,,,,11123.796875
,2737,,,,9830.0673828125
,2738,,,,9628.3330078125
,2739,,,,10671.6875
,2740,,,,11401.5986328125
,2741,,,,9299.662109375
,2742,,,,8632.3212890625
,2743,,,,10719.2919921875
,2744,,,,9569.322265625
,2745,,,,11313.609375
,2746,,,,10928.0400390625
,2747,,,,11156.1201171875
,2748,,,,10906.4814453125
,2749,,,,10427.8291015625
,2750,,,,10086.9775390625
,2751,,,,10553.525390625
,2752,,,,8733.958984375
,2753,,,,10342.0634765625
,2754,,,,8469.3125
,2755,,,,10722.7431640625
,2756,,,,9746.6142578125
,2757,,,,9479.1455078125
,2758,,,,10747.4111328125
,2759,,,,13091.927734375
,2760,,,,9462.203125
,2761,,,,9537.294921875
,2762,,,,9706.5380859375
,2763,,,,9110.42578125
,2764,,,,7398.3369140625
,2765,,,,10021.2568359375
,2766,,,,11491.677734375
,2767,,,,11958.0439453125
,2768,,,,9453.1337890625
,2769,,,,10019.1884765625
,2770,,,,8685.587890625
,2771,,,,10226.3134765625
,2772,,,,10039.3232421875
,2773,,,,9920.509765625
,2774,,,,10209.4013671875
,2775,,,,8889.435546875
,2776,,,,9599.2509765625
,2777,,,,11404.5087890625
,2778,,,,13364.8759765625
,2779,,,,10428.771484375
,2780,,,,10516.6708984375
,2781,,,,8253.5419921875
,2782,,,,9261.97265625
,2783,,,,11129.775390625
,2784,,,,9275.2080078125
,2785,,,,9986.6982421875
,2786,,,,9575.8251953125
,2787,,,,9458.705078125
,2788,,,,11233.513671875
,2789,,,,12546.8671875
44,11024,,,10121.1689453125,
44,11024,10688.5576171875,,,
45,11049,,11602.236328125,,
45,11099,,11555.580078125,,
45,11149,,11060.1064453125,,
45,11199,,10050.4375,,
45,11249,,7738.22509765625,,
,2790,,,,7883.0947265625
,2791,,,,10262.0361328125
,2792,,,,13260.818359375
,2793,,,,7306.4873046875
,2794,,,,9358.5478515625
,2795,,,,10229.62890625
,2796,,,,10360.291015625
,2797,,,,10875.3818359375
,2798,,,,11111.9853515625
,2799,,,,9790.736328125
,2800,,,,9564.42578125
,2801,,,,10682.078125
,2802,,,,11401.7197265625
,2803,,,,9302.5390625
,2804,,,,8614.7451171875
,2805,,,,10676.357421875
,2806,,,,9561.857421875
,2807,,,,11288.07421875
,2808,,,,10892.61328125
,2809,,,,11151.6552734375
,2810,,,,10876.3544921875
,2811,,,,10425.8369140625
,2812,,,,10081.6689453125
,2813,,,,10543.4423828125
,2814,,,,8738.6201171875
,2815,,,,10347.26171875
,2816,,,,8425.587890625
,2817,,,,10716.908203125
,2818,,,,9745.6591796875
,2819,,,,9452.517578125
,2820,,,,10732.322265625
,2821,,,,13056.6015625
,2822,,,,9450.244140625
,2823,,,,9503.26171875
,2824,,,,9683.384765625
,2825,,,,9126.8564453125
,2826,,,,7381.29052734375
,2827,,,,9992.470703125
,2828,,,,11469.388671875
,2829,,,,11982.4580078125
,2830,,,,9411.9150390625
,2831,,,,9973.583984375
,2832,,,,8672.31640625
,2833,,,,10199.4736328125
,2834,,,,10019.12109375
,2835,,,,9887.8173828125
,2836,,,,10176.5361328125
,2837,,,,8871.1162109375
,2838,,,,9601.0263671875
,2839,,,,11384.7060546875
,2840,,,,13331.166015625
,2841,,,,10408.064453125
,2842,,,,10537.28125
,2843,,,,8250.0732421875
,2844,,,,9269.43359375
,2845,,,,11109.1923828125
,2846,,,,9275.001953125
,2847,,,,9988.3037109375
,2848,,,,9603.498046875
,2849,,,,9456.6318359375
,2850,,,,11208.681640625
,2851,,,,12529.587890625
45,11269,,,10106.1044921875,
45,11269,10657.5185546875,,,
46,11299,,13297.9853515625,,
46,11349,,14118.375,,
46,11399,,11812.623046875,,
46,11449,,10105.421875,,
46,11499,,10773.6962890625,,
,2852,,,,7825.37890625
,2853,,,,10197.28125
,2854,,,,13192.3369140625
,2855,,,,7240.5771484375
,2856,,,,9283.8564453125
,2857,,,,10179.7119140625
,2858,,,,10269.9375
,2859,,,,10759.9892578125
,2860,,,,11049.5244140625
,2861,,,,9696.1455078125
,2862,,,,9432.0556640625
,2863,,,,10589.3349609375
,2864,,,,11297.8310546875
,2865,,,,9205.037109375
,2866,,,,8539.1650390625
,2867,,,,10552.3916015625
,2868,,,,9474.7392578125
,2869,,,,11204.60546875
,2870,,,,10816.1796875
,2871,,,,11089.5634765625
,2872,,,,10792.8896484375
,2873,,,,10378.5322265625
,2874,,,,10030.7392578125
,2875,,,,10419.7294921875
,2876,,,,8696.58984375
,2877,,,,10280.20703125
,2878,,,,8344.58984375
,2879,,,,10666.3876953125
,2880,,,,9671.9931640625
,2881,,,,9320.7001953125
,2882,,,,10680.84375
,2883,,,,12959.7451171875
,2884,,,,9408.4482421875
,2885,,,,9408.576171875
,2886,,,,9587.7333984375
,2887,,,,9058.822265625
,2888,,,,7294.69189453125
,2889,,,,9925.12109375
,2890,,,,11404.4599609375
,2891,,,,11895.90625
,2892,,,,9316.701171875
,2893,,,,9879.80859375
,2894,,,,8590.525390625
,2895,,,,10129.3955078125
,2896,,,,9943.068359375
,2897,,,,9815.4052734375
,2898,,,,10064.13671875
,2899,,,,8857.1865234375
,2900,,,,9546.392578125
,2901,,,,11292.0234375
,2902,,,,13241.3818359375
,2903,,,,10327.390625
,2904,,,,10462.28125
,2905,,,,8179.59814453125
,2906,,,,9229.22265625
,2907,,,,10985.869140625
,2908,,,,9191.779296875
,2909,,,,9910.6796875
,2910,,,,9517.95703125
,2911,,,,9369.033203125
,2912,,,,11123.47265625
,2913,,,,12453.208984375
46,11514,,,10026.6640625,
46,11514,10639.4619140625,,,
47,11549,,12829.4501953125,,
47,11599,,10242.6376953125,,
47,11649,,10982.5673828125,,
47,11699,,8335.0146484375,,
47,11749,,10084.0029296875,,
,2914,,,,7797.67138671875
,2915,,,,10198.765625
,2916,,,,13167.0546875
,2917,,,,7289.0419921875
,2918,,,,9306.375
,2919,,,,10179.15234375
,2920,,,,10346.8056640625
,2921,,,,10844.20703125
,2922,,,,11043.865234375
,2923,,,,9752.3623046875
,2924,,,,9529.853515625
,2925,,,,10615.8056640625
,2926,,,,11326.265625
,2927,,,,9244.9091796875
,2928,,,,8563.1640625
,2929,,,,10643.71484375
,2930,,,,9522.2490234375
,2931,,,,11212.431640625
,2932,,,,10878.474609375
,2933,,,,11066.84375
,2934,,,,10811.6357421875
,2935,,,,10384.638671875
,2936,,,,10056.6396484375
,2937,,,,10493.95703125
,2938,,,,8734.8671875
,2939,,,,10256.2666015625
,2940,,,,8395.0625
,2941,,,,10684.8798828125
,2942,,,,9707.376953125
,2943,,,,9409.3916015625
,2944,,,,10729.7802734375
,2945,,,,12996.423828125
,2946,,,,9421.5458984375
,2947,,,,9477.556640625
,2948,,,,9636.1337890625
,2949,,,,9080.88671875
,2950,,,,7332.2822265625
,2951,,,,9930.6689453125
,2952,,,,11426.3212890625
,2953,,,,11891.279296875
,2954,,,,9392.7900390625
,2955,,,,9941.478515625
,2956,,,,8647.0380859375
,2957,,,,10144.3115234375
,2958,,,,9979.5869140625
,2959,,,,9866.5263671875
,2960,,,,10148.4833984375
,2961,,,,8830.6669921875
,2962,,,,9573.978515625
,2963,,,,11315.7490234375
,2964,,,,13292.8740234375
,2965,,,,10355.3037109375
,2966,,,,10466.6474609375
,2967,,,,8181.54736328125
,2968,,,,9195.4873046875
,2969,,,,11019.279296875
,2970,,,,9233.875
,2971,,,,9938.599609375
,2972,,,,9526.1416015625
,2973,,,,9420.4130859375
,2974,,,,11164.072265625
,2975,,,,12494.1875
47,11759,,,10058.2666015625,
47,11759,10625.3125,,,
48,11799,,10212.9072265625,,
48,11849,,10584.4921875,,
48,11899,,11162.923828125,,
48,11949,,13480.9853515625,,
48,11999,,11383.6015625,,
,2976,,,,7959.90869140625
,2977,,,,10369.5986328125
,2978,,,,13333.31640625
,2979,,,,7367.01904296875
,2980,,,,9454.0927734375
,2981,,,,10308.7724609375
,2982,,,,10405.4794921875
,2983,,,,10915.033203125
,2984,,,,11226.6640625
,2985,,,,9858.8525390625
,2986,,,,9589.4873046875
,2987,,,,10730.197265625
,2988,,,,11447.4267578125
,2989,,,,9434.1513671875
,2990,,,,8665.0390625
,2991,,,,10766.9912109375
,2992,,,,9662.048828125
,2993,,,,11366.076171875
,2994,,,,10985.0537109375
,2995,,,,11192.9453125
,2996,,,,10913.3076171875
,2997,,,,10497.330078125
,2998,,,,10178.533203125
,2999,,,,10609.3916015625
,3000,,,,8787.384765625
,3001,,,,10433.4677734375
,3002,,,,8511.1416015625
,3003,,,,10811.3984375
,3004,,,,9856.23828125
,3005,,,,9539.208984375
,3006,,,,10857.5517578125
,3007,,,,13116.5576171875
,3008,,,,9512.9404296875
,3009,,,,9589.689453125
,3010,,,,9763.8388671875
,3011,,,,9234.1259765625
,3012,,,,7494.427734375
,3013,,,,10065.6884765625
,3014,,,,11549.0537109375
,3015,,,,12047.4462890625
,3016,,,,9479.212890625
,3017,,,,10011.60546875
,3018,,,,8722.150390625
,3019,,,,10239.2685546875
,3020,,,,10102.9833984375
,3021,,,,9934.5068359375
,3022,,,,10231.896484375
,3023,,,,8939.498046875
,3024,,,,9706.48828125
,3025,,,,11441.6962890625
,3026,,,,13346.01171875
,3027,,,,10449.6796875
,3028,,,,10591.8466796875
,3029,,,,8311.81640625
,3030,,,,9334.8740234375
,3031,,,,11160.3388671875
,3032,,,,9390.2109375
,3033,,,,10070.5966796875
,3034,,,,9692.0439453125
,3035,,,,9485.205078125
,3036,,,,11228.068359375
,3037,,,,12567.1142578125
48,12004,,,10177.0439453125,
48,12004,10591.654296875,,,
49,12049,,11389.7041015625,,
49,12099,,8941.0390625,,
49,12149,,9849.1689453125,,
49,12199,,12152.8359375,,
49,12249,,11389.7275390625,,
,3038,,,,7905.21337890625
,3039,,,,10269.32421875
,3040,,,,13197.3720703125
,3041,,,,7306.98291015625
,3042,,,,9357.7666015625
,3043,,,,10223.4287109375
,3044,,,,10339.6669921875
,3045,,,,10815.7744140625
,3046,,,,11147.0869140625
,3047,,,,9764.859375
,3048,,,,9503.0703125
,3049,,,,10647.6103515625
,3050,,,,11333.533203125
,3051,,,,9269.01953125
,3052,,,,8630.365234375
,3053,,,,10620.7763671875
,3054,,,,9555.4208984375
,3055,,,,11235.447265625
,3056,,,,10846.6962890625
,3057,,,,11130.8701171875
,3058,,,,10814.685546875
,3059,,,,10416.419921875
,3060,,,,10058.5849609375
,3061,,,,10525.6279296875
,3062,,,,8742.5703125
,3063,,,,10355.37109375
,3064,,,,8433.203125
,3065,,,,10700.7578125
,3066,,,,9708.103515625
,3067,,,,9421.765625
,3068,,,,10708.1943359375
,3069,,,,12999.00390625
,3070,,,,9437.0888671875
,3071,,,,9462.12890625
,3072,,,,9626.7587890625
,3073,,,,9105.0380859375
,3074,,,,7348.33251953125
,3075,,,,9975.93359375
,3076,,,,11430.58203125
,3077,,,,11922.7919921875
,3078,,,,9393.765625
,3079,,,,9926.8291015625
,3080,,,,8621.14453125
,3081,,,,10175.673828125
,3082,,,,9962.6513671875
,3083,,,,9872.0625
,3084,,,,10141.6767578125
,3085,,,,8834.888671875
,3086,,,,9597.3798828125
,3087,,,,11314.9462890625
,3088,,,,13298.6455078125
,3089,,,,10391.3193359375
,3090,,,,10497.2734375
,3091,,,,8207.34765625
,3092,,,,9253.4541015625
,3093,,,,11062.8408203125
,3094,,,,9233.5078125
,3095,,,,9990.8134765625
,3096,,,,9602.21484375
,3097,,,,9410.55078125
,3098,,,,11155.8564453125
,3099,,,,12476.9111328125
49,12249,,,10078.078125,
49,12249,10565.9287109375,,,
50,12299,,11823.0615234375,,
50,12349,,9683.666015625,,
50,12399,,7700.22998046875,,
50,12449,,10526.294921875,,
,3100,,,,7746.2099609375
,3101,,,,10120.9208984375
,3102,,,,13102.0859375
,3103,,,,7221.14794921875
,3104,,,,9232.8798828125
,3105,,,,10102.046875
,3106,,,,10259.7880859375
,3107,,,,10752.4345703125
,3108,,,,10936.7314453125
,3109,,,,9665.607421875
,3110,,,,9421.5009765625
,3111,,,,10541.71484375
,3112,,,,11252.51953125
,3113,,,,9179.8056640625
,3114,,,,8494.0185546875
,3115,,,,10556.2255859375
,3116,,,,9457.33203125
,3117,,,,11132.6767578125
,3118,,,,10779.287109375
,3119,,,,10987.462890625
,3120,,,,10744.6181640625
,3121,,,,10284.8681640625
,3122,,,,9983.6748046875
,3123,,,,10395.20703125
,3124,,,,8669.775390625
,3125,,,,10172.1171875
,3126,,,,8309.732421875
,3127,,,,10605.98046875
,3128,,,,9644.7587890625
,3129,,,,9295.158203125
,3130,,,,10640.7177734375
,3131,,,,12899.7373046875
,3132,,,,9351.328125
,3133,,,,9359.2548828125
,3134,,,,9566.2705078125
,3135,,,,8987.1796875
,3136,,,,7252.009765625
,3137,,,,9856.44140625
,3138,,,,11310.9013671875
,3139,,,,11822.75
,3140,,,,9308.13671875
,3141,,,,9865.9130859375
,3142,,,,8571.69140625
,3143,,,,10059.1220703125
,3144,,,,9877.1064453125
,3145,,,,9824.9560546875
,3146,,,,10050.794921875
,3147,,,,8778.6845703125
,3148,,,,9501.5087890625
,3149,,,,11234.404296875
,3150,,,,13190.8623046875
,3151,,,,10289.8623046875
,3152,,,,10376.283203125
,3153,,,,8117.70361328125
,3154,,,,9115.7744140625
,3155,,,,10938.673828125
,3156,,,,9195.966796875
,3157,,,,9835.3310546875
,3158,,,,9444.7841796875
,3159,,,,9307.2041015625
,3160,,,,11068.9140625
,3161,,,,12423.259765625
50,12494,,,9976.78125,
50,12494,10545.2490234375,,,
51,12499,,10617.14453125,,
51,12549,,13100.0869140625,,
51,12599,,9862.0048828125,,
51,12649,,8861.1181640625,,
51,12699,,9005.302734375,,
,3162,,,,7770.0625
,3163,,,,10131.21484375
,3164,,,,13115.94921875
,3165,,,,7203.43212890625
,3166,,,,9239.6923828125
,3167,,,,10113.185546875
,3168,,,,10250.8857421875
,3169,,,,10739.953125
,3170,,,,10962.7958984375
,3171,,,,9635.818359375
,3172,,,,9388.099609375
,3173,,,,10566.6357421875
,3174,,,,11242.5107421875
,3175,,,,9169.2919921875
,3176,,,,8480.0517578125
,3177,,,,10512.7734375
,3178,,,,9469.228515625
,3179,,,,11166.630859375
,3180,,,,10762.2841796875
,3181,,,,11009.2568359375
,3182,,,,10737.73828125
,3183,,,,10303.3125
,3184,,,,10022.51171875
,3185,,,,10384.888671875
,3186,,,,8662.484375
,3187,,,,10210.625
,3188,,,,8321.23828125
,3189,,,,10607.384765625
,3190,,,,9650.4443359375
,3191,,,,9284.9794921875
,3192,,,,10661.2275390625
,3193,,,,12895.771484375
,3194,,,,9351.6025390625
,3195,,,,9355.763671875
,3196,,,,9579.6728515625
,3197,,,,8989.908203125
,3198,,,,7247.88134765625
,3199,,,,9862.232421875
,3200,,,,11332.197265625
,3201,,,,11822.51171875
,3202,,,,9283.03515625
,3203,,,,9885.609375
,3204,,,,8565.08984375
,3205,,,,10059.2041015625
,3206,,,,9848.37890625
,3207,,,,9810.212890625
,3208,,,,10051.4404296875
,3209,,,,8782.2900390625
,3210,,,,9493.3701171875
,3211,,,,11223.064453125
,3212,,,,13189.302734375
,3213,,,,10269.59375
,3214,,,,10356.5673828125
,3215,,,,8126.48046875
,3216,,,,9144.1650390625
,3217,,,,10920.0244140625
,3218,,,,9222.7197265625
,3219,,,,9849.4521484375
,3220,,,,9451.0625
,3221,,,,9303.7470703125
,3222,,,,11074.78125
,3223,,,,12367.5634765625
51,12739,,,9977.8115234375,
51,12739,10536.470703125,,,
52,12749,,9571.044921875,,
52,12799,,10691.1328125,,
52,12849,,8405.1220703125,,
52,12899,,10620.732421875,,
52,12949,,13916.49609375,,
,3224,,,,7740.27880859375
,3225,,,,10097.5869140625
,3226,,,,13063.603515625
,3227,,,,7180.01171875
,3228,,,,9220.2451171875
,3229,,,,10097.78515625
,3230,,,,10221.22265625
,3231,,,,10701.3359375
,3232,,,,10949.0576171875
,3233,,,,9613.26953125
,3234,,,,9381.900390625
,3235,,,,10535.4580078125
,3236,,,,11193.705078125
,3237,,,,9112.49609375
,3238,,,,8463.8310546875
,3239,,,,10483.6826171875
,3240,,,,9401.845703125
,3241,,,,11099.3408203125
,3242,,,,10709.1796875
,3243,,,,10967.7138671875
,3244,,,,10686.1845703125
,3245,,,,10267.82421875
,3246,,,,9967.1689453125
,3247,,,,10373.30859375
,3248,,,,8648.46484375
,3249,,,,10203.4677734375
,3250,,,,8295.2685546875
,3251,,,,10578.6865234375
,3252,,,,9599.9326171875
,3253,,,,9242.84765625
,3254,,,,10581.216796875
,3255,,,,12860.1455078125
,3256,,,,9331.57421875
,3257,,,,9326.5439453125
,3258,,,,9523.7080078125
,3259,,,,8991.9443359375
,3260,,,,7221.25048828125
,3261,,,,9846.6708984375
,3262,,,,11284.4638671875
,3263,,,,11773.4208984375
,3264,,,,9243.34765625
,3265,,,,9830.4931640625
,3266,,,,8528.70703125
,3267,,,,10055.646484375
,3268,,,,9843.7509765625
,3269,,,,9754.390625
,3270,,,,10022.1533203125
,3271,,,,8727.7705078125
,3272,,,,9483.451171875
,3273,,,,11183.16796875
,3274,,,,13156.3447265625
,3275,,,,10265.3203125
,3276,,,,10373.7705078125
,3277,,,,8098.4287109375
,3278,,,,9119.828125
,3279,,,,10908.3798828125
,3280,,,,9132.6640625
,3281,,,,9816.421875
,3282,,,,9446.6767578125
,3283,,,,9270.0830078125
,3284,,,,11035.4794921875
,3285,,,,12368.0693359375
52,12984,,,9945.3095703125,
52,12984,10517.8310546875,,,
53,12999,,11445.6025390625,,
53,13049,,9611.6142578125,,
53,13099,,8383.806640625,,
53,13149,,12014.416015625,,
53,13199,,13318.685546875,,
,3286,,,,7829.88818359375
,3287,,,,10182.650390625
,3288,,,,13180.16796875
,3289,,,,7240.29443359375
,3290,,,,9322.259765625
,3291,,,,10193.78125
,3292,,,,10247.998046875
,3293,,,,10786.7265625
,3294,,,,11018.64453125
,3295,,,,9698.15234375
,3296,,,,9373.55859375
,3297,,,,10642.9345703125
,3298,,,,11282.974609375
,3299,,,,9254.859375
,3300,,,,8508.15625
,3301,,,,10559.951171875
,3302,,,,9532.60546875
,3303,,,,11210.984375
,3304,,,,10801.5791015625
,3305,,,,11075.66796875
,3306,,,,10766.0341796875
,3307,,,,10347.4111328125
,3308,,,,10096.466796875
,3309,,,,10435.9736328125
,3310,,,,8680.9326171875
,3311,,,,10305.5400390625
,3312,,,,8387.40234375
,3313,,,,10663.3876953125
,3314,,,,9739.20703125
,3315,,,,9331.3310546875
,3316,,,,10769.1484375
,3317,,,,12947.1552734375
,3318,,,,9402.2060546875
,3319,,,,9410.0888671875
,3320,,,,9657.0146484375
,3321,,,,9071.818359375
,3322,,,,7317.099609375
,3323,,,,9932.037109375
,3324,,,,11379.466796875
,3325,,,,11908.91015625
,3326,,,,9322.056640625
,3327,,,,9946.7783203125
,3328,,,,8587.3203125
,3329,,,,10086.5966796875
,3330,,,,9909.359375
,3331,,,,9873.3935546875
,3332,,,,10045.001953125
,3333,,,,8843.3837890625
,3334,,,,9554.939453125
,3335,,,,11270.6318359375
,3336,,,,13204.03515625
,3337,,,,10328.982421875
,3338,,,,10433.2607421875
,3339,,,,8169.5283203125
,3340,,,,9252.671875
,3341,,,,10992.58984375
,3342,,,,9298.2373046875
,3343,,,,9915.84765625
,3344,,,,9559.3916015625
,3345,,,,9326.1591796875
,3346,,,,11141.0537109375
,3347,,,,12374.1640625
53,13229,,,10033.8642578125,
53,13229,10495.447265625,,,
54,13249,,12090.69921875,,
54,13299,,8702.291015625,,
54,13349,,11197.0146484375,,
54,13399,,10598.6396484375,,
54,13449,,9336.15625,,
,3348,,,,7801.103515625
,3349,,,,10156.560546875
,3350,,,,13118.7158203125
,3351,,,,7253.73974609375
,3352,,,,9307.5615234375
,3353,,,,10141.0693359375
,3354,,,,10283.0341796875
,3355,,,,10763.4052734375
,3356,,,,11016.392578125
,3357,,,,9679.95703125
,3358,,,,9468.06640625
,3359,,,,10581.9765625
,3360,,,,11291.611328125
,3361,,,,9171.3896484375
,3362,,,,8503.3095703125
,3363,,,,10581.474609375
,3364,,,,9483.1376953125
,3365,,,,11166.6181640625
,3366,,,,10789.4091796875
,3367,,,,11019.9716796875
,3368,,,,10755.69921875
,3369,,,,10323.87109375
,3370,,,,10065.8857421875
,3371,,,,10448.3232421875
,3372,,,,8635.6279296875
,3373,,,,10253.9970703125
,3374,,,,8394.779296875
,3375,,,,10629.923828125
,3376,,,,9649.09375
,3377,,,,9403.3447265625
,3378,,,,10642.732421875
,3379,,,,12886.3310546875
,3380,,,,9365.4814453125
,3381,,,,9402.896484375
,3382,,,,9597.71875
,3383,,,,9031.43359375
,3384,,,,7291.072265625
,3385,,,,9897.064453125
,3386,,,,11345.16015625
,3387,,,,11830.890625
,3388,,,,9308.2392578125
,3389,,,,9883.5380859375
,3390,,,,8594.353515625
,3391,,,,10098.3955078125
,3392,,,,9899.1513671875
,3393,,,,9803.421875
,3394,,,,10091.6953125
,3395,,,,8780.515625
,3396,,,,9509.453125
,3397,,,,11264.3515625
,3398,,,,13190.9921875
,3399,,,,10286.462890625
,3400,,,,10412.5947265625
,3401,,,,8151.81787109375
,3402,,,,9166.869140625
,3403,,,,10965.74609375
,3404,,,,9213.908203125
,3405,,,,9892.32421875
,3406,,,,9505.283203125
,3407,,,,9341.8193359375
,3408,,,,11082.9208984375
,3409,,,,12395.1875
54,13474,,,10006.49609375,
54,13474,10473.3818359375,,,
55,13499,,9911.5244140625,,
55,13549,,9958.556640625,,
55,13599,,10103.224609375,,
55,13649,,11521.2119140625,,
55,13699,,9870.7451171875,,
,3410,,,,7732.5849609375
,3411,,,,10033.39453125
,3412,,,,12963.421875
,3413,,,,7158.6796875
,3414,,,,9166.314453125
,3415,,,,10047.4833984375
,3416,,,,10154.1328125
,3417,,,,10631.0634765625
,3418,,,,10902.1015625
,3419,,,,9588.2724609375
,3420,,,,9272.7314453125
,3421,,,,10479.8662109375
,3422,,,,11115.203125
,3423,,,,9068.23046875
,3424,,,,8435.0458984375
,3425,,,,10418.9482421875
,3426,,,,9393.111328125
,3427,,,,11032.0576171875
,3428,,,,10651.4404296875
,3429,,,,10933.7080078125
,3430,,,,10630.6064453125
,3431,,,,10225.0087890625
,3432,,,,9900.703125
,3433,,,,10294.7255859375
,3434,,,,8604.8623046875
,3435,,,,10126.2685546875
,3436,,,,8256.7705078125
,3437,,,,10521.2314453125
,3438,,,,9552.857421875
,3439,,,,9206.7822265625
,3440,,,,10553.4404296875
,3441,,,,12767.591796875
,3442,,,,9291.7998046875
,3443,,,,9262.0634765625
,3444,,,,9476.40625
,3445,,,,8904.6376953125
,3446,,,,7172.65673828125
,3447,,,,9770.2265625
,3448,,,,11230.783203125
,3449,,,,11718.5263671875
,3450,,,,9211.13671875
,3451,,,,9801.2041015625
,3452,,,,8493.271484375
,3453,,,,9988.841796875
,3454,,,,9771.623046875
,3455,,,,9717.1533203125
,3456,,,,9919.4013671875
,3457,,,,8702.3076171875
,3458,,,,9417.7255859375
,3459,,,,11124.400390625
,3460,,,,13055.0048828125
,3461,,,,10224.02734375
,3462,,,,10306.3837890625
,3463,,,,8057.94189453125
,3464,,,,9070.6572265625
,3465,,,,10852.447265625
,3466,,,,9097.466796875
,3467,,,,9822.89453125
,3468,,,,9399.4365234375
,3469,,,,9209.5205078125
,3470,,,,10966.517578125
,3471,,,,12300.5458984375
55,13719,,,9891.5087890625,
55,13719,10451.2802734375,,,
56,13749,,8966.6474609375,,
56,13799,,10601.2666015625,,
56,13849,,8804.5361328125,,
56,13899,,8052.595703125,,
56,13949,,11451.546875,,
,3472,,,,7759.798828125
,3473,,,,10128.3720703125
,3474,,,,13057.7880859375
,3475,,,,7209.39990234375
,3476,,,,9256.1083984375
,3477,,,,10096.0859375
,3478,,,,10234.12890625
,3479,,,,10727.5087890625
,3480,,,,10981.3583984375
,3481,,,,9605.0185546875
,3482,,,,9338.673828125
,3483,,,,10560.177734375
,3484,,,,11219.6689453125
,3485,,,,9136.7666015625
,3486,,,,8442.12890625
,3487,,,,10510.3095703125
,3488,,,,9438.2763671875
,3489,,,,11103.009765625
,3490,,,,10710.3388671875
,3491,,,,10998.2041015625
,3492,,,,10709.33984375
,3493,,,,10280.0693359375
,3494,,,,9998.0341796875
,3495,,,,10336.3095703125
,3496,,,,8615.4130859375
,3497,,,,10195.4169921875
,3498,,,,8324.072265625
,3499,,,,10579.15625
,3500,,,,9604.3154296875
,3501,,,,9275.4453125
,3502,,,,10633.3759765625
,3503,,,,12849.3916015625
,3504,,,,9334.6845703125
,3505,,,,9328.884765625
,3506,,,,9552.365234375
,3507,,,,8961.314453125
,3508,,,,7254.33740234375
,3509,,,,9826.580078125
,3510,,,,11319.169921875
,3511,,,,11785.9228515625
,3512,,,,9225.0087890625
,3513,,,,9868.7841796875
,3514,,,,8521.513671875
,3515,,,,10023.9609375
,3516,,,,9829.078125
,3517,,,,9777.0732421875
,3518,,,,10011.0029296875
,3519,,,,8744.1357421875
,3520,,,,9483.056640625
,3521,,,,11199.669921875
,3522,,,,13121.509765625
,3523,,,,10229.1796875
,3524,,,,10356.162109375
,3525,,,,8066.0400390625
,3526,,,,9110.1171875
,3527,,,,10898.4609375
,3528,,,,9210.384765625
,3529,,,,9853.5166015625
,3530,,,,9457.3232421875
,3531,,,,9274.748046875
,3532,,,,11011.4931640625
,3533,,,,12306.744140625
56,13964,,,9951.869140625,
56,13964,10437.7177734375,,,
57,13999,,9888.0927734375,,
57,14049,,11622.3740234375,,
57,14099,,11045.3291015625,,
57,14149,,10351.48046875,,
57,14199,,10169.515625,,
,3534,,,,7718.376953125
,3535,,,,10103.2255859375
,3536,,,,13038.232421875
,3537,,,,7182.49072265625
,3538,,,,9242.5556640625
,3539,,,,10083.7255859375
,3540,,,,10226.8671875
,3541,,,,10707.82421875
,3542,,,,10918.4482421875
,3543,,,,9618.1611328125
,3544,,,,9377.2568359375
,3545,,,,10515.1943359375
,3546,,,,11212.3271484375
,3547,,,,9166.9140625
,3548,,,,8455.392578125
,3549,,,,10542.048828125
,3550,,,,9435.955078125
,3551,,,,11061.6787109375
,3552,,,,10725.8154296875
,3553,,,,10930.9111328125
,3554,,,,10670.9140625
,3555,,,,10257.341796875
,3556,,,,10011.412109375
,3557,,,,10385.375
,3558,,,,8607.5966796875
,3559,,,,10187.1904296875
,3560,,,,8273.3076171875
,3561,,,,10577.0771484375
,3562,,,,9640.1533203125
,3563,,,,9289.3408203125
,3564,,,,10566.6435546875
,3565,,,,12848.9833984375
,3566,,,,9312.349609375
,3567,,,,9329.626953125
,3568,,,,9540.6748046875
,3569,,,,9015.42578125
,3570,,,,7243.62890625
,3571,,,,9840.15625
,3572,,,,11269.9521484375
,3573,,,,11778.8876953125
,3574,,,,9212.8759765625
,3575,,,,9846.7626953125
,3576,,,,8529.205078125
,3577,,,,10007.6474609375
,3578,,,,9834.9892578125
,3579,,,,9800.9150390625
,3580,,,,10040.66796875
,3581,,,,8706.2607421875
,3582,,,,9470.4169921875
,3583,,,,11162.1162109375
,3584,,,,13141.1806640625
,3585,,,,10228.98046875
,3586,,,,10357.283203125
,3587,,,,8089.69873046875
,3588,,,,9098.1396484375
,3589,,,,10894.0166015625
,3590,,,,9193.04296875
,3591,,,,9834.7939453125
,3592,,,,9480.2001953125
,3593,,,,9297.9326171875
,3594,,,,11000.89453125
,3595,,,,12296.0537109375
57,14209,,,9945.1083984375,
57,14209,10427.98046875,,,
58,14249,,10297.7353515625,,
58,14299,,11705.24609375,,
58,14349,,11080.4970703125,,
58,14399,,10882.130859375,,
58,14449,,10217.8310546875,,
,3596,,,,7621.91845703125
,3597,,,,9943.39453125
,3598,,,,12909.0498046875
,3599,,,,7079.865234375
,3600,,,,9111.8662109375
,3601,,,,9983.060546875
,3602,,,,10056.9423828125
,3603,,,,10544.1640625
,3604,,,,10824.3564453125
,3605,,,,9538.0986328125
,3606,,,,9243.5869140625
,3607,,,,10410.2216796875
,3608,,,,11007.791015625
,3609,,,,9061.345703125
,3610,,,,8380.8046875
,3611,,,,10364.736328125
,3612,,,,9302.9951171875
,3613,,,,10977.9013671875
,3614,,,,10637.970703125
,3615,,,,10835.529296875
,3616,,,,10540.47265625
,3617,,,,10132.6884765625
,3618,,,,9845.794921875
,3619,,,,10218.009765625
,3620,,,,8528.091796875
,3621,,,,10060.193359375
,3622,,,,8157.02880859375
,3623,,,,10491.2373046875
,3624,,,,9547.708984375
,3625,,,,9135.4404296875
,3626,,,,10510.1552734375
,3627,,,,12698.2685546875
,3628,,,,9235.1708984375
,3629,,,,9231.66015625
,3630,,,,9430.5478515625
,3631,,,,8912.734375
,3632,,,,7137.33251953125
,3633,,,,9700.5859375
,3634,,,,11153.5126953125
,3635,,,,11663.0048828125
,3636,,,,9137.3955078125
,3637,,,,9719.5048828125
,3638,,,,8454.5234375
,3639,,,,9932.6123046875
,3640,,,,9725.0380859375
,3641,,,,9669.060546875
,3642,,,,9861.82421875
,3643,,,,8665.7255859375
,3644,,,,9379.666015625
,3645,,,,11067.62890625
,3646,,,,12963.7197265625
,3647,,,,10170.505859375
,3648,,,,10237.7431640625
,3649,,,,8013.40966796875
,3650,,,,9017.1337890625
,3651,,,,10793.361328125
,3652,,,,9018.1865234375
,3653,,,,9742.4013671875
,3654,,,,9336.9677734375
,3655,,,,9130.0
,3656,,,,10935.611328125
,3657,,,,12287.865234375
58,14454,,,9830.734375,
58,14454,10401.64453125,,,
59,14499,,10517.5732421875,,
59,14549,,11724.5517578125,,
59,14599,,10706.1982421875,,
59,14649,,10130.5537109375,,
59,14699,,11028.20703125,,
,3658,,,,7687.7265625
,3659,,,,9998.11328125
,3660,,,,12933.6865234375
,3661,,,,7120.3857421875
,3662,,,,9140.3017578125
,3663,,,,10017.580078125
,3664,,,,10123.533203125
,3665,,,,10571.1240234375
,3666,,,,10822.1396484375
,3667,,,,9534.361328125
,3668,,,,9263.2763671875
,3669,,,,10454.8564453125
,3670,,,,11096.4375
,3671,,,,8995.7001953125
,3672,,,,8381.9169921875
,3673,,,,10395.8759765625
,3674,,,,9327.2275390625
,3675,,,,11002.595703125
,3676,,,,10631.2724609375
,3677,,,,10904.525390625
,3678,,,,10621.6455078125
,3679,,,,10144.3271484375
,3680,,,,9903.060546875
,3681,,,,10198.7119140625
,3682,,,,8555.9453125
,3683,,,,10093.640625
,3684,,,,8219.9609375
,3685,,,,10486.7705078125
,3686,,,,9520.7890625
,3687,,,,9191.3212890625
,3688,,,,10541.4228515625
,3689,,,,12683.29296875
,3690,,,,9255.982421875
,3691,,,,9228.609375
,3692,,,,9437.224609375
,3693,,,,8837.0615234375
,3694,,,,7141.12890625
,3695,,,,9720.396484375
,3696,,,,11175.9306640625
,3697,,,,11660.0146484375
,3698,,,,9154.2578125
,3699,,,,9793.44140625
,3700,,,,8476.8818359375
,3701,,,,9961.345703125
,3702,,,,9719.7451171875
,3703,,,,9699.96484375
,3704,,,,9888.0390625
,3705,,,,8666.216796875
,3706,,,,9372.8388671875
,3707,,,,11120.9873046875
,3708,,,,13029.1298828125
,3709,,,,10141.3681640625
,3710,,,,10226.025390625
,3711,,,,7985.67236328125
,3712,,,,9025.4208984375
,3713,,,,10841.8017578125
,3714,,,,9060.9501953125
,3715,,,,9785.9033203125
,3716,,,,9343.9736328125
,3717,,,,9164.8447265625
,3718,,,,10947.130859375
,3719,,,,12251.3525390625
59,14699,,,9851.6533203125,
59,14699,10379.5390625,,,
60,14749,,8188.3828125,,
60,14799,,10418.8994140625,,
60,14849,,11624.234375,,
60,14899,,12774.9482421875,,
,3720,,,,7646.796875
,3721,,,,9969.232421875
,3722,,,,12924.732421875
,3723,,,,7067.45458984375
,3724,,,,9148.34765625
,3725,,,,9995.1162109375
,3726,,,,10069.5849609375
,3727,,,,10533.873046875
,3728,,,,10853.2294921875
,3729,,,,9535.3779296875
,3730,,,,9260.712890625
,3731,,,,10425.162109375
,3732,,,,11031.716796875
,3733,,,,9026.93359375
,3734,,,,8365.1337890625
,3735,,,,10367.896484375
,3736,,,,9320.419921875
,3737,,,,10955.810546875
,3738,,,,10601.515625
,3739,,,,10845.154296875
,3740,,,,10554.65625
,3741,,,,10153.326171875
,3742,,,,9878.6328125
,3743,,,,10233.052734375
,3744,,,,8513.544921875
,3745,,,,10103.990234375
,3746,,,,8180.04248046875
,3747,,,,10473.4716796875
,3748,,,,9524.3798828125
,3749,,,,9184.5888671875
,3750,,,,10482.4296875
,3751,,,,12678.2919921875
,3752,,,,9230.25
,3753,,,,9231.095703125
,3754,,,,9428.7685546875
,3755,,,,8901.921875
,3756,,,,7151.25634765625
,3757,,,,9716.1455078125
,3758,,,,11175.1396484375
,3759,,,,11651.19921875
,3760,,,,9097.0947265625
,3761,,,,9714.939453125
,3762,,,,8439.033203125
,3763,,,,9921.873046875
,3764,,,,9708.8935546875
,3765,,,,9642.2568359375
,3766,,,,9876.3125
,3767,,,,8655.888671875
,3768,,,,9390.001953125
,3769,,,,11073.146484375
,3770,,,,12974.2861328125
,3771,,,,10135.6396484375
,3772,,,,10267.8857421875
,3773,,,,8006.6494140625
,3774,,,,9045.271484375
,3775,,,,10795.712890625
,3776,,,,8997.3896484375
,3777,,,,9757.0244140625
,3778,,,,9377.880859375
,3779,,,,9160.447265625
,3780,,,,10897.93359375
,3781,,,,12236.4921875
60,14944,,,9833.6298828125,
60,14944,10364.0146484375,,,
61,14949,,10877.7646484375,,
61,14999,,8863.3095703125,,
61,15049,,11760.7265625,,
61,15099,,9895.0390625,,
61,15149,,9752.7353515625,,
,3782,,,,7605.44970703125
,3783,,,,9954.5244140625
,3784,,,,12890.8759765625
,3785,,,,7053.5458984375
,3786,,,,9082.2412109375
,3787,,,,9985.349609375
,3788,,,,10050.3037109375
,3789,,,,10505.4482421875
,3790,,,,10765.3486328125
,3791,,,,9489.1181640625
,3792,,,,9218.7548828125
,3793,,,,10444.9208984375
,3794,,,,11132.71875
,3795,,,,9072.5546875
,3796,,,,8336.283203125
,3797,,,,10374.78125
,3798,,,,9303.6455078125
,3799,,,,10940.822265625
,3800,,,,10616.1298828125
,3801,,,,10834.6376953125
,3802,,,,10561.029296875
,3803,,,,10099.859375
,3804,,,,9923.806640625
,3805,,,,10194.7216796875
,3806,,,,8469.9248046875
,3807,,,,10078.5048828125
,3808,,,,8119.1005859375
,3809,,,,10467.2763671875
,3810,,,,9589.669921875
,3811,,,,9059.40625
,3812,,,,10537.9765625
,3813,,,,12692.53515625
,3814,,,,9194.4912109375
,3815,,,,9206.904296875
,3816,,,,9461.041015625
,3817,,,,8853.642578125
,3818,,,,7143.66650390625
,3819,,,,9705.1123046875
,3820,,,,11125.2021484375
,3821,,,,11633.2607421875
,3822,,,,9105.5712890625
,3823,,,,9804.76953125
,3824,,,,8403.5302734375
,3825,,,,9857.5
,3826,,,,9714.4208984375
,3827,,,,9704.4794921875
,3828,,,,9843.419921875
,3829,,,,8630.1318359375
,3830,,,,9371.9375
,3831,,,,11047.0634765625
,3832,,,,12945.22265625
,3833,,,,10111.6181640625
,3834,,,,10164.0009765625
,3835,,,,7982.3486328125
,3836,,,,8971.0390625
,3837,,,,10747.5712890625
,3838,,,,9119.4697265625
,3839,,,,9671.34765625
,3840,,,,9283.5302734375
,3841,,,,9083.3330078125
,3842,,,,10902.3046875
,3843,,,,12216.9453125
61,15189,,,9815.810546875,
61,15189,10337.27734375,,,
62,15199,,9893.2451171875,,
62,15249,,11673.037109375,,
62,15299,,8581.2841796875,,
62,15349,,11705.0224609375,,
62,15399,,9788.3896484375,,
,3844,,,,7568.8515625
,3845,,,,9894.4697265625
,3846,,,,12806.1884765625
,3847,,,,7008.9189453125
,3848,,,,9023.19921875
,3849,,,,9910.931640625
,3850,,,,10003.748046875
,3851,,,,10450.865234375
,3852,,,,10736.498046875
,3853,,,,9456.921875
,3854,,,,9182.1279296875
,3855,,,,10312.9150390625
,3856,,,,10954.80859375
,3857,,,,8962.1494140625
,3858,,,,8295.578125
,3859,,,,10281.2021484375
,3860,,,,9213.189453125
,3861,,,,10854.1357421875
,3862,,,,10507.9326171875
,3863,,,,10745.298828125
,3864,,,,10474.8271484375
,3865,,,,10049.26953125
,3866,,,,9779.302734375
,3867,,,,10161.9345703125
,3868,,,,8455.3671875
,3869,,,,9993.1474609375
,3870,,,,8098.25048828125
,3871,,,,10383.259765625
,3872,,,,9458.08203125
,3873,,,,9058.162109375
,3874,,,,10367.41796875
,3875,,,,12606.2529296875
,3876,,,,9164.4306640625
,3877,,,,9142.5458984375
,3878,,,,9348.6162109375
,3879,,,,8831.609375
,3880,,,,7090.75634765625
,3881,,,,9645.775390625
,3882,,,,11057.2783203125
,3883,,,,11565.91796875
,3884,,,,9041.513671875
,3885,,,,9639.7216796875
,3886,,,,8373.279296875
,3887,,,,9828.037109375
,3888,,,,9641.236328125
,3889,,,,9589.0283203125
,3890,,,,9799.02734375
,3891,,,,8550.8056640625
,3892,,,,9286.8154296875
,3893,,,,10972.7265625
,3894,,,,12888.6640625
,3895,,,,10058.923828125
,3896,,,,10150.88671875
,3897,,,,7932.71630859375
,3898,,,,8911.8544921875
,3899,,,,10678.8056640625
,3900,,,,8927.4404296875
,3901,,,,9684.228515625
,3902,,,,9290.984375
,3903,,,,9069.8916015625
,3904,,,,10795.7978515625
,3905,,,,12169.3310546875
62,15434,,,9746.630859375,
62,15434,10330.48046875,,,
63,15449,,8926.513671875,,
63,15499,,11954.4970703125,,
63,15549,,11217.4501953125,,
63,15599,,9378.2138671875,,
63,15649,,9804.6533203125,,
,3906,,,,7675.732421875
,3907,,,,9989.623046875
,3908,,,,12908.3662109375
,3909,,,,7118.2666015625
,3910,,,,9161.125
,3911,,,,10001.828125
,3912,,,,10124.1689453125
,3913,,,,10606.8857421875
,3914,,,,10822.994140625
,3915,,,,9525.4560546875
,3916,,,,9284.9501953125
,3917,,,,10421.3193359375
,3918,,,,11139.3955078125
,3919,,,,9034.78515625
,3920,,,,8384.279296875
,3921,,,,10411.080078125
,3922,,,,9350.451171875
,3923,,,,10980.6181640625
,3924,,,,10629.2373046875
,3925,,,,10853.353515625
,3926,,,,10577.587890625
,3927,,,,10156.9248046875
,3928,,,,9959.056640625
,3929,,,,10258.8623046875
,3930,,,,8531.93359375
,3931,,,,10071.73046875
,3932,,,,8226.7021484375
,3933,,,,10499.4248046875
,3934,,,,9554.9853515625
,3935,,,,9245.2666015625
,3936,,,,10534.716796875
,3937,,,,12707.9228515625
,3938,,,,9232.6298828125
,3939,,,,9242.5654296875
,3940,,,,9462.1953125
,3941,,,,8913.9169921875
,3942,,,,7133.79833984375
,3943,,,,9737.5341796875
,3944,,,,11172.01171875
,3945,,,,11668.880859375
,3946,,,,9113.9423828125
,3947,,,,9782.0654296875
,3948,,,,8469.2275390625
,3949,,,,9916.2890625
,3950,,,,9733.732421875
,3951,,,,9725.4208984375
,3952,,,,9898.5625
,3953,,,,8660.13671875
,3954,,,,9398.376953125
,3955,,,,11064.8193359375
,3956,,,,13020.10546875
,3957,,,,10128.2275390625
,3958,,,,10252.8564453125
,3959,,,,7976.01123046875
,3960,,,,9039.0068359375
,3961,,,,10772.2626953125
,3962,,,,9100.9482421875
,3963,,,,9749.8359375
,3964,,,,9387.8798828125
,3965,,,,9208.0244140625
,3966,,,,10894.2919921875
,3967,,,,12177.462890625
63,15679,,,9854.3056640625,
63,15679,10302.9765625,,,
64,15699,,9576.5244140625,,
64,15749,,14006.041015625,,
64,15799,,8865.947265625,,
64,15849,,11917.1865234375,,
64,15899,,11629.8974609375,,
,3968,,,,7582.548828125
,3969,,,,9798.353515625
,3970,,,,12738.42578125
,3971,,,,7012.72265625
,3972,,,,8993.6396484375
,3973,,,,9869.490234375
,3974,,,,9985.5927734375
,3975,,,,10439.5
,3976,,,,10698.2841796875
,3977,,,,9433.283203125
,3978,,,,9131.966796875
,3979,,,,10298.3251953125
,3980,,,,10885.484375
,3981,,,,8935.958984375
,3982,,,,8313.0419921875
,3983,,,,10250.7255859375
,3984,,,,9210.283203125
,3985,,,,10792.9423828125
,3986,,,,10496.5244140625
,3987,,,,10730.5263671875
,3988,,,,10415.1376953125
,3989,,,,10008.2666015625
,3990,,,,9732.0478515625
,3991,,,,10132.8076171875
,3992,,,,8455.98828125
,3993,,,,9934.349609375
,3994,,,,8061.51416015625
,3995,,,,10376.62890625
,3996,,,,9399.9638671875
,3997,,,,9058.013671875
,3998,,,,10371.1796875
,3999,,,,12554.7890625
,4000,,,,9120.541015625
,4001,,,,9136.904296875
,4002,,,,9318.3720703125
,4003,,,,8780.0546875
,4004,,,,7034.45458984375
,4005,,,,9615.892578125
,4006,,,,11028.2197265625
,4007,,,,11530.6767578125
,4008,,,,9038.5771484375
,4009,,,,9632.798828125
,4010,,,,8360.0615234375
,4011,,,,9799.9111328125
,4012,,,,9616.7783203125
,4013,,,,9590.4013671875
,4014,,,,9779.41796875
,4015,,,,8512.318359375
,4016,,,,9283.6025390625
,4017,,,,10912.2861328125
,4018,,,,12866.0263671875
,4019,,,,10039.1416015625
,4020,,,,10141.330078125
,4021,,,,7907.18310546875
,4022,,,,8909.158203125
,4023,,,,10634.455078125
,4024,,,,8880.2021484375
,4025,,,,9641.1923828125
,4026,,,,9236.34375
,4027,,,,9050.15234375
,4028,,,,10787.9423828125
,4029,,,,12142.4892578125
64,15924,,,9718.24609375,
64,15924,10298.4951171875,,,
65,15949,,11171.0107421875,,
65,15999,,9231.6416015625,,
65,16049,,9363.791015625,,
65,16099,,9491.048828125,,
65,16149,,10816.291015625,,
,4030,,,,7558.423828125
,4031,,,,9808.7890625
,4032,,,,12765.794921875
,4033,,,,6997.59619140625
,4034,,,,9009.046875
,4035,,,,9897.8994140625
,4036,,,,9975.369140625
,4037,,,,10462.8671875
,4038,,,,10715.9326171875
,4039,,,,9442.8583984375
,4040,,,,9112.8623046875
,4041,,,,10333.1181640625
,4042,,,,10911.9228515625
,4043,,,,8969.8193359375
,4044,,,,8297.8447265625
,4045,,,,10254.357421875
,4046,,,,9220.1962890625
,4047,,,,10855.09765625
,4048,,,,10510.7451171875
,4049,,,,10726.7880859375
,4050,,,,10448.734375
,4051,,,,10025.6416015625
,4052,,,,9795.3193359375
,4053,,,,10133.1884765625
,4054,,,,8444.2236328125
,4055,,,,9960.0966796875
,4056,,,,8085.31640625
,4057,,,,10392.9931640625
,4058,,,,9442.2275390625
,4059,,,,9038.349609375
,4060,,,,10403.876953125
,4061,,,,12568.4775390625
,4062,,,,9158.3173828125
,4063,,,,9111.1474609375
,4064,,,,9351.0712890625
,4065,,,,8799.6611328125
,4066,,,,7042.42041015625
,4067,,,,9618.9423828125
,4068,,,,11031.9931640625
,4069,,,,11548.8876953125
,4070,,,,9041.3251953125
,4071,,,,9685.9970703125
,4072,,,,8363.0185546875
,4073,,,,9807.0185546875
,4074,,,,9638.3056640625
,4075,,,,9584.0673828125
,4076,,,,9764.68359375
,4077,,,,8531.84375
,4078,,,,9277.9736328125
,4079,,,,10932.8056640625
,4080,,,,12843.416015625
,4081,,,,10037.3076171875
,4082,,,,10118.0712890625
,4083,,,,7919.98095703125
,4084,,,,8916.109375
,4085,,,,10649.99609375
,4086,,,,8932.177734375
,4087,,,,9681.1953125
,4088,,,,9261.51953125
,4089,,,,9035.1220703125
,4090,,,,10806.837890625
,4091,,,,12136.4814453125
65,16169,,,9730.8720703125,
65,16169,10267.751953125,,,
66,16199,,6865.357421875,,
66,16249,,7521.1513671875,,
66,16299,,9422.2822265625,,
66,16349,,11028.3056640625,,
66,16399,,12440.326171875,,
,4092,,,,7523.65380859375
,4093,,,,9780.81640625
,4094,,,,12703.845703125
,4095,,,,6969.9541015625
,4096,,,,8959.794921875
,4097,,,,9851.2314453125
,4098,,,,9928.798828125
,4099,,,,10384.919921875
,4100,,,,10653.9716796875
,4101,,,,9368.6982421875
,4102,,,,9061.34765625
,4103,,,,10248.01171875
,4104,,,,10875.2041015625
,4105,,,,8855.2822265625
,4106,,,,8258.3125
,4107,,,,10210.115234375
,4108,,,,9167.6796875
,4109,,,,10814.1357421875
,4110,,,,10433.4169921875
,4111,,,,10721.37890625
,4112,,,,10406.1865234375
,4113,,,,10009.880859375
,4114,,,,9695.0537109375
,4115,,,,10055.9208984375
,4116,,,,8412.7421875
,4117,,,,9911.36328125
,4118,,,,8005.18994140625
,4119,,,,10328.7802734375
,4120,,,,9386.111328125
,4121,,,,8978.97265625
,4122,,,,10357.25390625
,4123,,,,12497.4228515625
,4124,,,,9108.06640625
,4125,,,,9044.3994140625
,4126,,,,9271.33203125
,4127,,,,8739.080078125
,4128,,,,6974.376953125
,4129,,,,9563.32421875
,4130,,,,10981.3515625
,4131,,,,11474.693359375
,4132,,,,8985.548828125
,4133,,,,9640.763671875
,4134,,,,8297.6396484375
,4135,,,,9768.271484375
,4136,,,,9573.04296875
,4137,,,,9541.7373046875
,4138,,,,9699.150390625
,4139,,,,8530.4462890625
,4140,,,,9216.998046875
,4141,,,,10891.1220703125
,4142,,,,12812.15234375
,4143,,,,10020.810546875
,4144,,,,10049.1669921875
,4145,,,,7849.5361328125
,4146,,,,8867.9423828125
,4147,,,,10618.025390625
,4148,,,,8859.896484375
,4149,,,,9624.0244140625
,4150,,,,9177.701171875
,4151,,,,8991.546875
,4152,,,,10747.4033203125
,4153,,,,12071.7353515625
66,16414,,,9676.375,
66,16414,10251.1328125,,,
67,16449,,8488.4833984375,,
67,16499,,10470.6611328125,,
67,16549,,9869.013671875,,
67,16599,,10904.4716796875,,
67,16649,,9112.1826171875,,
,4154,,,,7535.75146484375
,4155,,,,9775.80859375
,4156,,,,12708.1796875
,4157,,,,6936.03369140625
,4158,,,,8940.57421875
,4159,,,,9841.7373046875
,4160,,,,9940.3837890625
,4161,,,,10390.5380859375
,4162,,,,10627.3203125
,4163,,,,9388.1259765625
,4164,,,,9092.4404296875
,4165,,,,10249.181640625
,4166,,,,10862.431640625
,4167,,,,8846.7587890625
,4168,,,,8250.1982421875
,4169,,,,10228.6630859375
,4170,,,,9130.6943359375
,4171,,,,10775.96875
,4172,,,,10451.6611328125
,4173,,,,10690.3466796875
,4174,,,,10384.048828125
,4175,,,,9966.666015625
,4176,,,,9741.193359375
,4177,,,,10060.1337890625
,4178,,,,8393.0107421875
,4179,,,,9887.3857421875
,4180,,,,8008.09033203125
,4181,,,,10325.1240234375
,4182,,,,9345.57421875
,4183,,,,9025.875
,4184,,,,10332.0087890625
,4185,,,,12490.234375
,4186,,,,9087.9150390625
,4187,,,,9056.9873046875
,4188,,,,9262.7041015625
,4189,,,,8756.5625
,4190,,,,6959.72900390625
,4191,,,,9571.892578125
,4192,,,,10983.986328125
,4193,,,,11460.09375
,4194,,,,8965.748046875
,4195,,,,9600.6435546875
,4196,,,,8318.9423828125
,4197,,,,9745.2744140625
,4198,,,,9567.951171875
,4199,,,,9539.6162109375
,4200,,,,9724.298828125
,4201,,,,8498.923828125
,4202,,,,9222.8037109375
,4203,,,,10864.48828125
,4204,,,,12814.087890625
,4205,,,,9972.6201171875
,4206,,,,10070.1953125
,4207,,,,7843.5703125
,4208,,,,8875.0361328125
,4209,,,,10609.7578125
,4210,,,,8837.298828125
,4211,,,,9618.2197265625
,4212,,,,9206.5048828125
,4213,,,,9021.96484375
,4214,,,,10755.6630859375
,4215,,,,12062.34375
67,16659,,,9671.455078125,
67,16659,10238.28125,,,
68,16699,,10480.630859375,,
68,16749,,10784.76953125,,
68,16799,,11021.78125,,
68,16849,,10707.59375,,
68,16899,,10600.78125,,
,4216,,,,7493.291015625
,4217,,,,9748.5234375
,4218,,,,12688.17578125
,4219,,,,6963.00634765625
,4220,,,,8935.0625
,4221,,,,9836.029296875
,4222,,,,9934.98046875
,4223,,,,10409.5
,4224,,,,10632.08984375
,4225,,,,9384.056640625
,4226,,,,9069.9638671875
,4227,,,,10217.0654296875
,4228,,,,10845.142578125
,4229,,,,8888.2265625
,4230,,,,8218.8857421875
,4231,,,,10239.1689453125
,4232,,,,9137.7685546875
,4233,,,,10782.4150390625
,4234,,,,10454.90625
,4235,,,,10656.984375
,4236,,,,10358.306640625
,4237,,,,9957.15234375
,4238,,,,9741.5
,4239,,,,10072.0546875
,4240,,,,8414.8779296875
,4241,,,,9875.6796875
,4242,,,,8047.919921875
,4243,,,,10325.427734375
,4244,,,,9382.6904296875
,4245,,,,9006.8642578125
,4246,,,,10350.66796875
,4247,,,,12499.5302734375
,4248,,,,9116.0166015625
,4249,,,,9066.51953125
,4250,,,,9283.66015625
,4251,,,,8769.6748046875
,4252,,,,6991.39501953125
,4253,,,,9574.9990234375
,4254,,,,10950.9521484375
,4255,,,,11459.87109375
,4256,,,,8988.2548828125
,4257,,,,9617.265625
,4258,,,,8317.3818359375
,4259,,,,9751.482421875
,4260,,,,9569.2509765625
,4261,,,,9539.630859375
,4262,,,,9706.298828125
,4263,,,,8519.1796875
,4264,,,,9249.5859375
,4265,,,,10854.3935546875
,4266,,,,12808.57421875
,4267,,,,9986.21484375
,4268,,,,10046.0771484375
,4269,,,,7849.525390625
,4270,,,,8865.6796875
,4271,,,,10558.6728515625
,4272,,,,8906.2314453125
,4273,,,,9604.5458984375
,4274,,,,9183.875
,4275,,,,8982.279296875
,4276,,,,10713.3232421875
,4277,,,,12037.9736328125
68,16904,,,9670.763671875,
68,16904,10225.5029296875,,,
69,16949,,8021.9638671875,,
69,16999,,9010.7783203125,,
69,17049,,11121.0390625,,
69,17099,,12756.4267578125,,
69,17149,,11297.759765625,,
,4278,,,,7573.283203125
,4279,,,,9826.544921875
,4280,,,,12752.78125
,4281,,,,6998.1025390625
,4282,,,,8990.490234375
,4283,,,,9889.353515625
,4284,,,,9935.369140625
,4285,,,,10415.84375
,4286,,,,10704.404296875
,4287,,,,9444.3876953125
,4288,,,,9124.720703125
,4289,,,,10290.703125
,4290,,,,10920.7646484375
,4291,,,,8928.521484375
,4292,,,,8285.9306640625
,4293,,,,10282.3916015625
,4294,,,,9177.6806640625
,4295,,,,10851.69921875
,4296,,,,10493.3720703125
,4297,,,,10714.4716796875
,4298,,,,10463.53515625
,4299,,,,9996.57421875
,4300,,,,9760.26171875
,4301,,,,10075.0703125
,4302,,,,8394.7158203125
,4303,,,,9940.6279296875
,4304,,,,8073.56884765625
,4305,,,,10359.966796875
,4306,,,,9431.5166015625
,4307,,,,9063.138671875
,4308,,,,10363.8779296875
,4309,,,,12523.818359375
,4310,,,,9128.9833984375
,4311,,,,9097.2060546875
,4312,,,,9337.478515625
,4313,,,,8745.4189453125
,4314,,,,7043.20751953125
,4315,,,,9581.9755859375
,4316,,,,11013.81640625
,4317,,,,11525.013671875
,4318,,,,9008.2939453125
,4319,,,,9651.2275390625
,4320,,,,8354.0927734375
,4321,,,,9801.615234375
,4322,,,,9594.48046875
,4323,,,,9563.7294921875
,4324,,,,9736.5693359375
,4325,,,,8517.3095703125
,4326,,,,9244.7822265625
,4327,,,,10932.955078125
,4328,,,,12807.775390625
,4329,,,,9999.0888671875
,4330,,,,10071.0537109375
,4331,,,,7877.919921875
,4332,,,,8885.822265625
,4333,,,,10649.1845703125
,4334,,,,8919.7060546875
,4335,,,,9655.232421875
,4336,,,,9234.794921875
,4337,,,,9009.6962890625
,4338,,,,10776.4931640625
,4339,,,,12085.294921875
69,17149,,,9710.359375,
69,17149,10197.9365234375,,,
70,17199,,11206.5712890625,,
70,17249,,12457.01953125,,
70,17299,,10840.716796875,,
70,17349,,10978.4638671875,,
,4340,,,,7566.98779296875
,4341,,,,9819.216796875
,4342,,,,12761.845703125
,4343,,,,6976.9873046875
,4344,,,,9005.7216796875
,4345,,,,9885.927734375
,4346,,,,9930.6923828125
,4347,,,,10412.6826171875
,4348,,,,10714.3046875
,4349,,,,9418.5791015625
,4350,,,,9142.015625
,4351,,,,10290.7978515625
,4352,,,,10928.4169921875
,4353,,,,8898.7197265625
,4354,,,,8255.322265625
,4355,,,,10277.3427734375
,4356,,,,9181.8203125
,4357,,,,10825.099609375
,4358,,,,10472.72265625
,4359,,,,10706.216796875
,4360,,,,10442.919921875
,4361,,,,9998.8720703125
,4362,,,,9786.9013671875
,4363,,,,10090.1171875
,4364,,,,8403.693359375
,4365,,,,9945.6904296875
,4366,,,,8070.248046875
,4367,,,,10357.166015625
,4368,,,,9420.0439453125
,4369,,,,9090.2333984375
,4370,,,,10364.52734375
,4371,,,,12529.5673828125
,4372,,,,9112.9169921875
,4373,,,,9103.7412109375
,4374,,,,9327.4169921875
,4375,,,,8764.546875
,4376,,,,7003.55126953125
,4377,,,,9605.9677734375
,4378,,,,11021.357421875
,4379,,,,11522.2802734375
,4380,,,,8997.5654296875
,4381,,,,9661.884765625
,4382,,,,8349.048828125
,4383,,,,9808.376953125
,4384,,,,9585.2978515625
,4385,,,,9570.490234375
,4386,,,,9758.853515625
,4387,,,,8510.1376953125
,4388,,,,9279.5048828125
,4389,,,,10893.484375
,4390,,,,12824.6904296875
,4391,,,,9995.67578125
,4392,,,,10077.3681640625
,4393,,,,7860.54052734375
,4394,,,,8905.34375
,4395,,,,10634.0009765625
,4396,,,,8895.7353515625
,4397,,,,9646.2431640625
,4398,,,,9241.509765625
,4399,,,,9025.236328125
,4400,,,,10744.4453125
,4401,,,,12067.6572265625
70,17394,,,9708.4365234375,
70,17394,10190.091796875,,,
71,17399,,9729.4267578125,,
71,17449,,11877.3505859375,,
71,17499,,9605.80859375,,
71,17549,,9334.1513671875,,
71,17599,,11088.744140625,,
,4402,,,,7515.9326171875
,4403,,,,9781.4833984375
,4404,,,,12669.31640625
,4405,,,,6946.86962890625
,4406,,,,8951.537109375
,4407,,,,9824.21875
,4408,,,,9898.30078125
,4409,,,,10376.4638671875
,4410,,,,10651.7822265625
,4411,,,,9388.7900390625
,4412,,,,9081.388671875
,4413,,,,10213.833984375
,4414,,,,10845.5205078125
,4415,,,,8890.5029296875
,4416,,,,8233.4443359375
,4417,,,,10235.2265625
,4418,,,,9155.3134765625
,4419,,,,10750.8525390625
,4420,,,,10451.8818359375
,4421,,,,10656.5009765625
,4422,,,,10359.8798828125
,4423,,,,9943.693359375
,4424,,,,9728.876953125
,4425,,,,10047.943359375
,4426,,,,8362.2587890625
,4427,,,,9883.138671875
,4428,,,,8028.193359375
,4429,,,,10313.4453125
,4430,,,,9368.2177734375
,4431,,,,9024.041015625
,4432,,,,10323.03515625
,4433,,,,12470.2939453125
,4434,,,,9064.720703125
,4435,,,,9064.0390625
,4436,,,,9282.6357421875
,4437,,,,8728.025390625
,4438,,,,7008.611328125
,4439,,,,9536.984375
,4440,,,,10983.63671875
,4441,,,,11480.544921875
,4442,,,,8957.1943359375
,4443,,,,9623.8623046875
,4444,,,,8311.4814453125
,4445,,,,9738.3251953125
,4446,,,,9564.818359375
,4447,,,,9525.66796875
,4448,,,,9696.8115234375
,4449,,,,8493.212890625
,4450,,,,9225.1806640625
,4451,,,,10838.369140625
,4452,,,,12727.9375
,4453,,,,9954.5537109375
,4454,,,,10037.1513671875
,4455,,,,7836.09375
,4456,,,,8841.931640625
,4457,,,,10585.390625
,4458,,,,8891.8232421875
,4459,,,,9631.1552734375
,4460,,,,9202.849609375
,4461,,,,8976.3154296875
,4462,,,,10692.9580078125
,4463,,,,12042.767578125
71,17639,,,9662.21484375,
71,17639,10173.7353515625,,,
72,17649,,10928.10546875,,
72,17699,,10269.1708984375,,
72,17749,,7670.48779296875,,
72,17799,,12204.5341796875,,
72,17849,,10182.1103515625,,
,4464,,,,7507.12109375
,4465,,,,9764.1240234375
,4466,,,,12703.1962890625
,4467,,,,6915.05615234375
,4468,,,,8941.34765625
,4469,,,,9846.775390625
,4470,,,,9875.4814453125
,4471,,,,10351.6865234375
,4472,,,,10642.509765625
,4473,,,,9386.92578125
,4474,,,,9075.7509765625
,4475,,,,10229.08203125
,4476,,,,10867.9814453125
,4477,,,,8871.2412109375
,4478,,,,8248.3369140625
,4479,,,,10213.5712890625
,4480,,,,9129.1015625
,4481,,,,10757.474609375
,4482,,,,10415.955078125
,4483,,,,10645.048828125
,4484,,,,10373.9404296875
,4485,,,,9954.0068359375
,4486,,,,9705.3076171875
,4487,,,,10027.4228515625
,4488,,,,8321.0966796875
,4489,,,,9886.216796875
,4490,,,,7991.6962890625
,4491,,,,10313.498046875
,4492,,,,9387.8408203125
,4493,,,,8992.77734375
,4494,,,,10308.4599609375
,4495,,,,12466.77734375
,4496,,,,9071.904296875
,4497,,,,9036.4951171875
,4498,,,,9274.556640625
,4499,,,,8705.9013671875
,4500,,,,6961.68408203125
,4501,,,,9539.125
,4502,,,,10967.2958984375
,4503,,,,11472.2041015625
,4504,,,,8953.982421875
,4505,,,,9611.791015625
,4506,,,,8310.97265625
,4507,,,,9710.2607421875
,4508,,,,9537.298828125
,4509,,,,9523.037109375
,4510,,,,9675.060546875
,4511,,,,8471.6298828125
,4512,,,,9204.603515625
,4513,,,,10833.7421875
,4514,,,,12717.169921875
,4515,,,,9951.44140625
,4516,,,,10004.6318359375
,4517,,,,7817.94189453125
,4518,,,,8828.763671875
,4519,,,,10579.8740234375
,4520,,,,8835.4482421875
,4521,,,,9597.7529296875
,4522,,,,9159.916015625
,4523,,,,8958.201171875
,4524,,,,10693.2548828125
,4525,,,,12036.9501953125
72,17884,,,9649.9150390625,
72,17884,10147.357421875,,,
73,17899,,8950.9716796875,,
73,17949,,8642.205078125,,
73,17999,,10100.9267578125,,
73,18049,,9549.4853515625,,
73,18099,,11258.189453125,,
,4526,,,,7438.337890625
,4527,,,,9670.99609375
,4528,,,,12593.7626953125
,4529,,,,6856.37646484375
,4530,,,,8860.513671875
,4531,,,,9778.9931640625
,4532,,,,9820.896484375
,4533,,,,10300.0673828125
,4534,,,,10552.14453125
,4535,,,,9316.4375
,4536,,,,9009.8447265625
,4537,,,,10139.912109375
,4538,,,,10779.5986328125
,4539,,,,8783.685546875
,4540,,,,8157.2275390625
,4541,,,,10137.7822265625
,4542,,,,9055.802734375
,4543,,,,10693.2490234375
,4544,,,,10354.005859375
,4545,,,,10585.8125
,4546,,,,10285.70703125
,4547,,,,9861.3291015625
,4548,,,,9639.916015625
,4549,,,,9959.5439453125
,4550,,,,8300.4267578125
,4551,,,,9811.138671875
,4552,,,,7944.41796875
,4553,,,,10245.0498046875
,4554,,,,9301.703125
,4555,,,,8922.97265625
,4556,,,,10240.3388671875
,4557,,,,12393.8125
,4558,,,,9033.66796875
,4559,,,,8985.4873046875
,4560,,,,9209.486328125
,4561,,,,8675.4365234375
,4562,,,,6907.78369140625
,4563,,,,9474.6494140625
,4564,,,,10883.14453125
,4565,,,,11374.541015625
,4566,,,,8893.1826171875
,4567,,,,9569.3330078125
,4568,,,,8255.9013671875
,4569,,,,9679.142578125
,4570,,,,9475.51171875
,4571,,,,9472.2998046875
,4572,,,,9618.3662109375
,4573,,,,8432.3525390625
,4574,,,,9150.0234375
,4575,,,,10777.0986328125
,4576,,,,12673.8369140625
,4577,,,,9890.2685546875
,4578,,,,9959.34375
,4579,,,,7766.4677734375
,4580,,,,8767.572265625
,4581,,,,10475.5712890625
,4582,,,,8798.6220703125
,4583,,,,9559.3662109375
,4584,,,,9098.8642578125
,4585,,,,8899.5654296875
,4586,,,,10645.142578125
,4587,,,,11973.107421875
73,18129,,,9585.51171875,
73,18129,10145.2158203125,,,
74,18149,,9250.1396484375,,
74,18199,,8167.70361328125,,
74,18249,,12936.2705078125,,
74,18299,,9556.4892578125,,
74,18349,,8945.232421875,,
,4588,,,,7367.69921875
,4589,,,,9608.861328125
,4590,,,,12529.572265625
,4591,,,,6797.69140625
,4592,,,,8791.9658203125
,4593,,,,9718.5634765625
,4594,,,,9746.87890625
,4595,,,,10241.7080078125
,4596,,,,10486.259765625
,4597,,,,9246.7158203125
,4598,,,,8946.9892578125
,4599,,,,10102.7060546875
,4600,,,,10708.2333984375
,4601,,,,8715.255859375
,4602,,,,8096.53173828125
,4603,,,,10047.6982421875
,4604,,,,8995.9326171875
,4605,,,,10612.3818359375
,4606,,,,10303.9228515625
,4607,,,,10503.4794921875
,4608,,,,10224.0048828125
,4609,,,,9796.791015625
,4610,,,,9580.912109375
,4611,,,,9894.326171875
,4612,,,,8264.0625
,4613,,,,9745.40234375
,4614,,,,7856.9130859375
,4615,,,,10205.90234375
,4616,,,,9251.37109375
,4617,,,,8841.439453125
,4618,,,,10183.904296875
,4619,,,,12327.8291015625
,4620,,,,8975.8994140625
,4621,,,,8908.3740234375
,4622,,,,9143.052734375
,4623,,,,8628.1181640625
,4624,,,,6852.5986328125
,4625,,,,9432.6337890625
,4626,,,,10848.109375
,4627,,,,11339.146484375
,4628,,,,8829.1552734375
,4629,,,,9489.1162109375
,4630,,,,8209.154296875
,4631,,,,9600.7587890625
,4632,,,,9415.0673828125
,4633,,,,9401.6494140625
,4634,,,,9554.8671875
,4635,,,,8371.0595703125
,4636,,,,9103.5947265625
,4637,,,,10692.0810546875
,4638,,,,12605.109375
,4639,,,,9830.529296875
,4640,,,,9905.3017578125
,4641,,,,7724.8232421875
,4642,,,,8729.0068359375
,4643,,,,10414.7822265625
,4644,,,,8705.18359375
,4645,,,,9496.1064453125
,4646,,,,9045.16015625
,4647,,,,8856.1533203125
,4648,,,,10576.546875
,4649,,,,11926.46484375
74,18374,,,9523.7822265625,
74,18374,10120.5009765625,,,
75,18399,,9778.498046875,,
75,18449,,9902.076171875,,
75,18499,,10771.2138671875,,
75,18549,,11764.8662109375,,
75,18599,,10733.22265625,,
,4650,,,,7398.96337890625
,4651,,,,9588.4609375
,4652,,,,12509.8134765625
,4653,,,,6807.56103515625
,4654,,,,8798.1044921875
,4655,,,,9695.224609375
,4656,,,,9740.9501953125
,4657,,,,10239.99609375
,4658,,,,10484.89453125
,4659,,,,9244.5048828125
,4660,,,,8935.8984375
,4661,,,,10091.2412109375
,4662,,,,10682.7412109375
,4663,,,,8728.2509765625
,4664,,,,8096.326171875
,4665,,,,10056.58984375
,4666,,,,8996.2373046875
,4667,,,,10595.3037109375
,4668,,,,10291.0390625
,4669,,,,10529.8134765625
,4670,,,,10205.5634765625
,4671,,,,9804.8935546875
,4672,,,,9577.724609375
,4673,,,,9889.552734375
,4674,,,,8267.1904296875
,4675,,,,9746.1982421875
,4676,,,,7882.947265625
,4677,,,,10198.7509765625
,4678,,,,9253.4189453125
,4679,,,,8830.5439453125
,4680,,,,10181.7607421875
,4681,,,,12300.185546875
,4682,,,,8971.2060546875
,4683,,,,8910.736328125
,4684,,,,9147.8828125
,4685,,,,8627.966796875
,4686,,,,6859.07177734375
,4687,,,,9409.6162109375
,4688,,,,10827.6005859375
,4689,,,,11340.291015625
,4690,,,,8830.708984375
,4691,,,,9485.4677734375
,4692,,,,8202.6669921875
,4693,,,,9621.375
,4694,,,,9424.19140625
,4695,,,,9425.4853515625
,4696,,,,9534.8017578125
,4697,,,,8384.619140625
,4698,,,,9098.8896484375
,4699,,,,10688.8583984375
,4700,,,,12605.6201171875
,4701,,,,9827.5732421875
,4702,,,,9907.5791015625
,4703,,,,7725.16943359375
,4704,,,,8721.9521484375
,4705,,,,10408.220703125
,4706,,,,8717.9658203125
,4707,,,,9502.7119140625
,4708,,,,9063.345703125
,4709,,,,8843.5126953125
,4710,,,,10594.857421875
,4711,,,,11913.8544921875
75,18619,,,9522.6806640625,
75,18619,10104.986328125,,,
76,18649,,8410.28515625,,
76,18699,,10355.751953125,,
76,18749,,9880.373046875,,
76,18799,,11340.55078125,,
76,18849,,10454.1435546875,,
,4712,,,,7379.4990234375
,4713,,,,9580.0341796875
,4714,,,,12515.6484375
,4715,,,,6821.09228515625
,4716,,,,8797.5703125
,4717,,,,9706.0341796875
,4718,,,,9762.5009765625
,4719,,,,10242.24609375
,4720,,,,10509.939453125
,4721,,,,9256.2001953125
,4722,,,,8960.568359375
,4723,,,,10067.2041015625
,4724,,,,10716.1884765625
,4725,,,,8744.302734375
,4726,,,,8099.53125
,4727,,,,10079.2998046875
,4728,,,,9009.283203125
,4729,,,,10609.794921875
,4730,,,,10315.7822265625
,4731,,,,10508.724609375
,4732,,,,10212.626953125
,4733,,,,9813.03125
,4734,,,,9595.83203125
,4735,,,,9913.583984375
,4736,,,,8250.3671875
,4737,,,,9748.8017578125
,4738,,,,7888.41015625
,4739,,,,10184.5078125
,4740,,,,9272.654296875
,4741,,,,8846.3818359375
,4742,,,,10192.3515625
,4743,,,,12338.890625
,4744,,,,8977.8798828125
,4745,,,,8924.421875
,4746,,,,9148.3515625
,4747,,,,8624.966796875
,4748,,,,6880.64892578125
,4749,,,,9418.5869140625
,4750,,,,10824.5224609375
,4751,,,,11343.3798828125
,4752,,,,8825.4833984375
,4753,,,,9497.951171875
,4754,,,,8212.783203125
,4755,,,,9608.02734375
,4756,,,,9427.599609375
,4757,,,,9425.9443359375
,4758,,,,9556.1884765625
,4759,,,,8358.232421875
,4760,,,,9102.12890625
,4761,,,,10664.8134765625
,4762,,,,12591.8466796875
,4763,,,,9839.4736328125
,4764,,,,9901.341796875
,4765,,,,7731.08447265625
,4766,,,,8702.4580078125
,4767,,,,10400.876953125
,4768,,,,8742.03125
,4769,,,,9473.87890625
,4770,,,,9039.849609375
,4771,,,,8862.1591796875
,4772,,,,10573.818359375
,4773,,,,11950.2861328125
76,18864,,,9527.0439453125,
76,18864,10092.1796875,,,
77,18899,,10385.9013671875,,
77,18949,,11553.8466796875,,
77,18999,,7339.158203125,,
77,19049,,8200.0830078125,,
77,19099,,11231.2119140625,,
,4774,,,,7518.80078125
,4775,,,,9720.2763671875
,4776,,,,12641.78125
,4777,,,,6906.09814453125
,4778,,,,8921.4560546875
,4779,,,,9830.1123046875
,4780,,,,9870.619140625
,4781,,,,10372.447265625
,4782,,,,10595.169921875
,4783,,,,9368.18359375
,4784,,,,9053.83203125
,4785,,,,10184.6748046875
,4786,,,,10824.3212890625
,4787,,,,8866.08203125
,4788,,,,8189.1689453125
,4789,,,,10166.1513671875
,4790,,,,9102.9560546875
,4791,,,,10726.833984375
,4792,,,,10389.7451171875
,4793,,,,10603.1259765625
,4794,,,,10319.08203125
,4795,,,,9882.759765625
,4796,,,,9722.97265625
,4797,,,,10011.2529296875
,4798,,,,8317.548828125
,4799,,,,9848.5966796875
,4800,,,,7989.43115234375
,4801,,,,10282.5576171875
,4802,,,,9363.9287109375
,4803,,,,9009.322265625
,4804,,,,10323.8291015625
,4805,,,,12426.21484375
,4806,,,,9049.3330078125
,4807,,,,9045.9189453125
,4808,,,,9261.748046875
,4809,,,,8713.01171875
,4810,,,,6983.8876953125
,4811,,,,9498.486328125
,4812,,,,10907.27734375
,4813,,,,11439.45703125
,4814,,,,8917.5224609375
,4815,,,,9611.9453125
,4816,,,,8296.1083984375
,4817,,,,9698.3896484375
,4818,,,,9535.9521484375
,4819,,,,9481.611328125
,4820,,,,9655.2861328125
,4821,,,,8424.0
,4822,,,,9207.908203125
,4823,,,,10813.8134765625
,4824,,,,12726.0830078125
,4825,,,,9931.455078125
,4826,,,,10005.490234375
,4827,,,,7803.4404296875
,4828,,,,8821.935546875
,4829,,,,10546.462890625
,4830,,,,8902.6494140625
,4831,,,,9592.9208984375
,4832,,,,9173.06640625
,4833,,,,8948.384765625
,4834,,,,10705.0673828125
,4835,,,,11995.5224609375
77,19109,,,9632.2099609375,
77,19109,10075.1728515625,,,
78,19149,,8531.5380859375,,
78,19199,,9919.0361328125,,
78,19249,,9803.283203125,,
78,19299,,8744.45703125,,
78,19349,,10237.65234375,,
,4836,,,,7431.17578125
,4837,,,,9619.86328125
,4838,,,,12542.7568359375
,4839,,,,6853.1494140625
,4840,,,,8842.966796875
,4841,,,,9746.7998046875
,4842,,,,9790.5810546875
,4843,,,,10297.8056640625
,4844,,,,10513.775390625
,4845,,,,9297.8017578125
,4846,,,,8953.8818359375
,4847,,,,10109.6533203125
,4848,,,,10720.82421875
,4849,,,,8787.5458984375
,4850,,,,8145.30712890625
,4851,,,,10082.80859375
,4852,,,,9050.6220703125
,4853,,,,10630.580078125
,4854,,,,10334.525390625
,4855,,,,10552.462890625
,4856,,,,10245.0048828125
,4857,,,,9816.8203125
,4858,,,,9644.65625
,4859,,,,9949.8056640625
,4860,,,,8261.8310546875
,4861,,,,9780.8662109375
,4862,,,,7921.435546875
,4863,,,,10227.05859375
,4864,,,,9307.7412109375
,4865,,,,8898.0810546875
,4866,,,,10273.564453125
,4867,,,,12359.0263671875
,4868,,,,9002.6318359375
,4869,,,,8950.6923828125
,4870,,,,9177.3818359375
,4871,,,,8667.8564453125
,4872,,,,6886.7197265625
,4873,,,,9449.6201171875
,4874,,,,10824.255859375
,4875,,,,11355.92578125
,4876,,,,8856.7236328125
,4877,,,,9512.5654296875
,4878,,,,8222.2939453125
,4879,,,,9618.2236328125
,4880,,,,9465.46875
,4881,,,,9433.185546875
,4882,,,,9566.2841796875
,4883,,,,8404.541015625
,4884,,,,9130.427734375
,4885,,,,10706.1171875
,4886,,,,12669.6845703125
,4887,,,,9857.181640625
,4888,,,,9908.8056640625
,4889,,,,7747.697265625
,4890,,,,8739.0078125
,4891,,,,10480.8154296875
,4892,,,,8794.3466796875
,4893,,,,9493.234375
,4894,,,,9075.8095703125
,4895,,,,8876.2958984375
,4896,,,,10631.833984375
,4897,,,,11902.37109375
78,19354,,,9557.53125,
78,19354,10060.5185546875,,,
79,19399,,12162.822265625,,
79,19449,,8787.5439453125,,
79,19499,,9433.2841796875,,
79,19549,,10242.6201171875,,
79,19599,,9200.6435546875,,
,4898,,,,7421.9189453125
,4899,,,,9639.84375
,4900,,,,12563.57421875
,4901,,,,6831.169921875
,4902,,,,8863.1513671875
,4903,,,,9767.4580078125
,4904,,,,9805.16015625
,4905,,,,10273.6357421875
,4906,,,,10499.1298828125
,4907,,,,9283.240234375
,4908,,,,8976.5224609375
,4909,,,,10177.9951171875
,4910,,,,10788.3037109375
,4911,,,,8741.0791015625
,4912,,,,8156.7080078125
,4913,,,,10082.0517578125
,4914,,,,9032.6572265625
,4915,,,,10636.423828125
,4916,,,,10308.1796875
,4917,,,,10590.1982421875
,4918,,,,10272.9169921875
,4919,,,,9828.9873046875
,4920,,,,9640.4375
,4921,,,,9947.10546875
,4922,,,,8255.404296875
,4923,,,,9789.380859375
,4924,,,,7910.109375
,4925,,,,10226.12890625
,4926,,,,9275.6044921875
,4927,,,,8907.16015625
,4928,,,,10253.099609375
,4929,,,,12354.6630859375
,4930,,,,8984.6591796875
,4931,,,,8958.896484375
,4932,,,,9184.7802734375
,4933,,,,8646.2578125
,4934,,,,6884.27197265625
,4935,,,,9448.2138671875
,4936,,,,10850.5009765625
,4937,,,,11349.236328125
,4938,,,,8848.5537109375
,4939,,,,9546.00390625
,4940,,,,8210.5947265625
,4941,,,,9624.49609375
,4942,,,,9436.5830078125
,4943,,,,9427.56640625
,4944,,,,9598.224609375
,4945,,,,8347.0869140625
,4946,,,,9127.7275390625
,4947,,,,10735.4951171875
,4948,,,,12668.0869140625
,4949,,,,9865.169921875
,4950,,,,9933.0732421875
,4951,,,,7729.47216796875
,4952,,,,8737.62109375
,4953,,,,10467.19921875
,4954,,,,8758.8388671875
,4955,,,,9492.3916015625
,4956,,,,9070.6474609375
,4957,,,,8874.6064453125
,4958,,,,10626.1572265625
,4959,,,,11920.5859375
79,19599,,,9558.1728515625,
79,19599,10049.1435546875,,,
80,19649,,11128.8408203125,,
80,19699,,7515.4609375,,
80,19749,,8019.70263671875,,
80,19799,,13227.982421875,,
,4960,,,,7383.25927734375
,4961,,,,9539.423828125
,4962,,,,12472.3759765625
,4963,,,,6789.17529296875
,4964,,,,8774.478515625
,4965,,,,9666.833984375
,4966,,,,9719.2646484375
,4967,,,,10216.5791015625
,4968,,,,10398.244140625
,4969,,,,9231.34765625
,4970,,,,8891.203125
,4971,,,,10035.595703125
,4972,,,,10657.7216796875
,4973,,,,8716.337890625
,4974,,,,8094.99609375
,4975,,,,10007.7021484375
,4976,,,,8954.4462890625
,4977,,,,10547.19140625
,4978,,,,10287.1494140625
,4979,,,,10493.142578125
,4980,,,,10172.5419921875
,4981,,,,9731.84375
,4982,,,,9591.619140625
,4983,,,,9867.8359375
,4984,,,,8214.4208984375
,4985,,,,9680.5458984375
,4986,,,,7829.19873046875
,4987,,,,10158.2939453125
,4988,,,,9209.2412109375
,4989,,,,8811.0634765625
,4990,,,,10170.345703125
,4991,,,,12242.6259765625
,4992,,,,8929.013671875
,4993,,,,8888.9775390625
,4994,,,,9112.9619140625
,4995,,,,8576.28125
,4996,,,,6810.56591796875
,4997,,,,9396.1904296875
,4998,,,,10769.3408203125
,4999,,,,11277.478515625
,5000,,,,8787.2998046875
,5001,,,,9467.2421875
,5002,,,,8177.2158203125
,5003,,,,9545.98046875
,5004,,,,9391.3701171875
,5005,,,,9383.828125
,5006,,,,9511.61328125
,5007,,,,8323.33203125
,5008,,,,9063.8173828125
,5009,,,,10640.3505859375
,5010,,,,12583.0341796875
,5011,,,,9775.3974609375
,5012,,,,9843.5029296875
,5013,,,,7689.212890625
,5014,,,,8683.6240234375
,5015,,,,10400.416015625
,5016,,,,8723.7216796875
,5017,,,,9429.0986328125
,5018,,,,9008.52734375
,5019,,,,8810.6513671875
,5020,,,,10571.9921875
,5021,,,,11843.453125
80,19844,,,9485.9638671875,
80,19844,10034.4560546875,,,
81,19849,,11543.0673828125,,
81,19899,,10943.208984375,,
81,19949,,9578.623046875,,
81,19999,,12412.2490234375,,
81,20049,,9822.4306640625,,
,5022,,,,7329.88720703125
,5023,,,,9523.806640625
,5024,,,,12438.7568359375
,5025,,,,6757.60400390625
,5026,,,,8744.37109375
,5027,,,,9687.6708984375
,5028,,,,9678.1142578125
,5029,,,,10179.7109375
,5030,,,,10433.9296875
,5031,,,,9206.4130859375
,5032,,,,8877.34375
,5033,,,,10029.080078125
,5034,,,,10647.232421875
,5035,,,,8688.6650390625
,5036,,,,8057.10693359375
,5037,,,,10003.5009765625
,5038,,,,8938.0361328125
,5039,,,,10534.7685546875
,5040,,,,10251.0390625
,5041,,,,10458.3837890625
,5042,,,,10149.1396484375
,5043,,,,9757.0576171875
,5044,,,,9546.7744140625
,5045,,,,9826.517578125
,5046,,,,8202.2177734375
,5047,,,,9683.720703125
,5048,,,,7821.67578125
,5049,,,,10152.1884765625
,5050,,,,9231.7490234375
,5051,,,,8774.4208984375
,5052,,,,10152.1396484375
,5053,,,,12248.115234375
,5054,,,,8931.1494140625
,5055,,,,8871.107421875
,5056,,,,9106.4326171875
,5057,,,,8601.240234375
,5058,,,,6812.44091796875
,5059,,,,9363.2099609375
,5060,,,,10768.2197265625
,5061,,,,11291.009765625
,5062,,,,8769.69140625
,5063,,,,9463.05859375
,5064,,,,8152.9306640625
,5065,,,,9547.498046875
,5066,,,,9377.5859375
,5067,,,,9365.5732421875
,5068,,,,9481.0146484375
,5069,,,,8321.607421875
,5070,,,,9064.5380859375
,5071,,,,10627.189453125
,5072,,,,12549.349609375
,5073,,,,9790.08984375
,5074,,,,9834.0908203125
,5075,,,,7677.22119140625
,5076,,,,8667.6279296875
,5077,,,,10351.5146484375
,5078,,,,8686.5546875
,5079,,,,9437.7529296875
,5080,,,,8985.0263671875
,5081,,,,8767.392578125
,5082,,,,10521.5234375
,5083,,,,11863.298828125
81,20089,,,9470.7880859375,
81,20089,10022.267578125,,,
82,20099,,7531.681640625,,
82,20149,,7260.9755859375,,
82,20199,,9285.41796875,,
82,20249,,12018.7900390625,,
82,20299,,9157.1025390625,,
,5084,,,,7348.51220703125
,5085,,,,9505.302734375
,5086,,,,12426.005859375
,5087,,,,6754.90771484375
,5088,,,,8752.537109375
,5089,,,,9654.361328125
,5090,,,,9665.1826171875
,5091,,,,10154.2353515625
,5092,,,,10425.9365234375
,5093,,,,9220.0888671875
,5094,,,,8877.7001953125
,5095,,,,10006.7021484375
,5096,,,,10607.4951171875
,5097,,,,8709.12890625
,5098,,,,8047.14013671875
,5099,,,,9987.8154296875
,5100,,,,8919.3251953125
,5101,,,,10523.3740234375
,5102,,,,10253.83984375
,5103,,,,10455.53125
,5104,,,,10133.8212890625
,5105,,,,9745.6923828125
,5106,,,,9514.40625
,5107,,,,9840.298828125
,5108,,,,8180.46630859375
,5109,,,,9696.1982421875
,5110,,,,7818.52880859375
,5111,,,,10134.9599609375
,5112,,,,9201.89453125
,5113,,,,8776.30859375
,5114,,,,10119.65234375
,5115,,,,12229.2021484375
,5116,,,,8930.744140625
,5117,,,,8885.953125
,5118,,,,9089.0830078125
,5119,,,,8587.8779296875
,5120,,,,6827.5576171875
,5121,,,,9357.3974609375
,5122,,,,10769.2431640625
,5123,,,,11277.0556640625
,5124,,,,8778.861328125
,5125,,,,9430.1455078125
,5126,,,,8140.708984375
,5127,,,,9538.98046875
,5128,,,,9387.447265625
,5129,,,,9352.28125
,5130,,,,9473.8671875
,5131,,,,8299.408203125
,5132,,,,9054.361328125
,5133,,,,10606.955078125
,5134,,,,12514.8076171875
,5135,,,,9758.4033203125
,5136,,,,9826.1240234375
,5137,,,,7686.197265625
,5138,,,,8670.724609375
,5139,,,,10340.955078125
,5140,,,,8648.7275390625
,5141,,,,9436.3955078125
,5142,,,,9007.5751953125
,5143,,,,8763.7373046875
,5144,,,,10509.6337890625
,5145,,,,11856.728515625
82,20334,,,9461.66796875,
82,20334,10009.6474609375,,,
83,20349,,13089.0556640625,,
83,20399,,11295.7080078125,,
83,20449,,10464.5234375,,
83,20499,,9374.69921875,,
83,20549,,8949.01171875,,
,5146,,,,7352.111328125
,5147,,,,9528.3974609375
,5148,,,,12456.0771484375
,5149,,,,6756.603515625
,5150,,,,8757.662109375
,5151,,,,9683.052734375
,5152,,,,9729.138671875
,5153,,,,10204.861328125
,5154,,,,10426.4638671875
,5155,,,,9235.158203125
,5156,,,,8926.6376953125
,5157,,,,10014.5830078125
,5158,,,,10679.671875
,5159,,,,8722.4228515625
,5160,,,,8078.48095703125
,5161,,,,10048.3662109375
,5162,,,,8943.84375
,5163,,,,10546.1318359375
,5164,,,,10286.212890625
,5165,,,,10470.61328125
,5166,,,,10148.462890625
,5167,,,,9712.4697265625
,5168,,,,9583.9990234375
,5169,,,,9862.7060546875
,5170,,,,8191.82373046875
,5171,,,,9681.7958984375
,5172,,,,7858.55419921875
,5173,,,,10158.9658203125
,5174,,,,9199.3623046875
,5175,,,,8819.953125
,5176,,,,10118.55078125
,5177,,,,12253.7099609375
,5178,,,,8929.2490234375
,5179,,,,8913.48828125
,5180,,,,9113.892578125
,5181,,,,8594.25
,5182,,,,6845.26025390625
,5183,,,,9377.9580078125
,5184,,,,10771.0869140625
,5185,,,,11280.1630859375
,5186,,,,8816.111328125
,5187,,,,9464.921875
,5188,,,,8192.4267578125
,5189,,,,9552.890625
,5190,,,,9389.3369140625
,5191,,,,9383.6474609375
,5192,,,,9510.3388671875
,5193,,,,8290.1572265625
,5194,,,,9059.189453125
,5195,,,,10639.0947265625
,5196,,,,12600.6845703125
,5197,,,,9783.7197265625
,5198,,,,9832.97265625
,5199,,,,7681.25048828125
,5200,,,,8669.9326171875
,5201,,,,10368.140625
,5202,,,,8714.609375
,5203,,,,9431.64453125
,5204,,,,9014.91015625
,5205,,,,8806.501953125
,5206,,,,10560.1142578125
,5207,,,,11867.21875
83,20579,,,9484.3623046875,
83,20579,9996.5498046875,,,
84,20599,,10171.796875,,
84,20649,,7968.20458984375,,
84,20699,,10777.1220703125,,
84,20749,,9094.3662109375,,
84,20799,,10480.9755859375,,
,5208,,,,7283.26806640625
,5209,,,,9479.0791015625
,5210,,,,12395.98046875
,5211,,,,6748.88818359375
,5212,,,,8706.615234375
,5213,,,,9634.6611328125
,5214,,,,9652.7275390625
,5215,,,,10145.57421875
,5216,,,,10372.6044921875
,5217,,,,9171.01953125
,5218,,,,8849.9013671875
,5219,,,,9980.1552734375
,5220,,,,10600.5107421875
,5221,,,,8642.9912109375
,5222,,,,8013.3955078125
,5223,,,,9952.6376953125
,5224,,,,8902.03515625
,5225,,,,10476.625
,5226,,,,10209.7197265625
,5227,,,,10420.3349609375
,5228,,,,10090.2119140625
,5229,,,,9681.12890625
,5230,,,,9496.517578125
,5231,,,,9819.251953125
,5232,,,,8172.455078125
,5233,,,,9635.333984375
,5234,,,,7796.341796875
,5235,,,,10121.2294921875
,5236,,,,9167.3427734375
,5237,,,,8750.244140625
,5238,,,,10089.86328125
,5239,,,,12195.3134765625
,5240,,,,8886.953125
,5241,,,,8853.7578125
,5242,,,,9050.84375
,5243,,,,8552.8193359375
,5244,,,,6780.97412109375
,5245,,,,9331.0048828125
,5246,,,,10709.5078125
,5247,,,,11227.9140625
,5248,,,,8751.359375
,5249,,,,9410.6259765625
,5250,,,,8135.01708984375
,5251,,,,9511.2421875
,5252,,,,9354.0185546875
,5253,,,,9315.5205078125
,5254,,,,9441.568359375
,5255,,,,8282.3349609375
,5256,,,,9012.46875
,5257,,,,10565.64453125
,5258,,,,12515.0185546875
,5259,,,,9734.4169921875
,5260,,,,9810.3349609375
,5261,,,,7655.5078125
,5262,,,,8646.7646484375
,5263,,,,10306.45703125
,5264,,,,8633.3369140625
,5265,,,,9403.4638671875
,5266,,,,8974.5048828125
,5267,,,,8751.6611328125
,5268,,,,10498.4619140625
,5269,,,,11783.3037109375
84,20824,,,9430.689453125,
84,20824,9984.9306640625,,,
85,20849,,12053.7373046875,,
85,20899,,9791.9931640625,,
85,20949,,10610.185546875,,
85,20999,,9931.9453125,,
85,21049,,10723.9453125,,
,5270,,,,7330.20947265625
,5271,,,,9496.7685546875
,5272,,,,12428.361328125
,5273,,,,6761.20166015625
,5274,,,,8735.267578125
,5275,,,,9641.6298828125
,5276,,,,9691.1298828125
,5277,,,,10169.8017578125
,5278,,,,10394.5595703125
,5279,,,,9187.4619140625
,5280,,,,8864.2451171875
,5281,,,,10004.65234375
,5282,,,,10608.791015625
,5283,,,,8666.6884765625
,5284,,,,8033.853515625
,5285,,,,9999.8720703125
,5286,,,,8913.46484375
,5287,,,,10507.244140625
,5288,,,,10257.2216796875
,5289,,,,10427.865234375
,5290,,,,10113.4326171875
,5291,,,,9699.3681640625
,5292,,,,9548.5419921875
,5293,,,,9815.2587890625
,5294,,,,8183.1904296875
,5295,,,,9664.5810546875
,5296,,,,7822.78662109375
,5297,,,,10134.5234375
,5298,,,,9185.275390625
,5299,,,,8783.0986328125
,5300,,,,10143.6240234375
,5301,,,,12208.359375
,5302,,,,8915.515625
,5303,,,,8873.4375
,5304,,,,9071.9208984375
,5305,,,,8558.1640625
,5306,,,,6812.52685546875
,5307,,,,9359.220703125
,5308,,,,10752.197265625
,5309,,,,11274.111328125
,5310,,,,8779.4296875
,5311,,,,9435.333984375
,5312,,,,8177.3720703125
,5313,,,,9537.1982421875
,5314,,,,9372.37890625
,5315,,,,9347.7734375
,5316,,,,9468.5693359375
,5317,,,,8311.458984375
,5318,,,,9057.861328125
,5319,,,,10589.9375
,5320,,,,12526.9921875
,5321,,,,9725.982421875
,5322,,,,9818.6220703125
,5323,,,,7658.7734375
,5324,,,,8656.5703125
,5325,,,,10333.03515625
,5326,,,,8677.3828125
,5327,,,,9423.5283203125
,5328,,,,8989.1162109375
,5329,,,,8782.2265625
,5330,,,,10511.765625
,5331,,,,11786.587890625
85,21069,,,9454.6044921875,
85,21069,9968.96484375,,,
86,21099,,8759.857421875,,
86,21149,,12633.1181640625,,
86,21199,,9936.5302734375,,
86,21249,,9659.2958984375,,
86,21299,,8011.83642578125,,
,5332,,,,7293.46337890625
,5333,,,,9494.390625
,5334,,,,12423.0625
,5335,,,,6731.5908203125
,5336,,,,8733.2001953125
,5337,,,,9651.7099609375
,5338,,,,9668.8671875
,5339,,,,10148.8876953125
,5340,,,,10378.5029296875
,5341,,,,9183.822265625
,5342,,,,8848.5087890625
,5343,,,,10002.525390625
,5344,,,,10613.1181640625
,5345,,,,8675.1201171875
,5346,,,,8023.31591796875
,5347,,,,9962.962890625
,5348,,,,8915.935546875
,5349,,,,10511.7470703125
,5350,,,,10205.9833984375
,5351,,,,10446.212890625
,5352,,,,10116.748046875
,5353,,,,9698.7939453125
,5354,,,,9526.14453125
,5355,,,,9805.5791015625
,5356,,,,8174.17724609375
,5357,,,,9649.2763671875
,5358,,,,7792.09375
,5359,,,,10138.142578125
,5360,,,,9202.99609375
,5361,,,,8753.3134765625
,5362,,,,10112.673828125
,5363,,,,12203.423828125
,5364,,,,8906.4697265625
,5365,,,,8857.48828125
,5366,,,,9078.5224609375
,5367,,,,8558.853515625
,5368,,,,6790.71728515625
,5369,,,,9334.05859375
,5370,,,,10726.8349609375
,5371,,,,11241.1943359375
,5372,,,,8744.732421875
,5373,,,,9438.6494140625
,5374,,,,8143.3251953125
,5375,,,,9523.3349609375
,5376,,,,9355.419921875
,5377,,,,9341.779296875
,5378,,,,9452.5146484375
,5379,,,,8303.2236328125
,5380,,,,9014.1845703125
,5381,,,,10602.119140625
,5382,,,,12528.5146484375
,5383,,,,9737.7275390625
,5384,,,,9794.330078125
,5385,,,,7663.21826171875
,5386,,,,8650.48828125
,5387,,,,10336.3671875
,5388,,,,8660.4287109375
,5389,,,,9422.3193359375
,5390,,,,8980.130859375
,5391,,,,8755.0234375
,5392,,,,10509.853515625
,5393,,,,11791.6396484375
86,21314,,,9443.47265625,
86,21314,9957.8046875,,,
87,21349,,6056.33837890625,,
87,21399,,9933.298828125,,
87,21449,,9371.904296875,,
87,21499,,10664.5380859375,,
87,21549,,10742.8134765625,,
,5394,,,,7304.55810546875
,5395,,,,9453.00390625
,5396,,,,12392.1240234375
,5397,,,,6709.1474609375
,5398,,,,8674.416015625
,5399,,,,9633.314453125
,5400,,,,9627.5732421875
,5401,,,,10124.94921875
,5402,,,,10367.0693359375
,5403,,,,9187.341796875
,5404,,,,8841.4609375
,5405,,,,9980.0712890625
,5406,,,,10587.11328125
,5407,,,,8623.4736328125
,5408,,,,7994.9619140625
,5409,,,,9960.095703125
,5410,,,,8881.2392578125
,5411,,,,10489.2958984375
,5412,,,,10225.4130859375
,5413,,,,10400.859375
,5414,,,,10103.3076171875
,5415,,,,9652.1552734375
,5416,,,,9503.818359375
,5417,,,,9769.052734375
,5418,,,,8136.55322265625
,5419,,,,9626.0673828125
,5420,,,,7763.32666015625
,5421,,,,10098.8212890625
,5422,,,,9173.169921875
,5423,,,,8729.5810546875
,5424,,,,10102.580078125
,5425,,,,12171.9443359375
,5426,,,,8867.5263671875
,5427,,,,8857.7783203125
,5428,,,,9054.0537109375
,5429,,,,8528.8984375
,5430,,,,6780.66455078125
,5431,,,,9312.44921875
,5432,,,,10713.0390625
,5433,,,,11245.67578125
,5434,,,,8719.4296875
,5435,,,,9403.39453125
,5436,,,,8143.4736328125
,5437,,,,9483.732421875
,5438,,,,9320.7529296875
,5439,,,,9308.828125
,5440,,,,9426.7705078125
,5441,,,,8280.8857421875
,5442,,,,9012.27734375
,5443,,,,10561.8935546875
,5444,,,,12472.998046875
,5445,,,,9703.9931640625
,5446,,,,9784.7314453125
,5447,,,,7650.126953125
,5448,,,,8627.5712890625
,5449,,,,10314.515625
,5450,,,,8627.1572265625
,5451,,,,9378.279296875
,5452,,,,8952.6279296875
,5453,,,,8730.494140625
,5454,,,,10498.869140625
,5455,,,,11777.0712890625
87,21559,,,9419.1240234375,
87,21559,9945.51953125,,,
88,21599,,8907.5947265625,,
88,21649,,11978.375,,
88,21699,,10785.3671875,,
88,21749,,10038.2666015625,,
88,21799,,9627.3486328125,,
,5456,,,,7285.25732421875
,5457,,,,9436.2958984375
,5458,,,,12355.45703125
,5459,,,,6697.21630859375
,5460,,,,8646.3818359375
,5461,,,,9622.09375
,5462,,,,9589.3251953125
,5463,,,,10092.5625
,5464,,,,10350.1005859375
,5465,,,,9140.7001953125
,5466,,,,8816.998046875
,5467,,,,9958.921875
,5468,,,,10560.021484375
,5469,,,,8588.0185546875
,5470,,,,7968.7109375
,5471,,,,9930.7685546875
,5472,,,,8857.2431640625
,5473,,,,10450.7255859375
,5474,,,,10189.9130859375
,5475,,,,10386.0234375
,5476,,,,10088.2861328125
,5477,,,,9630.9033203125
,5478,,,,9460.2939453125
,5479,,,,9741.220703125
,5480,,,,8117.30322265625
,5481,,,,9601.36328125
,5482,,,,7743.83349609375
,5483,,,,10090.6259765625
,5484,,,,9144.9853515625
,5485,,,,8712.6533203125
,5486,,,,10053.392578125
,5487,,,,12138.03515625
,5488,,,,8834.966796875
,5489,,,,8813.2685546875
,5490,,,,9006.4765625
,5491,,,,8502.5908203125
,5492,,,,6751.439453125
,5493,,,,9282.583984375
,5494,,,,10702.6640625
,5495,,,,11226.1826171875
,5496,,,,8690.904296875
,5497,,,,9363.1845703125
,5498,,,,8132.39404296875
,5499,,,,9475.2939453125
,5500,,,,9293.7109375
,5501,,,,9284.0390625
,5502,,,,9398.3828125
,5503,,,,8261.234375
,5504,,,,9000.0830078125
,5505,,,,10535.3076171875
,5506,,,,12433.2158203125
,5507,,,,9685.5576171875
,5508,,,,9761.0615234375
,5509,,,,7617.3115234375
,5510,,,,8591.8818359375
,5511,,,,10271.2431640625
,5512,,,,8580.6572265625
,5513,,,,9396.923828125
,5514,,,,8937.376953125
,5515,,,,8704.94140625
,5516,,,,10456.6708984375
,5517,,,,11758.978515625
88,21804,,,9392.7021484375,
88,21804,9932.216796875,,,
89,21849,,10638.9736328125,,
89,21899,,9651.966796875,,
89,21949,,8981.5380859375,,
89,21999,,9916.9873046875,,
89,22049,,9193.197265625,,
,5518,,,,7295.78857421875
,5519,,,,9455.28125
,5520,,,,12352.4140625
,5521,,,,6690.10546875
,5522,,,,8666.5703125
,5523,,,,9615.658203125
,5524,,,,9606.625
,5525,,,,10110.986328125
,5526,,,,10346.8037109375
,5527,,,,9157.763671875
,5528,,,,8851.6650390625
,5529,,,,9971.6923828125
,5530,,,,10564.5908203125
,5531,,,,8599.4609375
,5532,,,,7998.60546875
,5533,,,,9942.2783203125
,5534,,,,8869.5947265625
,5535,,,,10451.1376953125
,5536,,,,10162.98828125
,5537,,,,10418.4365234375
,5538,,,,10090.3544921875
,5539,,,,9645.1884765625
,5540,,,,9465.720703125
,5541,,,,9766.5634765625
,5542,,,,8142.1650390625
,5543,,,,9620.3828125
,5544,,,,7762.16845703125
,5545,,,,10102.2255859375
,5546,,,,9140.810546875
,5547,,,,8738.3642578125
,5548,,,,10073.4931640625
,5549,,,,12158.7509765625
,5550,,,,8846.7373046875
,5551,,,,8841.646484375
,5552,,,,9023.1728515625
,5553,,,,8522.6484375
,5554,,,,6764.6982421875
,5555,,,,9277.0087890625
,5556,,,,10698.2158203125
,5557,,,,11210.642578125
,5558,,,,8707.640625
,5559,,,,9386.3994140625
,5560,,,,8121.21044921875
,5561,,,,9496.99609375
,5562,,,,9305.716796875
,5563,,,,9293.06640625
,5564,,,,9420.216796875
,5565,,,,8240.4501953125
,5566,,,,8999.7177734375
,5567,,,,10568.7451171875
,5568,,,,12485.078125
,5569,,,,9703.6865234375
,5570,,,,9781.140625
,5571,,,,7616.4111328125
,5572,,,,8609.041015625
,5573,,,,10293.9326171875
,5574,,,,8584.71875
,5575,,,,9415.8671875
,5576,,,,8968.40625
,5577,,,,8727.2666015625
,5578,,,,10479.9765625
,5579,,,,11801.6943359375
89,22049,,,9405.7255859375,
89,22049,9923.447265625,,,
90,22099,,9373.3115234375,,
90,22149,,11293.1689453125,,
90,22199,,10363.81640625,,
90,22249,,9601.3525390625,,
,5580,,,,7298.78564453125
,5581,,,,9461.9755859375
,5582,,,,12378.1083984375
,5583,,,,6716.04248046875
,5584,,,,8680.5986328125
,5585,,,,9638.541015625
,5586,,,,9624.890625
,5587,,,,10130.9140625
,5588,,,,10365.310546875
,5589,,,,9191.6796875
,5590,,,,8828.1884765625
,5591,,,,9941.8505859375
,5592,,,,10610.31640625
,5593,,,,8648.2421875
,5594,,,,8014.5263671875
,5595,,,,9956.3349609375
,5596,,,,8890.1455078125
,5597,,,,10464.9697265625
,5598,,,,10199.84765625
,5599,,,,10393.703125
,5600,,,,10096.2470703125
,5601,,,,9658.3427734375
,5602,,,,9524.8076171875
,5603,,,,9781.751953125
,5604,,,,8133.55322265625
,5605,,,,9621.3564453125
,5606,,,,7776.13427734375
,5607,,,,10109.4931640625
,5608,,,,9159.884765625
,5609,,,,8738.1806640625
,5610,,,,10098.3876953125
,5611,,,,12146.794921875
,5612,,,,8870.2548828125
,5613,,,,8848.2578125
,5614,,,,9044.67578125
,5615,,,,8534.5126953125
,5616,,,,6789.12646484375
,5617,,,,9310.53515625
,5618,,,,10703.763671875
,5619,,,,11226.0654296875
,5620,,,,8736.1865234375
,5621,,,,9422.4375
,5622,,,,8132.90087890625
,5623,,,,9479.2880859375
,5624,,,,9345.3984375
,5625,,,,9310.78515625
,5626,,,,9429.3896484375
,5627,,,,8272.263671875
,5628,,,,9008.390625
,5629,,,,10549.0576171875
,5630,,,,12475.9228515625
,5631,,,,9704.845703125
,5632,,,,9773.9765625
,5633,,,,7646.0751953125
,5634,,,,8601.486328125
,5635,,,,10288.4150390625
,5636,,,,8649.6455078125
,5637,,,,9375.1953125
,5638,,,,8950.6884765625
,5639,,,,8737.125
,5640,,,,10473.8037109375
,5641,,,,11764.302734375
90,22294,,,9417.7646484375,
90,22294,9900.599609375,,,
91,22299,,9186.0947265625,,
91,22349,,9574.6796875,,
91,22399,,13313.125,,
91,22449,,8421.484375,,
91,22499,,11925.96484375,,
,5642,,,,7285.32373046875
,5643,,,,9377.958984375
,5644,,,,12329.4658203125
,5645,,,,6647.4599609375
,5646,,,,8610.591796875
,5647,,,,9585.423828125
,5648,,,,9596.51171875
,5649,,,,10053.861328125
,5650,,,,10277.8017578125
,5651,,,,9146.505859375
,5652,,,,8818.748046875
,5653,,,,9900.849609375
,5654,,,,10515.1884765625
,5655,,,,8545.7626953125
,5656,,,,7952.56640625
,5657,,,,9920.91796875
,5658,,,,8790.4609375
,5659,,,,10406.2197265625
,5660,,,,10169.0703125
,5661,,,,10345.55859375
,5662,,,,10040.638671875
,5663,,,,9591.9140625
,5664,,,,9447.02734375
,5665,,,,9703.0537109375
,5666,,,,8095.392578125
,5667,,,,9569.130859375
,5668,,,,7714.43798828125
,5669,,,,10064.6640625
,5670,,,,9099.42578125
,5671,,,,8663.283203125
,5672,,,,10029.3134765625
,5673,,,,12125.8408203125
,5674,,,,8791.580078125
,5675,,,,8776.8486328125
,5676,,,,8962.2001953125
,5677,,,,8470.8056640625
,5678,,,,6728.52880859375
,5679,,,,9257.861328125
,5680,,,,10661.6220703125
,5681,,,,11166.279296875
,5682,,,,8670.642578125
,5683,,,,9335.3212890625
,5684,,,,8109.31982421875
,5685,,,,9434.2744140625
,5686,,,,9290.5078125
,5687,,,,9266.853515625
,5688,,,,9362.8486328125
,5689,,,,8230.1376953125
,5690,,,,8983.6142578125
,5691,,,,10510.6396484375
,5692,,,,12394.626953125
,5693,,,,9640.380859375
,5694,,,,9722.1201171875
,5695,,,,7587.6748046875
,5696,,,,8574.0634765625
,5697,,,,10245.8515625
,5698,,,,8521.9365234375
,5699,,,,9337.6015625
,5700,,,,8903.9208984375
,5701,,,,8680.69921875
,5702,,,,10440.2421875
,5703,,,,11729.85546875
91,22539,,,9360.6171875,
91,22539,9894.904296875,,,
92,22549,,7868.36962890625,,
92,22599,,9178.0576171875,,
92,22649,,11173.1416015625,,
92,22699,,8856.9560546875,,
92,22749,,8033.8662109375,,
,5704,,,,7340.78662109375
,5705,,,,9467.4775390625
,5706,,,,12403.50390625
,5707,,,,6721.82421875
,5708,,,,8711.791015625
,5709,,,,9633.544921875
,5710,,,,9657.849609375
,5711,,,,10145.6796875
,5712,,,,10371.0400390625
,5713,,,,9204.3291015625
,5714,,,,8882.771484375
,5715,,,,9998.669921875
,5716,,,,10606.7744140625
,5717,,,,8664.6416015625
,5718,,,,8031.443359375
,5719,,,,9999.3974609375
,5720,,,,8903.7568359375
,5721,,,,10463.2841796875
,5722,,,,10205.0283203125
,5723,,,,10398.5673828125
,5724,,,,10091.1103515625
,5725,,,,9681.9853515625
,5726,,,,9529.8642578125
,5727,,,,9818.82421875
,5728,,,,8155.47802734375
,5729,,,,9639.392578125
,5730,,,,7789.259765625
,5731,,,,10131.2490234375
,5732,,,,9175.833984375
,5733,,,,8800.755859375
,5734,,,,10084.728515625
,5735,,,,12171.8076171875
,5736,,,,8882.115234375
,5737,,,,8860.63671875
,5738,,,,9063.603515625
,5739,,,,8550.6259765625
,5740,,,,6793.81591796875
,5741,,,,9348.7236328125
,5742,,,,10733.78515625
,5743,,,,11251.0185546875
,5744,,,,8763.20703125
,5745,,,,9416.1318359375
,5746,,,,8170.36083984375
,5747,,,,9502.6357421875
,5748,,,,9362.654296875
,5749,,,,9317.0654296875
,5750,,,,9469.5390625
,5751,,,,8236.3525390625
,5752,,,,9064.2421875
,5753,,,,10567.4169921875
,5754,,,,12500.9287109375
,5755,,,,9715.984375
,5756,,,,9815.1806640625
,5757,,,,7636.58447265625
,5758,,,,8639.6943359375
,5759,,,,10305.8056640625
,5760,,,,8652.8251953125
,5761,,,,9391.4921875
,5762,,,,8991.15234375
,5763,,,,8765.78125
,5764,,,,10496.513671875
,5765,,,,11781.9541015625
92,22784,,,9437.0693359375,
92,22784,9883.9423828125,,,
93,22799,,10066.6416015625,,
93,22849,,9629.0341796875,,
93,22899,,8284.7431640625,,
93,22949,,7154.51708984375,,
93,22999,,10267.015625,,
,5766,,,,7265.40234375
,5767,,,,9420.0322265625
,5768,,,,12323.9541015625
,5769,,,,6660.07666015625
,5770,,,,8651.701171875
,5771,,,,9589.09765625
,5772,,,,9578.662109375
,5773,,,,10052.755859375
,5774,,,,10311.3154296875
,5775,,,,9153.1318359375
,5776,,,,8796.099609375
,5777,,,,9947.537109375
,5778,,,,10542.810546875
,5779,,,,8568.92578125
,5780,,,,7978.17529296875
,5781,,,,9882.8603515625
,5782,,,,8835.32421875
,5783,,,,10400.2724609375
,5784,,,,10147.873046875
,5785,,,,10381.8701171875
,5786,,,,10065.33984375
,5787,,,,9625.7080078125
,5788,,,,9446.7177734375
,5789,,,,9727.9931640625
,5790,,,,8096.68359375
,5791,,,,9583.5908203125
,5792,,,,7723.59130859375
,5793,,,,10083.8515625
,5794,,,,9138.0732421875
,5795,,,,8678.431640625
,5796,,,,10036.9697265625
,5797,,,,12136.35546875
,5798,,,,8814.3544921875
,5799,,,,8779.0576171875
,5800,,,,8986.533203125
,5801,,,,8481.044921875
,5802,,,,6727.92529296875
,5803,,,,9284.9443359375
,5804,,,,10701.4912109375
,5805,,,,11197.0986328125
,5806,,,,8693.541015625
,5807,,,,9363.6220703125
,5808,,,,8095.720703125
,5809,,,,9416.0576171875
,5810,,,,9295.26953125
,5811,,,,9295.017578125
,5812,,,,9375.236328125
,5813,,,,8204.6611328125
,5814,,,,8986.83984375
,5815,,,,10508.2333984375
,5816,,,,12407.9501953125
,5817,,,,9667.9169921875
,5818,,,,9733.04296875
,5819,,,,7597.14208984375
,5820,,,,8593.11328125
,5821,,,,10284.8837890625
,5822,,,,8549.177734375
,5823,,,,9375.7177734375
,5824,,,,8933.61328125
,5825,,,,8699.201171875
,5826,,,,10418.4013671875
,5827,,,,11715.6376953125
93,23029,,,9373.9375,
93,23029,9877.4052734375,,,
94,23049,,9225.951171875,,
94,23099,,11445.4736328125,,
94,23149,,9707.8017578125,,
94,23199,,9391.421875,,
94,23249,,10377.6572265625,,
,5828,,,,7314.21044921875
,5829,,,,9427.2998046875
,5830,,,,12369.8544921875
,5831,,,,6672.33740234375
,5832,,,,8687.517578125
,5833,,,,9590.2626953125
,5834,,,,9606.3974609375
,5835,,,,10086.033203125
,5836,,,,10333.18359375
,5837,,,,9186.2255859375
,5838,,,,8813.62109375
,5839,,,,9967.35546875
,5840,,,,10539.3837890625
,5841,,,,8629.4619140625
,5842,,,,8000.4208984375
,5843,,,,9927.5400390625
,5844,,,,8854.875
,5845,,,,10457.55859375
,5846,,,,10201.638671875
,5847,,,,10376.3564453125
,5848,,,,10087.677734375
,5849,,,,9646.6767578125
,5850,,,,9500.16796875
,5851,,,,9764.990234375
,5852,,,,8113.64306640625
,5853,,,,9607.3857421875
,5854,,,,7772.93896484375
,5855,,,,10106.9423828125
,5856,,,,9157.228515625
,5857,,,,8740.369140625
,5858,,,,10073.576171875
,5859,,,,12136.6484375
,5860,,,,8849.853515625
,5861,,,,8829.3876953125
,5862,,,,9051.4306640625
,5863,,,,8513.5546875
,5864,,,,6747.0419921875
,5865,,,,9297.1650390625
,5866,,,,10681.8701171875
,5867,,,,11207.0771484375
,5868,,,,8700.76171875
,5869,,,,9398.9697265625
,5870,,,,8145.08154296875
,5871,,,,9480.615234375
,5872,,,,9316.9833984375
,5873,,,,9291.4296875
,5874,,,,9412.025390625
,5875,,,,8246.998046875
,5876,,,,9019.671875
,5877,,,,10534.185546875
,5878,,,,12436.931640625
,5879,,,,9671.1728515625
,5880,,,,9777.8876953125
,5881,,,,7631.38916015625
,5882,,,,8620.107421875
,5883,,,,10275.23046875
,5884,,,,8596.78125
,5885,,,,9401.2890625
,5886,,,,8959.025390625
,5887,,,,8691.0751953125
,5888,,,,10481.533203125
,5889,,,,11727.60546875
94,23274,,,9402.0498046875,
94,23274,9859.3955078125,,,
95,23299,,10451.359375,,
95,23349,,9111.95703125,,
95,23399,,9522.15234375,,
95,23449,,11815.873046875,,
95,23499,,8692.5556640625,,
,5890,,,,7248.03955078125
,5891,,,,9370.818359375
,5892,,,,12343.5791015625
,5893,,,,6648.5185546875
,5894,,,,8636.7041015625
,5895,,,,9588.6845703125
,5896,,,,9582.6962890625
,5897,,,,10069.2978515625
,5898,,,,10293.6171875
,5899,,,,9101.951171875
,5900,,,,8752.4990234375
,5901,,,,9930.0888671875
,5902,,,,10519.4111328125
,5903,,,,8582.0849609375
,5904,,,,7930.2919921875
,5905,,,,9876.224609375
,5906,,,,8819.890625
,5907,,,,10414.4013671875
,5908,,,,10141.6474609375
,5909,,,,10400.6669921875
,5910,,,,10018.9951171875
,5911,,,,9586.9482421875
,5912,,,,9462.326171875
,5913,,,,9731.84765625
,5914,,,,8117.6337890625
,5915,,,,9580.1044921875
,5916,,,,7737.80078125
,5917,,,,10087.673828125
,5918,,,,9112.47265625
,5919,,,,8675.5380859375
,5920,,,,10033.60546875
,5921,,,,12093.5986328125
,5922,,,,8839.3740234375
,5923,,,,8820.859375
,5924,,,,9001.306640625
,5925,,,,8498.421875
,5926,,,,6714.7158203125
,5927,,,,9277.578125
,5928,,,,10641.7041015625
,5929,,,,11156.7578125
,5930,,,,8680.6103515625
,5931,,,,9374.2353515625
,5932,,,,8108.59619140625
,5933,,,,9435.591796875
,5934,,,,9277.8974609375
,5935,,,,9232.3603515625
,5936,,,,9368.8818359375
,5937,,,,8184.16162109375
,5938,,,,8971.21484375
,5939,,,,10524.9326171875
,5940,,,,12459.73046875
,5941,,,,9655.84375
,5942,,,,9723.060546875
,5943,,,,7583.7578125
,5944,,,,8590.8095703125
,5945,,,,10239.30078125
,5946,,,,8573.181640625
,5947,,,,9341.4189453125
,5948,,,,8907.1953125
,5949,,,,8663.701171875
,5950,,,,10460.3564453125
,5951,,,,11701.0341796875
95,23519,,,9365.7080078125,
95,23519,9846.380859375,,,
96,23549,,11904.939453125,,
96,23599,,10154.232421875,,
96,23649,,10810.4013671875,,
96,23699,,10118.560546875,,
96,23749,,11179.71875,,
,5952,,,,7227.60888671875
,5953,,,,9368.0556640625
,5954,,,,12294.083984375
,5955,,,,6630.13427734375
,5956,,,,8611.5224609375
,5957,,,,9551.09375
,5958,,,,9556.705078125
,5959,,,,10024.6708984375
,5960,,,,10275.83203125
,5961,,,,9123.1611328125
,5962,,,,8731.7333984375
,5963,,,,9887.0810546875
,5964,,,,10474.65234375
,5965,,,,8594.5283203125
,5966,,,,7945.63037109375
,5967,,,,9851.8349609375
,5968,,,,8816.3720703125
,5969,,,,10380.3779296875
,5970,,,,10125.982421875
,5971,,,,10334.2568359375
,5972,,,,10013.8955078125
,5973,,,,9573.2734375
,5974,,,,9419.986328125
,5975,,,,9693.7412109375
,5976,,,,8095.50341796875
,5977,,,,9550.845703125
,5978,,,,7680.06787109375
,5979,,,,10080.2724609375
,5980,,,,9087.9814453125
,5981,,,,8624.78125
,5982,,,,10026.39453125
,5983,,,,12093.7734375
,5984,,,,8818.2060546875
,5985,,,,8786.6552734375
,5986,,,,8991.4677734375
,5987,,,,8478.8955078125
,5988,,,,6713.5107421875
,5989,,,,9236.7548828125
,5990,,,,10629.5576171875
,5991,,,,11161.44140625
,5992,,,,8673.2275390625
,5993,,,,9353.302734375
,5994,,,,8069.27294921875
,5995,,,,9419.2158203125
,5996,,,,9262.1845703125
,5997,,,,9257.8525390625
,5998,,,,9349.34765625
,5999,,,,8176.810546875
,6000,,,,8952.501953125
,6001,,,,10474.4599609375
,6002,,,,12365.8662109375
,6003,,,,9632.7412109375
,6004,,,,9717.6611328125
,6005,,,,7594.34765625
,6006,,,,8570.4208984375
,6007,,,,10196.5009765625
,6008,,,,8547.37890625
,6009,,,,9346.455078125
,6010,,,,8906.861328125
,6011,,,,8637.07421875
,6012,,,,10401.73828125
,6013,,,,11753.6982421875
96,23764,,,9344.1748046875,
96,23764,9837.8974609375,,,
97,23799,,10079.5458984375,,
97,23849,,10266.71875,,
97,23899,,9441.91796875,,
97,23949,,8134.9912109375,,
97,23999,,7481.68994140625,,
,6014,,,,7239.7724609375
,6015,,,,9379.388671875
,6016,,,,12302.8828125
,6017,,,,6659.595703125
,6018,,,,8633.82421875
,6019,,,,9569.888671875
,6020,,,,9551.6943359375
,6021,,,,10045.1162109375
,6022,,,,10266.98046875
,6023,,,,9097.5419921875
,6024,,,,8750.6142578125
,6025,,,,9880.3955078125
,6026,,,,10509.60546875
,6027,,,,8557.708984375
,6028,,,,7935.15869140625
,6029,,,,9850.9833984375
,6030,,,,8809.9560546875
,6031,,,,10368.9443359375
,6032,,,,10122.6171875
,6033,,,,10339.181640625
,6034,,,,10016.763671875
,6035,,,,9584.8916015625
,6036,,,,9437.1103515625
,6037,,,,9714.0166015625
,6038,,,,8065.8984375
,6039,,,,9557.18359375
,6040,,,,7719.2490234375
,6041,,,,10043.34375
,6042,,,,9095.716796875
,6043,,,,8658.1513671875
,6044,,,,10009.8408203125
,6045,,,,12093.080078125
,6046,,,,8799.0908203125
,6047,,,,8772.380859375
,6048,,,,8964.0546875
,6049,,,,8483.193359375
,6050,,,,6713.53515625
,6051,,,,9257.1494140625
,6052,,,,10656.716796875
,6053,,,,11174.568359375
,6054,,,,8665.2958984375
,6055,,,,9341.9453125
,6056,,,,8070.91796875
,6057,,,,9407.2529296875
,6058,,,,9267.4736328125
,6059,,,,9233.498046875
,6060,,,,9343.3017578125
,6061,,,,8171.80810546875
,6062,,,,8946.75390625
,6063,,,,10472.369140625
,6064,,,,12399.8896484375
,6065,,,,9632.009765625
,6066,,,,9697.587890625
,6067,,,,7593.919921875
,6068,,,,8557.6650390625
,6069,,,,10222.068359375
,6070,,,,8544.8505859375
,6071,,,,9315.3916015625
,6072,,,,8882.9814453125
,6073,,,,8664.9794921875
,6074,,,,10389.4267578125
,6075,,,,11692.751953125
97,24009,,,9344.63671875,
97,24009,9824.880859375,,,
98,24049,,9374.8759765625,,
98,24099,,8880.2421875,,
98,24149,,7469.4189453125,,
98,24199,,11027.7666015625,,
98,24249,,8931.0859375,,
,6076,,,,7196.64111328125
,6077,,,,9316.5810546875
,6078,,,,12251.1552734375
,6079,,,,6613.5791015625
,6080,,,,8556.1591796875
,6081,,,,9537.6435546875
,6082,,,,9521.513671875
,6083,,,,10005.5634765625
,6084,,,,10224.2802734375
,6085,,,,9075.638671875
,6086,,,,8743.5771484375
,6087,,,,9828.57421875
,6088,,,,10468.4404296875
,6089,,,,8516.6279296875
,6090,,,,7882.97900390625
,6091,,,,9833.0078125
,6092,,,,8748.880859375
,6093,,,,10353.1767578125
,6094,,,,10119.705078125
,6095,,,,10278.771484375
,6096,,,,9973.556640625
,6097,,,,9538.41796875
,6098,,,,9408.20703125
,6099,,,,9660.1904296875
,6100,,,,8041.48193359375
,6101,,,,9504.58203125
,6102,,,,7668.38916015625
,6103,,,,10023.5595703125
,6104,,,,9046.130859375
,6105,,,,8615.6982421875
,6106,,,,9952.7919921875
,6107,,,,12040.4072265625
,6108,,,,8774.83203125
,6109,,,,8748.521484375
,6110,,,,8935.6396484375
,6111,,,,8450.0927734375
,6112,,,,6690.744140625
,6113,,,,9217.3486328125
,6114,,,,10602.4169921875
,6115,,,,11132.04296875
,6116,,,,8626.599609375
,6117,,,,9306.4658203125
,6118,,,,8063.54248046875
,6119,,,,9374.8701171875
,6120,,,,9211.1845703125
,6121,,,,9208.6201171875
,6122,,,,9314.6943359375
,6123,,,,8137.5234375
,6124,,,,8926.240234375
,6125,,,,10442.0888671875
,6126,,,,12357.16015625
,6127,,,,9577.603515625
,6128,,,,9658.5361328125
,6129,,,,7554.2060546875
,6130,,,,8525.8896484375
,6131,,,,10150.7216796875
,6132,,,,8494.9111328125
,6133,,,,9274.974609375
,6134,,,,8853.537109375
,6135,,,,8638.9501953125
,6136,,,,10365.2138671875
,6137,,,,11651.14453125
98,24254,,,9306.1318359375,
98,24254,9818.236328125,,,
99,24299,,9510.130859375,,
99,24349,,7861.53662109375,,
99,24399,,9246.00390625,,
99,24449,,8744.8603515625,,
99,24499,,10451.8310546875,,
,6138,,,,7211.583984375
,6139,,,,9334.5419921875
,6140,,,,12249.75390625
,6141,,,,6601.28857421875
,6142,,,,8565.568359375
,6143,,,,9537.5927734375
,6144,,,,9519.0263671875
,6145,,,,10000.748046875
,6146,,,,10205.5693359375
,6147,,,,9065.6689453125
,6148,,,,8719.3828125
,6149,,,,9855.857421875
,6150,,,,10455.505859375
,6151,,,,8498.56640625
,6152,,,,7901.3076171875
,6153,,,,9822.67578125
,6154,,,,8753.017578125
,6155,,,,10331.1494140625
,6156,,,,10092.45703125
,6157,,,,10295.96875
,6158,,,,9997.3935546875
,6159,,,,9532.552734375
,6160,,,,9394.7451171875
,6161,,,,9638.861328125
,6162,,,,8032.2900390625
,6163,,,,9507.8642578125
,6164,,,,7658.55078125
,6165,,,,10020.8212890625
,6166,,,,9040.0810546875
,6167,,,,8603.1328125
,6168,,,,9968.705078125
,6169,,,,12039.875
,6170,,,,8724.9970703125
,6171,,,,8735.501953125
,6172,,,,8940.517578125
,6173,,,,8443.0166015625
,6174,,,,6655.38720703125
,6175,,,,9194.7607421875
,6176,,,,10599.8583984375
,6177,,,,11125.5380859375
,6178,,,,8613.6572265625
,6179,,,,9305.9248046875
,6180,,,,8050.12646484375
,6181,,,,9355.5986328125
,6182,,,,9218.9169921875
,6183,,,,9219.4345703125
,6184,,,,9321.044921875
,6185,,,,8151.0068359375
,6186,,,,8898.826171875
,6187,,,,10437.130859375
,6188,,,,12349.82421875
,6189,,,,9591.5673828125
,6190,,,,9668.7255859375
,6191,,,,7549.94970703125
,6192,,,,8521.4619140625
,6193,,,,10181.7353515625
,6194,,,,8486.5302734375
,6195,,,,9282.0712890625
,6196,,,,8846.4501953125
,6197,,,,8615.1845703125
,6198,,,,10356.2490234375
,6199,,,,11661.173828125
99,24499,,,9301.7890625,
99,24499,9804.1103515625,,,
