epoch,step,train_loss_epoch,train_loss_step,val_loss_epoch,val_loss_step
0,49,,11766.259765625,,
0,99,,13047.3173828125,,
0,149,,15552.609375,,
0,199,,13213.5732421875,,
,0,,,,12195.689453125
,1,,,,12935.9609375
,2,,,,12468.732421875
,3,,,,14679.28125
,4,,,,13464.9287109375
,5,,,,16177.34375
,6,,,,16617.91796875
,7,,,,9738.84765625
,8,,,,15079.904296875
,9,,,,13626.6962890625
,10,,,,16313.4326171875
,11,,,,16123.814453125
,12,,,,13974.2470703125
,13,,,,11154.505859375
,14,,,,9651.7421875
,15,,,,14271.013671875
,16,,,,12558.935546875
,17,,,,18130.216796875
,18,,,,16149.982421875
,19,,,,15709.2763671875
,20,,,,13209.681640625
,21,,,,15927.3515625
,22,,,,13457.59765625
,23,,,,14976.109375
,24,,,,13605.046875
,25,,,,10797.279296875
,26,,,,16674.203125
,27,,,,12490.7626953125
,28,,,,16334.8564453125
,29,,,,12990.939453125
,30,,,,12634.3359375
,31,,,,10301.1796875
,32,,,,13612.552734375
,33,,,,10911.322265625
,34,,,,11112.212890625
,35,,,,12058.3603515625
,36,,,,18961.685546875
,37,,,,12892.38671875
,38,,,,12274.6171875
,39,,,,13538.4970703125
,40,,,,17190.416015625
,41,,,,14651.767578125
,42,,,,14496.466796875
,43,,,,13353.6142578125
,44,,,,13121.2314453125
,45,,,,13542.70703125
,46,,,,11484.9326171875
,47,,,,14400.90625
,48,,,,13590.912109375
,49,,,,12185.28515625
,50,,,,11445.806640625
,51,,,,12299.1171875
,52,,,,12358.376953125
,53,,,,14022.130859375
,54,,,,15035.587890625
,55,,,,11089.2646484375
,56,,,,12178.3515625
,57,,,,12853.544921875
,58,,,,16000.5419921875
,59,,,,10467.85546875
,60,,,,12678.8466796875
,61,,,,16450.259765625
0,244,,,13587.826171875,
0,244,13271.896484375,,,
1,249,,11244.5322265625,,
1,299,,14747.8935546875,,
1,349,,13797.90625,,
1,399,,15987.41015625,,
1,449,,13440.798828125,,
,62,,,,12164.4755859375
,63,,,,12901.791015625
,64,,,,12438.388671875
,65,,,,14636.474609375
,66,,,,13461.205078125
,67,,,,16135.7578125
,68,,,,16600.90625
,69,,,,9716.62890625
,70,,,,15072.767578125
,71,,,,13588.1328125
,72,,,,16298.06640625
,73,,,,16078.2392578125
,74,,,,13936.0859375
,75,,,,11129.22265625
,76,,,,9628.2578125
,77,,,,14259.10546875
,78,,,,12531.9619140625
,79,,,,18068.796875
,80,,,,16101.6435546875
,81,,,,15660.32421875
,82,,,,13176.5263671875
,83,,,,15922.962890625
,84,,,,13423.189453125
,85,,,,14936.2607421875
,86,,,,13569.6171875
,87,,,,10770.779296875
,88,,,,16627.15234375
,89,,,,12457.3466796875
,90,,,,16288.9794921875
,91,,,,12960.82421875
,92,,,,12602.11328125
,93,,,,10278.24609375
,94,,,,13574.1201171875
,95,,,,10885.16015625
,96,,,,11083.0107421875
,97,,,,12031.90625
,98,,,,18900.66796875
,99,,,,12856.71484375
,100,,,,12244.728515625
,101,,,,13503.1025390625
,102,,,,17126.85546875
,103,,,,14616.517578125
,104,,,,14457.8974609375
,105,,,,13288.7470703125
,106,,,,13081.236328125
,107,,,,13509.5810546875
,108,,,,11453.28515625
,109,,,,14360.5947265625
,110,,,,13560.232421875
,111,,,,12148.306640625
,112,,,,11423.7509765625
,113,,,,12267.267578125
,114,,,,12325.21875
,115,,,,13986.2841796875
,116,,,,14993.46484375
,117,,,,11066.3525390625
,118,,,,12150.330078125
,119,,,,12818.005859375
,120,,,,15976.701171875
,121,,,,10443.751953125
,122,,,,12649.09765625
,123,,,,16402.46875
1,489,,,13554.5595703125,
1,489,12954.6181640625,,,
2,499,,12852.3076171875,,
2,549,,13130.7060546875,,
2,599,,12441.2626953125,,
2,649,,14827.810546875,,
2,699,,10930.009765625,,
,124,,,,12131.818359375
,125,,,,12864.951171875
,126,,,,12404.736328125
,127,,,,14586.248046875
,128,,,,13389.802734375
,129,,,,16087.6220703125
,130,,,,16530.94921875
,131,,,,9692.376953125
,132,,,,14999.0546875
,133,,,,13544.3837890625
,134,,,,16223.49609375
,135,,,,16020.0302734375
,136,,,,13889.591796875
,137,,,,11102.4619140625
,138,,,,9603.24609375
,139,,,,14169.2578125
,140,,,,12501.640625
,141,,,,17998.568359375
,142,,,,16043.5009765625
,143,,,,15610.9677734375
,144,,,,13136.619140625
,145,,,,15832.6328125
,146,,,,13383.654296875
,147,,,,14895.2109375
,148,,,,13516.63671875
,149,,,,10744.8251953125
,150,,,,16572.76953125
,151,,,,12418.7890625
,152,,,,16236.232421875
,153,,,,12916.513671875
,154,,,,12567.296875
,155,,,,10251.078125
,156,,,,13531.0087890625
,157,,,,10860.177734375
,158,,,,11051.025390625
,159,,,,11999.6162109375
,160,,,,18832.171875
,161,,,,12817.146484375
,162,,,,12208.400390625
,163,,,,13461.8271484375
,164,,,,17058.482421875
,165,,,,14549.271484375
,166,,,,14411.169921875
,167,,,,13253.7080078125
,168,,,,13038.373046875
,169,,,,13474.796875
,170,,,,11416.412109375
,171,,,,14314.203125
,172,,,,13512.59375
,173,,,,12112.787109375
,174,,,,11378.044921875
,175,,,,12233.009765625
,176,,,,12291.3291015625
,177,,,,13947.814453125
,178,,,,14942.259765625
,179,,,,11040.822265625
,180,,,,12117.16796875
,181,,,,12774.236328125
,182,,,,15899.6416015625
,183,,,,10416.3193359375
,184,,,,12609.8310546875
,185,,,,16358.154296875
2,734,,,13508.9169921875,
2,734,12663.052734375,,,
3,749,,10582.8935546875,,
3,799,,10833.2578125,,
3,849,,11588.3095703125,,
3,899,,13763.921875,,
3,949,,10129.521484375,,
,186,,,,12096.7138671875
,187,,,,12827.5166015625
,188,,,,12368.8359375
,189,,,,14538.8955078125
,190,,,,13351.5859375
,191,,,,16038.07421875
,192,,,,16475.064453125
,193,,,,9665.4287109375
,194,,,,14926.015625
,195,,,,13499.08203125
,196,,,,16172.5234375
,197,,,,15959.3388671875
,198,,,,13841.1220703125
,199,,,,11075.06640625
,200,,,,9576.79296875
,201,,,,14114.724609375
,202,,,,12469.88671875
,203,,,,17921.123046875
,204,,,,15982.48828125
,205,,,,15559.900390625
,206,,,,13096.3154296875
,207,,,,15775.990234375
,208,,,,13342.4736328125
,209,,,,14847.3984375
,210,,,,13468.0966796875
,211,,,,10718.328125
,212,,,,16514.5546875
,213,,,,12378.0361328125
,214,,,,16184.078125
,215,,,,12873.82421875
,216,,,,12531.18359375
,217,,,,10222.8359375
,218,,,,13485.564453125
,219,,,,10833.09375
,220,,,,11016.609375
,221,,,,11969.076171875
,222,,,,18760.8125
,223,,,,12776.4111328125
,224,,,,12170.20703125
,225,,,,13418.8876953125
,226,,,,16997.6171875
,227,,,,14489.1669921875
,228,,,,14358.6435546875
,229,,,,13211.3447265625
,230,,,,12997.4609375
,231,,,,13438.8818359375
,232,,,,11376.7119140625
,233,,,,14265.3916015625
,234,,,,13468.03515625
,235,,,,12068.65234375
,236,,,,11333.7958984375
,237,,,,12194.8408203125
,238,,,,12254.4736328125
,239,,,,13904.8134765625
,240,,,,14890.123046875
,241,,,,11015.634765625
,242,,,,12075.3984375
,243,,,,12727.25390625
,244,,,,15841.7353515625
,245,,,,10387.0732421875
,246,,,,12569.30859375
,247,,,,16308.916015625
3,979,,,13464.4677734375,
3,979,12386.7626953125,,,
4,999,,10722.7373046875,,
4,1049,,11928.80078125,,
4,1099,,11585.265625,,
4,1149,,11898.2080078125,,
4,1199,,11553.7607421875,,
,248,,,,12047.8056640625
,249,,,,12777.251953125
,250,,,,12318.8564453125
,251,,,,14480.4482421875
,252,,,,13296.322265625
,253,,,,15975.7421875
,254,,,,16411.07421875
,255,,,,9630.322265625
,256,,,,14869.234375
,257,,,,13442.275390625
,258,,,,16112.0361328125
,259,,,,15882.5576171875
,260,,,,13784.72265625
,261,,,,11035.80078125
,262,,,,9542.0830078125
,263,,,,14051.9365234375
,264,,,,12434.0400390625
,265,,,,17827.40625
,266,,,,15905.3271484375
,267,,,,15492.439453125
,268,,,,13046.5908203125
,269,,,,15707.8115234375
,270,,,,13290.1015625
,271,,,,14797.236328125
,272,,,,13409.0
,273,,,,10680.708984375
,274,,,,16439.130859375
,275,,,,12328.787109375
,276,,,,16117.197265625
,277,,,,12819.41015625
,278,,,,12481.240234375
,279,,,,10190.3466796875
,280,,,,13423.060546875
,281,,,,10794.0224609375
,282,,,,10968.0
,283,,,,11928.8125
,284,,,,18673.849609375
,285,,,,12717.8037109375
,286,,,,12124.6044921875
,287,,,,13360.318359375
,288,,,,16930.08984375
,289,,,,14416.810546875
,290,,,,14293.6279296875
,291,,,,13159.72265625
,292,,,,12942.28125
,293,,,,13396.478515625
,294,,,,11327.572265625
,295,,,,14204.564453125
,296,,,,13405.931640625
,297,,,,12020.0234375
,298,,,,11284.62890625
,299,,,,12147.619140625
,300,,,,12202.248046875
,301,,,,13848.009765625
,302,,,,14825.654296875
,303,,,,10983.2421875
,304,,,,12029.330078125
,305,,,,12668.0595703125
,306,,,,15772.908203125
,307,,,,10347.38671875
,308,,,,12522.5595703125
,309,,,,16243.0087890625
4,1224,,,13409.251953125,
4,1224,12167.9599609375,,,
5,1249,,12968.634765625,,
5,1299,,11635.29296875,,
5,1349,,12088.0693359375,,
5,1399,,15245.333984375,,
5,1449,,10429.603515625,,
,310,,,,12005.2734375
,311,,,,12730.7265625
,312,,,,12271.9775390625
,313,,,,14423.962890625
,314,,,,13249.4375
,315,,,,15918.6083984375
,316,,,,16351.68359375
,317,,,,9595.927734375
,318,,,,14803.943359375
,319,,,,13389.3447265625
,320,,,,16055.640625
,321,,,,15810.861328125
,322,,,,13729.1513671875
,323,,,,11002.2021484375
,324,,,,9508.763671875
,325,,,,13990.38671875
,326,,,,12400.525390625
,327,,,,17743.64453125
,328,,,,15836.6904296875
,329,,,,15429.470703125
,330,,,,12999.15234375
,331,,,,15643.763671875
,332,,,,13242.486328125
,333,,,,14746.60546875
,334,,,,13353.6962890625
,335,,,,10645.978515625
,336,,,,16373.13671875
,337,,,,12284.126953125
,338,,,,16055.2939453125
,339,,,,12767.251953125
,340,,,,12433.3955078125
,341,,,,10157.830078125
,342,,,,13368.666015625
,343,,,,10757.96484375
,344,,,,10922.72265625
,345,,,,11887.181640625
,346,,,,18589.15625
,347,,,,12667.861328125
,348,,,,12079.8310546875
,349,,,,13302.501953125
,350,,,,16858.98046875
,351,,,,14345.78125
,352,,,,14236.71484375
,353,,,,13109.1513671875
,354,,,,12892.009765625
,355,,,,13357.22265625
,356,,,,11278.78515625
,357,,,,14147.5537109375
,358,,,,13348.8984375
,359,,,,11971.330078125
,360,,,,11237.6630859375
,361,,,,12105.3984375
,362,,,,12159.974609375
,363,,,,13795.08203125
,364,,,,14769.46484375
,365,,,,10951.765625
,366,,,,11984.6298828125
,367,,,,12611.27734375
,368,,,,15702.779296875
,369,,,,10310.625
,370,,,,12476.0810546875
,371,,,,16190.4404296875
5,1469,,,13357.3388671875,
5,1469,11944.5244140625,,,
6,1499,,13310.013671875,,
6,1549,,10462.408203125,,
6,1599,,13900.130859375,,
6,1649,,11855.822265625,,
6,1699,,12621.3291015625,,
,372,,,,11959.123046875
,373,,,,12686.943359375
,374,,,,12219.1591796875
,375,,,,14366.271484375
,376,,,,13195.8359375
,377,,,,15860.5869140625
,378,,,,16284.43359375
,379,,,,9561.73046875
,380,,,,14742.4453125
,381,,,,13336.5673828125
,382,,,,15993.36328125
,383,,,,15736.1484375
,384,,,,13673.1474609375
,385,,,,10962.775390625
,386,,,,9475.783203125
,387,,,,13927.4765625
,388,,,,12372.8037109375
,389,,,,17652.0546875
,390,,,,15766.87890625
,391,,,,15366.658203125
,392,,,,12950.384765625
,393,,,,15582.3251953125
,394,,,,13195.294921875
,395,,,,14701.08203125
,396,,,,13293.6328125
,397,,,,10610.3408203125
,398,,,,16302.275390625
,399,,,,12236.326171875
,400,,,,15984.439453125
,401,,,,12710.8876953125
,402,,,,12385.90234375
,403,,,,10129.869140625
,404,,,,13307.5009765625
,405,,,,10722.7177734375
,406,,,,10880.5166015625
,407,,,,11849.0595703125
,408,,,,18505.681640625
,409,,,,12617.955078125
,410,,,,12036.0634765625
,411,,,,13243.083984375
,412,,,,16789.708984375
,413,,,,14269.236328125
,414,,,,14171.2275390625
,415,,,,13061.0556640625
,416,,,,12834.751953125
,417,,,,13314.509765625
,418,,,,11229.1240234375
,419,,,,14088.626953125
,420,,,,13290.1474609375
,421,,,,11923.107421875
,422,,,,11187.3359375
,423,,,,12060.443359375
,424,,,,12115.23046875
,425,,,,13736.677734375
,426,,,,14713.94140625
,427,,,,10925.041015625
,428,,,,11938.322265625
,429,,,,12547.8525390625
,430,,,,15624.79296875
,431,,,,10273.2734375
,432,,,,12426.8583984375
,433,,,,16135.0009765625
6,1714,,,13303.7080078125,
6,1714,11771.3173828125,,,
7,1749,,11629.828125,,
7,1799,,7985.28759765625,,
7,1849,,11971.4111328125,,
7,1899,,12008.8759765625,,
7,1949,,13401.4658203125,,
,434,,,,11897.5576171875
,435,,,,12626.9912109375
,436,,,,12155.0625
,437,,,,14294.568359375
,438,,,,13133.634765625
,439,,,,15787.1015625
,440,,,,16207.7216796875
,441,,,,9522.607421875
,442,,,,14668.515625
,443,,,,13262.736328125
,444,,,,15922.31640625
,445,,,,15638.703125
,446,,,,13606.7333984375
,447,,,,10914.125
,448,,,,9427.0390625
,449,,,,13847.7197265625
,450,,,,12307.31640625
,451,,,,17535.7890625
,452,,,,15676.57421875
,453,,,,15279.76953125
,454,,,,12884.12890625
,455,,,,15495.0654296875
,456,,,,13131.8828125
,457,,,,14602.529296875
,458,,,,13226.962890625
,459,,,,10565.419921875
,460,,,,16206.3349609375
,461,,,,12176.1376953125
,462,,,,15899.5400390625
,463,,,,12644.3935546875
,464,,,,12325.021484375
,465,,,,10090.19140625
,466,,,,13232.66015625
,467,,,,10675.123046875
,468,,,,10819.78515625
,469,,,,11800.7998046875
,470,,,,18395.46484375
,471,,,,12545.97265625
,472,,,,11978.3701171875
,473,,,,13167.3740234375
,474,,,,16700.53515625
,475,,,,14177.7021484375
,476,,,,14089.8857421875
,477,,,,12993.3173828125
,478,,,,12765.0947265625
,479,,,,13260.9765625
,480,,,,11165.3203125
,481,,,,14019.1318359375
,482,,,,13219.283203125
,483,,,,11871.017578125
,484,,,,11128.640625
,485,,,,12004.7294921875
,486,,,,12054.9453125
,487,,,,13667.189453125
,488,,,,14634.326171875
,489,,,,10889.4150390625
,490,,,,11887.1015625
,491,,,,12474.837890625
,492,,,,15536.1044921875
,493,,,,10221.6357421875
,494,,,,12365.279296875
,495,,,,16055.6640625
7,1959,,,13234.7421875,
7,1959,11634.8369140625,,,
8,1999,,9386.84375,,
8,2049,,8859.099609375,,
8,2099,,9426.3916015625,,
8,2149,,10192.5859375,,
8,2199,,10495.728515625,,
,496,,,,11841.833984375
,497,,,,12570.7890625
,498,,,,12102.8740234375
,499,,,,14228.9296875
,500,,,,13073.01953125
,501,,,,15710.9951171875
,502,,,,16123.9609375
,503,,,,9485.568359375
,504,,,,14595.580078125
,505,,,,13197.603515625
,506,,,,15852.7119140625
,507,,,,15548.4140625
,508,,,,13536.9814453125
,509,,,,10873.005859375
,510,,,,9382.392578125
,511,,,,13776.748046875
,512,,,,12262.416015625
,513,,,,17425.12890625
,514,,,,15578.669921875
,515,,,,15201.349609375
,516,,,,12821.2509765625
,517,,,,15415.220703125
,518,,,,13074.822265625
,519,,,,14530.1669921875
,520,,,,13157.6796875
,521,,,,10522.9228515625
,522,,,,16122.4169921875
,523,,,,12119.3701171875
,524,,,,15819.19140625
,525,,,,12578.822265625
,526,,,,12272.693359375
,527,,,,10056.73828125
,528,,,,13166.79296875
,529,,,,10632.611328125
,530,,,,10763.109375
,531,,,,11756.236328125
,532,,,,18294.80859375
,533,,,,12482.349609375
,534,,,,11925.5009765625
,535,,,,13100.91015625
,536,,,,16619.375
,537,,,,14085.5322265625
,538,,,,14017.16015625
,539,,,,12937.8271484375
,540,,,,12700.314453125
,541,,,,13209.9658203125
,542,,,,11101.6962890625
,543,,,,13953.349609375
,544,,,,13158.2509765625
,545,,,,11811.875
,546,,,,11071.1171875
,547,,,,11949.203125
,548,,,,11994.546875
,549,,,,13601.583984375
,550,,,,14554.978515625
,551,,,,10854.4189453125
,552,,,,11831.7802734375
,553,,,,12399.17578125
,554,,,,15447.0625
,555,,,,10174.958984375
,556,,,,12300.8955078125
,557,,,,15987.0947265625
8,2204,,,13170.0634765625,
8,2204,11511.033203125,,,
9,2249,,12661.9609375,,
9,2299,,10603.498046875,,
9,2349,,9947.6484375,,
9,2399,,11283.0380859375,,
9,2449,,14399.7080078125,,
,558,,,,11766.8017578125
,559,,,,12503.005859375
,560,,,,12031.119140625
,561,,,,14142.333984375
,562,,,,13007.185546875
,563,,,,15617.6767578125
,564,,,,16031.7451171875
,565,,,,9431.2412109375
,566,,,,14508.212890625
,567,,,,13112.015625
,568,,,,15763.9345703125
,569,,,,15435.39453125
,570,,,,13454.033203125
,571,,,,10815.10546875
,572,,,,9320.0625
,573,,,,13679.287109375
,574,,,,12201.38671875
,575,,,,17291.578125
,576,,,,15469.951171875
,577,,,,15090.8740234375
,578,,,,12737.294921875
,579,,,,15302.833984375
,580,,,,12997.767578125
,581,,,,14440.24609375
,582,,,,13079.015625
,583,,,,10462.8173828125
,584,,,,16019.966796875
,585,,,,12043.58984375
,586,,,,15701.009765625
,587,,,,12498.9091796875
,588,,,,12198.421875
,589,,,,10008.662109375
,590,,,,13088.73046875
,591,,,,10577.35546875
,592,,,,10689.615234375
,593,,,,11702.169921875
,594,,,,18176.337890625
,595,,,,12393.05859375
,596,,,,11858.388671875
,597,,,,13007.4150390625
,598,,,,16518.953125
,599,,,,13969.85546875
,600,,,,13920.041015625
,601,,,,12860.0390625
,602,,,,12618.154296875
,603,,,,13150.21484375
,604,,,,11025.2880859375
,605,,,,13872.29296875
,606,,,,13068.494140625
,607,,,,11737.607421875
,608,,,,10991.9697265625
,609,,,,11878.7373046875
,610,,,,11931.1904296875
,611,,,,13518.1640625
,612,,,,14464.115234375
,613,,,,10817.4130859375
,614,,,,11771.48046875
,615,,,,12315.921875
,616,,,,15338.3349609375
,617,,,,10120.0400390625
,618,,,,12225.57421875
,619,,,,15889.45703125
9,2449,,,13088.2509765625,
9,2449,11408.4677734375,,,
10,2499,,9714.97265625,,
10,2549,,11234.822265625,,
10,2599,,10608.564453125,,
10,2649,,10038.306640625,,
,620,,,,11698.94140625
,621,,,,12422.314453125
,622,,,,11947.478515625
,623,,,,14044.423828125
,624,,,,12920.3154296875
,625,,,,15534.5546875
,626,,,,15944.6982421875
,627,,,,9389.76171875
,628,,,,14422.732421875
,629,,,,13020.7568359375
,630,,,,15685.57421875
,631,,,,15324.283203125
,632,,,,13369.521484375
,633,,,,10756.8662109375
,634,,,,9274.337890625
,635,,,,13584.224609375
,636,,,,12139.6640625
,637,,,,17142.8046875
,638,,,,15352.8515625
,639,,,,14985.544921875
,640,,,,12659.15234375
,641,,,,15199.583984375
,642,,,,12924.576171875
,643,,,,14357.5048828125
,644,,,,12986.509765625
,645,,,,10406.271484375
,646,,,,15898.001953125
,647,,,,11971.056640625
,648,,,,15609.9775390625
,649,,,,12416.4736328125
,650,,,,12146.041015625
,651,,,,9963.2705078125
,652,,,,12978.373046875
,653,,,,10522.00390625
,654,,,,10623.66015625
,655,,,,11640.607421875
,656,,,,18043.833984375
,657,,,,12326.3828125
,658,,,,11781.103515625
,659,,,,12932.7568359375
,660,,,,16404.349609375
,661,,,,13866.4267578125
,662,,,,13830.6875
,663,,,,12778.9296875
,664,,,,12535.23828125
,665,,,,13092.53125
,666,,,,10955.416015625
,667,,,,13783.1455078125
,668,,,,12978.25
,669,,,,11673.9912109375
,670,,,,10927.4765625
,671,,,,11801.5068359375
,672,,,,11853.66796875
,673,,,,13431.6689453125
,674,,,,14365.1630859375
,675,,,,10777.7265625
,676,,,,11686.810546875
,677,,,,12208.1875
,678,,,,15230.7314453125
,679,,,,10064.17578125
,680,,,,12148.3955078125
,681,,,,15794.732421875
10,2694,,,13005.7958984375,
10,2694,11323.884765625,,,
11,2699,,9123.2080078125,,
11,2749,,12423.8896484375,,
11,2799,,10506.173828125,,
11,2849,,8072.431640625,,
11,2899,,11093.8828125,,
,682,,,,11619.3984375
,683,,,,12354.337890625
,684,,,,11880.287109375
,685,,,,13960.31640625
,686,,,,12839.25390625
,687,,,,15439.1220703125
,688,,,,15850.740234375
,689,,,,9332.7119140625
,690,,,,14318.779296875
,691,,,,12945.234375
,692,,,,15598.5234375
,693,,,,15202.439453125
,694,,,,13282.576171875
,695,,,,10695.408203125
,696,,,,9212.91015625
,697,,,,13487.009765625
,698,,,,12079.734375
,699,,,,16985.716796875
,700,,,,15231.880859375
,701,,,,14875.4404296875
,702,,,,12573.271484375
,703,,,,15097.640625
,704,,,,12849.474609375
,705,,,,14268.1328125
,706,,,,12898.8828125
,707,,,,10351.626953125
,708,,,,15799.259765625
,709,,,,11887.796875
,710,,,,15497.98828125
,711,,,,12327.01171875
,712,,,,12069.3486328125
,713,,,,9909.1171875
,714,,,,12899.7646484375
,715,,,,10462.626953125
,716,,,,10550.4541015625
,717,,,,11579.416015625
,718,,,,17922.369140625
,719,,,,12244.64453125
,720,,,,11712.974609375
,721,,,,12851.17578125
,722,,,,16303.33984375
,723,,,,13752.404296875
,724,,,,13736.8955078125
,725,,,,12705.982421875
,726,,,,12454.453125
,727,,,,13014.876953125
,728,,,,10877.068359375
,729,,,,13702.984375
,730,,,,12884.51171875
,731,,,,11589.634765625
,732,,,,10843.73046875
,733,,,,11734.36328125
,734,,,,11786.8583984375
,735,,,,13349.064453125
,736,,,,14272.9189453125
,737,,,,10733.1826171875
,738,,,,11617.10546875
,739,,,,12124.3134765625
,740,,,,15119.083984375
,741,,,,10006.8505859375
,742,,,,12073.70703125
,743,,,,15699.072265625
11,2939,,,12921.8955078125,
11,2939,11249.1640625,,,
12,2949,,12677.033203125,,
12,2999,,11857.447265625,,
12,3049,,12282.478515625,,
12,3099,,15822.70703125,,
12,3149,,10798.9111328125,,
,744,,,,11510.6669921875
,745,,,,12226.9951171875
,746,,,,11753.3349609375
,747,,,,13826.1123046875
,748,,,,12713.4521484375
,749,,,,15309.9541015625
,750,,,,15725.2666015625
,751,,,,9261.705078125
,752,,,,14186.5078125
,753,,,,12803.8583984375
,754,,,,15481.541015625
,755,,,,15024.3984375
,756,,,,13152.20703125
,757,,,,10600.755859375
,758,,,,9124.6923828125
,759,,,,13339.2783203125
,760,,,,11989.822265625
,761,,,,16772.5703125
,762,,,,15058.802734375
,763,,,,14724.44140625
,764,,,,12458.681640625
,765,,,,14961.59765625
,766,,,,12735.869140625
,767,,,,14144.599609375
,768,,,,12760.033203125
,769,,,,10256.86328125
,770,,,,15638.3037109375
,771,,,,11771.412109375
,772,,,,15341.9599609375
,773,,,,12204.708984375
,774,,,,11962.48046875
,775,,,,9833.6416015625
,776,,,,12737.28515625
,777,,,,10360.775390625
,778,,,,10440.6455078125
,779,,,,11482.73046875
,780,,,,17733.8359375
,781,,,,12115.0
,782,,,,11595.314453125
,783,,,,12731.150390625
,784,,,,16158.2890625
,785,,,,13605.95703125
,786,,,,13600.16796875
,787,,,,12590.314453125
,788,,,,12315.01953125
,789,,,,12905.267578125
,790,,,,10771.8359375
,791,,,,13579.6044921875
,792,,,,12761.1650390625
,793,,,,11494.91015625
,794,,,,10741.916015625
,795,,,,11622.3544921875
,796,,,,11657.275390625
,797,,,,13221.390625
,798,,,,14129.048828125
,799,,,,10673.8759765625
,800,,,,11507.095703125
,801,,,,11984.99609375
,802,,,,14957.087890625
,803,,,,9912.841796875
,804,,,,11977.0166015625
,805,,,,15555.0419921875
12,3184,,,12797.115234375,
12,3184,11185.7080078125,,,
13,3199,,7423.3955078125,,
13,3249,,10861.201171875,,
13,3299,,11879.052734375,,
13,3349,,10396.087890625,,
13,3399,,10507.220703125,,
,806,,,,11423.4140625
,807,,,,12154.755859375
,808,,,,11675.583984375
,809,,,,13733.6796875
,810,,,,12624.1337890625
,811,,,,15200.2685546875
,812,,,,15610.9912109375
,813,,,,9205.734375
,814,,,,14082.048828125
,815,,,,12704.16015625
,816,,,,15376.9609375
,817,,,,14901.677734375
,818,,,,13046.138671875
,819,,,,10529.927734375
,820,,,,9053.3974609375
,821,,,,13224.3046875
,822,,,,11920.1953125
,823,,,,16624.5703125
,824,,,,14909.2109375
,825,,,,14602.1455078125
,826,,,,12367.333984375
,827,,,,14853.359375
,828,,,,12646.9404296875
,829,,,,14032.8564453125
,830,,,,12657.439453125
,831,,,,10187.8759765625
,832,,,,15507.6669921875
,833,,,,11682.8505859375
,834,,,,15214.390625
,835,,,,12107.9287109375
,836,,,,11877.2822265625
,837,,,,9776.2099609375
,838,,,,12634.92578125
,839,,,,10298.70703125
,840,,,,10359.8515625
,841,,,,11418.98828125
,842,,,,17585.09375
,843,,,,12008.2021484375
,844,,,,11515.6279296875
,845,,,,12635.5908203125
,846,,,,16032.671875
,847,,,,13451.955078125
,848,,,,13477.0634765625
,849,,,,12503.689453125
,850,,,,12223.5390625
,851,,,,12823.4150390625
,852,,,,10676.1171875
,853,,,,13479.9990234375
,854,,,,12660.494140625
,855,,,,11402.150390625
,856,,,,10653.947265625
,857,,,,11539.029296875
,858,,,,11568.373046875
,859,,,,13134.7900390625
,860,,,,14010.05859375
,861,,,,10632.2314453125
,862,,,,11415.08203125
,863,,,,11878.5576171875
,864,,,,14827.9248046875
,865,,,,9846.9462890625
,866,,,,11875.79296875
,867,,,,15435.8359375
13,3429,,,12699.7509765625,
13,3429,11122.4287109375,,,
14,3449,,14123.11328125,,
14,3499,,9367.146484375,,
14,3549,,9660.5341796875,,
14,3599,,13104.63671875,,
14,3649,,11215.265625,,
,868,,,,11300.6591796875
,869,,,,12042.24609375
,870,,,,11545.73828125
,871,,,,13586.896484375
,872,,,,12486.669921875
,873,,,,15027.6875
,874,,,,15450.986328125
,875,,,,9108.5478515625
,876,,,,13928.9453125
,877,,,,12562.2578125
,878,,,,15242.986328125
,879,,,,14716.83984375
,880,,,,12901.0947265625
,881,,,,10417.1494140625
,882,,,,8954.2890625
,883,,,,13057.642578125
,884,,,,11820.884765625
,885,,,,16399.603515625
,886,,,,14722.68359375
,887,,,,14433.90234375
,888,,,,12220.298828125
,889,,,,14689.517578125
,890,,,,12519.841796875
,891,,,,13874.828125
,892,,,,12515.84375
,893,,,,10073.9599609375
,894,,,,15320.0966796875
,895,,,,11550.576171875
,896,,,,15033.1962890625
,897,,,,11964.33203125
,898,,,,11747.603515625
,899,,,,9681.744140625
,900,,,,12488.55078125
,901,,,,10187.57421875
,902,,,,10230.720703125
,903,,,,11305.677734375
,904,,,,17377.146484375
,905,,,,11857.646484375
,906,,,,11395.5849609375
,907,,,,12490.91015625
,908,,,,15864.1396484375
,909,,,,13266.8017578125
,910,,,,13312.599609375
,911,,,,12376.9501953125
,912,,,,12078.4853515625
,913,,,,12696.224609375
,914,,,,10546.998046875
,915,,,,13343.451171875
,916,,,,12514.7607421875
,917,,,,11273.59375
,918,,,,10526.5888671875
,919,,,,11404.515625
,920,,,,11443.8740234375
,921,,,,12990.005859375
,922,,,,13849.2109375
,923,,,,10556.2666015625
,924,,,,11292.6455078125
,925,,,,11731.8134765625
,926,,,,14649.990234375
,927,,,,9746.7255859375
,928,,,,11756.2158203125
,929,,,,15263.017578125
14,3674,,,12558.1474609375,
14,3674,11078.7451171875,,,
15,3699,,9646.0888671875,,
15,3749,,11923.390625,,
15,3799,,9653.322265625,,
15,3849,,11836.10546875,,
15,3899,,11004.5302734375,,
,930,,,,11146.1533203125
,931,,,,11865.775390625
,932,,,,11382.953125
,933,,,,13393.12109375
,934,,,,12306.0546875
,935,,,,14838.755859375
,936,,,,15265.337890625
,937,,,,9007.0419921875
,938,,,,13762.8623046875
,939,,,,12371.310546875
,940,,,,15081.384765625
,941,,,,14496.880859375
,942,,,,12714.763671875
,943,,,,10276.693359375
,944,,,,8844.5
,945,,,,12845.939453125
,946,,,,11688.61328125
,947,,,,16111.986328125
,948,,,,14483.740234375
,949,,,,14201.3193359375
,950,,,,12047.078125
,951,,,,14481.1064453125
,952,,,,12361.0625
,953,,,,13698.7314453125
,954,,,,12317.224609375
,955,,,,9941.5458984375
,956,,,,15080.8251953125
,957,,,,11376.88671875
,958,,,,14822.1552734375
,959,,,,11803.431640625
,960,,,,11603.734375
,961,,,,9577.857421875
,962,,,,12262.6630859375
,963,,,,10067.2578125
,964,,,,10085.8994140625
,965,,,,11163.6025390625
,966,,,,17107.345703125
,967,,,,11678.7783203125
,968,,,,11240.150390625
,969,,,,12305.681640625
,970,,,,15656.009765625
,971,,,,13062.0126953125
,972,,,,13115.13671875
,973,,,,12213.734375
,974,,,,11892.787109375
,975,,,,12553.720703125
,976,,,,10389.6533203125
,977,,,,13179.19140625
,978,,,,12345.2861328125
,979,,,,11138.62890625
,980,,,,10379.62890625
,981,,,,11245.4599609375
,982,,,,11283.373046875
,983,,,,12803.537109375
,984,,,,13638.21484375
,985,,,,10476.65625
,986,,,,11142.3359375
,987,,,,11538.560546875
,988,,,,14422.498046875
,989,,,,9615.1015625
,990,,,,11616.59375
,991,,,,15080.9794921875
15,3919,,,12383.708984375,
15,3919,11027.8984375,,,
16,3949,,15067.078125,,
16,3999,,11462.7109375,,
16,4049,,13204.21875,,
16,4099,,10410.326171875,,
16,4149,,11234.998046875,,
,992,,,,11026.033203125
,993,,,,11775.1796875
,994,,,,11270.0
,995,,,,13279.73828125
,996,,,,12197.5087890625
,997,,,,14707.658203125
,998,,,,15119.6796875
,999,,,,8911.615234375
,1000,,,,13614.47265625
,1001,,,,12253.025390625
,1002,,,,14952.134765625
,1003,,,,14341.232421875
,1004,,,,12566.623046875
,1005,,,,10188.2109375
,1006,,,,8733.392578125
,1007,,,,12704.2265625
,1008,,,,11581.935546875
,1009,,,,15930.146484375
,1010,,,,14297.759765625
,1011,,,,14042.9580078125
,1012,,,,11923.806640625
,1013,,,,14332.8212890625
,1014,,,,12242.005859375
,1015,,,,13551.056640625
,1016,,,,12193.57421875
,1017,,,,9843.693359375
,1018,,,,14942.9208984375
,1019,,,,11265.515625
,1020,,,,14675.7353515625
,1021,,,,11676.8173828125
,1022,,,,11489.2890625
,1023,,,,9493.12109375
,1024,,,,12157.18359375
,1025,,,,9965.3017578125
,1026,,,,9978.4697265625
,1027,,,,11081.08984375
,1028,,,,16924.623046875
,1029,,,,11539.294921875
,1030,,,,11132.1884765625
,1031,,,,12184.349609375
,1032,,,,15506.2373046875
,1033,,,,12877.228515625
,1034,,,,12965.40234375
,1035,,,,12094.01171875
,1036,,,,11778.228515625
,1037,,,,12454.6494140625
,1038,,,,10266.646484375
,1039,,,,13054.4775390625
,1040,,,,12223.5029296875
,1041,,,,11005.41796875
,1042,,,,10253.9267578125
,1043,,,,11147.4755859375
,1044,,,,11176.361328125
,1045,,,,12678.830078125
,1046,,,,13493.9755859375
,1047,,,,10402.779296875
,1048,,,,11032.0859375
,1049,,,,11403.4853515625
,1050,,,,14270.162109375
,1051,,,,9528.8984375
,1052,,,,11490.3408203125
,1053,,,,14923.244140625
16,4164,,,12258.5791015625,
16,4164,10976.1796875,,,
17,4199,,12582.1484375,,
17,4249,,10864.556640625,,
17,4299,,13245.8720703125,,
17,4349,,12632.0849609375,,
17,4399,,13712.7744140625,,
,1054,,,,10843.19140625
,1055,,,,11574.3984375
,1056,,,,11075.17578125
,1057,,,,13062.353515625
,1058,,,,11977.044921875
,1059,,,,14470.423828125
,1060,,,,14880.4267578125
,1061,,,,8774.4140625
,1062,,,,13393.8125
,1063,,,,12026.5068359375
,1064,,,,14749.642578125
,1065,,,,14084.869140625
,1066,,,,12347.3291015625
,1067,,,,10015.2451171875
,1068,,,,8574.0546875
,1069,,,,12469.453125
,1070,,,,11399.556640625
,1071,,,,15637.662109375
,1072,,,,14018.666015625
,1073,,,,13797.384765625
,1074,,,,11705.451171875
,1075,,,,14104.0673828125
,1076,,,,12034.6171875
,1077,,,,13324.318359375
,1078,,,,11972.5244140625
,1079,,,,9672.724609375
,1080,,,,14666.986328125
,1081,,,,11062.041015625
,1082,,,,14428.7060546875
,1083,,,,11473.7734375
,1084,,,,11319.845703125
,1085,,,,9342.892578125
,1086,,,,11904.0478515625
,1087,,,,9792.0146484375
,1088,,,,9791.3642578125
,1089,,,,10905.0927734375
,1090,,,,16629.18359375
,1091,,,,11316.302734375
,1092,,,,10941.1220703125
,1093,,,,11976.912109375
,1094,,,,15253.13671875
,1095,,,,12625.4453125
,1096,,,,12736.474609375
,1097,,,,11887.134765625
,1098,,,,11569.90625
,1099,,,,12259.88671875
,1100,,,,10084.4296875
,1101,,,,12848.7998046875
,1102,,,,12021.185546875
,1103,,,,10832.380859375
,1104,,,,10087.3095703125
,1105,,,,10942.453125
,1106,,,,10972.849609375
,1107,,,,12459.8642578125
,1108,,,,13239.236328125
,1109,,,,10293.37109375
,1110,,,,10830.8623046875
,1111,,,,11187.787109375
,1112,,,,14005.8623046875
,1113,,,,9366.0234375
,1114,,,,11290.82421875
,1115,,,,14665.6328125
17,4409,,,12047.6005859375,
17,4409,10964.658203125,,,
18,4449,,9856.328125,,
18,4499,,7857.40185546875,,
18,4549,,9390.10546875,,
18,4599,,10189.349609375,,
18,4649,,12048.505859375,,
,1116,,,,10696.7197265625
,1117,,,,11443.45703125
,1118,,,,10903.4462890625
,1119,,,,12894.37890625
,1120,,,,11820.3447265625
,1121,,,,14297.9873046875
,1122,,,,14693.244140625
,1123,,,,8678.80078125
,1124,,,,13214.0830078125
,1125,,,,11855.87109375
,1126,,,,14592.7392578125
,1127,,,,13878.994140625
,1128,,,,12186.3671875
,1129,,,,9886.259765625
,1130,,,,8452.0703125
,1131,,,,12296.314453125
,1132,,,,11268.134765625
,1133,,,,15374.240234375
,1134,,,,13807.0595703125
,1135,,,,13584.580078125
,1136,,,,11532.701171875
,1137,,,,13913.0703125
,1138,,,,11878.298828125
,1139,,,,13143.61328125
,1140,,,,11804.0
,1141,,,,9553.2353515625
,1142,,,,14456.3876953125
,1143,,,,10922.0439453125
,1144,,,,14210.34375
,1145,,,,11314.986328125
,1146,,,,11170.4755859375
,1147,,,,9246.5341796875
,1148,,,,11721.5009765625
,1149,,,,9659.65234375
,1150,,,,9660.2880859375
,1151,,,,10786.865234375
,1152,,,,16397.6015625
,1153,,,,11151.6328125
,1154,,,,10781.7373046875
,1155,,,,11802.5
,1156,,,,15055.2724609375
,1157,,,,12421.060546875
,1158,,,,12539.365234375
,1159,,,,11722.140625
,1160,,,,11391.4287109375
,1161,,,,12120.5693359375
,1162,,,,9939.703125
,1163,,,,12681.9873046875
,1164,,,,11845.828125
,1165,,,,10681.060546875
,1166,,,,9948.0546875
,1167,,,,10804.3837890625
,1168,,,,10821.4345703125
,1169,,,,12287.12109375
,1170,,,,13045.361328125
,1171,,,,10198.9375
,1172,,,,10688.326171875
,1173,,,,11011.6865234375
,1174,,,,13817.884765625
,1175,,,,9248.845703125
,1176,,,,11134.3671875
,1177,,,,14462.099609375
18,4654,,,11883.630859375,
18,4654,10914.107421875,,,
19,4699,,10690.65234375,,
19,4749,,11116.4697265625,,
19,4799,,12129.0673828125,,
19,4849,,11122.3818359375,,
19,4899,,8566.166015625,,
,1178,,,,10567.755859375
,1179,,,,11305.966796875
,1180,,,,10790.1328125
,1181,,,,12738.5625
,1182,,,,11687.4248046875
,1183,,,,14110.9541015625
,1184,,,,14534.4765625
,1185,,,,8579.0751953125
,1186,,,,13052.8359375
,1187,,,,11712.8828125
,1188,,,,14438.125
,1189,,,,13711.078125
,1190,,,,12019.421875
,1191,,,,9773.685546875
,1192,,,,8355.4482421875
,1193,,,,12127.0263671875
,1194,,,,11153.529296875
,1195,,,,15185.6728515625
,1196,,,,13599.375
,1197,,,,13441.6953125
,1198,,,,11389.6083984375
,1199,,,,13729.923828125
,1200,,,,11737.158203125
,1201,,,,12987.5849609375
,1202,,,,11652.701171875
,1203,,,,9443.62109375
,1204,,,,14279.0830078125
,1205,,,,10780.85546875
,1206,,,,14044.6982421875
,1207,,,,11176.9326171875
,1208,,,,11047.2578125
,1209,,,,9148.041015625
,1210,,,,11578.0458984375
,1211,,,,9556.857421875
,1212,,,,9537.421875
,1213,,,,10674.0927734375
,1214,,,,16176.8623046875
,1215,,,,10999.3447265625
,1216,,,,10656.443359375
,1217,,,,11662.265625
,1218,,,,14884.3994140625
,1219,,,,12237.369140625
,1220,,,,12364.931640625
,1221,,,,11586.44140625
,1222,,,,11253.19140625
,1223,,,,11992.994140625
,1224,,,,9794.89453125
,1225,,,,12538.798828125
,1226,,,,11710.6640625
,1227,,,,10549.796875
,1228,,,,9810.103515625
,1229,,,,10675.673828125
,1230,,,,10687.7021484375
,1231,,,,12159.759765625
,1232,,,,12870.2568359375
,1233,,,,10118.998046875
,1234,,,,10565.6533203125
,1235,,,,10863.251953125
,1236,,,,13628.046875
,1237,,,,9151.734375
,1238,,,,10980.6279296875
,1239,,,,14272.1953125
19,4899,,,11739.7255859375,
19,4899,10894.166015625,,,
20,4949,,8823.494140625,,
20,4999,,10614.017578125,,
20,5049,,9272.93359375,,
20,5099,,12536.158203125,,
,1240,,,,10398.06640625
,1241,,,,11154.376953125
,1242,,,,10605.5
,1243,,,,12548.271484375
,1244,,,,11508.0009765625
,1245,,,,13907.650390625
,1246,,,,14353.92578125
,1247,,,,8431.3017578125
,1248,,,,12861.7744140625
,1249,,,,11514.3203125
,1250,,,,14239.009765625
,1251,,,,13482.7568359375
,1252,,,,11823.447265625
,1253,,,,9616.3759765625
,1254,,,,8192.7333984375
,1255,,,,11917.88671875
,1256,,,,11017.5234375
,1257,,,,14916.529296875
,1258,,,,13352.4677734375
,1259,,,,13207.271484375
,1260,,,,11209.6328125
,1261,,,,13527.982421875
,1262,,,,11550.8515625
,1263,,,,12784.1298828125
,1264,,,,11460.130859375
,1265,,,,9278.4296875
,1266,,,,14057.50390625
,1267,,,,10613.5078125
,1268,,,,13805.5341796875
,1269,,,,11001.5400390625
,1270,,,,10887.0244140625
,1271,,,,9009.80078125
,1272,,,,11393.732421875
,1273,,,,9398.15625
,1274,,,,9367.7900390625
,1275,,,,10523.8583984375
,1276,,,,15904.451171875
,1277,,,,10795.318359375
,1278,,,,10490.208984375
,1279,,,,11457.79296875
,1280,,,,14663.5029296875
,1281,,,,12002.970703125
,1282,,,,12153.90234375
,1283,,,,11402.779296875
,1284,,,,11065.7880859375
,1285,,,,11822.794921875
,1286,,,,9625.154296875
,1287,,,,12367.66015625
,1288,,,,11532.646484375
,1289,,,,10371.283203125
,1290,,,,9630.1181640625
,1291,,,,10498.58984375
,1292,,,,10520.9716796875
,1293,,,,11975.736328125
,1294,,,,12641.572265625
,1295,,,,10009.4560546875
,1296,,,,10384.576171875
,1297,,,,10679.73828125
,1298,,,,13413.66015625
,1299,,,,9000.6650390625
,1300,,,,10806.228515625
,1301,,,,14036.5458984375
20,5144,,,11552.12890625,
20,5144,10845.1123046875,,,
21,5149,,11245.779296875,,
21,5199,,13461.169921875,,
21,5249,,12526.375,,
21,5299,,12440.6591796875,,
21,5349,,11002.43359375,,
,1302,,,,10231.263671875
,1303,,,,10980.7626953125
,1304,,,,10427.125
,1305,,,,12346.583984375
,1306,,,,11367.345703125
,1307,,,,13702.125
,1308,,,,14164.021484375
,1309,,,,8301.9931640625
,1310,,,,12686.7333984375
,1311,,,,11337.861328125
,1312,,,,14060.69140625
,1313,,,,13261.1513671875
,1314,,,,11623.1826171875
,1315,,,,9473.8916015625
,1316,,,,8038.4326171875
,1317,,,,11726.21484375
,1318,,,,10862.5859375
,1319,,,,14654.416015625
,1320,,,,13117.46875
,1321,,,,12936.1572265625
,1322,,,,11020.947265625
,1323,,,,13319.44921875
,1324,,,,11375.1640625
,1325,,,,12585.99609375
,1326,,,,11264.029296875
,1327,,,,9131.7353515625
,1328,,,,13824.333984375
,1329,,,,10425.4921875
,1330,,,,13592.2890625
,1331,,,,10835.1220703125
,1332,,,,10736.322265625
,1333,,,,8882.5625
,1334,,,,11197.75390625
,1335,,,,9247.6025390625
,1336,,,,9207.16796875
,1337,,,,10377.765625
,1338,,,,15647.4296875
,1339,,,,10610.119140625
,1340,,,,10325.4287109375
,1341,,,,11263.833984375
,1342,,,,14437.638671875
,1343,,,,11777.6875
,1344,,,,11960.0107421875
,1345,,,,11222.28125
,1346,,,,10890.8046875
,1347,,,,11671.890625
,1348,,,,9460.421875
,1349,,,,12188.1103515625
,1350,,,,11367.5859375
,1351,,,,10197.3759765625
,1352,,,,9482.28515625
,1353,,,,10334.91015625
,1354,,,,10355.48046875
,1355,,,,11773.587890625
,1356,,,,12425.287109375
,1357,,,,9915.107421875
,1358,,,,10205.95703125
,1359,,,,10497.3369140625
,1360,,,,13211.56640625
,1361,,,,8859.16796875
,1362,,,,10670.5234375
,1363,,,,13834.611328125
21,5389,,,11370.7314453125,
21,5389,10821.4140625,,,
22,5399,,8892.494140625,,
22,5449,,13720.1171875,,
22,5499,,10378.400390625,,
22,5549,,9584.830078125,,
22,5599,,10990.283203125,,
,1364,,,,10127.724609375
,1365,,,,10881.560546875
,1366,,,,10328.888671875
,1367,,,,12237.7578125
,1368,,,,11258.859375
,1369,,,,13578.150390625
,1370,,,,14047.875
,1371,,,,8227.3740234375
,1372,,,,12544.21875
,1373,,,,11216.4033203125
,1374,,,,13939.9873046875
,1375,,,,13126.6748046875
,1376,,,,11510.349609375
,1377,,,,9379.3564453125
,1378,,,,7962.44921875
,1379,,,,11610.044921875
,1380,,,,10773.3466796875
,1381,,,,14483.681640625
,1382,,,,12980.62109375
,1383,,,,12809.712890625
,1384,,,,10907.4794921875
,1385,,,,13182.845703125
,1386,,,,11271.3359375
,1387,,,,12466.171875
,1388,,,,11156.55859375
,1389,,,,9050.80078125
,1390,,,,13687.4501953125
,1391,,,,10320.564453125
,1392,,,,13439.5
,1393,,,,10728.8388671875
,1394,,,,10648.8291015625
,1395,,,,8812.1357421875
,1396,,,,11090.65234375
,1397,,,,9166.2880859375
,1398,,,,9121.763671875
,1399,,,,10287.982421875
,1400,,,,15489.3623046875
,1401,,,,10519.181640625
,1402,,,,10221.806640625
,1403,,,,11155.845703125
,1404,,,,14299.267578125
,1405,,,,11638.85546875
,1406,,,,11820.9638671875
,1407,,,,11124.982421875
,1408,,,,10778.5302734375
,1409,,,,11569.44921875
,1410,,,,9351.181640625
,1411,,,,12056.27734375
,1412,,,,11252.1708984375
,1413,,,,10102.337890625
,1414,,,,9382.5283203125
,1415,,,,10250.3994140625
,1416,,,,10255.578125
,1417,,,,11665.078125
,1418,,,,12303.1982421875
,1419,,,,9844.10546875
,1420,,,,10098.51171875
,1421,,,,10397.9501953125
,1422,,,,13074.8955078125
,1423,,,,8786.080078125
,1424,,,,10542.54296875
,1425,,,,13716.2373046875
22,5634,,,11260.3671875,
22,5634,10793.482421875,,,
23,5649,,11960.05859375,,
23,5699,,11492.76953125,,
23,5749,,10499.63671875,,
23,5799,,9536.6953125,,
23,5849,,10314.822265625,,
,1426,,,,10003.14453125
,1427,,,,10761.5244140625
,1428,,,,10210.2626953125
,1429,,,,12116.427734375
,1430,,,,11136.25390625
,1431,,,,13443.919921875
,1432,,,,13914.662109375
,1433,,,,8134.123046875
,1434,,,,12402.36328125
,1435,,,,11107.763671875
,1436,,,,13854.3359375
,1437,,,,12999.294921875
,1438,,,,11381.0615234375
,1439,,,,9254.521484375
,1440,,,,7851.9853515625
,1441,,,,11470.677734375
,1442,,,,10641.236328125
,1443,,,,14301.732421875
,1444,,,,12834.107421875
,1445,,,,12669.201171875
,1446,,,,10790.8671875
,1447,,,,13072.849609375
,1448,,,,11143.748046875
,1449,,,,12335.7548828125
,1450,,,,11043.87109375
,1451,,,,8949.673828125
,1452,,,,13543.578125
,1453,,,,10215.1484375
,1454,,,,13326.306640625
,1455,,,,10604.837890625
,1456,,,,10558.251953125
,1457,,,,8704.2314453125
,1458,,,,10953.9921875
,1459,,,,9045.763671875
,1460,,,,9026.703125
,1461,,,,10182.6298828125
,1462,,,,15325.57421875
,1463,,,,10393.302734375
,1464,,,,10089.087890625
,1465,,,,11053.8291015625
,1466,,,,14132.14453125
,1467,,,,11486.5078125
,1468,,,,11685.498046875
,1469,,,,10995.376953125
,1470,,,,10654.35546875
,1471,,,,11452.22265625
,1472,,,,9252.501953125
,1473,,,,11929.6767578125
,1474,,,,11137.00390625
,1475,,,,9983.77734375
,1476,,,,9285.146484375
,1477,,,,10121.4755859375
,1478,,,,10128.5361328125
,1479,,,,11536.470703125
,1480,,,,12155.701171875
,1481,,,,9757.5224609375
,1482,,,,9964.697265625
,1483,,,,10271.529296875
,1484,,,,12928.353515625
,1485,,,,8690.779296875
,1486,,,,10406.17578125
,1487,,,,13556.0517578125
23,5879,,,11136.611328125,
23,5879,10760.2802734375,,,
24,5899,,9622.39453125,,
24,5949,,12232.02734375,,
24,5999,,11021.025390625,,
24,6049,,10980.060546875,,
24,6099,,12262.6015625,,
,1488,,,,9912.30859375
,1489,,,,10652.0078125
,1490,,,,10123.017578125
,1491,,,,12009.6484375
,1492,,,,11031.322265625
,1493,,,,13334.30078125
,1494,,,,13817.9287109375
,1495,,,,8046.37158203125
,1496,,,,12297.7197265625
,1497,,,,11001.267578125
,1498,,,,13721.400390625
,1499,,,,12871.162109375
,1500,,,,11277.376953125
,1501,,,,9178.380859375
,1502,,,,7771.27490234375
,1503,,,,11345.728515625
,1504,,,,10561.1171875
,1505,,,,14151.693359375
,1506,,,,12714.341796875
,1507,,,,12537.287109375
,1508,,,,10685.3134765625
,1509,,,,12951.4677734375
,1510,,,,11034.4951171875
,1511,,,,12213.759765625
,1512,,,,10931.3662109375
,1513,,,,8859.498046875
,1514,,,,13412.48828125
,1515,,,,10126.0703125
,1516,,,,13198.94921875
,1517,,,,10501.3076171875
,1518,,,,10454.685546875
,1519,,,,8628.8828125
,1520,,,,10842.43359375
,1521,,,,8956.4482421875
,1522,,,,8922.09765625
,1523,,,,10103.373046875
,1524,,,,15172.78515625
,1525,,,,10271.9169921875
,1526,,,,9988.857421875
,1527,,,,10933.72265625
,1528,,,,14012.1318359375
,1529,,,,11362.4765625
,1530,,,,11556.9736328125
,1531,,,,10884.86328125
,1532,,,,10550.146484375
,1533,,,,11367.2265625
,1534,,,,9147.189453125
,1535,,,,11819.435546875
,1536,,,,11032.546875
,1537,,,,9880.298828125
,1538,,,,9180.162109375
,1539,,,,10029.189453125
,1540,,,,10041.5947265625
,1541,,,,11436.3974609375
,1542,,,,12027.5029296875
,1543,,,,9696.130859375
,1544,,,,9876.001953125
,1545,,,,10165.6796875
,1546,,,,12805.544921875
,1547,,,,8607.6337890625
,1548,,,,10312.3994140625
,1549,,,,13402.86328125
24,6124,,,11030.427734375,
24,6124,10764.5244140625,,,
25,6149,,13333.32421875,,
25,6199,,9085.013671875,,
25,6249,,12903.787109375,,
25,6299,,11184.4765625,,
25,6349,,10593.0048828125,,
,1550,,,,9814.6796875
,1551,,,,10561.58984375
,1552,,,,10017.1640625
,1553,,,,11912.7998046875
,1554,,,,10933.1123046875
,1555,,,,13219.0205078125
,1556,,,,13695.5888671875
,1557,,,,7967.21142578125
,1558,,,,12191.4921875
,1559,,,,10895.697265625
,1560,,,,13617.853515625
,1561,,,,12752.79296875
,1562,,,,11161.810546875
,1563,,,,9096.4609375
,1564,,,,7694.046875
,1565,,,,11236.15625
,1566,,,,10462.884765625
,1567,,,,14002.625
,1568,,,,12575.3271484375
,1569,,,,12431.0
,1570,,,,10579.65234375
,1571,,,,12845.173828125
,1572,,,,10935.2109375
,1573,,,,12115.6376953125
,1574,,,,10838.509765625
,1575,,,,8772.134765625
,1576,,,,13290.2578125
,1577,,,,10031.7001953125
,1578,,,,13061.4814453125
,1579,,,,10401.5244140625
,1580,,,,10357.5078125
,1581,,,,8557.546875
,1582,,,,10723.1337890625
,1583,,,,8870.6669921875
,1584,,,,8835.12109375
,1585,,,,10019.6396484375
,1586,,,,15028.3896484375
,1587,,,,10173.1796875
,1588,,,,9893.8330078125
,1589,,,,10827.865234375
,1590,,,,13901.07421875
,1591,,,,11243.1103515625
,1592,,,,11442.9638671875
,1593,,,,10788.6328125
,1594,,,,10449.66015625
,1595,,,,11279.66015625
,1596,,,,9067.560546875
,1597,,,,11715.0546875
,1598,,,,10925.333984375
,1599,,,,9790.490234375
,1600,,,,9096.1572265625
,1601,,,,9927.1484375
,1602,,,,9945.080078125
,1603,,,,11322.765625
,1604,,,,11914.759765625
,1605,,,,9620.8388671875
,1606,,,,9789.189453125
,1607,,,,10076.5634765625
,1608,,,,12694.2490234375
,1609,,,,8521.9365234375
,1610,,,,10211.95703125
,1611,,,,13314.302734375
25,6369,,,10928.580078125,
25,6369,10707.6123046875,,,
26,6399,,11727.6923828125,,
26,6449,,11751.390625,,
26,6499,,8483.04296875,,
26,6549,,10075.1689453125,,
26,6599,,8859.5859375,,
,1612,,,,9706.62890625
,1613,,,,10452.77734375
,1614,,,,9906.1513671875
,1615,,,,11795.1279296875
,1616,,,,10827.041015625
,1617,,,,13086.3203125
,1618,,,,13576.0234375
,1619,,,,7881.7275390625
,1620,,,,12067.279296875
,1621,,,,10787.7724609375
,1622,,,,13500.33203125
,1623,,,,12618.8291015625
,1624,,,,11038.0537109375
,1625,,,,8995.8115234375
,1626,,,,7588.0107421875
,1627,,,,11118.7587890625
,1628,,,,10353.490234375
,1629,,,,13860.8525390625
,1630,,,,12432.416015625
,1631,,,,12283.55859375
,1632,,,,10467.52734375
,1633,,,,12715.7451171875
,1634,,,,10832.7119140625
,1635,,,,12001.494140625
,1636,,,,10717.4990234375
,1637,,,,8673.26171875
,1638,,,,13153.9931640625
,1639,,,,9924.423828125
,1640,,,,12922.927734375
,1641,,,,10292.171875
,1642,,,,10254.904296875
,1643,,,,8460.2373046875
,1644,,,,10616.099609375
,1645,,,,8763.041015625
,1646,,,,8747.982421875
,1647,,,,9930.421875
,1648,,,,14882.341796875
,1649,,,,10060.046875
,1650,,,,9791.625
,1651,,,,10718.1416015625
,1652,,,,13778.50390625
,1653,,,,11122.654296875
,1654,,,,11320.076171875
,1655,,,,10686.8994140625
,1656,,,,10337.453125
,1657,,,,11153.986328125
,1658,,,,8971.166015625
,1659,,,,11601.423828125
,1660,,,,10824.4580078125
,1661,,,,9691.4453125
,1662,,,,8997.265625
,1663,,,,9823.1787109375
,1664,,,,9838.40234375
,1665,,,,11198.9775390625
,1666,,,,11779.3671875
,1667,,,,9542.0673828125
,1668,,,,9686.26953125
,1669,,,,9971.40234375
,1670,,,,12577.0947265625
,1671,,,,8440.2353515625
,1672,,,,10114.0673828125
,1673,,,,13166.4365234375
26,6614,,,10815.9697265625,
26,6614,10710.6025390625,,,
27,6649,,10489.4267578125,,
27,6699,,13076.685546875,,
27,6749,,11198.375,,
27,6799,,9471.87890625,,
27,6849,,7903.98095703125,,
,1674,,,,9664.9140625
,1675,,,,10424.0625
,1676,,,,9894.755859375
,1677,,,,11738.283203125
,1678,,,,10788.380859375
,1679,,,,13023.1806640625
,1680,,,,13525.3701171875
,1681,,,,7843.50341796875
,1682,,,,12005.640625
,1683,,,,10749.18359375
,1684,,,,13448.1474609375
,1685,,,,12575.01171875
,1686,,,,10977.02734375
,1687,,,,8947.30078125
,1688,,,,7542.33154296875
,1689,,,,11063.9453125
,1690,,,,10319.1318359375
,1691,,,,13803.23828125
,1692,,,,12354.93359375
,1693,,,,12196.8935546875
,1694,,,,10409.283203125
,1695,,,,12661.509765625
,1696,,,,10794.265625
,1697,,,,11935.931640625
,1698,,,,10678.0478515625
,1699,,,,8636.13671875
,1700,,,,13113.1806640625
,1701,,,,9874.22265625
,1702,,,,12846.2294921875
,1703,,,,10237.763671875
,1704,,,,10212.7939453125
,1705,,,,8412.3798828125
,1706,,,,10585.126953125
,1707,,,,8743.8466796875
,1708,,,,8714.078125
,1709,,,,9903.3583984375
,1710,,,,14837.4697265625
,1711,,,,10004.5361328125
,1712,,,,9762.634765625
,1713,,,,10665.068359375
,1714,,,,13719.1796875
,1715,,,,11051.337890625
,1716,,,,11271.0146484375
,1717,,,,10645.99609375
,1718,,,,10317.748046875
,1719,,,,11099.232421875
,1720,,,,8923.0986328125
,1721,,,,11563.6669921875
,1722,,,,10779.916015625
,1723,,,,9639.2392578125
,1724,,,,8939.755859375
,1725,,,,9778.583984375
,1726,,,,9806.3828125
,1727,,,,11168.8662109375
,1728,,,,11718.505859375
,1729,,,,9502.8974609375
,1730,,,,9641.2265625
,1731,,,,9939.15625
,1732,,,,12525.947265625
,1733,,,,8411.130859375
,1734,,,,10063.30859375
,1735,,,,13107.6728515625
27,6859,,,10769.3564453125,
27,6859,10676.7392578125,,,
28,6899,,8590.0830078125,,
28,6949,,11801.39453125,,
28,6999,,11648.732421875,,
28,7049,,10646.8203125,,
28,7099,,11150.2822265625,,
,1736,,,,9683.00390625
,1737,,,,10434.982421875
,1738,,,,9887.17578125
,1739,,,,11757.279296875
,1740,,,,10816.1171875
,1741,,,,13041.7998046875
,1742,,,,13543.9423828125
,1743,,,,7851.7412109375
,1744,,,,12008.5078125
,1745,,,,10759.306640625
,1746,,,,13452.3671875
,1747,,,,12603.904296875
,1748,,,,10991.837890625
,1749,,,,8950.3369140625
,1750,,,,7561.2197265625
,1751,,,,11079.744140625
,1752,,,,10328.056640625
,1753,,,,13817.2841796875
,1754,,,,12386.7724609375
,1755,,,,12214.462890625
,1756,,,,10432.943359375
,1757,,,,12681.291015625
,1758,,,,10806.6015625
,1759,,,,11964.7900390625
,1760,,,,10692.3076171875
,1761,,,,8651.9091796875
,1762,,,,13128.40625
,1763,,,,9882.1748046875
,1764,,,,12897.86328125
,1765,,,,10245.6640625
,1766,,,,10251.521484375
,1767,,,,8403.513671875
,1768,,,,10589.59765625
,1769,,,,8768.220703125
,1770,,,,8738.9443359375
,1771,,,,9911.873046875
,1772,,,,14856.5263671875
,1773,,,,10057.5859375
,1774,,,,9755.078125
,1775,,,,10714.392578125
,1776,,,,13717.41015625
,1777,,,,11061.447265625
,1778,,,,11294.796875
,1779,,,,10651.294921875
,1780,,,,10318.412109375
,1781,,,,11122.9033203125
,1782,,,,8928.95703125
,1783,,,,11549.888671875
,1784,,,,10792.8720703125
,1785,,,,9651.0341796875
,1786,,,,8977.22265625
,1787,,,,9773.81640625
,1788,,,,9803.1484375
,1789,,,,11173.5400390625
,1790,,,,11729.3203125
,1791,,,,9502.91796875
,1792,,,,9626.9404296875
,1793,,,,9933.228515625
,1794,,,,12545.1787109375
,1795,,,,8411.37109375
,1796,,,,10067.908203125
,1797,,,,13109.17578125
28,7104,,,10782.68359375,
28,7104,10660.955078125,,,
29,7149,,11084.083984375,,
29,7199,,9987.185546875,,
29,7249,,11507.763671875,,
29,7299,,11325.4150390625,,
29,7349,,8334.1123046875,,
,1798,,,,9606.6015625
,1799,,,,10348.3515625
,1800,,,,9804.4794921875
,1801,,,,11663.623046875
,1802,,,,10716.8759765625
,1803,,,,12949.796875
,1804,,,,13453.380859375
,1805,,,,7784.669921875
,1806,,,,11919.05078125
,1807,,,,10675.6875
,1808,,,,13376.90625
,1809,,,,12513.5576171875
,1810,,,,10906.146484375
,1811,,,,8891.771484375
,1812,,,,7492.87841796875
,1813,,,,10981.69140625
,1814,,,,10238.8662109375
,1815,,,,13719.072265625
,1816,,,,12294.185546875
,1817,,,,12121.8896484375
,1818,,,,10334.716796875
,1819,,,,12585.68359375
,1820,,,,10723.603515625
,1821,,,,11872.138671875
,1822,,,,10607.6923828125
,1823,,,,8574.298828125
,1824,,,,13025.537109375
,1825,,,,9804.49609375
,1826,,,,12802.21875
,1827,,,,10173.9833984375
,1828,,,,10172.1416015625
,1829,,,,8335.3408203125
,1830,,,,10501.9296875
,1831,,,,8688.05859375
,1832,,,,8667.1416015625
,1833,,,,9830.1171875
,1834,,,,14749.951171875
,1835,,,,9960.865234375
,1836,,,,9674.578125
,1837,,,,10628.513671875
,1838,,,,13624.6767578125
,1839,,,,10976.892578125
,1840,,,,11197.234375
,1841,,,,10569.3544921875
,1842,,,,10235.953125
,1843,,,,11028.271484375
,1844,,,,8865.2412109375
,1845,,,,11484.81640625
,1846,,,,10718.599609375
,1847,,,,9585.517578125
,1848,,,,8901.35546875
,1849,,,,9689.45703125
,1850,,,,9727.888671875
,1851,,,,11085.5859375
,1852,,,,11627.51171875
,1853,,,,9442.103515625
,1854,,,,9554.2412109375
,1855,,,,9864.1474609375
,1856,,,,12453.87109375
,1857,,,,8346.96484375
,1858,,,,9976.833984375
,1859,,,,13006.626953125
29,7349,,,10698.9140625,
29,7349,10667.3486328125,,,
30,7399,,9573.150390625,,
30,7449,,8320.3173828125,,
30,7499,,10838.6083984375,,
30,7549,,11041.44921875,,
,1860,,,,9573.697265625
,1861,,,,10310.8408203125
,1862,,,,9769.8505859375
,1863,,,,11625.1240234375
,1864,,,,10685.884765625
,1865,,,,12909.896484375
,1866,,,,13402.6904296875
,1867,,,,7749.927734375
,1868,,,,11877.791015625
,1869,,,,10629.2236328125
,1870,,,,13332.291015625
,1871,,,,12461.8203125
,1872,,,,10854.091796875
,1873,,,,8851.6923828125
,1874,,,,7449.03955078125
,1875,,,,10936.16015625
,1876,,,,10214.3095703125
,1877,,,,13669.27734375
,1878,,,,12225.091796875
,1879,,,,12045.693359375
,1880,,,,10294.2578125
,1881,,,,12536.033203125
,1882,,,,10678.703125
,1883,,,,11814.4833984375
,1884,,,,10564.302734375
,1885,,,,8534.208984375
,1886,,,,12974.013671875
,1887,,,,9766.169921875
,1888,,,,12740.6640625
,1889,,,,10130.072265625
,1890,,,,10128.76953125
,1891,,,,8306.94921875
,1892,,,,10460.81640625
,1893,,,,8648.9306640625
,1894,,,,8627.58203125
,1895,,,,9804.59765625
,1896,,,,14685.69140625
,1897,,,,9907.9296875
,1898,,,,9641.708984375
,1899,,,,10567.91015625
,1900,,,,13584.236328125
,1901,,,,10918.42578125
,1902,,,,11148.1630859375
,1903,,,,10517.9404296875
,1904,,,,10194.125
,1905,,,,11000.419921875
,1906,,,,8818.64453125
,1907,,,,11445.478515625
,1908,,,,10673.8671875
,1909,,,,9540.5322265625
,1910,,,,8849.43359375
,1911,,,,9646.2255859375
,1912,,,,9685.763671875
,1913,,,,11046.681640625
,1914,,,,11577.19140625
,1915,,,,9408.09375
,1916,,,,9517.9892578125
,1917,,,,9834.5302734375
,1918,,,,12397.666015625
,1919,,,,8307.48046875
,1920,,,,9937.89453125
,1921,,,,12961.818359375
30,7594,,,10654.814453125,
30,7594,10642.876953125,,,
31,7599,,10887.048828125,,
31,7649,,10235.15625,,
31,7699,,12409.8515625,,
31,7749,,11191.14453125,,
31,7799,,12550.787109375,,
,1922,,,,9598.42578125
,1923,,,,10361.20703125
,1924,,,,9825.43359375
,1925,,,,11661.853515625
,1926,,,,10730.7734375
,1927,,,,12936.6201171875
,1928,,,,13440.6787109375
,1929,,,,7772.474609375
,1930,,,,11892.75
,1931,,,,10686.595703125
,1932,,,,13346.671875
,1933,,,,12526.30859375
,1934,,,,10882.392578125
,1935,,,,8888.943359375
,1936,,,,7484.6552734375
,1937,,,,10986.9990234375
,1938,,,,10227.0810546875
,1939,,,,13740.59765625
,1940,,,,12278.455078125
,1941,,,,12115.501953125
,1942,,,,10330.4404296875
,1943,,,,12569.087890625
,1944,,,,10722.9453125
,1945,,,,11847.6171875
,1946,,,,10605.537109375
,1947,,,,8572.88671875
,1948,,,,13033.505859375
,1949,,,,9797.783203125
,1950,,,,12788.880859375
,1951,,,,10167.822265625
,1952,,,,10162.89453125
,1953,,,,8307.859375
,1954,,,,10543.546875
,1955,,,,8699.2255859375
,1956,,,,8669.8203125
,1957,,,,9839.884765625
,1958,,,,14743.83203125
,1959,,,,9959.98828125
,1960,,,,9682.40234375
,1961,,,,10605.8642578125
,1962,,,,13612.8828125
,1963,,,,10955.279296875
,1964,,,,11185.951171875
,1965,,,,10555.9873046875
,1966,,,,10256.9765625
,1967,,,,11025.6884765625
,1968,,,,8845.232421875
,1969,,,,11461.31640625
,1970,,,,10703.181640625
,1971,,,,9567.4375
,1972,,,,8886.322265625
,1973,,,,9709.6181640625
,1974,,,,9723.9375
,1975,,,,11105.8837890625
,1976,,,,11616.966796875
,1977,,,,9417.875
,1978,,,,9552.435546875
,1979,,,,9883.98828125
,1980,,,,12423.08984375
,1981,,,,8345.720703125
,1982,,,,9975.275390625
,1983,,,,12994.73046875
31,7839,,,10694.26953125,
31,7839,10617.3564453125,,,
32,7849,,13201.892578125,,
32,7899,,9557.1865234375,,
32,7949,,9733.1328125,,
32,7999,,10149.998046875,,
32,8049,,10296.2724609375,,
,1984,,,,9515.1240234375
,1985,,,,10264.357421875
,1986,,,,9719.7861328125
,1987,,,,11568.435546875
,1988,,,,10657.064453125
,1989,,,,12850.353515625
,1990,,,,13342.2021484375
,1991,,,,7711.8662109375
,1992,,,,11820.3857421875
,1993,,,,10583.6376953125
,1994,,,,13265.814453125
,1995,,,,12420.15234375
,1996,,,,10795.478515625
,1997,,,,8797.1435546875
,1998,,,,7419.0087890625
,1999,,,,10897.0419921875
,2000,,,,10141.7197265625
,2001,,,,13616.470703125
,2002,,,,12169.5625
,2003,,,,11992.4091796875
,2004,,,,10236.9814453125
,2005,,,,12472.703125
,2006,,,,10630.7421875
,2007,,,,11757.8671875
,2008,,,,10516.275390625
,2009,,,,8480.2421875
,2010,,,,12914.666015625
,2011,,,,9712.3388671875
,2012,,,,12701.3466796875
,2013,,,,10081.6357421875
,2014,,,,10088.2744140625
,2015,,,,8245.05859375
,2016,,,,10431.8818359375
,2017,,,,8608.349609375
,2018,,,,8586.22265625
,2019,,,,9753.1591796875
,2020,,,,14612.30078125
,2021,,,,9872.40234375
,2022,,,,9584.6748046875
,2023,,,,10506.9853515625
,2024,,,,13526.189453125
,2025,,,,10860.947265625
,2026,,,,11093.3740234375
,2027,,,,10464.8076171875
,2028,,,,10150.669921875
,2029,,,,10943.7138671875
,2030,,,,8771.087890625
,2031,,,,11383.5234375
,2032,,,,10629.193359375
,2033,,,,9502.806640625
,2034,,,,8821.158203125
,2035,,,,9610.583984375
,2036,,,,9626.435546875
,2037,,,,11010.7626953125
,2038,,,,11528.044921875
,2039,,,,9364.337890625
,2040,,,,9450.1337890625
,2041,,,,9795.103515625
,2042,,,,12333.044921875
,2043,,,,8247.548828125
,2044,,,,9913.95703125
,2045,,,,12885.169921875
32,8084,,,10604.40234375,
32,8084,10602.4775390625,,,
33,8099,,10831.501953125,,
33,8149,,10527.783203125,,
33,8199,,10587.6533203125,,
33,8249,,10293.78125,,
33,8299,,9231.3310546875,,
,2046,,,,9536.4404296875
,2047,,,,10268.185546875
,2048,,,,9715.7109375
,2049,,,,11575.701171875
,2050,,,,10657.7041015625
,2051,,,,12863.92578125
,2052,,,,13359.203125
,2053,,,,7715.2451171875
,2054,,,,11838.0166015625
,2055,,,,10599.359375
,2056,,,,13272.7158203125
,2057,,,,12436.3154296875
,2058,,,,10810.8896484375
,2059,,,,8807.21484375
,2060,,,,7425.16943359375
,2061,,,,10901.544921875
,2062,,,,10148.83984375
,2063,,,,13633.2685546875
,2064,,,,12203.1259765625
,2065,,,,12015.375
,2066,,,,10261.634765625
,2067,,,,12480.55859375
,2068,,,,10648.4609375
,2069,,,,11774.1982421875
,2070,,,,10527.8359375
,2071,,,,8487.123046875
,2072,,,,12926.30859375
,2073,,,,9724.4453125
,2074,,,,12717.9619140625
,2075,,,,10095.4658203125
,2076,,,,10109.322265625
,2077,,,,8243.5556640625
,2078,,,,10435.328125
,2079,,,,8609.14453125
,2080,,,,8599.7119140625
,2081,,,,9752.85546875
,2082,,,,14627.2041015625
,2083,,,,9894.0048828125
,2084,,,,9579.419921875
,2085,,,,10509.9267578125
,2086,,,,13530.8203125
,2087,,,,10877.474609375
,2088,,,,11105.5986328125
,2089,,,,10457.876953125
,2090,,,,10143.041015625
,2091,,,,10965.5029296875
,2092,,,,8784.296875
,2093,,,,11393.70703125
,2094,,,,10632.8984375
,2095,,,,9509.0830078125
,2096,,,,8839.974609375
,2097,,,,9618.09375
,2098,,,,9634.912109375
,2099,,,,11002.0751953125
,2100,,,,11542.494140625
,2101,,,,9367.7275390625
,2102,,,,9453.544921875
,2103,,,,9801.654296875
,2104,,,,12350.0
,2105,,,,8241.8173828125
,2106,,,,9922.646484375
,2107,,,,12913.076171875
33,8329,,,10614.20703125,
33,8329,10572.1923828125,,,
34,8349,,10572.009765625,,
34,8399,,11366.32421875,,
34,8449,,10617.5478515625,,
34,8499,,11542.7060546875,,
34,8549,,8084.01953125,,
,2108,,,,9531.91796875
,2109,,,,10275.6689453125
,2110,,,,9709.453125
,2111,,,,11578.75
,2112,,,,10662.9892578125
,2113,,,,12844.3779296875
,2114,,,,13341.9990234375
,2115,,,,7716.4775390625
,2116,,,,11815.1923828125
,2117,,,,10578.8759765625
,2118,,,,13266.8515625
,2119,,,,12423.435546875
,2120,,,,10795.587890625
,2121,,,,8791.5703125
,2122,,,,7420.4873046875
,2123,,,,10891.671875
,2124,,,,10149.619140625
,2125,,,,13621.1328125
,2126,,,,12191.0712890625
,2127,,,,12016.1767578125
,2128,,,,10247.515625
,2129,,,,12471.60546875
,2130,,,,10640.66015625
,2131,,,,11755.955078125
,2132,,,,10520.890625
,2133,,,,8478.3564453125
,2134,,,,12922.1826171875
,2135,,,,9714.9765625
,2136,,,,12701.7197265625
,2137,,,,10086.0390625
,2138,,,,10094.982421875
,2139,,,,8234.8056640625
,2140,,,,10428.3203125
,2141,,,,8605.0537109375
,2142,,,,8585.982421875
,2143,,,,9752.28515625
,2144,,,,14614.1259765625
,2145,,,,9888.2626953125
,2146,,,,9572.140625
,2147,,,,10503.123046875
,2148,,,,13521.263671875
,2149,,,,10861.9833984375
,2150,,,,11089.7724609375
,2151,,,,10450.8876953125
,2152,,,,10138.37109375
,2153,,,,10957.65234375
,2154,,,,8770.8203125
,2155,,,,11392.49609375
,2156,,,,10627.392578125
,2157,,,,9503.9462890625
,2158,,,,8822.6416015625
,2159,,,,9606.873046875
,2160,,,,9635.6796875
,2161,,,,10987.0078125
,2162,,,,11530.953125
,2163,,,,9358.82421875
,2164,,,,9449.482421875
,2165,,,,9797.4140625
,2166,,,,12328.8720703125
,2167,,,,8237.623046875
,2168,,,,9926.744140625
,2169,,,,12879.7978515625
34,8574,,,10605.5146484375,
34,8574,10559.802734375,,,
35,8599,,9660.0498046875,,
35,8649,,10061.3466796875,,
35,8699,,14309.6650390625,,
35,8749,,7552.244140625,,
35,8799,,8908.6689453125,,
,2170,,,,9490.7490234375
,2171,,,,10225.623046875
,2172,,,,9673.92578125
,2173,,,,11518.4970703125
,2174,,,,10609.9462890625
,2175,,,,12786.16015625
,2176,,,,13298.4453125
,2177,,,,7666.27392578125
,2178,,,,11774.021484375
,2179,,,,10515.26171875
,2180,,,,13206.90234375
,2181,,,,12371.1337890625
,2182,,,,10744.7197265625
,2183,,,,8744.568359375
,2184,,,,7377.7578125
,2185,,,,10832.716796875
,2186,,,,10098.8759765625
,2187,,,,13567.927734375
,2188,,,,12118.025390625
,2189,,,,11953.400390625
,2190,,,,10195.802734375
,2191,,,,12414.7744140625
,2192,,,,10582.00390625
,2193,,,,11711.6650390625
,2194,,,,10473.330078125
,2195,,,,8429.6982421875
,2196,,,,12867.205078125
,2197,,,,9665.95703125
,2198,,,,12639.48828125
,2199,,,,10030.8125
,2200,,,,10057.931640625
,2201,,,,8188.380859375
,2202,,,,10380.685546875
,2203,,,,8565.5224609375
,2204,,,,8533.974609375
,2205,,,,9707.625
,2206,,,,14553.921875
,2207,,,,9835.8896484375
,2208,,,,9518.275390625
,2209,,,,10466.0322265625
,2210,,,,13466.76171875
,2211,,,,10804.189453125
,2212,,,,11034.703125
,2213,,,,10399.99609375
,2214,,,,10104.912109375
,2215,,,,10905.568359375
,2216,,,,8728.025390625
,2217,,,,11346.8701171875
,2218,,,,10580.1826171875
,2219,,,,9450.765625
,2220,,,,8776.982421875
,2221,,,,9549.7724609375
,2222,,,,9593.2314453125
,2223,,,,10932.9052734375
,2224,,,,11485.5
,2225,,,,9317.6103515625
,2226,,,,9384.546875
,2227,,,,9759.212890625
,2228,,,,12286.3203125
,2229,,,,8196.5400390625
,2230,,,,9882.107421875
,2231,,,,12804.3037109375
35,8819,,,10555.2880859375,
35,8819,10576.240234375,,,
36,8849,,7622.15576171875,,
36,8899,,12370.92578125,,
36,8949,,10117.18359375,,
36,8999,,8838.955078125,,
36,9049,,8927.2685546875,,
,2232,,,,9471.185546875
,2233,,,,10214.5712890625
,2234,,,,9662.55078125
,2235,,,,11504.4560546875
,2236,,,,10600.978515625
,2237,,,,12766.51953125
,2238,,,,13284.896484375
,2239,,,,7652.83935546875
,2240,,,,11754.3740234375
,2241,,,,10501.2138671875
,2242,,,,13180.748046875
,2243,,,,12360.2333984375
,2244,,,,10730.0859375
,2245,,,,8731.919921875
,2246,,,,7360.6220703125
,2247,,,,10817.048828125
,2248,,,,10084.8046875
,2249,,,,13536.2109375
,2250,,,,12111.572265625
,2251,,,,11943.97265625
,2252,,,,10176.12890625
,2253,,,,12394.5390625
,2254,,,,10571.6943359375
,2255,,,,11695.9345703125
,2256,,,,10462.96875
,2257,,,,8408.6142578125
,2258,,,,12847.9931640625
,2259,,,,9660.4501953125
,2260,,,,12622.28125
,2261,,,,10030.69921875
,2262,,,,10039.919921875
,2263,,,,8171.44580078125
,2264,,,,10366.9267578125
,2265,,,,8556.3544921875
,2266,,,,8519.0712890625
,2267,,,,9694.8330078125
,2268,,,,14532.486328125
,2269,,,,9822.525390625
,2270,,,,9510.3720703125
,2271,,,,10445.853515625
,2272,,,,13449.3193359375
,2273,,,,10791.083984375
,2274,,,,11032.46484375
,2275,,,,10382.962890625
,2276,,,,10084.3125
,2277,,,,10882.890625
,2278,,,,8719.013671875
,2279,,,,11326.2998046875
,2280,,,,10562.2587890625
,2281,,,,9431.984375
,2282,,,,8769.0576171875
,2283,,,,9541.2412109375
,2284,,,,9576.5830078125
,2285,,,,10912.904296875
,2286,,,,11464.8486328125
,2287,,,,9302.1826171875
,2288,,,,9377.5634765625
,2289,,,,9739.791015625
,2290,,,,12265.55078125
,2291,,,,8180.576171875
,2292,,,,9880.068359375
,2293,,,,12797.052734375
36,9064,,,10540.4677734375,
36,9064,10559.8671875,,,
37,9099,,11169.2890625,,
37,9149,,7462.2470703125,,
37,9199,,7733.3046875,,
37,9249,,8152.92626953125,,
37,9299,,10407.3583984375,,
,2294,,,,9463.375
,2295,,,,10214.0615234375
,2296,,,,9650.03515625
,2297,,,,11490.4853515625
,2298,,,,10595.099609375
,2299,,,,12764.0322265625
,2300,,,,13276.2568359375
,2301,,,,7640.349609375
,2302,,,,11750.9013671875
,2303,,,,10495.359375
,2304,,,,13166.859375
,2305,,,,12355.7578125
,2306,,,,10715.384765625
,2307,,,,8715.7421875
,2308,,,,7352.3134765625
,2309,,,,10808.451171875
,2310,,,,10077.6962890625
,2311,,,,13526.005859375
,2312,,,,12098.146484375
,2313,,,,11938.49609375
,2314,,,,10172.220703125
,2315,,,,12390.84375
,2316,,,,10559.7041015625
,2317,,,,11696.412109375
,2318,,,,10456.6484375
,2319,,,,8395.560546875
,2320,,,,12852.255859375
,2321,,,,9657.865234375
,2322,,,,12615.0205078125
,2323,,,,10018.6083984375
,2324,,,,10042.70703125
,2325,,,,8155.62939453125
,2326,,,,10361.38671875
,2327,,,,8546.6240234375
,2328,,,,8531.48046875
,2329,,,,9690.3125
,2330,,,,14517.439453125
,2331,,,,9827.8916015625
,2332,,,,9505.8125
,2333,,,,10444.375
,2334,,,,13440.767578125
,2335,,,,10779.775390625
,2336,,,,11031.9921875
,2337,,,,10374.4716796875
,2338,,,,10083.013671875
,2339,,,,10858.7939453125
,2340,,,,8709.080078125
,2341,,,,11325.591796875
,2342,,,,10567.2607421875
,2343,,,,9437.232421875
,2344,,,,8767.1064453125
,2345,,,,9521.361328125
,2346,,,,9569.6923828125
,2347,,,,10903.501953125
,2348,,,,11455.126953125
,2349,,,,9285.69921875
,2350,,,,9352.1455078125
,2351,,,,9727.189453125
,2352,,,,12249.212890625
,2353,,,,8169.70654296875
,2354,,,,9882.22265625
,2355,,,,12788.2548828125
37,9309,,,10533.0791015625,
37,9309,10544.236328125,,,
38,9349,,11586.37890625,,
38,9399,,9976.609375,,
38,9449,,6824.3515625,,
38,9499,,12301.474609375,,
38,9549,,10500.7578125,,
,2356,,,,9434.908203125
,2357,,,,10185.921875
,2358,,,,9630.279296875
,2359,,,,11471.841796875
,2360,,,,10557.9765625
,2361,,,,12745.30078125
,2362,,,,13256.8740234375
,2363,,,,7630.8193359375
,2364,,,,11715.880859375
,2365,,,,10473.359375
,2366,,,,13152.357421875
,2367,,,,12325.103515625
,2368,,,,10689.443359375
,2369,,,,8697.3291015625
,2370,,,,7339.03466796875
,2371,,,,10796.3798828125
,2372,,,,10043.3203125
,2373,,,,13491.77734375
,2374,,,,12069.345703125
,2375,,,,11898.6298828125
,2376,,,,10138.53515625
,2377,,,,12359.17578125
,2378,,,,10540.4609375
,2379,,,,11657.39453125
,2380,,,,10442.126953125
,2381,,,,8372.365234375
,2382,,,,12818.876953125
,2383,,,,9635.28125
,2384,,,,12584.923828125
,2385,,,,10004.41796875
,2386,,,,10015.234375
,2387,,,,8148.71337890625
,2388,,,,10334.4296875
,2389,,,,8520.26953125
,2390,,,,8505.7109375
,2391,,,,9665.267578125
,2392,,,,14485.6513671875
,2393,,,,9794.88671875
,2394,,,,9482.6865234375
,2395,,,,10403.650390625
,2396,,,,13414.50390625
,2397,,,,10756.724609375
,2398,,,,11003.2294921875
,2399,,,,10349.966796875
,2400,,,,10056.74609375
,2401,,,,10834.9560546875
,2402,,,,8695.890625
,2403,,,,11307.970703125
,2404,,,,10546.17578125
,2405,,,,9404.943359375
,2406,,,,8743.896484375
,2407,,,,9515.8251953125
,2408,,,,9544.505859375
,2409,,,,10884.251953125
,2410,,,,11426.8583984375
,2411,,,,9287.580078125
,2412,,,,9344.0556640625
,2413,,,,9702.6142578125
,2414,,,,12214.96484375
,2415,,,,8150.22802734375
,2416,,,,9845.193359375
,2417,,,,12765.3642578125
38,9554,,,10508.86328125,
38,9554,10495.95703125,,,
39,9599,,9512.78125,,
39,9649,,10126.306640625,,
39,9699,,9632.197265625,,
39,9749,,11487.4111328125,,
39,9799,,9232.3388671875,,
,2418,,,,9380.34375
,2419,,,,10113.6005859375
,2420,,,,9588.5888671875
,2421,,,,11404.802734375
,2422,,,,10506.162109375
,2423,,,,12693.048828125
,2424,,,,13204.7353515625
,2425,,,,7571.4599609375
,2426,,,,11658.453125
,2427,,,,10410.041015625
,2428,,,,13088.9677734375
,2429,,,,12263.26171875
,2430,,,,10622.17578125
,2431,,,,8639.45703125
,2432,,,,7293.654296875
,2433,,,,10735.8798828125
,2434,,,,9999.865234375
,2435,,,,13452.119140625
,2436,,,,12004.958984375
,2437,,,,11825.0673828125
,2438,,,,10094.0419921875
,2439,,,,12311.5185546875
,2440,,,,10491.77734375
,2441,,,,11598.1416015625
,2442,,,,10393.1181640625
,2443,,,,8315.63671875
,2444,,,,12760.7880859375
,2445,,,,9591.42578125
,2446,,,,12525.5771484375
,2447,,,,9937.091796875
,2448,,,,9975.130859375
,2449,,,,8086.55322265625
,2450,,,,10292.400390625
,2451,,,,8467.716796875
,2452,,,,8458.287109375
,2453,,,,9622.572265625
,2454,,,,14426.82421875
,2455,,,,9744.4853515625
,2456,,,,9431.193359375
,2457,,,,10354.11328125
,2458,,,,13362.755859375
,2459,,,,10704.294921875
,2460,,,,10947.0703125
,2461,,,,10287.107421875
,2462,,,,9999.5234375
,2463,,,,10769.763671875
,2464,,,,8642.8173828125
,2465,,,,11259.72265625
,2466,,,,10498.890625
,2467,,,,9355.0068359375
,2468,,,,8702.318359375
,2469,,,,9441.3251953125
,2470,,,,9489.853515625
,2471,,,,10820.8203125
,2472,,,,11363.853515625
,2473,,,,9228.70703125
,2474,,,,9266.716796875
,2475,,,,9650.0146484375
,2476,,,,12158.4375
,2477,,,,8094.20751953125
,2478,,,,9793.755859375
,2479,,,,12673.779296875
39,9799,,,10453.4013671875,
39,9799,10518.275390625,,,
40,9849,,9629.767578125,,
40,9899,,11830.123046875,,
40,9949,,10794.966796875,,
40,9999,,11035.662109375,,
,2480,,,,9398.490234375
,2481,,,,10150.2861328125
,2482,,,,9608.3427734375
,2483,,,,11434.66015625
,2484,,,,10527.833984375
,2485,,,,12702.0419921875
,2486,,,,13219.9228515625
,2487,,,,7592.7060546875
,2488,,,,11672.1630859375
,2489,,,,10420.181640625
,2490,,,,13117.2822265625
,2491,,,,12285.0078125
,2492,,,,10642.9765625
,2493,,,,8660.0068359375
,2494,,,,7309.9970703125
,2495,,,,10756.9248046875
,2496,,,,10017.22265625
,2497,,,,13465.341796875
,2498,,,,12024.369140625
,2499,,,,11855.71875
,2500,,,,10107.162109375
,2501,,,,12312.908203125
,2502,,,,10518.58203125
,2503,,,,11614.130859375
,2504,,,,10413.794921875
,2505,,,,8330.888671875
,2506,,,,12781.75390625
,2507,,,,9609.71875
,2508,,,,12531.8662109375
,2509,,,,9966.37109375
,2510,,,,9977.447265625
,2511,,,,8110.466796875
,2512,,,,10308.859375
,2513,,,,8494.0517578125
,2514,,,,8470.21484375
,2515,,,,9640.0869140625
,2516,,,,14450.1103515625
,2517,,,,9753.419921875
,2518,,,,9449.8525390625
,2519,,,,10363.234375
,2520,,,,13388.423828125
,2521,,,,10713.9833984375
,2522,,,,10965.6083984375
,2523,,,,10310.744140625
,2524,,,,10014.0068359375
,2525,,,,10804.126953125
,2526,,,,8661.6767578125
,2527,,,,11281.2998046875
,2528,,,,10518.009765625
,2529,,,,9379.048828125
,2530,,,,8713.4375
,2531,,,,9459.7685546875
,2532,,,,9521.681640625
,2533,,,,10844.162109375
,2534,,,,11380.6455078125
,2535,,,,9251.908203125
,2536,,,,9298.1171875
,2537,,,,9669.314453125
,2538,,,,12173.6669921875
,2539,,,,8109.10400390625
,2540,,,,9809.646484375
,2541,,,,12726.1494140625
40,10044,,,10472.5869140625,
40,10044,10501.8232421875,,,
41,10049,,9825.1181640625,,
41,10099,,12303.12109375,,
41,10149,,11286.0634765625,,
41,10199,,10622.798828125,,
41,10249,,10899.623046875,,
,2542,,,,9411.857421875
,2543,,,,10162.1181640625
,2544,,,,9612.34375
,2545,,,,11446.091796875
,2546,,,,10535.826171875
,2547,,,,12714.5302734375
,2548,,,,13233.986328125
,2549,,,,7608.859375
,2550,,,,11681.720703125
,2551,,,,10441.1171875
,2552,,,,13130.66015625
,2553,,,,12296.14453125
,2554,,,,10661.517578125
,2555,,,,8670.84765625
,2556,,,,7315.25830078125
,2557,,,,10782.6787109375
,2558,,,,10024.998046875
,2559,,,,13475.173828125
,2560,,,,12034.43359375
,2561,,,,11877.896484375
,2562,,,,10117.6875
,2563,,,,12329.8466796875
,2564,,,,10538.58984375
,2565,,,,11624.265625
,2566,,,,10426.640625
,2567,,,,8344.275390625
,2568,,,,12806.197265625
,2569,,,,9633.02734375
,2570,,,,12539.7578125
,2571,,,,9976.486328125
,2572,,,,9993.38671875
,2573,,,,8117.033203125
,2574,,,,10319.2177734375
,2575,,,,8501.388671875
,2576,,,,8488.09765625
,2577,,,,9653.998046875
,2578,,,,14460.0283203125
,2579,,,,9773.3984375
,2580,,,,9468.1640625
,2581,,,,10373.5048828125
,2582,,,,13398.392578125
,2583,,,,10726.8583984375
,2584,,,,10979.1669921875
,2585,,,,10330.232421875
,2586,,,,10023.5595703125
,2587,,,,10824.228515625
,2588,,,,8685.4755859375
,2589,,,,11295.041015625
,2590,,,,10531.7509765625
,2591,,,,9403.98828125
,2592,,,,8731.248046875
,2593,,,,9482.267578125
,2594,,,,9531.125
,2595,,,,10852.7783203125
,2596,,,,11410.744140625
,2597,,,,9260.408203125
,2598,,,,9308.689453125
,2599,,,,9685.8076171875
,2600,,,,12186.849609375
,2601,,,,8117.84912109375
,2602,,,,9796.123046875
,2603,,,,12764.0244140625
41,10289,,,10486.2919921875,
41,10289,10482.8916015625,,,
42,10299,,10915.677734375,,
42,10349,,9765.45703125,,
42,10399,,8866.810546875,,
42,10449,,10789.15625,,
42,10499,,10212.013671875,,
,2604,,,,9388.3310546875
,2605,,,,10147.05859375
,2606,,,,9593.888671875
,2607,,,,11423.0556640625
,2608,,,,10524.505859375
,2609,,,,12683.435546875
,2610,,,,13211.5146484375
,2611,,,,7592.25341796875
,2612,,,,11657.3193359375
,2613,,,,10419.1279296875
,2614,,,,13084.380859375
,2615,,,,12281.2265625
,2616,,,,10637.16796875
,2617,,,,8645.173828125
,2618,,,,7288.5537109375
,2619,,,,10763.103515625
,2620,,,,9996.71484375
,2621,,,,13459.26953125
,2622,,,,12011.578125
,2623,,,,11844.9326171875
,2624,,,,10097.921875
,2625,,,,12304.734375
,2626,,,,10505.24609375
,2627,,,,11594.537109375
,2628,,,,10409.22265625
,2629,,,,8324.59765625
,2630,,,,12776.37109375
,2631,,,,9609.076171875
,2632,,,,12512.26171875
,2633,,,,9947.728515625
,2634,,,,9975.591796875
,2635,,,,8090.265625
,2636,,,,10315.15625
,2637,,,,8483.33203125
,2638,,,,8469.9697265625
,2639,,,,9634.111328125
,2640,,,,14434.5390625
,2641,,,,9748.0595703125
,2642,,,,9442.12890625
,2643,,,,10353.916015625
,2644,,,,13374.6103515625
,2645,,,,10698.1826171875
,2646,,,,10958.923828125
,2647,,,,10293.04296875
,2648,,,,10006.994140625
,2649,,,,10787.3515625
,2650,,,,8656.1875
,2651,,,,11273.8203125
,2652,,,,10507.078125
,2653,,,,9371.9677734375
,2654,,,,8711.814453125
,2655,,,,9458.37109375
,2656,,,,9510.94921875
,2657,,,,10833.765625
,2658,,,,11378.484375
,2659,,,,9238.1982421875
,2660,,,,9282.91796875
,2661,,,,9663.630859375
,2662,,,,12167.970703125
,2663,,,,8088.5546875
,2664,,,,9777.21484375
,2665,,,,12719.638671875
42,10534,,,10462.54296875,
42,10534,10492.3056640625,,,
43,10549,,13686.626953125,,
43,10599,,8360.9736328125,,
43,10649,,7758.15478515625,,
43,10699,,10554.7646484375,,
43,10749,,9534.09765625,,
,2666,,,,9360.259765625
,2667,,,,10109.0126953125
,2668,,,,9562.80078125
,2669,,,,11388.296875
,2670,,,,10478.998046875
,2671,,,,12650.3125
,2672,,,,13175.326171875
,2673,,,,7580.3623046875
,2674,,,,11630.8330078125
,2675,,,,10386.931640625
,2676,,,,13070.5927734375
,2677,,,,12250.35546875
,2678,,,,10611.22265625
,2679,,,,8618.474609375
,2680,,,,7269.9619140625
,2681,,,,10735.6640625
,2682,,,,9956.3798828125
,2683,,,,13415.513671875
,2684,,,,11971.4775390625
,2685,,,,11826.2421875
,2686,,,,10058.8125
,2687,,,,12265.3154296875
,2688,,,,10479.3955078125
,2689,,,,11568.0126953125
,2690,,,,10380.2734375
,2691,,,,8290.966796875
,2692,,,,12735.3125
,2693,,,,9573.59765625
,2694,,,,12495.25390625
,2695,,,,9914.1484375
,2696,,,,9953.04296875
,2697,,,,8071.2978515625
,2698,,,,10253.470703125
,2699,,,,8455.9716796875
,2700,,,,8443.705078125
,2701,,,,9599.98828125
,2702,,,,14398.0263671875
,2703,,,,9720.2392578125
,2704,,,,9407.7353515625
,2705,,,,10313.015625
,2706,,,,13361.4677734375
,2707,,,,10665.1171875
,2708,,,,10929.0712890625
,2709,,,,10266.4609375
,2710,,,,9974.3037109375
,2711,,,,10752.34765625
,2712,,,,8639.3369140625
,2713,,,,11265.2294921875
,2714,,,,10473.341796875
,2715,,,,9355.30859375
,2716,,,,8686.01953125
,2717,,,,9430.9931640625
,2718,,,,9481.5205078125
,2719,,,,10795.83984375
,2720,,,,11355.013671875
,2721,,,,9226.8896484375
,2722,,,,9253.548828125
,2723,,,,9638.1171875
,2724,,,,12133.2900390625
,2725,,,,8061.8525390625
,2726,,,,9759.6015625
,2727,,,,12701.55859375
43,10779,,,10433.23828125,
43,10779,10464.328125,,,
44,10799,,8259.845703125,,
44,10849,,12270.9951171875,,
44,10899,,11418.228515625,,
44,10949,,10685.115234375,,
44,10999,,11251.826171875,,
,2728,,,,9396.0703125
,2729,,,,10149.712890625
,2730,,,,9613.6044921875
,2731,,,,11430.328125
,2732,,,,10521.1767578125
,2733,,,,12700.2578125
,2734,,,,13220.814453125
,2735,,,,7607.6884765625
,2736,,,,11659.2236328125
,2737,,,,10427.1455078125
,2738,,,,13087.2275390625
,2739,,,,12290.8369140625
,2740,,,,10660.3544921875
,2741,,,,8658.505859375
,2742,,,,7316.5634765625
,2743,,,,10821.5625
,2744,,,,9995.419921875
,2745,,,,13460.6181640625
,2746,,,,12020.248046875
,2747,,,,11875.84765625
,2748,,,,10091.412109375
,2749,,,,12294.638671875
,2750,,,,10517.798828125
,2751,,,,11603.3388671875
,2752,,,,10425.6416015625
,2753,,,,8319.52734375
,2754,,,,12787.201171875
,2755,,,,9616.91796875
,2756,,,,12529.3232421875
,2757,,,,9957.39453125
,2758,,,,9977.076171875
,2759,,,,8106.6220703125
,2760,,,,10306.353515625
,2761,,,,8504.669921875
,2762,,,,8475.72265625
,2763,,,,9639.75
,2764,,,,14438.220703125
,2765,,,,9769.3544921875
,2766,,,,9446.25
,2767,,,,10335.921875
,2768,,,,13398.548828125
,2769,,,,10701.28515625
,2770,,,,10964.380859375
,2771,,,,10308.408203125
,2772,,,,10013.8916015625
,2773,,,,10805.18359375
,2774,,,,8679.86328125
,2775,,,,11296.9111328125
,2776,,,,10514.5888671875
,2777,,,,9391.185546875
,2778,,,,8714.0390625
,2779,,,,9476.384765625
,2780,,,,9516.0078125
,2781,,,,10849.712890625
,2782,,,,11411.8046875
,2783,,,,9250.4814453125
,2784,,,,9300.130859375
,2785,,,,9682.044921875
,2786,,,,12174.3544921875
,2787,,,,8087.064453125
,2788,,,,9783.98828125
,2789,,,,12740.978515625
44,11024,,,10473.322265625,
44,11024,10454.5751953125,,,
45,11049,,11521.2529296875,,
45,11099,,9041.146484375,,
45,11149,,9467.2314453125,,
45,11199,,11854.77734375,,
45,11249,,12398.923828125,,
,2790,,,,9365.6689453125
,2791,,,,10104.845703125
,2792,,,,9571.458984375
,2793,,,,11402.7265625
,2794,,,,10479.7392578125
,2795,,,,12665.4404296875
,2796,,,,13188.142578125
,2797,,,,7583.96142578125
,2798,,,,11627.50390625
,2799,,,,10398.736328125
,2800,,,,13063.85546875
,2801,,,,12263.2158203125
,2802,,,,10630.568359375
,2803,,,,8625.353515625
,2804,,,,7292.16015625
,2805,,,,10752.5654296875
,2806,,,,9970.455078125
,2807,,,,13411.3212890625
,2808,,,,11992.5810546875
,2809,,,,11834.0458984375
,2810,,,,10072.70703125
,2811,,,,12263.80078125
,2812,,,,10484.28515625
,2813,,,,11573.169921875
,2814,,,,10389.25390625
,2815,,,,8295.6591796875
,2816,,,,12735.2529296875
,2817,,,,9582.73828125
,2818,,,,12499.697265625
,2819,,,,9926.1669921875
,2820,,,,9960.4921875
,2821,,,,8078.44921875
,2822,,,,10267.0068359375
,2823,,,,8470.26953125
,2824,,,,8451.15625
,2825,,,,9600.9775390625
,2826,,,,14396.873046875
,2827,,,,9741.6416015625
,2828,,,,9410.421875
,2829,,,,10313.9267578125
,2830,,,,13358.66796875
,2831,,,,10675.8603515625
,2832,,,,10940.236328125
,2833,,,,10271.0703125
,2834,,,,9978.818359375
,2835,,,,10770.11328125
,2836,,,,8654.244140625
,2837,,,,11274.7900390625
,2838,,,,10490.0986328125
,2839,,,,9365.33203125
,2840,,,,8690.43359375
,2841,,,,9442.48828125
,2842,,,,9484.4091796875
,2843,,,,10809.328125
,2844,,,,11372.955078125
,2845,,,,9230.185546875
,2846,,,,9267.009765625
,2847,,,,9659.740234375
,2848,,,,12145.732421875
,2849,,,,8061.87109375
,2850,,,,9764.091796875
,2851,,,,12697.212890625
45,11269,,,10441.6259765625,
45,11269,10437.064453125,,,
46,11299,,9751.2802734375,,
46,11349,,8743.982421875,,
46,11399,,10398.7099609375,,
46,11449,,11211.337890625,,
46,11499,,8957.07421875,,
,2852,,,,9382.90625
,2853,,,,10132.9970703125
,2854,,,,9592.1875
,2855,,,,11413.744140625
,2856,,,,10502.9228515625
,2857,,,,12692.099609375
,2858,,,,13212.0615234375
,2859,,,,7595.703125
,2860,,,,11648.505859375
,2861,,,,10423.12109375
,2862,,,,13076.24609375
,2863,,,,12293.5419921875
,2864,,,,10631.291015625
,2865,,,,8638.5859375
,2866,,,,7312.09814453125
,2867,,,,10758.708984375
,2868,,,,9987.29296875
,2869,,,,13432.27734375
,2870,,,,12013.091796875
,2871,,,,11867.126953125
,2872,,,,10093.5966796875
,2873,,,,12295.78125
,2874,,,,10506.1044921875
,2875,,,,11599.04296875
,2876,,,,10407.77734375
,2877,,,,8309.5703125
,2878,,,,12774.04296875
,2879,,,,9605.08984375
,2880,,,,12523.703125
,2881,,,,9940.126953125
,2882,,,,9992.4912109375
,2883,,,,8083.19482421875
,2884,,,,10299.662109375
,2885,,,,8491.4453125
,2886,,,,8476.7373046875
,2887,,,,9630.03125
,2888,,,,14422.6748046875
,2889,,,,9771.9580078125
,2890,,,,9439.9287109375
,2891,,,,10351.6259765625
,2892,,,,13371.212890625
,2893,,,,10692.15625
,2894,,,,10966.240234375
,2895,,,,10297.326171875
,2896,,,,10015.029296875
,2897,,,,10790.9775390625
,2898,,,,8682.078125
,2899,,,,11279.0341796875
,2900,,,,10507.2548828125
,2901,,,,9379.640625
,2902,,,,8710.8984375
,2903,,,,9459.36328125
,2904,,,,9510.998046875
,2905,,,,10840.548828125
,2906,,,,11390.640625
,2907,,,,9234.5
,2908,,,,9267.396484375
,2909,,,,9676.697265625
,2910,,,,12162.9853515625
,2911,,,,8091.52490234375
,2912,,,,9801.8046875
,2913,,,,12717.2138671875
46,11514,,,10462.9921875,
46,11514,10445.8369140625,,,
47,11549,,10742.1552734375,,
47,11599,,11155.96484375,,
47,11649,,9315.583984375,,
47,11699,,8577.697265625,,
47,11749,,10766.6953125,,
,2914,,,,9358.3642578125
,2915,,,,10105.521484375
,2916,,,,9563.1826171875
,2917,,,,11402.078125
,2918,,,,10480.189453125
,2919,,,,12665.037109375
,2920,,,,13178.2998046875
,2921,,,,7568.1630859375
,2922,,,,11613.4970703125
,2923,,,,10385.91015625
,2924,,,,13046.671875
,2925,,,,12252.599609375
,2926,,,,10619.5966796875
,2927,,,,8616.2255859375
,2928,,,,7292.3193359375
,2929,,,,10738.4580078125
,2930,,,,9952.9951171875
,2931,,,,13396.87109375
,2932,,,,11990.4658203125
,2933,,,,11833.2529296875
,2934,,,,10065.37109375
,2935,,,,12249.9296875
,2936,,,,10469.650390625
,2937,,,,11557.40234375
,2938,,,,10384.373046875
,2939,,,,8284.244140625
,2940,,,,12740.4169921875
,2941,,,,9586.802734375
,2942,,,,12481.541015625
,2943,,,,9916.4375
,2944,,,,9954.63671875
,2945,,,,8053.6611328125
,2946,,,,10271.583984375
,2947,,,,8463.8876953125
,2948,,,,8443.2900390625
,2949,,,,9606.26953125
,2950,,,,14386.5986328125
,2951,,,,9747.904296875
,2952,,,,9403.2978515625
,2953,,,,10306.0546875
,2954,,,,13347.287109375
,2955,,,,10670.39453125
,2956,,,,10933.1337890625
,2957,,,,10259.7373046875
,2958,,,,9978.26953125
,2959,,,,10766.9140625
,2960,,,,8659.0166015625
,2961,,,,11255.44921875
,2962,,,,10477.6875
,2963,,,,9350.896484375
,2964,,,,8682.251953125
,2965,,,,9428.265625
,2966,,,,9483.947265625
,2967,,,,10816.712890625
,2968,,,,11361.322265625
,2969,,,,9210.72265625
,2970,,,,9253.0302734375
,2971,,,,9651.90234375
,2972,,,,12128.01953125
,2973,,,,8055.4482421875
,2974,,,,9767.59765625
,2975,,,,12684.138671875
47,11759,,,10433.8232421875,
47,11759,10406.1845703125,,,
48,11799,,10603.076171875,,
48,11849,,9154.67578125,,
48,11899,,10393.8095703125,,
48,11949,,8190.64453125,,
48,11999,,10251.537109375,,
,2976,,,,9341.2880859375
,2977,,,,10093.15234375
,2978,,,,9553.5947265625
,2979,,,,11381.2900390625
,2980,,,,10477.6875
,2981,,,,12642.52734375
,2982,,,,13171.369140625
,2983,,,,7557.69580078125
,2984,,,,11605.521484375
,2985,,,,10379.2158203125
,2986,,,,13031.4814453125
,2987,,,,12231.29296875
,2988,,,,10602.6904296875
,2989,,,,8605.462890625
,2990,,,,7264.51123046875
,2991,,,,10736.1376953125
,2992,,,,9950.345703125
,2993,,,,13390.427734375
,2994,,,,11961.4755859375
,2995,,,,11808.9736328125
,2996,,,,10061.1259765625
,2997,,,,12250.55859375
,2998,,,,10457.974609375
,2999,,,,11541.7197265625
,3000,,,,10366.9970703125
,3001,,,,8279.240234375
,3002,,,,12730.3701171875
,3003,,,,9574.828125
,3004,,,,12462.16015625
,3005,,,,9903.396484375
,3006,,,,9942.5302734375
,3007,,,,8043.6845703125
,3008,,,,10262.4560546875
,3009,,,,8455.85546875
,3010,,,,8427.87890625
,3011,,,,9592.55078125
,3012,,,,14370.841796875
,3013,,,,9733.8232421875
,3014,,,,9395.640625
,3015,,,,10301.2421875
,3016,,,,13341.505859375
,3017,,,,10642.59765625
,3018,,,,10912.2333984375
,3019,,,,10256.08203125
,3020,,,,9972.02734375
,3021,,,,10759.482421875
,3022,,,,8638.404296875
,3023,,,,11246.9091796875
,3024,,,,10464.7568359375
,3025,,,,9330.27734375
,3026,,,,8672.95703125
,3027,,,,9412.57421875
,3028,,,,9474.34765625
,3029,,,,10797.484375
,3030,,,,11346.7490234375
,3031,,,,9203.0390625
,3032,,,,9233.9169921875
,3033,,,,9645.87890625
,3034,,,,12115.921875
,3035,,,,8046.92724609375
,3036,,,,9754.591796875
,3037,,,,12657.072265625
48,12004,,,10421.291015625,
48,12004,10405.0361328125,,,
49,12049,,7855.17919921875,,
49,12099,,12056.0869140625,,
49,12149,,10843.9833984375,,
49,12199,,10515.58984375,,
49,12249,,8660.630859375,,
,3038,,,,9346.501953125
,3039,,,,10078.794921875
,3040,,,,9528.9697265625
,3041,,,,11368.8564453125
,3042,,,,10464.5771484375
,3043,,,,12636.935546875
,3044,,,,13152.7861328125
,3045,,,,7550.529296875
,3046,,,,11607.181640625
,3047,,,,10365.384765625
,3048,,,,13015.771484375
,3049,,,,12228.3544921875
,3050,,,,10591.85546875
,3051,,,,8594.880859375
,3052,,,,7269.05078125
,3053,,,,10723.4541015625
,3054,,,,9932.8525390625
,3055,,,,13383.556640625
,3056,,,,11943.365234375
,3057,,,,11811.435546875
,3058,,,,10050.7109375
,3059,,,,12238.306640625
,3060,,,,10447.8349609375
,3061,,,,11530.98046875
,3062,,,,10351.1611328125
,3063,,,,8266.068359375
,3064,,,,12702.7314453125
,3065,,,,9577.0703125
,3066,,,,12451.54296875
,3067,,,,9893.7734375
,3068,,,,9936.52734375
,3069,,,,8035.3134765625
,3070,,,,10235.77734375
,3071,,,,8440.18359375
,3072,,,,8421.169921875
,3073,,,,9574.958984375
,3074,,,,14343.0927734375
,3075,,,,9724.1923828125
,3076,,,,9378.70703125
,3077,,,,10284.2998046875
,3078,,,,13322.041015625
,3079,,,,10642.25390625
,3080,,,,10898.841796875
,3081,,,,10241.7578125
,3082,,,,9949.541015625
,3083,,,,10745.607421875
,3084,,,,8629.30859375
,3085,,,,11228.533203125
,3086,,,,10463.900390625
,3087,,,,9330.23828125
,3088,,,,8678.396484375
,3089,,,,9396.31640625
,3090,,,,9458.287109375
,3091,,,,10775.921875
,3092,,,,11332.4404296875
,3093,,,,9189.9736328125
,3094,,,,9210.7412109375
,3095,,,,9626.7255859375
,3096,,,,12109.08984375
,3097,,,,8030.251953125
,3098,,,,9748.9423828125
,3099,,,,12642.6845703125
49,12249,,,10409.4609375,
49,12249,10390.3857421875,,,
50,12299,,8876.4736328125,,
50,12349,,10933.1376953125,,
50,12399,,13270.3916015625,,
50,12449,,7032.31005859375,,
,3100,,,,9336.802734375
,3101,,,,10085.24609375
,3102,,,,9527.07421875
,3103,,,,11359.111328125
,3104,,,,10460.830078125
,3105,,,,12625.078125
,3106,,,,13150.279296875
,3107,,,,7532.86865234375
,3108,,,,11603.5419921875
,3109,,,,10362.8984375
,3110,,,,12989.125
,3111,,,,12229.80859375
,3112,,,,10576.99609375
,3113,,,,8583.2998046875
,3114,,,,7241.2353515625
,3115,,,,10724.611328125
,3116,,,,9922.3603515625
,3117,,,,13387.125
,3118,,,,11950.654296875
,3119,,,,11803.9580078125
,3120,,,,10042.13671875
,3121,,,,12220.8779296875
,3122,,,,10448.541015625
,3123,,,,11530.6474609375
,3124,,,,10354.560546875
,3125,,,,8259.4296875
,3126,,,,12707.47265625
,3127,,,,9574.375
,3128,,,,12455.3671875
,3129,,,,9880.73828125
,3130,,,,9939.5908203125
,3131,,,,8007.0498046875
,3132,,,,10249.216796875
,3133,,,,8428.873046875
,3134,,,,8418.185546875
,3135,,,,9573.24609375
,3136,,,,14344.48828125
,3137,,,,9721.8505859375
,3138,,,,9366.85546875
,3139,,,,10278.517578125
,3140,,,,13310.953125
,3141,,,,10633.74609375
,3142,,,,10902.6201171875
,3143,,,,10223.4921875
,3144,,,,9951.595703125
,3145,,,,10720.7578125
,3146,,,,8615.2236328125
,3147,,,,11214.962890625
,3148,,,,10448.0244140625
,3149,,,,9307.142578125
,3150,,,,8667.189453125
,3151,,,,9391.84375
,3152,,,,9444.5029296875
,3153,,,,10771.607421875
,3154,,,,11322.89453125
,3155,,,,9169.572265625
,3156,,,,9185.6962890625
,3157,,,,9623.11328125
,3158,,,,12101.35546875
,3159,,,,8008.330078125
,3160,,,,9739.87890625
,3161,,,,12621.4501953125
50,12494,,,10401.5576171875,
50,12494,10367.5009765625,,,
51,12499,,10423.14453125,,
51,12549,,10805.728515625,,
51,12599,,13092.8046875,,
51,12649,,6859.3134765625,,
51,12699,,8899.6953125,,
,3162,,,,9321.419921875
,3163,,,,10054.95703125
,3164,,,,9505.615234375
,3165,,,,11337.9013671875
,3166,,,,10437.0234375
,3167,,,,12603.1025390625
,3168,,,,13131.8115234375
,3169,,,,7522.8212890625
,3170,,,,11575.3525390625
,3171,,,,10332.947265625
,3172,,,,12973.60546875
,3173,,,,12191.107421875
,3174,,,,10557.498046875
,3175,,,,8568.37109375
,3176,,,,7227.24609375
,3177,,,,10689.4169921875
,3178,,,,9913.0654296875
,3179,,,,13352.8984375
,3180,,,,11909.064453125
,3181,,,,11764.71484375
,3182,,,,10014.744140625
,3183,,,,12198.5986328125
,3184,,,,10426.392578125
,3185,,,,11500.056640625
,3186,,,,10327.00390625
,3187,,,,8239.65234375
,3188,,,,12675.45703125
,3189,,,,9551.2353515625
,3190,,,,12406.357421875
,3191,,,,9863.34765625
,3192,,,,9916.2412109375
,3193,,,,8000.2158203125
,3194,,,,10214.294921875
,3195,,,,8411.255859375
,3196,,,,8389.78125
,3197,,,,9545.21875
,3198,,,,14308.8017578125
,3199,,,,9694.8662109375
,3200,,,,9353.970703125
,3201,,,,10244.7109375
,3202,,,,13304.154296875
,3203,,,,10604.2666015625
,3204,,,,10875.7265625
,3205,,,,10215.9384765625
,3206,,,,9928.7060546875
,3207,,,,10704.115234375
,3208,,,,8598.029296875
,3209,,,,11196.01953125
,3210,,,,10428.4384765625
,3211,,,,9300.9677734375
,3212,,,,8645.609375
,3213,,,,9368.96484375
,3214,,,,9422.3212890625
,3215,,,,10745.244140625
,3216,,,,11298.4013671875
,3217,,,,9164.26171875
,3218,,,,9175.75390625
,3219,,,,9601.30859375
,3220,,,,12074.291015625
,3221,,,,7994.90625
,3222,,,,9712.1240234375
,3223,,,,12627.9033203125
51,12739,,,10378.75,
51,12739,10372.7080078125,,,
52,12749,,11123.765625,,
52,12799,,9920.802734375,,
52,12849,,9796.845703125,,
52,12899,,11092.0078125,,
52,12949,,10700.361328125,,
,3224,,,,9297.5244140625
,3225,,,,10036.3583984375
,3226,,,,9485.80859375
,3227,,,,11318.04296875
,3228,,,,10419.78125
,3229,,,,12579.29296875
,3230,,,,13106.57421875
,3231,,,,7502.3583984375
,3232,,,,11562.375
,3233,,,,10316.8876953125
,3234,,,,12951.2216796875
,3235,,,,12175.1748046875
,3236,,,,10533.23046875
,3237,,,,8551.8486328125
,3238,,,,7219.943359375
,3239,,,,10662.53125
,3240,,,,9895.2021484375
,3241,,,,13324.0625
,3242,,,,11883.57421875
,3243,,,,11745.984375
,3244,,,,9984.162109375
,3245,,,,12167.138671875
,3246,,,,10423.181640625
,3247,,,,11485.1796875
,3248,,,,10313.67578125
,3249,,,,8218.818359375
,3250,,,,12646.69921875
,3251,,,,9539.166015625
,3252,,,,12383.8125
,3253,,,,9849.5595703125
,3254,,,,9895.361328125
,3255,,,,7976.4130859375
,3256,,,,10191.8388671875
,3257,,,,8396.5830078125
,3258,,,,8378.3544921875
,3259,,,,9530.193359375
,3260,,,,14279.8359375
,3261,,,,9678.767578125
,3262,,,,9331.642578125
,3263,,,,10228.603515625
,3264,,,,13285.9375
,3265,,,,10590.02734375
,3266,,,,10853.375
,3267,,,,10186.21484375
,3268,,,,9905.78125
,3269,,,,10679.8232421875
,3270,,,,8584.3515625
,3271,,,,11176.52734375
,3272,,,,10420.10546875
,3273,,,,9282.43359375
,3274,,,,8639.5322265625
,3275,,,,9346.7373046875
,3276,,,,9398.2529296875
,3277,,,,10729.998046875
,3278,,,,11269.9970703125
,3279,,,,9142.041015625
,3280,,,,9151.75
,3281,,,,9573.83984375
,3282,,,,12048.998046875
,3283,,,,7976.3447265625
,3284,,,,9695.9052734375
,3285,,,,12575.248046875
52,12984,,,10358.845703125,
52,12984,10331.4423828125,,,
53,12999,,8581.41015625,,
53,13049,,8048.537109375,,
53,13099,,11078.3203125,,
53,13149,,9722.423828125,,
53,13199,,12137.7529296875,,
,3286,,,,9306.77734375
,3287,,,,10056.306640625
,3288,,,,9510.875
,3289,,,,11327.181640625
,3290,,,,10440.263671875
,3291,,,,12583.505859375
,3292,,,,13122.55859375
,3293,,,,7510.52392578125
,3294,,,,11566.783203125
,3295,,,,10327.7412109375
,3296,,,,12980.001953125
,3297,,,,12189.4794921875
,3298,,,,10543.7333984375
,3299,,,,8560.072265625
,3300,,,,7219.64697265625
,3301,,,,10671.587890625
,3302,,,,9910.5068359375
,3303,,,,13341.8818359375
,3304,,,,11897.9990234375
,3305,,,,11757.89453125
,3306,,,,9994.6611328125
,3307,,,,12195.4482421875
,3308,,,,10429.0625
,3309,,,,11493.1982421875
,3310,,,,10330.2724609375
,3311,,,,8228.0224609375
,3312,,,,12663.96484375
,3313,,,,9548.33984375
,3314,,,,12382.0146484375
,3315,,,,9862.716796875
,3316,,,,9903.333984375
,3317,,,,7979.3876953125
,3318,,,,10215.2802734375
,3319,,,,8415.7109375
,3320,,,,8385.9775390625
,3321,,,,9538.69921875
,3322,,,,14296.5458984375
,3323,,,,9683.37109375
,3324,,,,9353.4375
,3325,,,,10242.3955078125
,3326,,,,13296.7392578125
,3327,,,,10586.8798828125
,3328,,,,10863.599609375
,3329,,,,10215.712890625
,3330,,,,9925.064453125
,3331,,,,10698.1796875
,3332,,,,8588.1572265625
,3333,,,,11196.3056640625
,3334,,,,10435.0927734375
,3335,,,,9278.240234375
,3336,,,,8646.037109375
,3337,,,,9356.216796875
,3338,,,,9418.78125
,3339,,,,10742.884765625
,3340,,,,11283.37890625
,3341,,,,9146.876953125
,3342,,,,9159.53125
,3343,,,,9585.46484375
,3344,,,,12058.25390625
,3345,,,,7983.88720703125
,3346,,,,9701.916015625
,3347,,,,12588.8447265625
53,13229,,,10370.810546875,
53,13229,10336.30859375,,,
54,13249,,9950.0654296875,,
54,13299,,9146.037109375,,
54,13349,,8508.1650390625,,
54,13399,,8583.32421875,,
54,13449,,14379.4609375,,
,3348,,,,9321.4462890625
,3349,,,,10068.87109375
,3350,,,,9522.2109375
,3351,,,,11334.794921875
,3352,,,,10456.2607421875
,3353,,,,12595.970703125
,3354,,,,13136.24609375
,3355,,,,7525.9990234375
,3356,,,,11575.17578125
,3357,,,,10343.6474609375
,3358,,,,12993.2978515625
,3359,,,,12206.576171875
,3360,,,,10555.6875
,3361,,,,8575.58984375
,3362,,,,7231.12255859375
,3363,,,,10677.9833984375
,3364,,,,9928.28515625
,3365,,,,13351.20703125
,3366,,,,11911.3359375
,3367,,,,11764.7265625
,3368,,,,10015.1513671875
,3369,,,,12196.919921875
,3370,,,,10438.8701171875
,3371,,,,11498.515625
,3372,,,,10338.0107421875
,3373,,,,8243.111328125
,3374,,,,12681.912109375
,3375,,,,9563.2646484375
,3376,,,,12389.2958984375
,3377,,,,9877.572265625
,3378,,,,9919.626953125
,3379,,,,7996.7939453125
,3380,,,,10228.6015625
,3381,,,,8429.130859375
,3382,,,,8399.6796875
,3383,,,,9550.0986328125
,3384,,,,14304.369140625
,3385,,,,9699.021484375
,3386,,,,9366.072265625
,3387,,,,10252.642578125
,3388,,,,13306.25390625
,3389,,,,10596.8359375
,3390,,,,10876.6328125
,3391,,,,10234.515625
,3392,,,,9935.0029296875
,3393,,,,10710.74609375
,3394,,,,8602.189453125
,3395,,,,11206.2548828125
,3396,,,,10444.310546875
,3397,,,,9299.23046875
,3398,,,,8662.21484375
,3399,,,,9366.908203125
,3400,,,,9433.05078125
,3401,,,,10756.0341796875
,3402,,,,11298.0986328125
,3403,,,,9163.99609375
,3404,,,,9179.7666015625
,3405,,,,9601.5185546875
,3406,,,,12062.974609375
,3407,,,,8006.81103515625
,3408,,,,9714.5888671875
,3409,,,,12583.9970703125
54,13474,,,10383.677734375,
54,13474,10340.873046875,,,
55,13499,,10117.2314453125,,
55,13549,,12109.263671875,,
55,13599,,11398.45703125,,
55,13649,,8236.0888671875,,
55,13699,,8923.21875,,
,3410,,,,9292.822265625
,3411,,,,10040.0166015625
,3412,,,,9487.9892578125
,3413,,,,11298.92578125
,3414,,,,10422.177734375
,3415,,,,12561.373046875
,3416,,,,13094.1640625
,3417,,,,7495.921875
,3418,,,,11537.380859375
,3419,,,,10314.447265625
,3420,,,,12944.3623046875
,3421,,,,12181.017578125
,3422,,,,10528.3037109375
,3423,,,,8539.109375
,3424,,,,7204.90625
,3425,,,,10659.529296875
,3426,,,,9887.07421875
,3427,,,,13313.572265625
,3428,,,,11895.853515625
,3429,,,,11751.82421875
,3430,,,,9985.89453125
,3431,,,,12161.767578125
,3432,,,,10402.3828125
,3433,,,,11473.7314453125
,3434,,,,10303.240234375
,3435,,,,8207.8955078125
,3436,,,,12648.1640625
,3437,,,,9532.95703125
,3438,,,,12374.38671875
,3439,,,,9847.138671875
,3440,,,,9892.3857421875
,3441,,,,7954.15625
,3442,,,,10195.6669921875
,3443,,,,8392.36328125
,3444,,,,8378.2958984375
,3445,,,,9522.3935546875
,3446,,,,14282.8876953125
,3447,,,,9679.337890625
,3448,,,,9328.38671875
,3449,,,,10223.80859375
,3450,,,,13270.8935546875
,3451,,,,10572.1875
,3452,,,,10853.5849609375
,3453,,,,10185.6484375
,3454,,,,9902.90234375
,3455,,,,10672.109375
,3456,,,,8570.875
,3457,,,,11170.1298828125
,3458,,,,10407.1884765625
,3459,,,,9269.41796875
,3460,,,,8637.9794921875
,3461,,,,9331.791015625
,3462,,,,9396.080078125
,3463,,,,10723.875
,3464,,,,11268.57421875
,3465,,,,9123.9423828125
,3466,,,,9134.041015625
,3467,,,,9566.173828125
,3468,,,,12037.39453125
,3469,,,,7969.96435546875
,3470,,,,9689.89453125
,3471,,,,12537.162109375
55,13719,,,10351.9765625,
55,13719,10345.5947265625,,,
56,13749,,11943.0322265625,,
56,13799,,9694.869140625,,
56,13849,,12119.03515625,,
56,13899,,8315.626953125,,
56,13949,,10810.5244140625,,
,3472,,,,9294.6787109375
,3473,,,,10040.9765625
,3474,,,,9489.2626953125
,3475,,,,11303.3828125
,3476,,,,10417.8408203125
,3477,,,,12558.30078125
,3478,,,,13085.9716796875
,3479,,,,7508.193359375
,3480,,,,11543.9501953125
,3481,,,,10307.666015625
,3482,,,,12953.3466796875
,3483,,,,12171.6513671875
,3484,,,,10530.44921875
,3485,,,,8534.9765625
,3486,,,,7210.61328125
,3487,,,,10655.7138671875
,3488,,,,9886.8076171875
,3489,,,,13311.25390625
,3490,,,,11887.1416015625
,3491,,,,11743.359375
,3492,,,,9967.91796875
,3493,,,,12152.318359375
,3494,,,,10415.7568359375
,3495,,,,11466.1171875
,3496,,,,10302.9677734375
,3497,,,,8204.5771484375
,3498,,,,12653.30078125
,3499,,,,9530.642578125
,3500,,,,12358.990234375
,3501,,,,9846.005859375
,3502,,,,9880.953125
,3503,,,,7965.4013671875
,3504,,,,10190.8515625
,3505,,,,8393.005859375
,3506,,,,8375.91015625
,3507,,,,9526.171875
,3508,,,,14273.6064453125
,3509,,,,9667.7783203125
,3510,,,,9336.2001953125
,3511,,,,10208.240234375
,3512,,,,13273.001953125
,3513,,,,10569.296875
,3514,,,,10847.3408203125
,3515,,,,10193.560546875
,3516,,,,9899.091796875
,3517,,,,10667.1201171875
,3518,,,,8573.65625
,3519,,,,11179.1376953125
,3520,,,,10405.5625
,3521,,,,9268.52734375
,3522,,,,8631.595703125
,3523,,,,9330.943359375
,3524,,,,9398.9951171875
,3525,,,,10726.3408203125
,3526,,,,11268.462890625
,3527,,,,9137.716796875
,3528,,,,9150.61328125
,3529,,,,9565.3525390625
,3530,,,,12034.48046875
,3531,,,,7972.396484375
,3532,,,,9678.61328125
,3533,,,,12549.2568359375
56,13964,,,10350.900390625,
56,13964,10332.2314453125,,,
57,13999,,7276.3916015625,,
57,14049,,12032.62890625,,
57,14099,,12658.484375,,
57,14149,,11175.921875,,
57,14199,,10661.23828125,,
,3534,,,,9262.9365234375
,3535,,,,10014.734375
,3536,,,,9454.93359375
,3537,,,,11267.140625
,3538,,,,10377.16796875
,3539,,,,12525.720703125
,3540,,,,13054.0830078125
,3541,,,,7485.1513671875
,3542,,,,11513.28515625
,3543,,,,10276.35546875
,3544,,,,12912.8828125
,3545,,,,12137.318359375
,3546,,,,10499.8408203125
,3547,,,,8499.90625
,3548,,,,7175.986328125
,3549,,,,10631.646484375
,3550,,,,9852.1171875
,3551,,,,13275.01171875
,3552,,,,11843.095703125
,3553,,,,11706.7763671875
,3554,,,,9940.37109375
,3555,,,,12119.1298828125
,3556,,,,10382.1552734375
,3557,,,,11437.228515625
,3558,,,,10272.9580078125
,3559,,,,8173.939453125
,3560,,,,12609.935546875
,3561,,,,9494.578125
,3562,,,,12326.0078125
,3563,,,,9808.244140625
,3564,,,,9858.99609375
,3565,,,,7936.6826171875
,3566,,,,10148.34375
,3567,,,,8358.845703125
,3568,,,,8345.220703125
,3569,,,,9499.798828125
,3570,,,,14235.0224609375
,3571,,,,9648.572265625
,3572,,,,9299.494140625
,3573,,,,10188.740234375
,3574,,,,13243.2841796875
,3575,,,,10534.48046875
,3576,,,,10817.181640625
,3577,,,,10148.970703125
,3578,,,,9873.623046875
,3579,,,,10631.958984375
,3580,,,,8545.873046875
,3581,,,,11151.662109375
,3582,,,,10377.564453125
,3583,,,,9248.19921875
,3584,,,,8605.76953125
,3585,,,,9295.2109375
,3586,,,,9367.02734375
,3587,,,,10684.4580078125
,3588,,,,11229.1875
,3589,,,,9109.4580078125
,3590,,,,9107.6103515625
,3591,,,,9533.017578125
,3592,,,,11995.111328125
,3593,,,,7939.97998046875
,3594,,,,9655.310546875
,3595,,,,12503.494140625
57,14209,,,10318.4140625,
57,14209,10305.326171875,,,
58,14249,,14034.091796875,,
58,14299,,10489.845703125,,
58,14349,,9679.2353515625,,
58,14399,,9909.712890625,,
58,14449,,8991.4521484375,,
,3596,,,,9276.7998046875
,3597,,,,10020.572265625
,3598,,,,9476.251953125
,3599,,,,11291.642578125
,3600,,,,10394.005859375
,3601,,,,12546.2041015625
,3602,,,,13081.7109375
,3603,,,,7497.35595703125
,3604,,,,11522.3984375
,3605,,,,10295.46875
,3606,,,,12932.39453125
,3607,,,,12152.357421875
,3608,,,,10519.9970703125
,3609,,,,8510.8291015625
,3610,,,,7195.091796875
,3611,,,,10651.412109375
,3612,,,,9863.802734375
,3613,,,,13291.701171875
,3614,,,,11877.0390625
,3615,,,,11728.8232421875
,3616,,,,9961.0224609375
,3617,,,,12132.8857421875
,3618,,,,10386.216796875
,3619,,,,11449.001953125
,3620,,,,10286.59375
,3621,,,,8193.6669921875
,3622,,,,12625.3349609375
,3623,,,,9510.560546875
,3624,,,,12342.1396484375
,3625,,,,9827.3828125
,3626,,,,9874.9228515625
,3627,,,,7948.720703125
,3628,,,,10166.36328125
,3629,,,,8378.3408203125
,3630,,,,8367.083984375
,3631,,,,9508.681640625
,3632,,,,14261.11328125
,3633,,,,9666.5048828125
,3634,,,,9310.84375
,3635,,,,10195.58203125
,3636,,,,13259.0859375
,3637,,,,10552.6533203125
,3638,,,,10833.748046875
,3639,,,,10162.3359375
,3640,,,,9882.8017578125
,3641,,,,10650.9345703125
,3642,,,,8561.474609375
,3643,,,,11164.8359375
,3644,,,,10389.9013671875
,3645,,,,9267.998046875
,3646,,,,8617.916015625
,3647,,,,9317.59765625
,3648,,,,9383.9169921875
,3649,,,,10699.5595703125
,3650,,,,11247.208984375
,3651,,,,9115.078125
,3652,,,,9120.00390625
,3653,,,,9553.48046875
,3654,,,,12015.677734375
,3655,,,,7951.0927734375
,3656,,,,9657.662109375
,3657,,,,12537.1826171875
58,14454,,,10334.51953125,
58,14454,10322.375,,,
59,14499,,11342.650390625,,
59,14549,,8538.1767578125,,
59,14599,,9281.990234375,,
59,14649,,9784.462890625,,
59,14699,,11017.2626953125,,
,3658,,,,9282.111328125
,3659,,,,10016.82421875
,3660,,,,9480.060546875
,3661,,,,11297.2314453125
,3662,,,,10402.62890625
,3663,,,,12548.236328125
,3664,,,,13087.267578125
,3665,,,,7495.75
,3666,,,,11532.279296875
,3667,,,,10299.8857421875
,3668,,,,12925.0703125
,3669,,,,12162.2451171875
,3670,,,,10526.25390625
,3671,,,,8517.232421875
,3672,,,,7204.7548828125
,3673,,,,10661.0654296875
,3674,,,,9870.904296875
,3675,,,,13295.31640625
,3676,,,,11873.501953125
,3677,,,,11730.9765625
,3678,,,,9960.392578125
,3679,,,,12146.189453125
,3680,,,,10389.822265625
,3681,,,,11456.45703125
,3682,,,,10286.2734375
,3683,,,,8192.5810546875
,3684,,,,12617.8212890625
,3685,,,,9517.0986328125
,3686,,,,12358.599609375
,3687,,,,9834.201171875
,3688,,,,9884.7890625
,3689,,,,7949.833984375
,3690,,,,10170.3505859375
,3691,,,,8389.296875
,3692,,,,8376.416015625
,3693,,,,9511.68359375
,3694,,,,14265.80859375
,3695,,,,9682.515625
,3696,,,,9320.728515625
,3697,,,,10198.703125
,3698,,,,13262.462890625
,3699,,,,10556.48828125
,3700,,,,10839.662109375
,3701,,,,10165.626953125
,3702,,,,9884.779296875
,3703,,,,10657.271484375
,3704,,,,8568.4697265625
,3705,,,,11167.0654296875
,3706,,,,10401.3583984375
,3707,,,,9279.3916015625
,3708,,,,8632.083984375
,3709,,,,9319.720703125
,3710,,,,9383.0419921875
,3711,,,,10703.4267578125
,3712,,,,11246.4833984375
,3713,,,,9121.5859375
,3714,,,,9105.65234375
,3715,,,,9560.9443359375
,3716,,,,12020.50390625
,3717,,,,7957.78369140625
,3718,,,,9670.984375
,3719,,,,12523.9912109375
59,14699,,,10339.375,
59,14699,10309.0234375,,,
60,14749,,7402.052734375,,
60,14799,,11153.01171875,,
60,14849,,10418.3740234375,,
60,14899,,9072.0322265625,,
,3720,,,,9254.2392578125
,3721,,,,9989.416015625
,3722,,,,9446.30859375
,3723,,,,11276.515625
,3724,,,,10371.3818359375
,3725,,,,12512.296875
,3726,,,,13055.076171875
,3727,,,,7465.23583984375
,3728,,,,11499.05859375
,3729,,,,10273.4658203125
,3730,,,,12898.033203125
,3731,,,,12129.34375
,3732,,,,10499.6875
,3733,,,,8496.9111328125
,3734,,,,7169.8212890625
,3735,,,,10638.201171875
,3736,,,,9838.423828125
,3737,,,,13265.3037109375
,3738,,,,11840.513671875
,3739,,,,11685.4609375
,3740,,,,9924.7841796875
,3741,,,,12106.560546875
,3742,,,,10367.33984375
,3743,,,,11421.2744140625
,3744,,,,10254.787109375
,3745,,,,8166.17431640625
,3746,,,,12586.36328125
,3747,,,,9482.8818359375
,3748,,,,12319.87890625
,3749,,,,9805.197265625
,3750,,,,9852.8447265625
,3751,,,,7921.43505859375
,3752,,,,10141.5400390625
,3753,,,,8359.95703125
,3754,,,,8338.5703125
,3755,,,,9478.6484375
,3756,,,,14226.0791015625
,3757,,,,9634.9228515625
,3758,,,,9289.06640625
,3759,,,,10154.142578125
,3760,,,,13234.75390625
,3761,,,,10528.98828125
,3762,,,,10803.26953125
,3763,,,,10131.892578125
,3764,,,,9855.6318359375
,3765,,,,10630.8701171875
,3766,,,,8541.3154296875
,3767,,,,11143.75390625
,3768,,,,10373.1796875
,3769,,,,9244.3984375
,3770,,,,8595.048828125
,3771,,,,9288.0654296875
,3772,,,,9355.44140625
,3773,,,,10670.177734375
,3774,,,,11216.59375
,3775,,,,9102.794921875
,3776,,,,9085.849609375
,3777,,,,9527.4580078125
,3778,,,,11989.9423828125
,3779,,,,7919.0576171875
,3780,,,,9648.705078125
,3781,,,,12500.357421875
60,14944,,,10308.26171875,
60,14944,10297.4716796875,,,
61,14949,,7802.9296875,,
61,14999,,8820.724609375,,
61,15049,,10950.224609375,,
61,15099,,11479.908203125,,
61,15149,,8327.00390625,,
,3782,,,,9280.5791015625
,3783,,,,10015.5986328125
,3784,,,,9456.3193359375
,3785,,,,11291.6181640625
,3786,,,,10403.6923828125
,3787,,,,12535.787109375
,3788,,,,13069.8740234375
,3789,,,,7480.8916015625
,3790,,,,11540.177734375
,3791,,,,10311.4736328125
,3792,,,,12913.4990234375
,3793,,,,12151.951171875
,3794,,,,10533.080078125
,3795,,,,8510.32421875
,3796,,,,7182.00244140625
,3797,,,,10653.15625
,3798,,,,9865.603515625
,3799,,,,13291.9677734375
,3800,,,,11880.271484375
,3801,,,,11712.8828125
,3802,,,,9956.609375
,3803,,,,12136.3583984375
,3804,,,,10384.302734375
,3805,,,,11451.849609375
,3806,,,,10279.3828125
,3807,,,,8189.58447265625
,3808,,,,12614.7021484375
,3809,,,,9512.5302734375
,3810,,,,12351.4208984375
,3811,,,,9822.3076171875
,3812,,,,9881.173828125
,3813,,,,7932.4521484375
,3814,,,,10168.740234375
,3815,,,,8378.1259765625
,3816,,,,8373.9267578125
,3817,,,,9494.978515625
,3818,,,,14254.5556640625
,3819,,,,9672.291015625
,3820,,,,9303.8125
,3821,,,,10194.60546875
,3822,,,,13258.267578125
,3823,,,,10549.2265625
,3824,,,,10838.0126953125
,3825,,,,10153.1396484375
,3826,,,,9872.404296875
,3827,,,,10647.0078125
,3828,,,,8566.771484375
,3829,,,,11165.0703125
,3830,,,,10399.90234375
,3831,,,,9259.8291015625
,3832,,,,8624.9169921875
,3833,,,,9303.4287109375
,3834,,,,9375.42578125
,3835,,,,10689.8037109375
,3836,,,,11248.6015625
,3837,,,,9109.697265625
,3838,,,,9083.79296875
,3839,,,,9548.115234375
,3840,,,,12014.9892578125
,3841,,,,7930.73291015625
,3842,,,,9662.669921875
,3843,,,,12530.51171875
61,15189,,,10331.43359375,
61,15189,10279.51171875,,,
62,15199,,11758.720703125,,
62,15249,,10836.2392578125,,
62,15299,,9772.4169921875,,
62,15349,,9268.96484375,,
62,15399,,10192.54296875,,
,3844,,,,9230.26171875
,3845,,,,9974.142578125
,3846,,,,9424.189453125
,3847,,,,11245.6875
,3848,,,,10342.9921875
,3849,,,,12483.970703125
,3850,,,,13021.123046875
,3851,,,,7446.1591796875
,3852,,,,11484.3935546875
,3853,,,,10253.3974609375
,3854,,,,12882.42578125
,3855,,,,12104.4560546875
,3856,,,,10476.611328125
,3857,,,,8471.2421875
,3858,,,,7145.80859375
,3859,,,,10600.421875
,3860,,,,9814.146484375
,3861,,,,13231.689453125
,3862,,,,11822.837890625
,3863,,,,11664.876953125
,3864,,,,9899.34765625
,3865,,,,12083.021484375
,3866,,,,10345.4765625
,3867,,,,11399.767578125
,3868,,,,10236.34375
,3869,,,,8150.19287109375
,3870,,,,12565.3017578125
,3871,,,,9463.802734375
,3872,,,,12279.732421875
,3873,,,,9770.5771484375
,3874,,,,9831.603515625
,3875,,,,7904.26416015625
,3876,,,,10116.52734375
,3877,,,,8336.7705078125
,3878,,,,8329.7822265625
,3879,,,,9463.787109375
,3880,,,,14201.1533203125
,3881,,,,9605.869140625
,3882,,,,9263.529296875
,3883,,,,10135.3701171875
,3884,,,,13205.783203125
,3885,,,,10499.6328125
,3886,,,,10775.224609375
,3887,,,,10117.1484375
,3888,,,,9831.74609375
,3889,,,,10594.681640625
,3890,,,,8526.33984375
,3891,,,,11123.693359375
,3892,,,,10348.5107421875
,3893,,,,9217.9365234375
,3894,,,,8568.2724609375
,3895,,,,9271.05078125
,3896,,,,9332.32421875
,3897,,,,10654.404296875
,3898,,,,11196.337890625
,3899,,,,9086.306640625
,3900,,,,9058.736328125
,3901,,,,9509.78515625
,3902,,,,11950.3095703125
,3903,,,,7903.5234375
,3904,,,,9611.603515625
,3905,,,,12476.0087890625
62,15434,,,10284.6826171875,
62,15434,10267.3828125,,,
63,15449,,8834.0849609375,,
63,15499,,9487.7080078125,,
63,15549,,10174.95703125,,
63,15599,,9602.88671875,,
63,15649,,9475.126953125,,
,3906,,,,9240.142578125
,3907,,,,10002.345703125
,3908,,,,9450.68359375
,3909,,,,11261.513671875
,3910,,,,10364.9404296875
,3911,,,,12507.6669921875
,3912,,,,13041.810546875
,3913,,,,7457.7744140625
,3914,,,,11499.0830078125
,3915,,,,10272.455078125
,3916,,,,12887.38671875
,3917,,,,12124.6611328125
,3918,,,,10476.2880859375
,3919,,,,8487.111328125
,3920,,,,7159.6171875
,3921,,,,10612.953125
,3922,,,,9839.484375
,3923,,,,13255.4130859375
,3924,,,,11833.0888671875
,3925,,,,11668.111328125
,3926,,,,9906.7265625
,3927,,,,12099.826171875
,3928,,,,10359.064453125
,3929,,,,11414.123046875
,3930,,,,10255.73828125
,3931,,,,8159.4814453125
,3932,,,,12591.8271484375
,3933,,,,9484.779296875
,3934,,,,12288.041015625
,3935,,,,9784.1435546875
,3936,,,,9849.9189453125
,3937,,,,7913.7880859375
,3938,,,,10140.20703125
,3939,,,,8362.0537109375
,3940,,,,8340.146484375
,3941,,,,9485.7802734375
,3942,,,,14216.109375
,3943,,,,9625.546875
,3944,,,,9288.076171875
,3945,,,,10150.73828125
,3946,,,,13225.623046875
,3947,,,,10504.30078125
,3948,,,,10790.990234375
,3949,,,,10132.7578125
,3950,,,,9863.599609375
,3951,,,,10616.658203125
,3952,,,,8541.505859375
,3953,,,,11137.169921875
,3954,,,,10362.765625
,3955,,,,9223.765625
,3956,,,,8582.1357421875
,3957,,,,9281.140625
,3958,,,,9348.00390625
,3959,,,,10678.7099609375
,3960,,,,11203.541015625
,3961,,,,9098.13671875
,3962,,,,9069.375
,3963,,,,9526.806640625
,3964,,,,11964.103515625
,3965,,,,7919.3046875
,3966,,,,9633.333984375
,3967,,,,12489.6572265625
63,15679,,,10300.67578125,
63,15679,10266.091796875,,,
64,15699,,11162.8369140625,,
64,15749,,7636.3916015625,,
64,15799,,11159.0732421875,,
64,15849,,10583.89453125,,
64,15899,,11016.8671875,,
,3968,,,,9209.9326171875
,3969,,,,9962.048828125
,3970,,,,9424.435546875
,3971,,,,11223.875
,3972,,,,10347.919921875
,3973,,,,12475.98046875
,3974,,,,13012.109375
,3975,,,,7435.0078125
,3976,,,,11463.99609375
,3977,,,,10246.3701171875
,3978,,,,12861.083984375
,3979,,,,12102.6513671875
,3980,,,,10439.8779296875
,3981,,,,8458.3544921875
,3982,,,,7132.3681640625
,3983,,,,10581.259765625
,3984,,,,9825.0517578125
,3985,,,,13221.091796875
,3986,,,,11805.2197265625
,3987,,,,11639.8779296875
,3988,,,,9881.953125
,3989,,,,12066.1767578125
,3990,,,,10317.267578125
,3991,,,,11392.7900390625
,3992,,,,10227.8681640625
,3993,,,,8128.767578125
,3994,,,,12557.6943359375
,3995,,,,9456.78515625
,3996,,,,12270.7841796875
,3997,,,,9756.451171875
,3998,,,,9830.4921875
,3999,,,,7879.01806640625
,4000,,,,10123.96484375
,4001,,,,8338.787109375
,4002,,,,8324.560546875
,4003,,,,9453.39453125
,4004,,,,14193.015625
,4005,,,,9612.2646484375
,4006,,,,9262.5546875
,4007,,,,10146.314453125
,4008,,,,13194.39453125
,4009,,,,10476.5048828125
,4010,,,,10770.748046875
,4011,,,,10105.412109375
,4012,,,,9839.048828125
,4013,,,,10578.001953125
,4014,,,,8506.6064453125
,4015,,,,11106.033203125
,4016,,,,10337.2294921875
,4017,,,,9191.1796875
,4018,,,,8565.521484375
,4019,,,,9238.611328125
,4020,,,,9322.9443359375
,4021,,,,10647.189453125
,4022,,,,11167.23828125
,4023,,,,9070.2109375
,4024,,,,9020.5166015625
,4025,,,,9498.87109375
,4026,,,,11936.640625
,4027,,,,7892.59375
,4028,,,,9602.6884765625
,4029,,,,12436.8486328125
64,15924,,,10272.638671875,
64,15924,10253.462890625,,,
65,15949,,11134.8349609375,,
65,15999,,10119.2998046875,,
65,16049,,9068.779296875,,
65,16099,,10309.6796875,,
65,16149,,8396.751953125,,
,4030,,,,9202.380859375
,4031,,,,9950.1552734375
,4032,,,,9401.076171875
,4033,,,,11213.29296875
,4034,,,,10323.3828125
,4035,,,,12458.7353515625
,4036,,,,12997.84765625
,4037,,,,7423.001953125
,4038,,,,11446.4931640625
,4039,,,,10223.517578125
,4040,,,,12857.359375
,4041,,,,12080.5390625
,4042,,,,10437.716796875
,4043,,,,8438.55859375
,4044,,,,7123.1875
,4045,,,,10564.8671875
,4046,,,,9800.7158203125
,4047,,,,13200.6328125
,4048,,,,11784.7265625
,4049,,,,11630.5390625
,4050,,,,9858.43359375
,4051,,,,12041.46875
,4052,,,,10309.11328125
,4053,,,,11374.4501953125
,4054,,,,10217.8388671875
,4055,,,,8108.51513671875
,4056,,,,12546.396484375
,4057,,,,9444.3173828125
,4058,,,,12257.765625
,4059,,,,9742.82421875
,4060,,,,9811.4921875
,4061,,,,7871.654296875
,4062,,,,10084.27734375
,4063,,,,8317.09375
,4064,,,,8303.326171875
,4065,,,,9433.16796875
,4066,,,,14171.4384765625
,4067,,,,9593.076171875
,4068,,,,9233.8359375
,4069,,,,10120.798828125
,4070,,,,13185.76171875
,4071,,,,10460.791015625
,4072,,,,10749.1025390625
,4073,,,,10092.2802734375
,4074,,,,9808.1328125
,4075,,,,10565.6669921875
,4076,,,,8502.591796875
,4077,,,,11096.400390625
,4078,,,,10326.8603515625
,4079,,,,9196.90234375
,4080,,,,8541.6025390625
,4081,,,,9224.951171875
,4082,,,,9304.330078125
,4083,,,,10632.96484375
,4084,,,,11162.4248046875
,4085,,,,9061.490234375
,4086,,,,9015.619140625
,4087,,,,9483.7880859375
,4088,,,,11926.341796875
,4089,,,,7867.06640625
,4090,,,,9579.267578125
,4091,,,,12448.7099609375
65,16169,,,10256.7822265625,
65,16169,10246.2294921875,,,
66,16199,,10367.927734375,,
66,16249,,10889.326171875,,
66,16299,,9267.1318359375,,
66,16349,,9787.337890625,,
66,16399,,9880.91796875,,
,4092,,,,9196.1630859375
,4093,,,,9953.21484375
,4094,,,,9400.388671875
,4095,,,,11214.1015625
,4096,,,,10324.673828125
,4097,,,,12453.74609375
,4098,,,,12996.83203125
,4099,,,,7427.5380859375
,4100,,,,11459.91796875
,4101,,,,10219.703125
,4102,,,,12856.708984375
,4103,,,,12075.962890625
,4104,,,,10448.484375
,4105,,,,8437.400390625
,4106,,,,7121.98095703125
,4107,,,,10556.19140625
,4108,,,,9804.330078125
,4109,,,,13193.509765625
,4110,,,,11776.8984375
,4111,,,,11621.123046875
,4112,,,,9857.333984375
,4113,,,,12045.35546875
,4114,,,,10306.837890625
,4115,,,,11375.3857421875
,4116,,,,10216.541015625
,4117,,,,8118.14794921875
,4118,,,,12536.4453125
,4119,,,,9446.123046875
,4120,,,,12255.349609375
,4121,,,,9747.060546875
,4122,,,,9810.77734375
,4123,,,,7878.02294921875
,4124,,,,10086.9755859375
,4125,,,,8319.1806640625
,4126,,,,8301.8369140625
,4127,,,,9431.720703125
,4128,,,,14167.248046875
,4129,,,,9591.7451171875
,4130,,,,9233.7041015625
,4131,,,,10113.93359375
,4132,,,,13183.427734375
,4133,,,,10456.9892578125
,4134,,,,10750.048828125
,4135,,,,10091.623046875
,4136,,,,9802.013671875
,4137,,,,10577.3857421875
,4138,,,,8500.8076171875
,4139,,,,11096.140625
,4140,,,,10318.0078125
,4141,,,,9183.880859375
,4142,,,,8542.701171875
,4143,,,,9225.6904296875
,4144,,,,9298.951171875
,4145,,,,10622.71875
,4146,,,,11150.9228515625
,4147,,,,9065.046875
,4148,,,,9019.3046875
,4149,,,,9484.6640625
,4150,,,,11928.150390625
,4151,,,,7872.08203125
,4152,,,,9589.0380859375
,4153,,,,12446.74609375
66,16414,,,10256.0244140625,
66,16414,10231.2744140625,,,
67,16449,,9328.6708984375,,
67,16499,,10994.802734375,,
67,16549,,11026.9248046875,,
67,16599,,8982.0322265625,,
67,16649,,10823.9990234375,,
,4154,,,,9207.2734375
,4155,,,,9955.92578125
,4156,,,,9408.515625
,4157,,,,11228.37890625
,4158,,,,10338.33984375
,4159,,,,12470.4228515625
,4160,,,,13006.1025390625
,4161,,,,7427.1611328125
,4162,,,,11468.0703125
,4163,,,,10236.017578125
,4164,,,,12857.255859375
,4165,,,,12094.92578125
,4166,,,,10462.2490234375
,4167,,,,8447.6640625
,4168,,,,7131.3525390625
,4169,,,,10573.4033203125
,4170,,,,9801.810546875
,4171,,,,13215.7275390625
,4172,,,,11810.357421875
,4173,,,,11648.99609375
,4174,,,,9875.62890625
,4175,,,,12063.2607421875
,4176,,,,10315.4599609375
,4177,,,,11390.3134765625
,4178,,,,10227.1728515625
,4179,,,,8126.19287109375
,4180,,,,12554.28515625
,4181,,,,9459.6796875
,4182,,,,12271.083984375
,4183,,,,9759.5791015625
,4184,,,,9822.916015625
,4185,,,,7883.15869140625
,4186,,,,10110.890625
,4187,,,,8325.291015625
,4188,,,,8318.396484375
,4189,,,,9444.0400390625
,4190,,,,14179.13671875
,4191,,,,9603.572265625
,4192,,,,9235.232421875
,4193,,,,10126.908203125
,4194,,,,13198.3876953125
,4195,,,,10476.4736328125
,4196,,,,10762.1259765625
,4197,,,,10089.55859375
,4198,,,,9816.171875
,4199,,,,10582.71484375
,4200,,,,8522.25390625
,4201,,,,11106.119140625
,4202,,,,10334.9140625
,4203,,,,9190.9443359375
,4204,,,,8555.775390625
,4205,,,,9245.6591796875
,4206,,,,9316.0224609375
,4207,,,,10632.115234375
,4208,,,,11170.818359375
,4209,,,,9059.990234375
,4210,,,,9023.029296875
,4211,,,,9498.4794921875
,4212,,,,11940.2412109375
,4213,,,,7871.01318359375
,4214,,,,9596.9765625
,4215,,,,12453.5009765625
67,16659,,,10268.0322265625,
67,16659,10231.8779296875,,,
68,16699,,8994.44921875,,
68,16749,,8149.9150390625,,
68,16799,,8892.837890625,,
68,16849,,10820.3251953125,,
68,16899,,12721.0341796875,,
,4216,,,,9183.85546875
,4217,,,,9948.4736328125
,4218,,,,9394.66796875
,4219,,,,11203.267578125
,4220,,,,10311.693359375
,4221,,,,12448.7080078125
,4222,,,,12974.7919921875
,4223,,,,7419.296875
,4224,,,,11436.5205078125
,4225,,,,10204.6943359375
,4226,,,,12835.2490234375
,4227,,,,12071.439453125
,4228,,,,10432.015625
,4229,,,,8433.2490234375
,4230,,,,7114.29296875
,4231,,,,10549.9638671875
,4232,,,,9794.033203125
,4233,,,,13186.83203125
,4234,,,,11770.798828125
,4235,,,,11616.2451171875
,4236,,,,9843.3515625
,4237,,,,12029.224609375
,4238,,,,10302.6328125
,4239,,,,11359.8984375
,4240,,,,10208.9541015625
,4241,,,,8100.83984375
,4242,,,,12529.1875
,4243,,,,9436.2578125
,4244,,,,12229.650390625
,4245,,,,9734.4912109375
,4246,,,,9797.8046875
,4247,,,,7870.97265625
,4248,,,,10083.330078125
,4249,,,,8302.90234375
,4250,,,,8284.390625
,4251,,,,9415.337890625
,4252,,,,14153.8115234375
,4253,,,,9574.91796875
,4254,,,,9224.189453125
,4255,,,,10094.08984375
,4256,,,,13191.8720703125
,4257,,,,10445.21875
,4258,,,,10735.3291015625
,4259,,,,10083.1708984375
,4260,,,,9794.76171875
,4261,,,,10564.943359375
,4262,,,,8497.9169921875
,4263,,,,11088.6357421875
,4264,,,,10311.455078125
,4265,,,,9180.64453125
,4266,,,,8520.4765625
,4267,,,,9222.7744140625
,4268,,,,9302.09765625
,4269,,,,10611.935546875
,4270,,,,11148.3017578125
,4271,,,,9056.2314453125
,4272,,,,9023.9638671875
,4273,,,,9475.716796875
,4274,,,,11913.240234375
,4275,,,,7854.115234375
,4276,,,,9585.283203125
,4277,,,,12433.3935546875
68,16904,,,10245.7880859375,
68,16904,10208.658203125,,,
69,16949,,12216.4375,,
69,16999,,11602.2158203125,,
69,17049,,8677.0078125,,
69,17099,,8241.328125,,
69,17149,,12826.2646484375,,
,4278,,,,9226.087890625
,4279,,,,9971.830078125
,4280,,,,9416.947265625
,4281,,,,11230.6015625
,4282,,,,10345.390625
,4283,,,,12484.05859375
,4284,,,,13016.3232421875
,4285,,,,7447.33203125
,4286,,,,11469.78515625
,4287,,,,10253.7314453125
,4288,,,,12864.2001953125
,4289,,,,12106.7880859375
,4290,,,,10482.0361328125
,4291,,,,8458.11328125
,4292,,,,7161.92333984375
,4293,,,,10586.3076171875
,4294,,,,9819.853515625
,4295,,,,13215.57421875
,4296,,,,11829.28125
,4297,,,,11665.50390625
,4298,,,,9878.8310546875
,4299,,,,12089.458984375
,4300,,,,10330.8349609375
,4301,,,,11400.1171875
,4302,,,,10238.12890625
,4303,,,,8139.017578125
,4304,,,,12561.58984375
,4305,,,,9469.119140625
,4306,,,,12286.4443359375
,4307,,,,9776.8115234375
,4308,,,,9829.666015625
,4309,,,,7897.63623046875
,4310,,,,10110.490234375
,4311,,,,8346.56640625
,4312,,,,8333.8017578125
,4313,,,,9448.7216796875
,4314,,,,14191.44140625
,4315,,,,9623.224609375
,4316,,,,9258.0986328125
,4317,,,,10134.798828125
,4318,,,,13220.234375
,4319,,,,10486.8388671875
,4320,,,,10770.68359375
,4321,,,,10111.822265625
,4322,,,,9824.6796875
,4323,,,,10592.841796875
,4324,,,,8538.001953125
,4325,,,,11118.462890625
,4326,,,,10338.3203125
,4327,,,,9215.80859375
,4328,,,,8567.22265625
,4329,,,,9262.490234375
,4330,,,,9329.6494140625
,4331,,,,10648.919921875
,4332,,,,11196.8125
,4333,,,,9075.11328125
,4334,,,,9049.296875
,4335,,,,9507.3994140625
,4336,,,,11950.220703125
,4337,,,,7885.18359375
,4338,,,,9608.1376953125
,4339,,,,12466.6455078125
69,17149,,,10281.5185546875,
69,17149,10220.5263671875,,,
70,17199,,11872.095703125,,
70,17249,,8930.06640625,,
70,17299,,9864.705078125,,
70,17349,,10568.720703125,,
,4340,,,,9182.716796875
,4341,,,,9935.806640625
,4342,,,,9384.630859375
,4343,,,,11200.658203125
,4344,,,,10305.953125
,4345,,,,12440.2021484375
,4346,,,,12980.814453125
,4347,,,,7415.849609375
,4348,,,,11437.0927734375
,4349,,,,10211.69140625
,4350,,,,12836.453125
,4351,,,,12066.36328125
,4352,,,,10439.373046875
,4353,,,,8426.06640625
,4354,,,,7125.4208984375
,4355,,,,10549.015625
,4356,,,,9787.857421875
,4357,,,,13183.908203125
,4358,,,,11781.6015625
,4359,,,,11630.333984375
,4360,,,,9840.732421875
,4361,,,,12054.9873046875
,4362,,,,10290.1923828125
,4363,,,,11363.150390625
,4364,,,,10205.48046875
,4365,,,,8112.59765625
,4366,,,,12522.208984375
,4367,,,,9429.1669921875
,4368,,,,12238.6640625
,4369,,,,9742.0361328125
,4370,,,,9799.39453125
,4371,,,,7865.50634765625
,4372,,,,10078.5078125
,4373,,,,8307.453125
,4374,,,,8300.9404296875
,4375,,,,9423.3447265625
,4376,,,,14153.033203125
,4377,,,,9588.5078125
,4378,,,,9226.1796875
,4379,,,,10102.208984375
,4380,,,,13182.044921875
,4381,,,,10449.9365234375
,4382,,,,10735.107421875
,4383,,,,10081.880859375
,4384,,,,9790.9189453125
,4385,,,,10560.1416015625
,4386,,,,8499.810546875
,4387,,,,11084.509765625
,4388,,,,10306.564453125
,4389,,,,9177.7333984375
,4390,,,,8537.103515625
,4391,,,,9217.080078125
,4392,,,,9288.8369140625
,4393,,,,10613.6796875
,4394,,,,11142.69921875
,4395,,,,9046.70703125
,4396,,,,9006.24609375
,4397,,,,9473.15625
,4398,,,,11914.302734375
,4399,,,,7859.896484375
,4400,,,,9581.130859375
,4401,,,,12421.4970703125
70,17394,,,10245.759765625,
70,17394,10222.1103515625,,,
71,17399,,11055.123046875,,
71,17449,,9191.9560546875,,
71,17499,,9807.7841796875,,
71,17549,,11047.810546875,,
71,17599,,7770.8505859375,,
,4402,,,,9187.1357421875
,4403,,,,9948.384765625
,4404,,,,9388.822265625
,4405,,,,11211.021484375
,4406,,,,10316.44921875
,4407,,,,12452.185546875
,4408,,,,12994.359375
,4409,,,,7416.9111328125
,4410,,,,11437.09765625
,4411,,,,10207.642578125
,4412,,,,12825.8828125
,4413,,,,12068.51171875
,4414,,,,10449.67578125
,4415,,,,8431.486328125
,4416,,,,7121.8623046875
,4417,,,,10550.7587890625
,4418,,,,9791.703125
,4419,,,,13188.0859375
,4420,,,,11782.0498046875
,4421,,,,11643.078125
,4422,,,,9852.4677734375
,4423,,,,12051.62890625
,4424,,,,10301.0810546875
,4425,,,,11368.294921875
,4426,,,,10214.18359375
,4427,,,,8104.56689453125
,4428,,,,12533.779296875
,4429,,,,9445.8525390625
,4430,,,,12238.345703125
,4431,,,,9743.3505859375
,4432,,,,9798.3447265625
,4433,,,,7864.1171875
,4434,,,,10089.271484375
,4435,,,,8313.9931640625
,4436,,,,8301.583984375
,4437,,,,9431.73046875
,4438,,,,14158.04296875
,4439,,,,9594.044921875
,4440,,,,9235.505859375
,4441,,,,10097.7783203125
,4442,,,,13192.8876953125
,4443,,,,10455.1904296875
,4444,,,,10740.634765625
,4445,,,,10089.408203125
,4446,,,,9789.8701171875
,4447,,,,10563.2060546875
,4448,,,,8499.126953125
,4449,,,,11089.486328125
,4450,,,,10316.81640625
,4451,,,,9187.052734375
,4452,,,,8538.9599609375
,4453,,,,9220.8408203125
,4454,,,,9301.599609375
,4455,,,,10609.56640625
,4456,,,,11162.44140625
,4457,,,,9042.1494140625
,4458,,,,9015.68359375
,4459,,,,9480.470703125
,4460,,,,11917.75390625
,4461,,,,7860.01513671875
,4462,,,,9581.7255859375
,4463,,,,12423.3779296875
71,17639,,,10250.5126953125,
71,17639,10221.556640625,,,
72,17649,,10712.095703125,,
72,17699,,8988.7880859375,,
72,17749,,8419.6982421875,,
72,17799,,8216.337890625,,
72,17849,,8454.75,,
,4464,,,,9170.7138671875
,4465,,,,9927.861328125
,4466,,,,9368.21875
,4467,,,,11188.78515625
,4468,,,,10293.5908203125
,4469,,,,12428.341796875
,4470,,,,12971.369140625
,4471,,,,7412.21875
,4472,,,,11423.12890625
,4473,,,,10187.6953125
,4474,,,,12820.693359375
,4475,,,,12045.365234375
,4476,,,,10426.7578125
,4477,,,,8417.1875
,4478,,,,7104.9111328125
,4479,,,,10531.876953125
,4480,,,,9772.791015625
,4481,,,,13157.39453125
,4482,,,,11746.1728515625
,4483,,,,11606.9619140625
,4484,,,,9829.849609375
,4485,,,,12037.5751953125
,4486,,,,10283.025390625
,4487,,,,11341.986328125
,4488,,,,10188.869140625
,4489,,,,8093.052734375
,4490,,,,12501.693359375
,4491,,,,9428.0478515625
,4492,,,,12217.787109375
,4493,,,,9733.3203125
,4494,,,,9785.4384765625
,4495,,,,7858.27490234375
,4496,,,,10053.41015625
,4497,,,,8292.310546875
,4498,,,,8277.54296875
,4499,,,,9407.5380859375
,4500,,,,14128.9921875
,4501,,,,9560.873046875
,4502,,,,9218.19140625
,4503,,,,10068.8251953125
,4504,,,,13173.5986328125
,4505,,,,10432.5595703125
,4506,,,,10723.515625
,4507,,,,10066.345703125
,4508,,,,9764.3564453125
,4509,,,,10543.232421875
,4510,,,,8479.484375
,4511,,,,11073.962890625
,4512,,,,10293.16015625
,4513,,,,9180.0126953125
,4514,,,,8526.5625
,4515,,,,9199.1123046875
,4516,,,,9275.4990234375
,4517,,,,10586.8828125
,4518,,,,11132.138671875
,4519,,,,9045.111328125
,4520,,,,9000.849609375
,4521,,,,9457.3818359375
,4522,,,,11893.796875
,4523,,,,7842.80322265625
,4524,,,,9558.98828125
,4525,,,,12417.134765625
72,17884,,,10230.10546875,
72,17884,10192.6025390625,,,
73,17899,,9192.015625,,
73,17949,,9561.6044921875,,
73,17999,,10017.24609375,,
73,18049,,11051.1123046875,,
73,18099,,7908.15283203125,,
,4526,,,,9191.904296875
,4527,,,,9958.8203125
,4528,,,,9394.90234375
,4529,,,,11200.8671875
,4530,,,,10319.103515625
,4531,,,,12457.0283203125
,4532,,,,12989.2265625
,4533,,,,7423.36328125
,4534,,,,11417.333984375
,4535,,,,10207.673828125
,4536,,,,12832.669921875
,4537,,,,12077.005859375
,4538,,,,10446.1865234375
,4539,,,,8435.908203125
,4540,,,,7131.490234375
,4541,,,,10554.900390625
,4542,,,,9781.6640625
,4543,,,,13190.3330078125
,4544,,,,11774.791015625
,4545,,,,11640.6015625
,4546,,,,9855.78125
,4547,,,,12042.1513671875
,4548,,,,10305.3427734375
,4549,,,,11368.5078125
,4550,,,,10220.9365234375
,4551,,,,8108.078125
,4552,,,,12545.3359375
,4553,,,,9447.7646484375
,4554,,,,12255.462890625
,4555,,,,9749.318359375
,4556,,,,9802.31640625
,4557,,,,7871.0849609375
,4558,,,,10080.92578125
,4559,,,,8310.9970703125
,4560,,,,8305.19921875
,4561,,,,9427.2890625
,4562,,,,14163.689453125
,4563,,,,9590.1796875
,4564,,,,9237.8212890625
,4565,,,,10096.013671875
,4566,,,,13197.224609375
,4567,,,,10451.3818359375
,4568,,,,10743.796875
,4569,,,,10089.345703125
,4570,,,,9789.8134765625
,4571,,,,10564.240234375
,4572,,,,8500.58984375
,4573,,,,11095.6962890625
,4574,,,,10307.59765625
,4575,,,,9213.255859375
,4576,,,,8544.08203125
,4577,,,,9222.029296875
,4578,,,,9299.076171875
,4579,,,,10617.169921875
,4580,,,,11152.685546875
,4581,,,,9054.58203125
,4582,,,,9016.4521484375
,4583,,,,9477.5478515625
,4584,,,,11913.646484375
,4585,,,,7859.1103515625
,4586,,,,9595.419921875
,4587,,,,12442.0927734375
73,18129,,,10252.3544921875,
73,18129,10190.5576171875,,,
74,18149,,9949.83203125,,
74,18199,,9480.501953125,,
74,18249,,9135.216796875,,
74,18299,,8959.544921875,,
74,18349,,9752.2421875,,
,4588,,,,9172.654296875
,4589,,,,9930.013671875
,4590,,,,9377.177734375
,4591,,,,11187.615234375
,4592,,,,10310.55078125
,4593,,,,12444.962890625
,4594,,,,12971.7421875
,4595,,,,7396.875
,4596,,,,11416.041015625
,4597,,,,10205.759765625
,4598,,,,12801.337890625
,4599,,,,12063.9375
,4600,,,,10430.81640625
,4601,,,,8416.333984375
,4602,,,,7101.1455078125
,4603,,,,10537.65625
,4604,,,,9769.58203125
,4605,,,,13177.3671875
,4606,,,,11762.4716796875
,4607,,,,11619.1728515625
,4608,,,,9840.767578125
,4609,,,,12045.03515625
,4610,,,,10283.9453125
,4611,,,,11355.8828125
,4612,,,,10204.974609375
,4613,,,,8092.466796875
,4614,,,,12543.734375
,4615,,,,9437.82421875
,4616,,,,12241.7158203125
,4617,,,,9727.494140625
,4618,,,,9803.107421875
,4619,,,,7844.591796875
,4620,,,,10080.544921875
,4621,,,,8291.5
,4622,,,,8300.126953125
,4623,,,,9411.51171875
,4624,,,,14151.5849609375
,4625,,,,9600.6904296875
,4626,,,,9218.517578125
,4627,,,,10095.265625
,4628,,,,13174.92578125
,4629,,,,10440.486328125
,4630,,,,10742.1162109375
,4631,,,,10072.0859375
,4632,,,,9778.07421875
,4633,,,,10538.79296875
,4634,,,,8490.623046875
,4635,,,,11078.3515625
,4636,,,,10299.08203125
,4637,,,,9185.0087890625
,4638,,,,8543.4345703125
,4639,,,,9199.5322265625
,4640,,,,9278.705078125
,4641,,,,10602.185546875
,4642,,,,11136.7119140625
,4643,,,,9030.62890625
,4644,,,,8974.1064453125
,4645,,,,9458.5166015625
,4646,,,,11902.0107421875
,4647,,,,7843.3935546875
,4648,,,,9569.265625
,4649,,,,12414.9228515625
74,18374,,,10237.3564453125,
74,18374,10189.7216796875,,,
75,18399,,9432.1318359375,,
75,18449,,8810.1328125,,
75,18499,,10600.5791015625,,
75,18549,,11161.3046875,,
75,18599,,12392.6083984375,,
,4650,,,,9144.3779296875
,4651,,,,9887.642578125
,4652,,,,9334.447265625
,4653,,,,11144.951171875
,4654,,,,10264.224609375
,4655,,,,12395.138671875
,4656,,,,12938.21875
,4657,,,,7369.3037109375
,4658,,,,11373.46875
,4659,,,,10155.8056640625
,4660,,,,12782.4169921875
,4661,,,,12005.16796875
,4662,,,,10387.87890625
,4663,,,,8388.23046875
,4664,,,,7073.6884765625
,4665,,,,10494.55078125
,4666,,,,9741.646484375
,4667,,,,13126.142578125
,4668,,,,11703.291015625
,4669,,,,11567.1328125
,4670,,,,9798.8310546875
,4671,,,,11999.296875
,4672,,,,10244.15625
,4673,,,,11314.216796875
,4674,,,,10161.2265625
,4675,,,,8061.05517578125
,4676,,,,12484.1328125
,4677,,,,9397.3173828125
,4678,,,,12177.2958984375
,4679,,,,9696.298828125
,4680,,,,9761.6650390625
,4681,,,,7822.44970703125
,4682,,,,10020.4453125
,4683,,,,8253.7587890625
,4684,,,,8257.189453125
,4685,,,,9373.1845703125
,4686,,,,14101.775390625
,4687,,,,9548.712890625
,4688,,,,9179.0703125
,4689,,,,10047.12109375
,4690,,,,13132.9326171875
,4691,,,,10401.6708984375
,4692,,,,10683.646484375
,4693,,,,10030.791015625
,4694,,,,9734.7421875
,4695,,,,10504.3349609375
,4696,,,,8465.23828125
,4697,,,,11046.87109375
,4698,,,,10259.3359375
,4699,,,,9150.755859375
,4700,,,,8497.0498046875
,4701,,,,9165.07421875
,4702,,,,9243.818359375
,4703,,,,10565.16796875
,4704,,,,11094.3291015625
,4705,,,,9019.1259765625
,4706,,,,8954.28125
,4707,,,,9421.9306640625
,4708,,,,11856.4892578125
,4709,,,,7816.93359375
,4710,,,,9539.759765625
,4711,,,,12375.0654296875
75,18619,,,10197.3359375,
75,18619,10171.4140625,,,
76,18649,,8431.7626953125,,
76,18699,,13671.4365234375,,
76,18749,,12088.4541015625,,
76,18799,,9022.529296875,,
76,18849,,9414.41015625,,
,4712,,,,9203.333984375
,4713,,,,9935.2578125
,4714,,,,9375.41015625
,4715,,,,11201.833984375
,4716,,,,10320.3671875
,4717,,,,12447.5927734375
,4718,,,,12979.947265625
,4719,,,,7417.7275390625
,4720,,,,11417.5849609375
,4721,,,,10213.90625
,4722,,,,12811.09375
,4723,,,,12066.6455078125
,4724,,,,10446.67578125
,4725,,,,8428.638671875
,4726,,,,7126.8466796875
,4727,,,,10547.4951171875
,4728,,,,9779.193359375
,4729,,,,13172.21484375
,4730,,,,11784.140625
,4731,,,,11628.611328125
,4732,,,,9854.927734375
,4733,,,,12055.8486328125
,4734,,,,10301.8623046875
,4735,,,,11368.16796875
,4736,,,,10214.7412109375
,4737,,,,8097.9853515625
,4738,,,,12542.162109375
,4739,,,,9455.8505859375
,4740,,,,12253.107421875
,4741,,,,9747.291015625
,4742,,,,9802.6884765625
,4743,,,,7857.380859375
,4744,,,,10073.900390625
,4745,,,,8306.13671875
,4746,,,,8308.4228515625
,4747,,,,9414.63671875
,4748,,,,14159.837890625
,4749,,,,9622.7265625
,4750,,,,9226.0283203125
,4751,,,,10095.4462890625
,4752,,,,13187.4169921875
,4753,,,,10453.994140625
,4754,,,,10742.5966796875
,4755,,,,10087.158203125
,4756,,,,9783.134765625
,4757,,,,10553.107421875
,4758,,,,8517.072265625
,4759,,,,11099.255859375
,4760,,,,10310.9267578125
,4761,,,,9207.51171875
,4762,,,,8549.4365234375
,4763,,,,9215.291015625
,4764,,,,9307.876953125
,4765,,,,10611.138671875
,4766,,,,11171.41796875
,4767,,,,9040.6357421875
,4768,,,,9001.96484375
,4769,,,,9479.630859375
,4770,,,,11918.080078125
,4771,,,,7843.40380859375
,4772,,,,9591.0322265625
,4773,,,,12425.9072265625
76,18864,,,10249.373046875,
76,18864,10183.068359375,,,
77,18899,,9688.4501953125,,
77,18949,,10330.0078125,,
77,18999,,9336.634765625,,
77,19049,,11469.638671875,,
77,19099,,11804.2451171875,,
,4774,,,,9171.798828125
,4775,,,,9912.4951171875
,4776,,,,9364.353515625
,4777,,,,11177.16796875
,4778,,,,10300.7158203125
,4779,,,,12415.193359375
,4780,,,,12957.69921875
,4781,,,,7385.6396484375
,4782,,,,11392.806640625
,4783,,,,10184.9453125
,4784,,,,12800.5234375
,4785,,,,12044.826171875
,4786,,,,10406.408203125
,4787,,,,8409.3232421875
,4788,,,,7091.8974609375
,4789,,,,10517.29296875
,4790,,,,9771.1845703125
,4791,,,,13155.7890625
,4792,,,,11744.642578125
,4793,,,,11589.2998046875
,4794,,,,9834.0
,4795,,,,12039.974609375
,4796,,,,10267.494140625
,4797,,,,11338.193359375
,4798,,,,10190.056640625
,4799,,,,8087.00927734375
,4800,,,,12528.3876953125
,4801,,,,9422.298828125
,4802,,,,12217.0625
,4803,,,,9709.259765625
,4804,,,,9784.9599609375
,4805,,,,7831.970703125
,4806,,,,10073.7255859375
,4807,,,,8281.287109375
,4808,,,,8292.3232421875
,4809,,,,9391.892578125
,4810,,,,14142.021484375
,4811,,,,9588.572265625
,4812,,,,9211.306640625
,4813,,,,10086.09375
,4814,,,,13149.73046875
,4815,,,,10415.1318359375
,4816,,,,10714.185546875
,4817,,,,10068.5390625
,4818,,,,9769.7587890625
,4819,,,,10526.7919921875
,4820,,,,8479.5556640625
,4821,,,,11063.0322265625
,4822,,,,10291.6875
,4823,,,,9168.36328125
,4824,,,,8522.34765625
,4825,,,,9186.810546875
,4826,,,,9272.31640625
,4827,,,,10586.1552734375
,4828,,,,11122.5849609375
,4829,,,,9026.8271484375
,4830,,,,8969.078125
,4831,,,,9454.7060546875
,4832,,,,11892.8798828125
,4833,,,,7841.7451171875
,4834,,,,9551.701171875
,4835,,,,12388.7255859375
77,19109,,,10223.9228515625,
77,19109,10168.27734375,,,
78,19149,,12292.572265625,,
78,19199,,10050.58203125,,
78,19249,,11640.505859375,,
78,19299,,8510.36328125,,
78,19349,,7509.53466796875,,
,4836,,,,9141.203125
,4837,,,,9877.546875
,4838,,,,9323.265625
,4839,,,,11145.2412109375
,4840,,,,10264.26953125
,4841,,,,12387.46484375
,4842,,,,12914.1611328125
,4843,,,,7363.71923828125
,4844,,,,11356.296875
,4845,,,,10144.85546875
,4846,,,,12758.591796875
,4847,,,,11996.978515625
,4848,,,,10380.1162109375
,4849,,,,8379.83984375
,4850,,,,7060.2666015625
,4851,,,,10484.837890625
,4852,,,,9738.7529296875
,4853,,,,13112.19921875
,4854,,,,11695.755859375
,4855,,,,11541.884765625
,4856,,,,9793.515625
,4857,,,,11983.4423828125
,4858,,,,10243.953125
,4859,,,,11301.3486328125
,4860,,,,10161.08203125
,4861,,,,8044.8154296875
,4862,,,,12467.5400390625
,4863,,,,9388.1318359375
,4864,,,,12166.767578125
,4865,,,,9680.04296875
,4866,,,,9746.716796875
,4867,,,,7805.3583984375
,4868,,,,10020.203125
,4869,,,,8242.2451171875
,4870,,,,8252.72265625
,4871,,,,9359.57421875
,4872,,,,14087.6201171875
,4873,,,,9545.4599609375
,4874,,,,9171.220703125
,4875,,,,10039.1416015625
,4876,,,,13121.845703125
,4877,,,,10385.53515625
,4878,,,,10675.4423828125
,4879,,,,10031.083984375
,4880,,,,9725.083984375
,4881,,,,10495.640625
,4882,,,,8457.08203125
,4883,,,,11034.404296875
,4884,,,,10262.296875
,4885,,,,9134.44921875
,4886,,,,8489.7890625
,4887,,,,9153.630859375
,4888,,,,9241.3017578125
,4889,,,,10548.7734375
,4890,,,,11097.46484375
,4891,,,,9002.72265625
,4892,,,,8942.8046875
,4893,,,,9425.2978515625
,4894,,,,11851.4765625
,4895,,,,7793.94189453125
,4896,,,,9519.7939453125
,4897,,,,12349.01171875
78,19354,,,10187.392578125,
78,19354,10153.900390625,,,
79,19399,,10337.787109375,,
79,19449,,11467.650390625,,
79,19499,,12214.91015625,,
79,19549,,10461.802734375,,
79,19599,,13709.5869140625,,
,4898,,,,9165.9150390625
,4899,,,,9914.056640625
,4900,,,,9360.029296875
,4901,,,,11179.24609375
,4902,,,,10292.322265625
,4903,,,,12414.736328125
,4904,,,,12940.15234375
,4905,,,,7393.21044921875
,4906,,,,11376.837890625
,4907,,,,10173.96875
,4908,,,,12779.94140625
,4909,,,,12038.33203125
,4910,,,,10405.095703125
,4911,,,,8407.9892578125
,4912,,,,7092.14013671875
,4913,,,,10509.4990234375
,4914,,,,9758.4404296875
,4915,,,,13146.095703125
,4916,,,,11740.400390625
,4917,,,,11584.1171875
,4918,,,,9822.00390625
,4919,,,,12013.068359375
,4920,,,,10274.44140625
,4921,,,,11328.70703125
,4922,,,,10191.087890625
,4923,,,,8076.3818359375
,4924,,,,12510.0
,4925,,,,9415.79296875
,4926,,,,12193.69140625
,4927,,,,9708.361328125
,4928,,,,9780.0830078125
,4929,,,,7832.40380859375
,4930,,,,10057.7353515625
,4931,,,,8276.15234375
,4932,,,,8272.2939453125
,4933,,,,9389.958984375
,4934,,,,14124.1865234375
,4935,,,,9580.544921875
,4936,,,,9201.8818359375
,4937,,,,10060.8779296875
,4938,,,,13147.42578125
,4939,,,,10410.826171875
,4940,,,,10702.9306640625
,4941,,,,10068.671875
,4942,,,,9760.505859375
,4943,,,,10524.734375
,4944,,,,8485.4736328125
,4945,,,,11060.390625
,4946,,,,10287.78125
,4947,,,,9169.255859375
,4948,,,,8509.7958984375
,4949,,,,9191.5087890625
,4950,,,,9273.431640625
,4951,,,,10581.04296875
,4952,,,,11121.1708984375
,4953,,,,9022.12109375
,4954,,,,8973.2109375
,4955,,,,9458.861328125
,4956,,,,11877.666015625
,4957,,,,7824.03076171875
,4958,,,,9546.4609375
,4959,,,,12382.966796875
79,19599,,,10217.2646484375,
79,19599,10147.5078125,,,
80,19649,,9685.74609375,,
80,19699,,8903.677734375,,
80,19749,,8138.4326171875,,
80,19799,,11674.7763671875,,
,4960,,,,9121.1796875
,4961,,,,9878.6396484375
,4962,,,,9324.6279296875
,4963,,,,11139.2470703125
,4964,,,,10255.59375
,4965,,,,12376.48046875
,4966,,,,12902.5732421875
,4967,,,,7355.14453125
,4968,,,,11340.0634765625
,4969,,,,10134.7919921875
,4970,,,,12749.611328125
,4971,,,,11999.185546875
,4972,,,,10354.2626953125
,4973,,,,8374.6650390625
,4974,,,,7049.005859375
,4975,,,,10470.734375
,4976,,,,9727.1337890625
,4977,,,,13108.794921875
,4978,,,,11687.0205078125
,4979,,,,11533.927734375
,4980,,,,9786.8681640625
,4981,,,,11972.068359375
,4982,,,,10232.765625
,4983,,,,11288.6884765625
,4984,,,,10154.7822265625
,4985,,,,8040.18994140625
,4986,,,,12471.677734375
,4987,,,,9376.6953125
,4988,,,,12143.779296875
,4989,,,,9665.77734375
,4990,,,,9748.7451171875
,4991,,,,7797.62744140625
,4992,,,,10026.4375
,4993,,,,8239.0
,4994,,,,8236.4404296875
,4995,,,,9358.2578125
,4996,,,,14084.6455078125
,4997,,,,9530.38671875
,4998,,,,9167.3857421875
,4999,,,,10026.03125
,5000,,,,13103.5703125
,5001,,,,10369.0859375
,5002,,,,10664.966796875
,5003,,,,10024.6943359375
,5004,,,,9723.47265625
,5005,,,,10484.5654296875
,5006,,,,8438.466796875
,5007,,,,11021.5546875
,5008,,,,10251.873046875
,5009,,,,9129.7548828125
,5010,,,,8471.390625
,5011,,,,9150.1123046875
,5012,,,,9232.69921875
,5013,,,,10544.0703125
,5014,,,,11061.0009765625
,5015,,,,8995.0732421875
,5016,,,,8928.5078125
,5017,,,,9418.40625
,5018,,,,11830.0439453125
,5019,,,,7801.1982421875
,5020,,,,9511.3427734375
,5021,,,,12331.853515625
80,19844,,,10177.9970703125,
80,19844,10150.43359375,,,
81,19849,,12859.109375,,
81,19899,,9681.8115234375,,
81,19949,,12484.12109375,,
81,19999,,11500.8193359375,,
81,20049,,9843.79296875,,
,5022,,,,9099.994140625
,5023,,,,9851.7158203125
,5024,,,,9291.78125
,5025,,,,11114.494140625
,5026,,,,10219.34375
,5027,,,,12355.970703125
,5028,,,,12872.03515625
,5029,,,,7349.27001953125
,5030,,,,11321.009765625
,5031,,,,10103.216796875
,5032,,,,12726.7802734375
,5033,,,,11962.517578125
,5034,,,,10341.408203125
,5035,,,,8348.46875
,5036,,,,7037.935546875
,5037,,,,10446.689453125
,5038,,,,9699.5009765625
,5039,,,,13066.732421875
,5040,,,,11655.134765625
,5041,,,,11503.0234375
,5042,,,,9751.998046875
,5043,,,,11944.921875
,5044,,,,10209.41796875
,5045,,,,11261.6669921875
,5046,,,,10130.017578125
,5047,,,,8008.9375
,5048,,,,12443.748046875
,5049,,,,9357.201171875
,5050,,,,12112.546875
,5051,,,,9648.646484375
,5052,,,,9716.4423828125
,5053,,,,7791.48974609375
,5054,,,,9985.013671875
,5055,,,,8219.33984375
,5056,,,,8209.103515625
,5057,,,,9330.869140625
,5058,,,,14046.5478515625
,5059,,,,9500.158203125
,5060,,,,9138.611328125
,5061,,,,9980.037109375
,5062,,,,13086.37890625
,5063,,,,10351.443359375
,5064,,,,10636.912109375
,5065,,,,9999.599609375
,5066,,,,9681.7314453125
,5067,,,,10462.6630859375
,5068,,,,8427.5234375
,5069,,,,11009.986328125
,5070,,,,10233.8125
,5071,,,,9117.025390625
,5072,,,,8452.0595703125
,5073,,,,9127.83203125
,5074,,,,9206.5390625
,5075,,,,10514.474609375
,5076,,,,11045.408203125
,5077,,,,8983.39453125
,5078,,,,8919.9375
,5079,,,,9396.689453125
,5080,,,,11797.5556640625
,5081,,,,7770.24169921875
,5082,,,,9495.9736328125
,5083,,,,12306.5341796875
81,20089,,,10153.1494140625,
81,20089,10136.361328125,,,
82,20099,,10483.283203125,,
82,20149,,9897.0009765625,,
82,20199,,10042.859375,,
82,20249,,7293.2373046875,,
82,20299,,10545.419921875,,
,5084,,,,9140.384765625
,5085,,,,9879.3759765625
,5086,,,,9327.8759765625
,5087,,,,11149.5927734375
,5088,,,,10260.5078125
,5089,,,,12383.58203125
,5090,,,,12914.669921875
,5091,,,,7369.5615234375
,5092,,,,11357.85546875
,5093,,,,10156.4794921875
,5094,,,,12763.2470703125
,5095,,,,12014.30078125
,5096,,,,10369.64453125
,5097,,,,8377.9365234375
,5098,,,,7069.1884765625
,5099,,,,10483.775390625
,5100,,,,9733.97265625
,5101,,,,13117.380859375
,5102,,,,11705.64453125
,5103,,,,11566.1328125
,5104,,,,9795.2265625
,5105,,,,12017.076171875
,5106,,,,10231.9912109375
,5107,,,,11310.4150390625
,5108,,,,10164.79296875
,5109,,,,8054.42724609375
,5110,,,,12489.734375
,5111,,,,9387.8076171875
,5112,,,,12170.26171875
,5113,,,,9679.771484375
,5114,,,,9762.9248046875
,5115,,,,7804.48828125
,5116,,,,10032.2666015625
,5117,,,,8258.921875
,5118,,,,8255.8486328125
,5119,,,,9362.7138671875
,5120,,,,14096.5185546875
,5121,,,,9564.783203125
,5122,,,,9168.8837890625
,5123,,,,10044.099609375
,5124,,,,13112.541015625
,5125,,,,10394.271484375
,5126,,,,10681.896484375
,5127,,,,10032.5625
,5128,,,,9723.5732421875
,5129,,,,10499.623046875
,5130,,,,8456.373046875
,5131,,,,11031.62109375
,5132,,,,10268.87109375
,5133,,,,9146.41796875
,5134,,,,8500.228515625
,5135,,,,9162.95703125
,5136,,,,9234.349609375
,5137,,,,10552.6875
,5138,,,,11073.80078125
,5139,,,,9005.31640625
,5140,,,,8933.02734375
,5141,,,,9426.603515625
,5142,,,,11837.255859375
,5143,,,,7805.03125
,5144,,,,9524.107421875
,5145,,,,12328.7236328125
82,20334,,,10191.2275390625,
82,20334,10130.546875,,,
83,20349,,10510.35546875,,
83,20399,,13342.9677734375,,
83,20449,,10124.478515625,,
83,20499,,10725.521484375,,
83,20549,,10636.6533203125,,
,5146,,,,9127.173828125
,5147,,,,9893.2734375
,5148,,,,9338.212890625
,5149,,,,11142.0546875
,5150,,,,10251.22265625
,5151,,,,12362.2919921875
,5152,,,,12911.6337890625
,5153,,,,7361.0595703125
,5154,,,,11345.1494140625
,5155,,,,10141.3173828125
,5156,,,,12744.794921875
,5157,,,,12009.19140625
,5158,,,,10356.2578125
,5159,,,,8372.94140625
,5160,,,,7053.16015625
,5161,,,,10470.630859375
,5162,,,,9728.25390625
,5163,,,,13118.759765625
,5164,,,,11689.3291015625
,5165,,,,11540.5625
,5166,,,,9778.7783203125
,5167,,,,11984.748046875
,5168,,,,10230.48828125
,5169,,,,11288.8857421875
,5170,,,,10171.0703125
,5171,,,,8035.2998046875
,5172,,,,12475.40234375
,5173,,,,9382.689453125
,5174,,,,12140.87890625
,5175,,,,9666.3486328125
,5176,,,,9736.775390625
,5177,,,,7794.046875
,5178,,,,10038.93359375
,5179,,,,8252.42578125
,5180,,,,8233.5673828125
,5181,,,,9356.4111328125
,5182,,,,14089.9296875
,5183,,,,9533.2275390625
,5184,,,,9169.76953125
,5185,,,,10014.25390625
,5186,,,,13118.0498046875
,5187,,,,10369.837890625
,5188,,,,10670.3984375
,5189,,,,10024.779296875
,5190,,,,9728.2578125
,5191,,,,10487.8701171875
,5192,,,,8440.818359375
,5193,,,,11031.169921875
,5194,,,,10260.4365234375
,5195,,,,9122.509765625
,5196,,,,8467.1083984375
,5197,,,,9156.5361328125
,5198,,,,9238.787109375
,5199,,,,10556.2421875
,5200,,,,11065.2734375
,5201,,,,8994.3994140625
,5202,,,,8940.3193359375
,5203,,,,9430.9765625
,5204,,,,11819.0625
,5205,,,,7796.4931640625
,5206,,,,9510.89453125
,5207,,,,12340.341796875
83,20579,,,10180.8818359375,
83,20579,10121.04296875,,,
84,20599,,10876.4541015625,,
84,20649,,9972.3369140625,,
84,20699,,9393.73046875,,
84,20749,,10615.291015625,,
84,20799,,10725.125,,
,5208,,,,9120.15234375
,5209,,,,9869.0322265625
,5210,,,,9321.3154296875
,5211,,,,11130.62890625
,5212,,,,10236.9130859375
,5213,,,,12364.26171875
,5214,,,,12906.9267578125
,5215,,,,7358.9140625
,5216,,,,11331.275390625
,5217,,,,10126.5380859375
,5218,,,,12729.1240234375
,5219,,,,12000.904296875
,5220,,,,10355.7890625
,5221,,,,8356.501953125
,5222,,,,7049.078125
,5223,,,,10468.2548828125
,5224,,,,9711.18359375
,5225,,,,13098.798828125
,5226,,,,11695.4287109375
,5227,,,,11526.310546875
,5228,,,,9775.361328125
,5229,,,,11965.076171875
,5230,,,,10210.94921875
,5231,,,,11290.33203125
,5232,,,,10155.8466796875
,5233,,,,8022.435546875
,5234,,,,12444.28515625
,5235,,,,9374.25
,5236,,,,12137.513671875
,5237,,,,9663.705078125
,5238,,,,9732.376953125
,5239,,,,7782.24462890625
,5240,,,,10011.75
,5241,,,,8247.630859375
,5242,,,,8229.23828125
,5243,,,,9345.33203125
,5244,,,,14067.021484375
,5245,,,,9532.17578125
,5246,,,,9155.994140625
,5247,,,,10006.951171875
,5248,,,,13106.82421875
,5249,,,,10372.6005859375
,5250,,,,10664.68359375
,5251,,,,10026.77734375
,5252,,,,9711.556640625
,5253,,,,10475.150390625
,5254,,,,8442.5361328125
,5255,,,,11023.310546875
,5256,,,,10250.0166015625
,5257,,,,9130.572265625
,5258,,,,8476.8935546875
,5259,,,,9141.3857421875
,5260,,,,9221.154296875
,5261,,,,10536.830078125
,5262,,,,11064.7236328125
,5263,,,,8982.326171875
,5264,,,,8926.640625
,5265,,,,9416.9599609375
,5266,,,,11815.9443359375
,5267,,,,7784.3935546875
,5268,,,,9507.57421875
,5269,,,,12319.6884765625
84,20824,,,10171.4189453125,
84,20824,10132.9853515625,,,
85,20849,,10680.6787109375,,
85,20899,,12204.404296875,,
85,20949,,10584.6611328125,,
85,20999,,11304.80859375,,
85,21049,,11532.453125,,
,5270,,,,9104.0185546875
,5271,,,,9851.064453125
,5272,,,,9298.2265625
,5273,,,,11112.212890625
,5274,,,,10221.1796875
,5275,,,,12352.982421875
,5276,,,,12891.9833984375
,5277,,,,7350.5908203125
,5278,,,,11319.267578125
,5279,,,,10116.2216796875
,5280,,,,12718.94140625
,5281,,,,11990.82421875
,5282,,,,10344.220703125
,5283,,,,8340.2919921875
,5284,,,,7043.83984375
,5285,,,,10455.546875
,5286,,,,9695.14453125
,5287,,,,13075.833984375
,5288,,,,11680.453125
,5289,,,,11522.845703125
,5290,,,,9770.619140625
,5291,,,,11953.44921875
,5292,,,,10188.615234375
,5293,,,,11278.318359375
,5294,,,,10139.404296875
,5295,,,,8018.11474609375
,5296,,,,12423.833984375
,5297,,,,9358.318359375
,5298,,,,12130.9130859375
,5299,,,,9648.349609375
,5300,,,,9724.892578125
,5301,,,,7774.7275390625
,5302,,,,9985.390625
,5303,,,,8227.224609375
,5304,,,,8224.330078125
,5305,,,,9325.3203125
,5306,,,,14050.10546875
,5307,,,,9520.5859375
,5308,,,,9136.142578125
,5309,,,,9999.47265625
,5310,,,,13087.8095703125
,5311,,,,10358.482421875
,5312,,,,10648.966796875
,5313,,,,9997.51953125
,5314,,,,9693.923828125
,5315,,,,10470.306640625
,5316,,,,8432.2734375
,5317,,,,11005.529296875
,5318,,,,10234.0048828125
,5319,,,,9139.685546875
,5320,,,,8463.8115234375
,5321,,,,9127.5693359375
,5322,,,,9207.759765625
,5323,,,,10520.80078125
,5324,,,,11048.3427734375
,5325,,,,8985.373046875
,5326,,,,8911.119140625
,5327,,,,9401.34375
,5328,,,,11810.474609375
,5329,,,,7769.24560546875
,5330,,,,9492.2314453125
,5331,,,,12327.333984375
85,21069,,,10158.115234375,
85,21069,10107.0908203125,,,
86,21099,,10425.7568359375,,
86,21149,,8804.87109375,,
86,21199,,12340.931640625,,
86,21249,,12729.140625,,
86,21299,,8550.1357421875,,
,5332,,,,9112.818359375
,5333,,,,9859.939453125
,5334,,,,9309.400390625
,5335,,,,11127.490234375
,5336,,,,10226.548828125
,5337,,,,12356.71875
,5338,,,,12895.306640625
,5339,,,,7357.4267578125
,5340,,,,11320.666015625
,5341,,,,10122.4169921875
,5342,,,,12728.396484375
,5343,,,,11994.85546875
,5344,,,,10347.296875
,5345,,,,8351.11328125
,5346,,,,7046.083984375
,5347,,,,10464.8369140625
,5348,,,,9710.2890625
,5349,,,,13079.455078125
,5350,,,,11679.103515625
,5351,,,,11531.361328125
,5352,,,,9770.3994140625
,5353,,,,11964.8994140625
,5354,,,,10204.7568359375
,5355,,,,11275.3095703125
,5356,,,,10142.5703125
,5357,,,,8027.408203125
,5358,,,,12440.505859375
,5359,,,,9364.5283203125
,5360,,,,12139.041015625
,5361,,,,9653.0107421875
,5362,,,,9728.744140625
,5363,,,,7787.4677734375
,5364,,,,9996.6591796875
,5365,,,,8225.521484375
,5366,,,,8225.251953125
,5367,,,,9332.1904296875
,5368,,,,14060.931640625
,5369,,,,9516.8994140625
,5370,,,,9151.6962890625
,5371,,,,10001.654296875
,5372,,,,13100.7431640625
,5373,,,,10359.876953125
,5374,,,,10657.1123046875
,5375,,,,10008.095703125
,5376,,,,9696.919921875
,5377,,,,10483.083984375
,5378,,,,8429.798828125
,5379,,,,11010.9345703125
,5380,,,,10239.2978515625
,5381,,,,9146.830078125
,5382,,,,8464.125
,5383,,,,9132.4111328125
,5384,,,,9216.234375
,5385,,,,10529.005859375
,5386,,,,11053.283203125
,5387,,,,8996.6806640625
,5388,,,,8924.0068359375
,5389,,,,9407.0009765625
,5390,,,,11816.412109375
,5391,,,,7779.9716796875
,5392,,,,9492.67578125
,5393,,,,12346.0654296875
86,21314,,,10164.7998046875,
86,21314,10113.1015625,,,
87,21349,,10713.830078125,,
87,21399,,9005.6650390625,,
87,21449,,9319.078125,,
87,21499,,10545.30078125,,
87,21549,,8290.8310546875,,
,5394,,,,9118.57421875
,5395,,,,9871.396484375
,5396,,,,9313.6865234375
,5397,,,,11137.744140625
,5398,,,,10239.857421875
,5399,,,,12372.970703125
,5400,,,,12903.6396484375
,5401,,,,7357.0927734375
,5402,,,,11318.0859375
,5403,,,,10127.328125
,5404,,,,12722.669921875
,5405,,,,11995.75390625
,5406,,,,10357.71484375
,5407,,,,8351.953125
,5408,,,,7055.388671875
,5409,,,,10477.064453125
,5410,,,,9712.578125
,5411,,,,13092.447265625
,5412,,,,11698.080078125
,5413,,,,11547.8017578125
,5414,,,,9772.1591796875
,5415,,,,11958.134765625
,5416,,,,10215.6572265625
,5417,,,,11287.859375
,5418,,,,10151.6474609375
,5419,,,,8025.99560546875
,5420,,,,12439.8125
,5421,,,,9367.3671875
,5422,,,,12148.5732421875
,5423,,,,9662.76953125
,5424,,,,9738.291015625
,5425,,,,7785.85693359375
,5426,,,,10009.666015625
,5427,,,,8237.7587890625
,5428,,,,8227.333984375
,5429,,,,9341.759765625
,5430,,,,14082.7216796875
,5431,,,,9531.7666015625
,5432,,,,9153.068359375
,5433,,,,10006.326171875
,5434,,,,13113.634765625
,5435,,,,10377.1416015625
,5436,,,,10668.7470703125
,5437,,,,10006.59375
,5438,,,,9697.181640625
,5439,,,,10488.390625
,5440,,,,8440.525390625
,5441,,,,11019.71484375
,5442,,,,10249.09765625
,5443,,,,9145.107421875
,5444,,,,8475.7998046875
,5445,,,,9142.5595703125
,5446,,,,9224.982421875
,5447,,,,10534.6142578125
,5448,,,,11066.185546875
,5449,,,,8984.478515625
,5450,,,,8928.662109375
,5451,,,,9417.896484375
,5452,,,,11825.68359375
,5453,,,,7774.47119140625
,5454,,,,9500.25
,5455,,,,12356.66796875
87,21559,,,10171.73828125,
87,21559,10113.0654296875,,,
88,21599,,13303.431640625,,
88,21649,,9615.39453125,,
88,21699,,9929.462890625,,
88,21749,,11224.759765625,,
88,21799,,11216.54296875,,
,5456,,,,9090.982421875
,5457,,,,9850.890625
,5458,,,,9303.060546875
,5459,,,,11119.232421875
,5460,,,,10221.16015625
,5461,,,,12331.798828125
,5462,,,,12881.4697265625
,5463,,,,7327.2578125
,5464,,,,11293.0498046875
,5465,,,,10101.9609375
,5466,,,,12703.259765625
,5467,,,,11962.345703125
,5468,,,,10314.2353515625
,5469,,,,8330.2109375
,5470,,,,7014.583984375
,5471,,,,10445.982421875
,5472,,,,9699.95703125
,5473,,,,13074.4169921875
,5474,,,,11657.58203125
,5475,,,,11511.44921875
,5476,,,,9750.3515625
,5477,,,,11944.6826171875
,5478,,,,10184.880859375
,5479,,,,11250.78125
,5480,,,,10132.9306640625
,5481,,,,7999.9521484375
,5482,,,,12423.587890625
,5483,,,,9342.814453125
,5484,,,,12125.775390625
,5485,,,,9632.234375
,5486,,,,9714.326171875
,5487,,,,7763.3359375
,5488,,,,9996.0498046875
,5489,,,,8213.5908203125
,5490,,,,8199.212890625
,5491,,,,9324.921875
,5492,,,,14052.6865234375
,5493,,,,9489.21875
,5494,,,,9138.607421875
,5495,,,,9979.244140625
,5496,,,,13079.4052734375
,5497,,,,10337.1015625
,5498,,,,10634.0517578125
,5499,,,,9988.501953125
,5500,,,,9687.5341796875
,5501,,,,10461.4482421875
,5502,,,,8406.79296875
,5503,,,,10988.080078125
,5504,,,,10226.54296875
,5505,,,,9152.609375
,5506,,,,8446.7109375
,5507,,,,9111.810546875
,5508,,,,9207.9970703125
,5509,,,,10515.564453125
,5510,,,,11018.466796875
,5511,,,,8966.07421875
,5512,,,,8897.8935546875
,5513,,,,9393.2431640625
,5514,,,,11794.2890625
,5515,,,,7760.6328125
,5516,,,,9465.501953125
,5517,,,,12316.98828125
88,21804,,,10146.05078125,
88,21804,10099.265625,,,
89,21849,,9900.6083984375,,
89,21899,,9592.9541015625,,
89,21949,,9196.5087890625,,
89,21999,,6200.22314453125,,
89,22049,,11992.666015625,,
,5518,,,,9131.4755859375
,5519,,,,9879.720703125
,5520,,,,9342.3740234375
,5521,,,,11157.33984375
,5522,,,,10267.9453125
,5523,,,,12374.22265625
,5524,,,,12921.87109375
,5525,,,,7357.08935546875
,5526,,,,11333.26171875
,5527,,,,10145.986328125
,5528,,,,12733.2734375
,5529,,,,12014.8486328125
,5530,,,,10356.1767578125
,5531,,,,8368.7578125
,5532,,,,7054.64990234375
,5533,,,,10483.61328125
,5534,,,,9733.849609375
,5535,,,,13124.150390625
,5536,,,,11709.72265625
,5537,,,,11550.56640625
,5538,,,,9787.3193359375
,5539,,,,11998.5009765625
,5540,,,,10218.0322265625
,5541,,,,11295.8515625
,5542,,,,10172.068359375
,5543,,,,8040.27978515625
,5544,,,,12464.8642578125
,5545,,,,9382.0166015625
,5546,,,,12178.537109375
,5547,,,,9670.5966796875
,5548,,,,9759.154296875
,5549,,,,7787.0517578125
,5550,,,,10040.015625
,5551,,,,8259.0546875
,5552,,,,8246.97265625
,5553,,,,9357.568359375
,5554,,,,14108.51953125
,5555,,,,9544.86328125
,5556,,,,9173.9501953125
,5557,,,,10031.873046875
,5558,,,,13111.544921875
,5559,,,,10382.0537109375
,5560,,,,10680.064453125
,5561,,,,10031.9375
,5562,,,,9728.7705078125
,5563,,,,10496.177734375
,5564,,,,8443.826171875
,5565,,,,11024.6669921875
,5566,,,,10270.1552734375
,5567,,,,9164.7412109375
,5568,,,,8495.298828125
,5569,,,,9146.5
,5570,,,,9245.021484375
,5571,,,,10553.14453125
,5572,,,,11062.7080078125
,5573,,,,8987.708984375
,5574,,,,8926.0146484375
,5575,,,,9435.1640625
,5576,,,,11831.3583984375
,5577,,,,7793.484375
,5578,,,,9499.9482421875
,5579,,,,12339.822265625
89,22049,,,10185.8916015625,
89,22049,10092.98046875,,,
90,22099,,11723.650390625,,
90,22149,,10319.19140625,,
90,22199,,11409.76953125,,
90,22249,,8493.552734375,,
,5580,,,,9082.0234375
,5581,,,,9820.6962890625
,5582,,,,9289.8291015625
,5583,,,,11100.623046875
,5584,,,,10219.412109375
,5585,,,,12329.5771484375
,5586,,,,12872.1376953125
,5587,,,,7322.140625
,5588,,,,11287.615234375
,5589,,,,10101.1953125
,5590,,,,12692.33984375
,5591,,,,11956.455078125
,5592,,,,10313.173828125
,5593,,,,8317.552734375
,5594,,,,7004.43994140625
,5595,,,,10431.4609375
,5596,,,,9698.49609375
,5597,,,,13053.6357421875
,5598,,,,11648.494140625
,5599,,,,11494.75390625
,5600,,,,9736.4306640625
,5601,,,,11940.3671875
,5602,,,,10168.1875
,5603,,,,11253.12890625
,5604,,,,10119.4033203125
,5605,,,,7996.39306640625
,5606,,,,12412.09765625
,5607,,,,9332.4326171875
,5608,,,,12127.267578125
,5609,,,,9620.291015625
,5610,,,,9720.025390625
,5611,,,,7758.5791015625
,5612,,,,9978.8583984375
,5613,,,,8209.7578125
,5614,,,,8205.19140625
,5615,,,,9307.8525390625
,5616,,,,14044.9384765625
,5617,,,,9501.599609375
,5618,,,,9128.9365234375
,5619,,,,9992.4189453125
,5620,,,,13066.33203125
,5621,,,,10336.421875
,5622,,,,10630.703125
,5623,,,,9978.173828125
,5624,,,,9675.3134765625
,5625,,,,10444.40234375
,5626,,,,8402.75390625
,5627,,,,10985.572265625
,5628,,,,10224.6875
,5629,,,,9106.611328125
,5630,,,,8459.298828125
,5631,,,,9094.626953125
,5632,,,,9193.154296875
,5633,,,,10507.0078125
,5634,,,,11020.8017578125
,5635,,,,8959.833984375
,5636,,,,8869.82421875
,5637,,,,9382.26953125
,5638,,,,11785.1953125
,5639,,,,7752.86328125
,5640,,,,9459.3984375
,5641,,,,12280.7041015625
90,22294,,,10137.609375,
90,22294,10090.451171875,,,
91,22299,,9686.046875,,
91,22349,,10343.400390625,,
91,22399,,9414.64453125,,
91,22449,,13605.041015625,,
91,22499,,11325.626953125,,
,5642,,,,9084.11328125
,5643,,,,9838.357421875
,5644,,,,9293.2822265625
,5645,,,,11110.9345703125
,5646,,,,10214.5908203125
,5647,,,,12329.4423828125
,5648,,,,12878.796875
,5649,,,,7331.67822265625
,5650,,,,11282.90625
,5651,,,,10110.6611328125
,5652,,,,12699.775390625
,5653,,,,11962.830078125
,5654,,,,10328.359375
,5655,,,,8324.107421875
,5656,,,,7018.1259765625
,5657,,,,10446.126953125
,5658,,,,9692.2978515625
,5659,,,,13058.6201171875
,5660,,,,11663.951171875
,5661,,,,11511.65234375
,5662,,,,9734.97265625
,5663,,,,11932.48046875
,5664,,,,10179.041015625
,5665,,,,11255.8203125
,5666,,,,10124.1640625
,5667,,,,8004.28955078125
,5668,,,,12416.9873046875
,5669,,,,9343.228515625
,5670,,,,12125.693359375
,5671,,,,9631.095703125
,5672,,,,9719.98046875
,5673,,,,7771.15478515625
,5674,,,,9976.900390625
,5675,,,,8212.921875
,5676,,,,8209.955078125
,5677,,,,9314.8779296875
,5678,,,,14051.0966796875
,5679,,,,9501.81640625
,5680,,,,9128.021484375
,5681,,,,9983.935546875
,5682,,,,13075.939453125
,5683,,,,10347.470703125
,5684,,,,10628.05078125
,5685,,,,9977.0869140625
,5686,,,,9670.4599609375
,5687,,,,10458.0859375
,5688,,,,8423.169921875
,5689,,,,11000.2958984375
,5690,,,,10226.638671875
,5691,,,,9127.3251953125
,5692,,,,8455.623046875
,5693,,,,9112.234375
,5694,,,,9195.37890625
,5695,,,,10511.185546875
,5696,,,,11031.79296875
,5697,,,,8969.18359375
,5698,,,,8893.798828125
,5699,,,,9392.7021484375
,5700,,,,11790.806640625
,5701,,,,7758.76953125
,5702,,,,9470.5390625
,5703,,,,12300.7255859375
91,22539,,,10144.0546875,
91,22539,10074.015625,,,
92,22549,,10358.61328125,,
92,22599,,11340.5380859375,,
92,22649,,10167.412109375,,
92,22699,,9527.328125,,
92,22749,,11185.2138671875,,
,5704,,,,9058.1015625
,5705,,,,9828.9560546875
,5706,,,,9277.765625
,5707,,,,11086.3603515625
,5708,,,,10194.15234375
,5709,,,,12298.3310546875
,5710,,,,12848.4150390625
,5711,,,,7316.54931640625
,5712,,,,11265.55078125
,5713,,,,10079.3359375
,5714,,,,12681.001953125
,5715,,,,11942.6318359375
,5716,,,,10296.4892578125
,5717,,,,8307.947265625
,5718,,,,6997.02685546875
,5719,,,,10455.775390625
,5720,,,,9676.2529296875
,5721,,,,13030.9130859375
,5722,,,,11623.1015625
,5723,,,,11481.0478515625
,5724,,,,9712.48046875
,5725,,,,11912.2001953125
,5726,,,,10153.51171875
,5727,,,,11226.8212890625
,5728,,,,10106.025390625
,5729,,,,7974.97412109375
,5730,,,,12387.02734375
,5731,,,,9323.533203125
,5732,,,,12087.580078125
,5733,,,,9600.837890625
,5734,,,,9696.169921875
,5735,,,,7750.1240234375
,5736,,,,9957.1484375
,5737,,,,8195.1064453125
,5738,,,,8186.4873046875
,5739,,,,9295.20703125
,5740,,,,14019.0146484375
,5741,,,,9473.390625
,5742,,,,9105.275390625
,5743,,,,9966.05078125
,5744,,,,13049.55859375
,5745,,,,10311.39453125
,5746,,,,10602.041015625
,5747,,,,9951.609375
,5748,,,,9650.56640625
,5749,,,,10428.30859375
,5750,,,,8396.712890625
,5751,,,,10970.208984375
,5752,,,,10207.2822265625
,5753,,,,9103.00390625
,5754,,,,8430.435546875
,5755,,,,9081.703125
,5756,,,,9174.43359375
,5757,,,,10490.083984375
,5758,,,,11002.6767578125
,5759,,,,8957.349609375
,5760,,,,8864.392578125
,5761,,,,9375.744140625
,5762,,,,11755.83984375
,5763,,,,7741.328125
,5764,,,,9450.02734375
,5765,,,,12252.357421875
92,22784,,,10120.2578125,
92,22784,10075.4609375,,,
93,22799,,9009.546875,,
93,22849,,11777.40234375,,
93,22899,,10087.77734375,,
93,22949,,10455.080078125,,
93,22999,,10839.248046875,,
,5766,,,,9083.1083984375
,5767,,,,9855.20703125
,5768,,,,9303.634765625
,5769,,,,11108.25
,5770,,,,10228.529296875
,5771,,,,12328.0869140625
,5772,,,,12877.40234375
,5773,,,,7326.4189453125
,5774,,,,11283.783203125
,5775,,,,10105.994140625
,5776,,,,12703.1015625
,5777,,,,11986.068359375
,5778,,,,10314.7509765625
,5779,,,,8326.462890625
,5780,,,,7013.0966796875
,5781,,,,10454.0322265625
,5782,,,,9706.791015625
,5783,,,,13058.962890625
,5784,,,,11655.4140625
,5785,,,,11506.8994140625
,5786,,,,9738.765625
,5787,,,,11933.4921875
,5788,,,,10172.208984375
,5789,,,,11249.689453125
,5790,,,,10128.6025390625
,5791,,,,7997.2744140625
,5792,,,,12437.927734375
,5793,,,,9351.837890625
,5794,,,,12120.1884765625
,5795,,,,9623.7099609375
,5796,,,,9722.6025390625
,5797,,,,7763.49169921875
,5798,,,,9989.4755859375
,5799,,,,8216.5458984375
,5800,,,,8211.8291015625
,5801,,,,9320.0234375
,5802,,,,14052.2548828125
,5803,,,,9499.421875
,5804,,,,9139.521484375
,5805,,,,9997.216796875
,5806,,,,13079.05078125
,5807,,,,10337.302734375
,5808,,,,10639.1376953125
,5809,,,,9980.02734375
,5810,,,,9688.6181640625
,5811,,,,10448.333984375
,5812,,,,8416.6484375
,5813,,,,10993.650390625
,5814,,,,10229.5625
,5815,,,,9110.654296875
,5816,,,,8450.6044921875
,5817,,,,9106.369140625
,5818,,,,9204.326171875
,5819,,,,10516.7783203125
,5820,,,,11034.2626953125
,5821,,,,8967.462890625
,5822,,,,8879.544921875
,5823,,,,9396.8720703125
,5824,,,,11782.787109375
,5825,,,,7766.68798828125
,5826,,,,9465.255859375
,5827,,,,12287.12109375
93,23029,,,10145.158203125,
93,23029,10072.6298828125,,,
94,23049,,11327.8046875,,
94,23099,,7495.78955078125,,
94,23149,,11679.1875,,
94,23199,,8427.2373046875,,
94,23249,,11331.3046875,,
,5828,,,,9054.529296875
,5829,,,,9818.5185546875
,5830,,,,9265.8525390625
,5831,,,,11080.4912109375
,5832,,,,10191.060546875
,5833,,,,12297.806640625
,5834,,,,12845.5068359375
,5835,,,,7311.56201171875
,5836,,,,11267.650390625
,5837,,,,10070.537109375
,5838,,,,12680.642578125
,5839,,,,11938.966796875
,5840,,,,10301.12109375
,5841,,,,8297.654296875
,5842,,,,7000.34326171875
,5843,,,,10425.1875
,5844,,,,9676.9072265625
,5845,,,,13013.099609375
,5846,,,,11621.748046875
,5847,,,,11467.3916015625
,5848,,,,9705.6552734375
,5849,,,,11895.595703125
,5850,,,,10148.791015625
,5851,,,,11223.564453125
,5852,,,,10098.494140625
,5853,,,,7971.3076171875
,5854,,,,12391.83203125
,5855,,,,9321.900390625
,5856,,,,12074.6279296875
,5857,,,,9593.19921875
,5858,,,,9692.6416015625
,5859,,,,7751.59912109375
,5860,,,,9942.0361328125
,5861,,,,8188.50341796875
,5862,,,,8186.79443359375
,5863,,,,9292.3232421875
,5864,,,,14011.833984375
,5865,,,,9471.1923828125
,5866,,,,9105.3720703125
,5867,,,,9957.560546875
,5868,,,,13058.5390625
,5869,,,,10315.16015625
,5870,,,,10601.0478515625
,5871,,,,9950.201171875
,5872,,,,9641.25
,5873,,,,10422.7216796875
,5874,,,,8394.466796875
,5875,,,,10969.244140625
,5876,,,,10207.45703125
,5877,,,,9084.3212890625
,5878,,,,8427.486328125
,5879,,,,9079.369140625
,5880,,,,9172.806640625
,5881,,,,10477.951171875
,5882,,,,11020.703125
,5883,,,,8961.6220703125
,5884,,,,8866.3798828125
,5885,,,,9372.37109375
,5886,,,,11751.37890625
,5887,,,,7732.830078125
,5888,,,,9443.6806640625
,5889,,,,12264.1494140625
94,23274,,,10115.939453125,
94,23274,10043.0478515625,,,
95,23299,,8505.099609375,,
95,23349,,10066.28515625,,
95,23399,,11351.28125,,
95,23449,,11909.916015625,,
95,23499,,12254.0244140625,,
,5890,,,,9037.919921875
,5891,,,,9807.05859375
,5892,,,,9274.2861328125
,5893,,,,11067.42578125
,5894,,,,10176.6640625
,5895,,,,12278.287109375
,5896,,,,12839.287109375
,5897,,,,7291.69970703125
,5898,,,,11257.732421875
,5899,,,,10058.8359375
,5900,,,,12675.4970703125
,5901,,,,11919.6298828125
,5902,,,,10276.2275390625
,5903,,,,8292.19140625
,5904,,,,6983.533203125
,5905,,,,10410.1171875
,5906,,,,9678.765625
,5907,,,,13009.4326171875
,5908,,,,11606.8046875
,5909,,,,11435.580078125
,5910,,,,9690.9033203125
,5911,,,,11891.267578125
,5912,,,,10128.8017578125
,5913,,,,11208.6689453125
,5914,,,,10085.88671875
,5915,,,,7973.728515625
,5916,,,,12382.6025390625
,5917,,,,9310.9609375
,5918,,,,12048.08984375
,5919,,,,9585.6435546875
,5920,,,,9677.8447265625
,5921,,,,7744.130859375
,5922,,,,9941.5537109375
,5923,,,,8178.470703125
,5924,,,,8173.36279296875
,5925,,,,9286.4130859375
,5926,,,,14004.34375
,5927,,,,9440.876953125
,5928,,,,9107.05859375
,5929,,,,9938.400390625
,5930,,,,13040.951171875
,5931,,,,10288.625
,5932,,,,10586.373046875
,5933,,,,9952.8974609375
,5934,,,,9644.27734375
,5935,,,,10405.40234375
,5936,,,,8377.306640625
,5937,,,,10962.224609375
,5938,,,,10190.375
,5939,,,,9048.189453125
,5940,,,,8403.689453125
,5941,,,,9071.8623046875
,5942,,,,9166.736328125
,5943,,,,10469.154296875
,5944,,,,11004.015625
,5945,,,,8955.5234375
,5946,,,,8867.642578125
,5947,,,,9369.455078125
,5948,,,,11734.583984375
,5949,,,,7732.7392578125
,5950,,,,9436.611328125
,5951,,,,12256.2412109375
95,23519,,,10104.185546875,
95,23519,10055.5537109375,,,
96,23549,,10376.5107421875,,
96,23599,,11193.873046875,,
96,23649,,9207.546875,,
96,23699,,9741.3056640625,,
96,23749,,12874.544921875,,
,5952,,,,9050.263671875
,5953,,,,9813.796875
,5954,,,,9268.484375
,5955,,,,11074.7578125
,5956,,,,10178.126953125
,5957,,,,12293.734375
,5958,,,,12846.919921875
,5959,,,,7298.0986328125
,5960,,,,11265.09375
,5961,,,,10069.03125
,5962,,,,12677.16796875
,5963,,,,11932.8515625
,5964,,,,10295.5703125
,5965,,,,8293.0234375
,5966,,,,6999.8984375
,5967,,,,10414.99609375
,5968,,,,9675.005859375
,5969,,,,13008.2958984375
,5970,,,,11621.9697265625
,5971,,,,11463.57421875
,5972,,,,9707.51171875
,5973,,,,11900.044921875
,5974,,,,10141.416015625
,5975,,,,11220.658203125
,5976,,,,10096.521484375
,5977,,,,7976.41943359375
,5978,,,,12400.8681640625
,5979,,,,9317.5771484375
,5980,,,,12073.7607421875
,5981,,,,9592.20703125
,5982,,,,9691.2919921875
,5983,,,,7745.38525390625
,5984,,,,9932.171875
,5985,,,,8180.34619140625
,5986,,,,8187.744140625
,5987,,,,9285.8203125
,5988,,,,14012.9140625
,5989,,,,9465.4765625
,5990,,,,9103.513671875
,5991,,,,9950.4072265625
,5992,,,,13055.2890625
,5993,,,,10309.1064453125
,5994,,,,10605.05859375
,5995,,,,9945.1884765625
,5996,,,,9647.1201171875
,5997,,,,10412.98046875
,5998,,,,8390.818359375
,5999,,,,10968.828125
,6000,,,,10199.953125
,6001,,,,9076.970703125
,6002,,,,8422.171875
,6003,,,,9074.701171875
,6004,,,,9171.783203125
,6005,,,,10470.47265625
,6006,,,,11022.7119140625
,6007,,,,8948.1865234375
,6008,,,,8869.0693359375
,6009,,,,9372.666015625
,6010,,,,11755.802734375
,6011,,,,7731.7119140625
,6012,,,,9441.7607421875
,6013,,,,12269.1142578125
96,23764,,,10112.896484375,
96,23764,10057.0673828125,,,
97,23799,,9241.2080078125,,
97,23849,,8849.033203125,,
97,23899,,9291.376953125,,
97,23949,,10423.927734375,,
97,23999,,9383.57421875,,
,6014,,,,9050.984375
,6015,,,,9818.65234375
,6016,,,,9273.828125
,6017,,,,11075.623046875
,6018,,,,10189.857421875
,6019,,,,12297.8828125
,6020,,,,12844.115234375
,6021,,,,7301.2421875
,6022,,,,11272.3671875
,6023,,,,10066.10546875
,6024,,,,12672.7236328125
,6025,,,,11932.45703125
,6026,,,,10293.14453125
,6027,,,,8290.923828125
,6028,,,,7007.4775390625
,6029,,,,10419.041015625
,6030,,,,9685.3134765625
,6031,,,,13010.57421875
,6032,,,,11618.2451171875
,6033,,,,11456.986328125
,6034,,,,9708.2841796875
,6035,,,,11899.578125
,6036,,,,10150.923828125
,6037,,,,11215.60546875
,6038,,,,10110.166015625
,6039,,,,7967.86083984375
,6040,,,,12413.87109375
,6041,,,,9324.6376953125
,6042,,,,12068.767578125
,6043,,,,9595.99609375
,6044,,,,9690.65625
,6045,,,,7743.474609375
,6046,,,,9938.177734375
,6047,,,,8187.4248046875
,6048,,,,8181.861328125
,6049,,,,9290.80859375
,6050,,,,14010.8330078125
,6051,,,,9455.51953125
,6052,,,,9119.017578125
,6053,,,,9943.755859375
,6054,,,,13068.439453125
,6055,,,,10306.08984375
,6056,,,,10611.923828125
,6057,,,,9963.876953125
,6058,,,,9650.4736328125
,6059,,,,10415.5791015625
,6060,,,,8386.525390625
,6061,,,,10975.7001953125
,6062,,,,10209.00390625
,6063,,,,9078.876953125
,6064,,,,8424.1015625
,6065,,,,9075.15625
,6066,,,,9179.470703125
,6067,,,,10474.197265625
,6068,,,,11032.6484375
,6069,,,,8946.025390625
,6070,,,,8871.0673828125
,6071,,,,9374.76171875
,6072,,,,11750.8515625
,6073,,,,7722.1279296875
,6074,,,,9448.349609375
,6075,,,,12271.7197265625
97,24009,,,10115.2763671875,
97,24009,10049.423828125,,,
98,24049,,7797.712890625,,
98,24099,,7821.9873046875,,
98,24149,,10577.802734375,,
98,24199,,8285.8603515625,,
98,24249,,10130.701171875,,
,6076,,,,9053.2001953125
,6077,,,,9798.8671875
,6078,,,,9266.83203125
,6079,,,,11065.34765625
,6080,,,,10190.484375
,6081,,,,12285.578125
,6082,,,,12843.9150390625
,6083,,,,7292.029296875
,6084,,,,11274.5556640625
,6085,,,,10065.41796875
,6086,,,,12667.3310546875
,6087,,,,11937.03125
,6088,,,,10283.806640625
,6089,,,,8285.5751953125
,6090,,,,6993.3427734375
,6091,,,,10413.1103515625
,6092,,,,9673.84765625
,6093,,,,13009.9677734375
,6094,,,,11614.775390625
,6095,,,,11453.458984375
,6096,,,,9699.662109375
,6097,,,,11915.0078125
,6098,,,,10130.892578125
,6099,,,,11217.123046875
,6100,,,,10098.62890625
,6101,,,,7969.822265625
,6102,,,,12389.7021484375
,6103,,,,9315.3837890625
,6104,,,,12072.234375
,6105,,,,9587.833984375
,6106,,,,9692.205078125
,6107,,,,7715.53271484375
,6108,,,,9943.7060546875
,6109,,,,8183.9482421875
,6110,,,,8186.85546875
,6111,,,,9285.01953125
,6112,,,,14008.927734375
,6113,,,,9463.3876953125
,6114,,,,9099.0078125
,6115,,,,9959.271484375
,6116,,,,13044.962890625
,6117,,,,10301.658203125
,6118,,,,10607.3837890625
,6119,,,,9946.482421875
,6120,,,,9645.2607421875
,6121,,,,10408.03515625
,6122,,,,8379.181640625
,6123,,,,10960.6591796875
,6124,,,,10207.380859375
,6125,,,,9080.64453125
,6126,,,,8438.359375
,6127,,,,9059.857421875
,6128,,,,9165.546875
,6129,,,,10464.3740234375
,6130,,,,11005.2841796875
,6131,,,,8939.5126953125
,6132,,,,8842.625
,6133,,,,9363.140625
,6134,,,,11750.728515625
,6135,,,,7717.2841796875
,6136,,,,9439.677734375
,6137,,,,12246.7080078125
98,24254,,,10108.826171875,
98,24254,10039.3505859375,,,
99,24299,,10554.5234375,,
99,24349,,8550.8857421875,,
99,24399,,9113.3486328125,,
99,24449,,10312.96875,,
99,24499,,9523.658203125,,
,6138,,,,9059.435546875
,6139,,,,9816.162109375
,6140,,,,9275.35546875
,6141,,,,11075.7392578125
,6142,,,,10191.466796875
,6143,,,,12299.07421875
,6144,,,,12850.1396484375
,6145,,,,7307.36865234375
,6146,,,,11281.708984375
,6147,,,,10064.9443359375
,6148,,,,12685.33984375
,6149,,,,11934.892578125
,6150,,,,10299.123046875
,6151,,,,8296.681640625
,6152,,,,7002.701171875
,6153,,,,10417.7216796875
,6154,,,,9688.568359375
,6155,,,,13008.4130859375
,6156,,,,11613.5830078125
,6157,,,,11465.71875
,6158,,,,9710.2734375
,6159,,,,11917.701171875
,6160,,,,10142.908203125
,6161,,,,11220.01171875
,6162,,,,10100.34375
,6163,,,,7984.4150390625
,6164,,,,12394.6767578125
,6165,,,,9323.8427734375
,6166,,,,12073.6923828125
,6167,,,,9598.310546875
,6168,,,,9692.044921875
,6169,,,,7735.66650390625
,6170,,,,9940.58984375
,6171,,,,8190.55224609375
,6172,,,,8189.32177734375
,6173,,,,9292.91015625
,6174,,,,14012.0107421875
,6175,,,,9456.75390625
,6176,,,,9113.880859375
,6177,,,,9950.7197265625
,6178,,,,13061.6357421875
,6179,,,,10304.55859375
,6180,,,,10609.123046875
,6181,,,,9966.298828125
,6182,,,,9650.17578125
,6183,,,,10423.345703125
,6184,,,,8384.609375
,6185,,,,10978.7890625
,6186,,,,10206.509765625
,6187,,,,9096.36328125
,6188,,,,8431.1953125
,6189,,,,9072.232421875
,6190,,,,9174.4560546875
,6191,,,,10465.8583984375
,6192,,,,11020.6865234375
,6193,,,,8958.16796875
,6194,,,,8872.552734375
,6195,,,,9372.548828125
,6196,,,,11761.2783203125
,6197,,,,7732.3447265625
,6198,,,,9445.775390625
,6199,,,,12263.8916015625
99,24499,,,10116.93359375,
99,24499,10041.40234375,,,
