epoch,step,train_loss_epoch,train_loss_step,val_loss_epoch,val_loss_step
0,49,,347.29083251953125,,
0,99,,296.21148681640625,,
,0,,,,270.0445251464844
,1,,,,309.32318115234375
,2,,,,344.11236572265625
,3,,,,407.64410400390625
,4,,,,278.3982238769531
,5,,,,245.95242309570312
,6,,,,258.97723388671875
,7,,,,265.45330810546875
,8,,,,293.49517822265625
,9,,,,289.5476989746094
,10,,,,339.1466369628906
,11,,,,244.77101135253906
,12,,,,341.9367370605469
,13,,,,416.876708984375
,14,,,,257.43408203125
,15,,,,227.19537353515625
,16,,,,255.24380493164062
,17,,,,284.9102478027344
,18,,,,202.25033569335938
,19,,,,289.79681396484375
,20,,,,265.8122863769531
,21,,,,291.64508056640625
,22,,,,318.49810791015625
,23,,,,294.7771301269531
,24,,,,307.08343505859375
,25,,,,269.1348876953125
,26,,,,203.17037963867188
,27,,,,381.3490295410156
,28,,,,183.75570678710938
,29,,,,249.70635986328125
,30,,,,308.9569091796875
,31,,,,320.78173828125
0,124,,,287.25103759765625,
0,124,316.4015197753906,,,
1,149,,272.6966247558594,,
1,199,,295.6741943359375,,
1,249,,283.12652587890625,,
,32,,,,269.918701171875
,33,,,,309.2279052734375
,34,,,,344.0250549316406
,35,,,,407.62994384765625
,36,,,,278.307373046875
,37,,,,245.84112548828125
,38,,,,258.8638916015625
,39,,,,265.3524475097656
,40,,,,293.40533447265625
,41,,,,289.49859619140625
,42,,,,339.04168701171875
,43,,,,244.6710968017578
,44,,,,341.8825988769531
,45,,,,416.74481201171875
,46,,,,257.3452453613281
,47,,,,227.1199951171875
,48,,,,255.13232421875
,49,,,,284.8985900878906
,50,,,,202.17742919921875
,51,,,,289.70166015625
,52,,,,265.8379821777344
,53,,,,291.553955078125
,54,,,,318.410400390625
,55,,,,294.6871032714844
,56,,,,307.01239013671875
,57,,,,269.0692443847656
,58,,,,203.0704345703125
,59,,,,381.2690124511719
,60,,,,183.68865966796875
,61,,,,249.61871337890625
,62,,,,308.95703125
,63,,,,320.75128173828125
1,249,,,287.1727600097656,
1,249,316.0130615234375,,,
2,299,,372.92498779296875,,
2,349,,364.838623046875,,
,64,,,,269.85076904296875
,65,,,,309.2102966308594
,66,,,,343.97698974609375
,67,,,,407.597412109375
,68,,,,278.23876953125
,69,,,,245.86497497558594
,70,,,,258.8011474609375
,71,,,,265.3406982421875
,72,,,,293.3436584472656
,73,,,,289.45037841796875
,74,,,,339.04345703125
,75,,,,244.62252807617188
,76,,,,341.81903076171875
,77,,,,416.73980712890625
,78,,,,257.3176574707031
,79,,,,227.0565185546875
,80,,,,255.06292724609375
,81,,,,284.87750244140625
,82,,,,202.11904907226562
,83,,,,289.6422119140625
,84,,,,265.8034973144531
,85,,,,291.48516845703125
,86,,,,318.349609375
,87,,,,294.6500549316406
,88,,,,306.9592590332031
,89,,,,269.0528564453125
,90,,,,203.01907348632812
,91,,,,381.1929931640625
,92,,,,183.6612091064453
,93,,,,249.54782104492188
,94,,,,308.87982177734375
,95,,,,320.7830810546875
2,374,,,287.1287536621094,
2,374,315.5099792480469,,,
3,399,,400.2736511230469,,
3,449,,258.43402099609375,,
3,499,,283.58740234375,,
,96,,,,269.8330383300781
,97,,,,309.224853515625
,98,,,,343.9907531738281
,99,,,,407.57879638671875
,100,,,,278.2279968261719
,101,,,,245.87054443359375
,102,,,,258.76318359375
,103,,,,265.37335205078125
,104,,,,293.33819580078125
,105,,,,289.4488220214844
,106,,,,339.0832824707031
,107,,,,244.61158752441406
,108,,,,341.87713623046875
,109,,,,416.728271484375
,110,,,,257.2802734375
,111,,,,227.00755310058594
,112,,,,255.0350341796875
,113,,,,284.8975830078125
,114,,,,202.09127807617188
,115,,,,289.590576171875
,116,,,,265.7961730957031
,117,,,,291.4785461425781
,118,,,,318.3011779785156
,119,,,,294.622802734375
,120,,,,307.016357421875
,121,,,,269.12139892578125
,122,,,,202.98294067382812
,123,,,,381.15411376953125
,124,,,,183.64468383789062
,125,,,,249.51873779296875
,126,,,,308.8896484375
,127,,,,320.8485412597656
3,499,,,287.1228942871094,
3,499,314.80108642578125,,,
4,549,,270.49212646484375,,
4,599,,372.8278503417969,,
,128,,,,269.7535705566406
,129,,,,309.10687255859375
,130,,,,343.92730712890625
,131,,,,407.5924072265625
,132,,,,278.14544677734375
,133,,,,245.719482421875
,134,,,,258.7191467285156
,135,,,,265.34185791015625
,136,,,,293.2118225097656
,137,,,,289.3813171386719
,138,,,,339.057373046875
,139,,,,244.54747009277344
,140,,,,341.85064697265625
,141,,,,416.775634765625
,142,,,,257.2417297363281
,143,,,,226.933349609375
,144,,,,254.93948364257812
,145,,,,284.98992919921875
,146,,,,202.0673828125
,147,,,,289.4935302734375
,148,,,,266.0359802246094
,149,,,,291.4317932128906
,150,,,,318.218505859375
,151,,,,294.54351806640625
,152,,,,307.0186767578125
,153,,,,269.04296875
,154,,,,202.91592407226562
,155,,,,381.136474609375
,156,,,,183.60015869140625
,157,,,,249.43743896484375
,158,,,,308.7956237792969
,159,,,,320.8218078613281
4,624,,,287.0777282714844,
4,624,313.9593200683594,,,
5,649,,344.6885986328125,,
5,699,,325.4747009277344,,
5,749,,367.65557861328125,,
,160,,,,269.7523498535156
,161,,,,309.0503845214844
,162,,,,343.90478515625
,163,,,,407.5123596191406
,164,,,,278.0802917480469
,165,,,,245.61383056640625
,166,,,,258.6351318359375
,167,,,,265.3956298828125
,168,,,,293.19232177734375
,169,,,,289.36444091796875
,170,,,,339.01715087890625
,171,,,,244.52020263671875
,172,,,,341.7583312988281
,173,,,,416.7723693847656
,174,,,,257.23321533203125
,175,,,,226.88943481445312
,176,,,,254.91079711914062
,177,,,,285.03802490234375
,178,,,,202.05694580078125
,179,,,,289.435546875
,180,,,,266.06268310546875
,181,,,,291.3797607421875
,182,,,,318.2506103515625
,183,,,,294.52056884765625
,184,,,,307.1343994140625
,185,,,,269.0391540527344
,186,,,,202.8748016357422
,187,,,,381.0823669433594
,188,,,,183.56466674804688
,189,,,,249.40838623046875
,190,,,,308.7707824707031
,191,,,,320.7731628417969
5,749,,,287.05328369140625,
5,749,313.2014465332031,,,
6,799,,288.75360107421875,,
6,849,,323.5334167480469,,
,192,,,,269.77423095703125
,193,,,,309.0888671875
,194,,,,343.9375
,195,,,,407.57379150390625
,196,,,,278.01922607421875
,197,,,,245.68637084960938
,198,,,,258.6529541015625
,199,,,,265.54949951171875
,200,,,,293.14697265625
,201,,,,289.38238525390625
,202,,,,339.017578125
,203,,,,244.5452117919922
,204,,,,341.6892395019531
,205,,,,416.7596740722656
,206,,,,257.23297119140625
,207,,,,226.8512420654297
,208,,,,254.88296508789062
,209,,,,285.084716796875
,210,,,,202.00979614257812
,211,,,,289.4068603515625
,212,,,,266.18756103515625
,213,,,,291.3678283691406
,214,,,,318.2071533203125
,215,,,,294.4656677246094
,216,,,,307.16131591796875
,217,,,,269.1519470214844
,218,,,,202.83444213867188
,219,,,,381.0719909667969
,220,,,,183.56301879882812
,221,,,,249.391845703125
,222,,,,308.7603759765625
,223,,,,320.8513488769531
6,874,,,287.06134033203125,
6,874,312.3424987792969,,,
7,899,,375.0775451660156,,
7,949,,325.4400634765625,,
7,999,,408.55242919921875,,
,224,,,,269.8341979980469
,225,,,,309.03765869140625
,226,,,,344.024169921875
,227,,,,407.52801513671875
,228,,,,277.990966796875
,229,,,,245.62220764160156
,230,,,,258.5965576171875
,231,,,,265.6910705566406
,232,,,,293.1148681640625
,233,,,,289.40362548828125
,234,,,,339.0782165527344
,235,,,,244.59051513671875
,236,,,,341.6904296875
,237,,,,417.212158203125
,238,,,,257.20538330078125
,239,,,,226.78762817382812
,240,,,,254.8704071044922
,241,,,,285.02093505859375
,242,,,,201.9898681640625
,243,,,,289.349609375
,244,,,,266.0715637207031
,245,,,,291.3516845703125
,246,,,,318.158935546875
,247,,,,294.4588317871094
,248,,,,307.1156005859375
,249,,,,269.0543212890625
,250,,,,202.814697265625
,251,,,,381.0605773925781
,252,,,,183.5447998046875
,253,,,,249.38638305664062
,254,,,,308.784423828125
,255,,,,321.0310974121094
7,999,,,287.0623779296875,
7,999,311.6029357910156,,,
8,1049,,238.05520629882812,,
8,1099,,275.4530944824219,,
,256,,,,269.8658752441406
,257,,,,309.0517272949219
,258,,,,343.97515869140625
,259,,,,407.54656982421875
,260,,,,277.9903564453125
,261,,,,245.60546875
,262,,,,258.6013488769531
,263,,,,265.8741149902344
,264,,,,293.10345458984375
,265,,,,289.4485778808594
,266,,,,339.0360107421875
,267,,,,244.63955688476562
,268,,,,341.6572265625
,269,,,,417.4791564941406
,270,,,,257.23883056640625
,271,,,,226.78005981445312
,272,,,,254.81964111328125
,273,,,,285.16424560546875
,274,,,,202.02713012695312
,275,,,,289.29644775390625
,276,,,,266.1051940917969
,277,,,,291.31781005859375
,278,,,,318.144287109375
,279,,,,294.425048828125
,280,,,,307.1914367675781
,281,,,,269.282958984375
,282,,,,202.81161499023438
,283,,,,381.0597229003906
,284,,,,183.5735321044922
,285,,,,249.40467834472656
,286,,,,308.748046875
,287,,,,320.95269775390625
8,1124,,,287.0881042480469,
8,1124,310.7626647949219,,,
9,1149,,294.314697265625,,
9,1199,,274.4942321777344,,
9,1249,,272.31072998046875,,
,288,,,,269.8851013183594
,289,,,,309.09375
,290,,,,344.0782470703125
,291,,,,407.7115478515625
,292,,,,277.9708557128906
,293,,,,245.54513549804688
,294,,,,258.5719909667969
,295,,,,265.9822998046875
,296,,,,293.1429748535156
,297,,,,289.5441589355469
,298,,,,339.11688232421875
,299,,,,244.68460083007812
,300,,,,341.7523193359375
,301,,,,417.33880615234375
,302,,,,257.2934875488281
,303,,,,226.77194213867188
,304,,,,254.81500244140625
,305,,,,285.3660583496094
,306,,,,202.06341552734375
,307,,,,289.31097412109375
,308,,,,266.3470458984375
,309,,,,291.3192443847656
,310,,,,318.23089599609375
,311,,,,294.436767578125
,312,,,,307.414306640625
,313,,,,269.37884521484375
,314,,,,202.81983947753906
,315,,,,381.150390625
,316,,,,183.57461547851562
,317,,,,249.42149353027344
,318,,,,308.760986328125
,319,,,,321.08013916015625
9,1249,,,287.14129638671875,
9,1249,309.12939453125,,,
10,1299,,365.0430908203125,,
10,1349,,333.5638427734375,,
,320,,,,270.06243896484375
,321,,,,309.0545654296875
,322,,,,344.21917724609375
,323,,,,407.9962158203125
,324,,,,277.9424133300781
,325,,,,245.47064208984375
,326,,,,258.57354736328125
,327,,,,266.3818664550781
,328,,,,293.159423828125
,329,,,,289.6385498046875
,330,,,,339.1732482910156
,331,,,,244.7836151123047
,332,,,,341.82208251953125
,333,,,,417.4005126953125
,334,,,,257.25457763671875
,335,,,,226.7757568359375
,336,,,,254.85308837890625
,337,,,,285.38494873046875
,338,,,,202.0778350830078
,339,,,,289.31988525390625
,340,,,,266.674072265625
,341,,,,291.291748046875
,342,,,,318.4322509765625
,343,,,,294.4739990234375
,344,,,,307.3836669921875
,345,,,,269.3611755371094
,346,,,,202.77322387695312
,347,,,,381.16534423828125
,348,,,,183.55918884277344
,349,,,,249.47964477539062
,350,,,,308.820556640625
,351,,,,321.5321350097656
10,1374,,,287.20452880859375,
10,1374,308.0705261230469,,,
11,1399,,379.595947265625,,
11,1449,,241.5723876953125,,
11,1499,,280.6933898925781,,
,352,,,,270.1305847167969
,353,,,,309.01318359375
,354,,,,344.2138977050781
,355,,,,408.0639343261719
,356,,,,277.90631103515625
,357,,,,245.4181365966797
,358,,,,258.551025390625
,359,,,,266.6297302246094
,360,,,,293.18157958984375
,361,,,,289.7965393066406
,362,,,,339.20574951171875
,363,,,,244.80892944335938
,364,,,,341.7726745605469
,365,,,,417.3422546386719
,366,,,,257.2198486328125
,367,,,,226.7351837158203
,368,,,,254.7766876220703
,369,,,,285.4912109375
,370,,,,202.07293701171875
,371,,,,289.3092041015625
,372,,,,266.7373046875
,373,,,,291.2432861328125
,374,,,,318.33721923828125
,375,,,,294.38470458984375
,376,,,,307.558349609375
,377,,,,269.5869445800781
,378,,,,202.77392578125
,379,,,,381.15966796875
,380,,,,183.52334594726562
,381,,,,249.447509765625
,382,,,,308.70111083984375
,383,,,,321.77685546875
11,1499,,,287.2171936035156,
11,1499,306.0521240234375,,,
12,1549,,249.98458862304688,,
12,1599,,343.2310485839844,,
,384,,,,269.99151611328125
,385,,,,308.9754333496094
,386,,,,344.0533447265625
,387,,,,407.95208740234375
,388,,,,277.8500671386719
,389,,,,245.40968322753906
,390,,,,258.4976806640625
,391,,,,266.4722595214844
,392,,,,293.07489013671875
,393,,,,289.83660888671875
,394,,,,339.0182189941406
,395,,,,244.78810119628906
,396,,,,341.75616455078125
,397,,,,417.1624755859375
,398,,,,257.32440185546875
,399,,,,226.72763061523438
,400,,,,254.66998291015625
,401,,,,285.4638671875
,402,,,,202.1256103515625
,403,,,,289.28643798828125
,404,,,,266.7176818847656
,405,,,,291.219482421875
,406,,,,318.2979736328125
,407,,,,294.40716552734375
,408,,,,307.48602294921875
,409,,,,269.63311767578125
,410,,,,202.86886596679688
,411,,,,380.8714599609375
,412,,,,183.59555053710938
,413,,,,249.451171875
,414,,,,308.6635437011719
,415,,,,321.845703125
12,1624,,,287.1715087890625,
12,1624,305.6669921875,,,
13,1649,,292.39910888671875,,
13,1699,,327.2435302734375,,
13,1749,,219.35446166992188,,
,416,,,,270.3123474121094
,417,,,,309.09991455078125
,418,,,,344.39617919921875
,419,,,,408.473388671875
,420,,,,277.9319152832031
,421,,,,245.502685546875
,422,,,,258.52996826171875
,423,,,,267.036376953125
,424,,,,293.25506591796875
,425,,,,290.2209167480469
,426,,,,339.3602600097656
,427,,,,244.96646118164062
,428,,,,342.01678466796875
,429,,,,417.7420959472656
,430,,,,257.28179931640625
,431,,,,226.79226684570312
,432,,,,254.82379150390625
,433,,,,285.902099609375
,434,,,,202.2384033203125
,435,,,,289.42864990234375
,436,,,,267.24871826171875
,437,,,,291.2714538574219
,438,,,,318.64837646484375
,439,,,,294.53106689453125
,440,,,,307.9485168457031
,441,,,,270.005615234375
,442,,,,202.8639373779297
,443,,,,381.46356201171875
,444,,,,183.536865234375
,445,,,,249.52334594726562
,446,,,,308.7815856933594
,447,,,,322.52435302734375
13,1749,,,287.41650390625,
13,1749,303.3604736328125,,,
14,1799,,268.9343566894531,,
14,1849,,310.1366271972656,,
,448,,,,269.98382568359375
,449,,,,308.9373474121094
,450,,,,344.0823669433594
,451,,,,408.0048828125
,452,,,,277.79119873046875
,453,,,,245.45095825195312
,454,,,,258.45574951171875
,455,,,,266.60345458984375
,456,,,,293.0987243652344
,457,,,,290.1521301269531
,458,,,,339.01171875
,459,,,,244.82159423828125
,460,,,,341.9247741699219
,461,,,,417.5941467285156
,462,,,,257.5238342285156
,463,,,,226.73843383789062
,464,,,,254.65689086914062
,465,,,,285.7069091796875
,466,,,,202.2738037109375
,467,,,,289.3856201171875
,468,,,,267.1011657714844
,469,,,,291.1970520019531
,470,,,,318.6622009277344
,471,,,,294.47064208984375
,472,,,,307.6214294433594
,473,,,,269.87689208984375
,474,,,,202.98165893554688
,475,,,,381.0767822265625
,476,,,,183.7615203857422
,477,,,,249.44235229492188
,478,,,,308.71875
,479,,,,321.566162109375
14,1874,,,287.2799987792969,
14,1874,302.4704895019531,,,
15,1899,,281.983154296875,,
15,1949,,300.9591064453125,,
15,1999,,263.6014404296875,,
,480,,,,269.588623046875
,481,,,,308.70440673828125
,482,,,,343.67681884765625
,483,,,,407.5384521484375
,484,,,,277.640625
,485,,,,245.34410095214844
,486,,,,258.4075927734375
,487,,,,266.0109558105469
,488,,,,292.89105224609375
,489,,,,289.8875732421875
,490,,,,338.53564453125
,491,,,,244.55538940429688
,492,,,,341.64605712890625
,493,,,,417.092041015625
,494,,,,257.5410461425781
,495,,,,226.677490234375
,496,,,,254.42184448242188
,497,,,,285.33465576171875
,498,,,,202.22128295898438
,499,,,,289.2327880859375
,500,,,,266.71722412109375
,501,,,,291.0443420410156
,502,,,,318.3018798828125
,503,,,,294.34814453125
,504,,,,307.2778015136719
,505,,,,269.6297912597656
,506,,,,202.9534454345703
,507,,,,380.6343688964844
,508,,,,183.82460021972656
,509,,,,249.30084228515625
,510,,,,308.5067138671875
,511,,,,320.812744140625
15,1999,,,287.0301208496094,
15,1999,301.1317138671875,,,
16,2049,,324.3517150878906,,
16,2099,,373.5621643066406,,
,512,,,,269.56304931640625
,513,,,,308.6643981933594
,514,,,,343.70159912109375
,515,,,,407.3531188964844
,516,,,,277.570068359375
,517,,,,245.2730712890625
,518,,,,258.330322265625
,519,,,,266.06011962890625
,520,,,,292.82586669921875
,521,,,,289.9038391113281
,522,,,,338.55792236328125
,523,,,,244.52914428710938
,524,,,,341.654296875
,525,,,,417.1798400878906
,526,,,,257.5005798339844
,527,,,,226.60232543945312
,528,,,,254.32119750976562
,529,,,,285.2948913574219
,530,,,,202.22760009765625
,531,,,,289.20196533203125
,532,,,,266.2657470703125
,533,,,,290.976806640625
,534,,,,318.33551025390625
,535,,,,294.30609130859375
,536,,,,307.39141845703125
,537,,,,269.5220947265625
,538,,,,202.89404296875
,539,,,,380.73638916015625
,540,,,,183.779052734375
,541,,,,249.26364135742188
,542,,,,308.4500427246094
,543,,,,320.97332763671875
16,2124,,,286.9913330078125,
16,2124,300.3600769042969,,,
17,2149,,353.1250305175781,,
17,2199,,329.5992736816406,,
17,2249,,317.5400390625,,
,544,,,,269.16058349609375
,545,,,,308.50921630859375
,546,,,,343.2008056640625
,547,,,,406.66485595703125
,548,,,,277.38409423828125
,549,,,,245.03656005859375
,550,,,,258.13775634765625
,551,,,,265.3560791015625
,552,,,,292.4972229003906
,553,,,,289.6577453613281
,554,,,,338.02703857421875
,555,,,,244.25344848632812
,556,,,,341.3883056640625
,557,,,,416.5699462890625
,558,,,,257.50323486328125
,559,,,,226.49981689453125
,560,,,,254.02609252929688
,561,,,,284.9706115722656
,562,,,,202.124755859375
,563,,,,289.0315856933594
,564,,,,265.94482421875
,565,,,,290.79241943359375
,566,,,,317.76708984375
,567,,,,294.16845703125
,568,,,,306.98248291015625
,569,,,,269.20849609375
,570,,,,202.91070556640625
,571,,,,380.07476806640625
,572,,,,183.8038330078125
,573,,,,249.07249450683594
,574,,,,308.209716796875
,575,,,,320.31817626953125
17,2249,,,286.6884460449219,
17,2249,298.5349426269531,,,
18,2299,,287.98724365234375,,
18,2349,,346.8773193359375,,
,576,,,,269.1988220214844
,577,,,,308.5533447265625
,578,,,,343.43048095703125
,579,,,,406.8597412109375
,580,,,,277.3731994628906
,581,,,,245.2044677734375
,582,,,,258.2406005859375
,583,,,,265.4424743652344
,584,,,,292.5936279296875
,585,,,,289.84259033203125
,586,,,,338.24188232421875
,587,,,,244.32635498046875
,588,,,,341.51678466796875
,589,,,,416.928466796875
,590,,,,257.5999755859375
,591,,,,226.51390075683594
,592,,,,254.0129852294922
,593,,,,285.1441345214844
,594,,,,202.2535400390625
,595,,,,289.116943359375
,596,,,,265.9959716796875
,597,,,,290.85009765625
,598,,,,318.03857421875
,599,,,,294.260009765625
,600,,,,307.15362548828125
,601,,,,269.4290466308594
,602,,,,202.94480895996094
,603,,,,380.528076171875
,604,,,,183.88067626953125
,605,,,,249.1165313720703
,606,,,,308.22674560546875
,607,,,,320.563232421875
18,2374,,,286.814697265625,
18,2374,297.6994934082031,,,
19,2399,,336.00787353515625,,
19,2449,,281.8015441894531,,
19,2499,,249.32717895507812,,
,608,,,,269.2711181640625
,609,,,,308.48565673828125
,610,,,,343.5609130859375
,611,,,,407.23974609375
,612,,,,277.2647705078125
,613,,,,245.07403564453125
,614,,,,258.16900634765625
,615,,,,265.5942687988281
,616,,,,292.5821838378906
,617,,,,290.0566711425781
,618,,,,338.3468017578125
,619,,,,244.30325317382812
,620,,,,341.60009765625
,621,,,,417.34619140625
,622,,,,257.50689697265625
,623,,,,226.41049194335938
,624,,,,253.9462890625
,625,,,,285.2661437988281
,626,,,,202.22531127929688
,627,,,,289.0837707519531
,628,,,,266.2403564453125
,629,,,,290.8089294433594
,630,,,,318.14385986328125
,631,,,,294.221435546875
,632,,,,307.27435302734375
,633,,,,269.4334716796875
,634,,,,202.8099365234375
,635,,,,380.82855224609375
,636,,,,183.78558349609375
,637,,,,249.0665740966797
,638,,,,308.1473083496094
,639,,,,321.0491638183594
19,2499,,,286.8594055175781,
19,2499,296.1870422363281,,,
20,2549,,275.54779052734375,,
20,2599,,378.09002685546875,,
,640,,,,268.8583984375
,641,,,,308.2085876464844
,642,,,,343.07672119140625
,643,,,,406.7418212890625
,644,,,,277.11212158203125
,645,,,,244.91055297851562
,646,,,,258.07574462890625
,647,,,,265.12347412109375
,648,,,,292.3486022949219
,649,,,,290.00042724609375
,650,,,,337.9441833496094
,651,,,,244.10084533691406
,652,,,,341.3927001953125
,653,,,,416.7462463378906
,654,,,,257.70806884765625
,655,,,,226.37664794921875
,656,,,,253.71829223632812
,657,,,,284.99310302734375
,658,,,,202.2210693359375
,659,,,,288.85321044921875
,660,,,,266.2001037597656
,661,,,,290.6202392578125
,662,,,,317.90753173828125
,663,,,,294.0755615234375
,664,,,,306.8132629394531
,665,,,,269.1805419921875
,666,,,,202.94049072265625
,667,,,,380.1539306640625
,668,,,,183.9607696533203
,669,,,,248.95082092285156
,670,,,,307.9635925292969
,671,,,,319.92425537109375
20,2624,,,286.63232421875,
20,2624,295.825927734375,,,
21,2649,,229.39027404785156,,
21,2699,,237.27734375,,
21,2749,,288.36468505859375,,
,672,,,,268.4131164550781
,673,,,,307.9967956542969
,674,,,,342.4896545410156
,675,,,,405.94586181640625
,676,,,,276.96893310546875
,677,,,,244.64707946777344
,678,,,,257.9064636230469
,679,,,,264.4966125488281
,680,,,,291.98028564453125
,681,,,,289.7696228027344
,682,,,,337.2344665527344
,683,,,,243.7860870361328
,684,,,,341.06988525390625
,685,,,,416.2851867675781
,686,,,,257.74676513671875
,687,,,,226.30517578125
,688,,,,253.36907958984375
,689,,,,284.6760559082031
,690,,,,202.14588928222656
,691,,,,288.6710205078125
,692,,,,265.9469299316406
,693,,,,290.46380615234375
,694,,,,317.5924072265625
,695,,,,293.88946533203125
,696,,,,306.4505615234375
,697,,,,268.72216796875
,698,,,,202.97592163085938
,699,,,,379.292724609375
,700,,,,184.01358032226562
,701,,,,248.82760620117188
,702,,,,307.751220703125
,703,,,,319.1964416503906
21,2749,,,286.3241271972656,
21,2749,294.89654541015625,,,
22,2799,,281.5328369140625,,
22,2849,,297.85687255859375,,
,704,,,,267.98663330078125
,705,,,,307.6075134277344
,706,,,,341.94793701171875
,707,,,,405.4954833984375
,708,,,,276.6214294433594
,709,,,,244.21234130859375
,710,,,,257.57012939453125
,711,,,,263.97540283203125
,712,,,,291.54937744140625
,713,,,,289.38031005859375
,714,,,,336.6826171875
,715,,,,243.3784942626953
,716,,,,340.6195068359375
,717,,,,415.79754638671875
,718,,,,257.42669677734375
,719,,,,226.005615234375
,720,,,,252.909423828125
,721,,,,284.28350830078125
,722,,,,201.83221435546875
,723,,,,288.2935791015625
,724,,,,265.6104431152344
,725,,,,290.1046142578125
,726,,,,316.97705078125
,727,,,,293.5095520019531
,728,,,,306.0150146484375
,729,,,,268.271240234375
,730,,,,202.662109375
,731,,,,378.7767333984375
,732,,,,183.69699096679688
,733,,,,248.44290161132812
,734,,,,307.30108642578125
,735,,,,318.59906005859375
22,2874,,,285.906982421875,
22,2874,294.1046447753906,,,
23,2899,,215.26089477539062,,
23,2949,,317.2159423828125,,
23,2999,,456.77972412109375,,
,736,,,,267.5386047363281
,737,,,,307.33984375
,738,,,,341.509033203125
,739,,,,405.0709228515625
,740,,,,276.42108154296875
,741,,,,244.00949096679688
,742,,,,257.42413330078125
,743,,,,263.439697265625
,744,,,,291.2591857910156
,745,,,,289.3038330078125
,746,,,,336.1087646484375
,747,,,,243.05621337890625
,748,,,,340.37408447265625
,749,,,,415.402587890625
,750,,,,257.44287109375
,751,,,,225.8739471435547
,752,,,,252.60496520996094
,753,,,,284.0837707519531
,754,,,,201.78736877441406
,755,,,,288.0681457519531
,756,,,,265.1417541503906
,757,,,,289.8477783203125
,758,,,,316.80157470703125
,759,,,,293.30694580078125
,760,,,,305.78228759765625
,761,,,,268.1579895019531
,762,,,,202.64564514160156
,763,,,,378.2112121582031
,764,,,,183.72120666503906
,765,,,,248.13710021972656
,766,,,,307.02728271484375
,767,,,,317.5002136230469
23,2999,,,285.64080810546875,
23,2999,292.3127746582031,,,
24,3049,,319.1180419921875,,
24,3099,,380.5592041015625,,
,768,,,,267.32769775390625
,769,,,,307.23822021484375
,770,,,,341.342529296875
,771,,,,404.76947021484375
,772,,,,276.2334899902344
,773,,,,243.9425506591797
,774,,,,257.31842041015625
,775,,,,263.27294921875
,776,,,,291.1188659667969
,777,,,,289.32183837890625
,778,,,,335.8738708496094
,779,,,,242.9400177001953
,780,,,,340.34429931640625
,781,,,,415.3211975097656
,782,,,,257.4558410644531
,783,,,,225.77850341796875
,784,,,,252.41177368164062
,785,,,,284.01226806640625
,786,,,,201.77951049804688
,787,,,,287.95623779296875
,788,,,,265.23773193359375
,789,,,,289.69085693359375
,790,,,,316.74468994140625
,791,,,,293.2342529296875
,792,,,,305.70556640625
,793,,,,268.07659912109375
,794,,,,202.600830078125
,795,,,,378.05499267578125
,796,,,,183.72244262695312
,797,,,,248.04769897460938
,798,,,,306.8995056152344
,799,,,,317.28021240234375
24,3124,,,285.5390319824219,
24,3124,293.21221923828125,,,
25,3149,,346.6409912109375,,
25,3199,,263.9493408203125,,
25,3249,,252.5972442626953,,
,800,,,,266.4931640625
,801,,,,306.63458251953125
,802,,,,340.5692138671875
,803,,,,403.736328125
,804,,,,275.6854553222656
,805,,,,243.3485565185547
,806,,,,256.6968078613281
,807,,,,262.149169921875
,808,,,,290.370361328125
,809,,,,288.673828125
,810,,,,334.833251953125
,811,,,,242.1825714111328
,812,,,,339.649658203125
,813,,,,414.54193115234375
,814,,,,256.84442138671875
,815,,,,225.2556915283203
,816,,,,251.74710083007812
,817,,,,283.2832946777344
,818,,,,201.24465942382812
,819,,,,287.2850036621094
,820,,,,264.1884765625
,821,,,,289.07470703125
,822,,,,315.94659423828125
,823,,,,292.629150390625
,824,,,,304.9769287109375
,825,,,,267.44512939453125
,826,,,,202.11630249023438
,827,,,,377.23687744140625
,828,,,,183.271728515625
,829,,,,247.37417602539062
,830,,,,306.1905517578125
,831,,,,315.72308349609375
25,3249,,,284.81939697265625,
25,3249,292.17681884765625,,,
26,3299,,412.176025390625,,
26,3349,,317.31658935546875,,
,832,,,,266.1292419433594
,833,,,,306.45574951171875
,834,,,,340.12994384765625
,835,,,,403.2872009277344
,836,,,,275.4846496582031
,837,,,,243.13455200195312
,838,,,,256.4957580566406
,839,,,,261.836181640625
,840,,,,290.082275390625
,841,,,,288.58203125
,842,,,,334.3452453613281
,843,,,,241.9190216064453
,844,,,,339.43060302734375
,845,,,,414.3789367675781
,846,,,,256.9639892578125
,847,,,,225.10382080078125
,848,,,,251.43423461914062
,849,,,,283.1033935546875
,850,,,,201.20933532714844
,851,,,,287.1063537597656
,852,,,,264.1585998535156
,853,,,,288.86871337890625
,854,,,,315.7159118652344
,855,,,,292.5185546875
,856,,,,304.7634582519531
,857,,,,267.2762451171875
,858,,,,202.13626098632812
,859,,,,376.7972717285156
,860,,,,183.33416748046875
,861,,,,247.11672973632812
,862,,,,305.980224609375
,863,,,,314.8546142578125
26,3374,,,284.6078186035156,
26,3374,291.4616394042969,,,
27,3399,,314.786865234375,,
27,3449,,296.4261169433594,,
27,3499,,336.42633056640625,,
,864,,,,265.3829040527344
,865,,,,305.8718566894531
,866,,,,339.5065002441406
,867,,,,402.879150390625
,868,,,,275.000732421875
,869,,,,242.614501953125
,870,,,,256.0776062011719
,871,,,,260.9263916015625
,872,,,,289.49249267578125
,873,,,,288.1156005859375
,874,,,,333.48516845703125
,875,,,,241.3661651611328
,876,,,,338.9581298828125
,877,,,,414.0056457519531
,878,,,,256.63580322265625
,879,,,,224.70652770996094
,880,,,,250.8828125
,881,,,,282.6343994140625
,882,,,,200.85545349121094
,883,,,,286.5445556640625
,884,,,,263.4752502441406
,885,,,,288.3087463378906
,886,,,,315.1474914550781
,887,,,,291.9783935546875
,888,,,,304.1535339355469
,889,,,,266.87127685546875
,890,,,,201.8463592529297
,891,,,,376.1905517578125
,892,,,,183.05337524414062
,893,,,,246.55569458007812
,894,,,,305.407958984375
,895,,,,313.5562744140625
27,3499,,,284.07421875,
27,3499,290.27642822265625,,,
28,3549,,274.4151306152344,,
28,3599,,229.1156768798828,,
,896,,,,264.8646240234375
,897,,,,305.429443359375
,898,,,,338.82073974609375
,899,,,,401.87506103515625
,900,,,,274.6180725097656
,901,,,,242.13787841796875
,902,,,,255.7733917236328
,903,,,,260.40753173828125
,904,,,,288.9396057128906
,905,,,,287.83642578125
,906,,,,332.808837890625
,907,,,,240.9041748046875
,908,,,,338.4748840332031
,909,,,,413.4354248046875
,910,,,,256.5033874511719
,911,,,,224.4101104736328
,912,,,,250.38467407226562
,913,,,,282.22186279296875
,914,,,,200.64825439453125
,915,,,,286.10009765625
,916,,,,263.0964660644531
,917,,,,287.896728515625
,918,,,,314.6211853027344
,919,,,,291.6280517578125
,920,,,,303.66375732421875
,921,,,,266.53021240234375
,922,,,,201.6862030029297
,923,,,,375.4540710449219
,924,,,,182.92919921875
,925,,,,246.1435089111328
,926,,,,304.9898681640625
,927,,,,312.5352783203125
28,3624,,,283.62774658203125,
28,3624,288.76605224609375,,,
29,3649,,260.19354248046875,,
29,3699,,442.9773254394531,,
29,3749,,394.0331115722656,,
,928,,,,264.001220703125
,929,,,,304.75640869140625
,930,,,,337.8863525390625
,931,,,,400.82659912109375
,932,,,,274.0790100097656
,933,,,,241.46365356445312
,934,,,,255.25714111328125
,935,,,,259.251953125
,936,,,,288.1561584472656
,937,,,,287.2286071777344
,938,,,,331.6798095703125
,939,,,,240.15109252929688
,940,,,,337.8175048828125
,941,,,,412.43988037109375
,942,,,,256.0874328613281
,943,,,,223.93951416015625
,944,,,,249.6539306640625
,945,,,,281.5483093261719
,946,,,,200.19647216796875
,947,,,,285.5093994140625
,948,,,,262.14910888671875
,949,,,,287.3363342285156
,950,,,,313.79705810546875
,951,,,,291.09686279296875
,952,,,,302.9504699707031
,953,,,,265.89239501953125
,954,,,,201.32015991210938
,955,,,,374.4659423828125
,956,,,,182.55648803710938
,957,,,,245.45748901367188
,958,,,,304.2200622558594
,959,,,,310.5166931152344
29,3749,,,282.9056396484375,
29,3749,290.068603515625,,,
30,3799,,326.2738037109375,,
30,3849,,392.72149658203125,,
,960,,,,263.39599609375
,961,,,,304.3017578125
,962,,,,337.1636962890625
,963,,,,400.1706237792969
,964,,,,273.6936950683594
,965,,,,241.0884552001953
,966,,,,255.0240020751953
,967,,,,258.54248046875
,968,,,,287.65570068359375
,969,,,,287.0196838378906
,970,,,,330.8174743652344
,971,,,,239.79110717773438
,972,,,,337.3388671875
,973,,,,411.7481384277344
,974,,,,256.1517333984375
,975,,,,223.7482452392578
,976,,,,249.1951904296875
,977,,,,281.1600646972656
,978,,,,200.07101440429688
,979,,,,285.0526428222656
,980,,,,261.4853515625
,981,,,,286.9339599609375
,982,,,,313.2635803222656
,983,,,,290.698486328125
,984,,,,302.4287109375
,985,,,,265.5513610839844
,986,,,,201.339111328125
,987,,,,373.5408935546875
,988,,,,182.59002685546875
,989,,,,245.07952880859375
,990,,,,303.79803466796875
,991,,,,309.1738586425781
30,3874,,,282.4682922363281,
30,3874,287.916259765625,,,
31,3899,,216.77859497070312,,
31,3949,,272.93310546875,,
31,3999,,307.70721435546875,,
,992,,,,262.4389953613281
,993,,,,303.51898193359375
,994,,,,336.044677734375
,995,,,,398.7195739746094
,996,,,,273.11041259765625
,997,,,,240.22808837890625
,998,,,,254.4429168701172
,999,,,,257.0981140136719
,1000,,,,286.7524719238281
,1001,,,,286.2648620605469
,1002,,,,329.13104248046875
,1003,,,,238.99530029296875
,1004,,,,336.4200134277344
,1005,,,,410.2261657714844
,1006,,,,255.59881591796875
,1007,,,,223.21981811523438
,1008,,,,248.3489227294922
,1009,,,,280.1296081542969
,1010,,,,199.42669677734375
,1011,,,,284.2059326171875
,1012,,,,260.11083984375
,1013,,,,286.34552001953125
,1014,,,,312.1598205566406
,1015,,,,289.93609619140625
,1016,,,,301.301025390625
,1017,,,,264.6118469238281
,1018,,,,200.8181915283203
,1019,,,,371.8116455078125
,1020,,,,182.1106414794922
,1021,,,,244.3759002685547
,1022,,,,302.918212890625
,1023,,,,307.18939208984375
31,3999,,,281.5237731933594,
31,3999,287.5804443359375,,,
32,4049,,280.01666259765625,,
32,4099,,234.002197265625,,
,1024,,,,261.80059814453125
,1025,,,,303.0846862792969
,1026,,,,335.2355041503906
,1027,,,,398.00146484375
,1028,,,,272.51397705078125
,1029,,,,239.74392700195312
,1030,,,,253.92494201660156
,1031,,,,256.4761962890625
,1032,,,,286.0224914550781
,1033,,,,285.9425048828125
,1034,,,,328.51690673828125
,1035,,,,238.40673828125
,1036,,,,335.98095703125
,1037,,,,409.8975524902344
,1038,,,,255.43890380859375
,1039,,,,222.73605346679688
,1040,,,,247.7081298828125
,1041,,,,279.7170104980469
,1042,,,,199.1485595703125
,1043,,,,283.79248046875
,1044,,,,259.56683349609375
,1045,,,,285.79522705078125
,1046,,,,311.5902099609375
,1047,,,,289.629150390625
,1048,,,,300.7646179199219
,1049,,,,264.17388916015625
,1050,,,,200.650146484375
,1051,,,,371.05926513671875
,1052,,,,181.99884033203125
,1053,,,,243.8806610107422
,1054,,,,302.4373474121094
,1055,,,,306.0196838378906
32,4124,,,281.02850341796875,
32,4124,287.2045593261719,,,
33,4149,,286.974365234375,,
33,4199,,370.0442199707031,,
33,4249,,351.67431640625,,
,1056,,,,261.11676025390625
,1057,,,,302.6004638671875
,1058,,,,334.6086730957031
,1059,,,,397.43280029296875
,1060,,,,272.08709716796875
,1061,,,,239.27444458007812
,1062,,,,253.62464904785156
,1063,,,,255.741943359375
,1064,,,,285.43609619140625
,1065,,,,285.6089782714844
,1066,,,,327.4980163574219
,1067,,,,237.94232177734375
,1068,,,,335.47064208984375
,1069,,,,409.1055908203125
,1070,,,,255.32012939453125
,1071,,,,222.50668334960938
,1072,,,,247.1686553955078
,1073,,,,279.2442626953125
,1074,,,,198.93740844726562
,1075,,,,283.2619934082031
,1076,,,,258.7314453125
,1077,,,,285.3081359863281
,1078,,,,311.02410888671875
,1079,,,,289.1358337402344
,1080,,,,300.22064208984375
,1081,,,,263.83013916015625
,1082,,,,200.53440856933594
,1083,,,,370.31219482421875
,1084,,,,181.942626953125
,1085,,,,243.37213134765625
,1086,,,,301.9100036621094
,1087,,,,304.5127868652344
33,4249,,,280.5260009765625,
33,4249,286.37957763671875,,,
34,4299,,222.7449951171875,,
34,4349,,202.344970703125,,
,1088,,,,259.946533203125
,1089,,,,301.5166320800781
,1090,,,,333.6805114746094
,1091,,,,396.57427978515625
,1092,,,,271.0394592285156
,1093,,,,238.23587036132812
,1094,,,,252.83596801757812
,1095,,,,254.6365203857422
,1096,,,,284.40411376953125
,1097,,,,284.906005859375
,1098,,,,326.4953308105469
,1099,,,,236.96481323242188
,1100,,,,334.65118408203125
,1101,,,,408.6109619140625
,1102,,,,254.64105224609375
,1103,,,,221.6442413330078
,1104,,,,246.1171875
,1105,,,,278.5672607421875
,1106,,,,198.25396728515625
,1107,,,,282.4406433105469
,1108,,,,257.9925842285156
,1109,,,,284.19580078125
,1110,,,,310.00201416015625
,1111,,,,288.3289794921875
,1112,,,,299.4537658691406
,1113,,,,263.28662109375
,1114,,,,199.93533325195312
,1115,,,,369.47979736328125
,1116,,,,181.30389404296875
,1117,,,,242.42483520507812
,1118,,,,300.93182373046875
,1119,,,,303.0649719238281
34,4374,,,279.6564636230469,
34,4374,286.22149658203125,,,
35,4399,,296.2591857910156,,
35,4449,,249.89666748046875,,
35,4499,,244.66912841796875,,
,1120,,,,258.9285888671875
,1121,,,,300.6202392578125
,1122,,,,332.627685546875
,1123,,,,395.355712890625
,1124,,,,270.4298400878906
,1125,,,,237.53427124023438
,1126,,,,252.2897491455078
,1127,,,,253.37120056152344
,1128,,,,283.551513671875
,1129,,,,284.26568603515625
,1130,,,,325.1683044433594
,1131,,,,236.18565368652344
,1132,,,,333.81207275390625
,1133,,,,407.36065673828125
,1134,,,,254.26625061035156
,1135,,,,221.16229248046875
,1136,,,,245.37950134277344
,1137,,,,277.8585510253906
,1138,,,,197.8201904296875
,1139,,,,281.59698486328125
,1140,,,,256.9733581542969
,1141,,,,283.532958984375
,1142,,,,309.1385498046875
,1143,,,,287.6293029785156
,1144,,,,298.515869140625
,1145,,,,262.57489013671875
,1146,,,,199.55540466308594
,1147,,,,368.2059326171875
,1148,,,,180.98439025878906
,1149,,,,241.66494750976562
,1150,,,,300.2004089355469
,1151,,,,300.79931640625
35,4499,,,278.84033203125,
35,4499,285.9638977050781,,,
36,4549,,285.9868469238281,,
36,4599,,209.39590454101562,,
,1152,,,,258.11553955078125
,1153,,,,299.998291015625
,1154,,,,331.8974914550781
,1155,,,,395.0106201171875
,1156,,,,269.6678466796875
,1157,,,,236.86395263671875
,1158,,,,251.77699279785156
,1159,,,,252.87863159179688
,1160,,,,282.899169921875
,1161,,,,283.8939208984375
,1162,,,,324.68853759765625
,1163,,,,235.47238159179688
,1164,,,,333.4080810546875
,1165,,,,407.2393798828125
,1166,,,,253.99618530273438
,1167,,,,220.608154296875
,1168,,,,244.63902282714844
,1169,,,,277.48370361328125
,1170,,,,197.45338439941406
,1171,,,,281.13287353515625
,1172,,,,256.66387939453125
,1173,,,,282.73046875
,1174,,,,308.5565490722656
,1175,,,,287.2008361816406
,1176,,,,297.8858947753906
,1177,,,,262.1632080078125
,1178,,,,199.24008178710938
,1179,,,,367.54437255859375
,1180,,,,180.7246856689453
,1181,,,,241.09799194335938
,1182,,,,299.6313781738281
,1183,,,,300.06005859375
36,4624,,,278.3225402832031,
36,4624,286.1849365234375,,,
37,4649,,247.29116821289062,,
37,4699,,223.79800415039062,,
37,4749,,264.1353759765625,,
,1184,,,,256.9467468261719
,1185,,,,299.14892578125
,1186,,,,330.4716796875
,1187,,,,393.0599365234375
,1188,,,,268.8747253417969
,1189,,,,235.8208770751953
,1190,,,,250.98062133789062
,1191,,,,251.1038055419922
,1192,,,,281.8006591796875
,1193,,,,283.0137939453125
,1194,,,,322.19378662109375
,1195,,,,234.44464111328125
,1196,,,,332.18865966796875
,1197,,,,405.04693603515625
,1198,,,,253.31387329101562
,1199,,,,220.06478881835938
,1200,,,,243.5323028564453
,1201,,,,276.222412109375
,1202,,,,196.70974731445312
,1203,,,,279.9165954589844
,1204,,,,254.7196044921875
,1205,,,,281.9949645996094
,1206,,,,307.17626953125
,1207,,,,286.08563232421875
,1208,,,,296.49041748046875
,1209,,,,260.98504638671875
,1210,,,,198.68353271484375
,1211,,,,364.9919128417969
,1212,,,,180.26040649414062
,1213,,,,240.21054077148438
,1214,,,,298.59527587890625
,1215,,,,297.39013671875
37,4749,,,277.1007080078125,
37,4749,284.6557922363281,,,
38,4799,,312.7901611328125,,
38,4849,,239.08346557617188,,
,1216,,,,255.9815216064453
,1217,,,,298.4428405761719
,1218,,,,329.34588623046875
,1219,,,,391.8476867675781
,1220,,,,268.1326599121094
,1221,,,,235.00650024414062
,1222,,,,250.2887725830078
,1223,,,,250.01309204101562
,1224,,,,280.7933349609375
,1225,,,,282.2957763671875
,1226,,,,321.13519287109375
,1227,,,,233.535888671875
,1228,,,,331.3693542480469
,1229,,,,404.04345703125
,1230,,,,252.87191772460938
,1231,,,,219.48135375976562
,1232,,,,242.69683837890625
,1233,,,,275.479248046875
,1234,,,,196.1661834716797
,1235,,,,279.134765625
,1236,,,,253.73500061035156
,1237,,,,281.1105651855469
,1238,,,,306.0342712402344
,1239,,,,285.311279296875
,1240,,,,295.55181884765625
,1241,,,,260.306884765625
,1242,,,,198.19485473632812
,1243,,,,363.767578125
,1244,,,,179.97592163085938
,1245,,,,239.41812133789062
,1246,,,,297.75836181640625
,1247,,,,296.0170593261719
38,4874,,,276.26336669921875,
38,4874,284.33270263671875,,,
39,4899,,389.00634765625,,
39,4949,,283.261474609375,,
39,4999,,282.2122802734375,,
,1248,,,,254.94801330566406
,1249,,,,297.559814453125
,1250,,,,328.137939453125
,1251,,,,390.74365234375
,1252,,,,267.4166564941406
,1253,,,,234.19314575195312
,1254,,,,249.70587158203125
,1255,,,,248.83724975585938
,1256,,,,279.77252197265625
,1257,,,,281.6226806640625
,1258,,,,319.8739318847656
,1259,,,,232.74525451660156
,1260,,,,330.62310791015625
,1261,,,,403.08001708984375
,1262,,,,252.55545043945312
,1263,,,,218.96517944335938
,1264,,,,241.9129638671875
,1265,,,,274.8407897949219
,1266,,,,195.73263549804688
,1267,,,,278.382568359375
,1268,,,,253.0551300048828
,1269,,,,280.211181640625
,1270,,,,305.0308837890625
,1271,,,,284.66290283203125
,1272,,,,294.70794677734375
,1273,,,,259.6408996582031
,1274,,,,197.8538818359375
,1275,,,,362.5210876464844
,1276,,,,179.7135009765625
,1277,,,,238.63067626953125
,1278,,,,296.97454833984375
,1279,,,,293.886474609375
39,4999,,,275.4599609375,
39,4999,285.7337646484375,,,
40,5049,,268.80462646484375,,
40,5099,,223.10923767089844,,
,1280,,,,253.65977478027344
,1281,,,,296.52099609375
,1282,,,,326.9858703613281
,1283,,,,389.6105041503906
,1284,,,,266.36474609375
,1285,,,,233.148193359375
,1286,,,,248.92962646484375
,1287,,,,247.55482482910156
,1288,,,,278.7488098144531
,1289,,,,280.91986083984375
,1290,,,,318.248779296875
,1291,,,,231.760498046875
,1292,,,,329.626708984375
,1293,,,,401.8004150390625
,1294,,,,251.94296264648438
,1295,,,,218.20030212402344
,1296,,,,240.8177490234375
,1297,,,,273.93267822265625
,1298,,,,194.95623779296875
,1299,,,,277.46771240234375
,1300,,,,251.90475463867188
,1301,,,,279.21331787109375
,1302,,,,303.9572448730469
,1303,,,,283.7408752441406
,1304,,,,293.6669006347656
,1305,,,,258.84820556640625
,1306,,,,197.2355194091797
,1307,,,,361.056396484375
,1308,,,,179.1441650390625
,1309,,,,237.65086364746094
,1310,,,,296.0474548339844
,1311,,,,291.627685546875
40,5124,,,274.45025634765625,
40,5124,283.66119384765625,,,
41,5149,,251.994140625,,
41,5199,,299.4203186035156,,
41,5249,,288.2251892089844,,
,1312,,,,252.37196350097656
,1313,,,,295.60345458984375
,1314,,,,325.6784362792969
,1315,,,,388.5487060546875
,1316,,,,265.3296813964844
,1317,,,,232.29315185546875
,1318,,,,248.03436279296875
,1319,,,,246.23065185546875
,1320,,,,277.5845947265625
,1321,,,,280.01824951171875
,1322,,,,317.15081787109375
,1323,,,,230.62075805664062
,1324,,,,328.65972900390625
,1325,,,,400.87371826171875
,1326,,,,251.277587890625
,1327,,,,217.29428100585938
,1328,,,,239.75047302246094
,1329,,,,273.0032653808594
,1330,,,,194.210693359375
,1331,,,,276.602783203125
,1332,,,,250.79470825195312
,1333,,,,278.0498352050781
,1334,,,,302.7042541503906
,1335,,,,283.0040588378906
,1336,,,,292.5207214355469
,1337,,,,257.97308349609375
,1338,,,,196.51718139648438
,1339,,,,359.9264831542969
,1340,,,,178.61265563964844
,1341,,,,236.64932250976562
,1342,,,,295.04339599609375
,1343,,,,289.9232482910156
41,5249,,,273.4532165527344,
41,5249,284.8411865234375,,,
42,5299,,255.47068786621094,,
42,5349,,249.70230102539062,,
,1344,,,,251.33172607421875
,1345,,,,294.8252258300781
,1346,,,,324.71783447265625
,1347,,,,387.49212646484375
,1348,,,,264.43701171875
,1349,,,,231.4911346435547
,1350,,,,247.37380981445312
,1351,,,,245.3201446533203
,1352,,,,276.6844482421875
,1353,,,,279.45306396484375
,1354,,,,316.1937255859375
,1355,,,,229.77239990234375
,1356,,,,327.97491455078125
,1357,,,,400.027587890625
,1358,,,,250.86880493164062
,1359,,,,216.67294311523438
,1360,,,,238.8166046142578
,1361,,,,272.3876647949219
,1362,,,,193.6865234375
,1363,,,,275.8974304199219
,1364,,,,250.11399841308594
,1365,,,,277.232421875
,1366,,,,302.02685546875
,1367,,,,282.41998291015625
,1368,,,,291.6352844238281
,1369,,,,257.4035339355469
,1370,,,,196.07090759277344
,1371,,,,358.89068603515625
,1372,,,,178.2959442138672
,1373,,,,235.90135192871094
,1374,,,,294.4456481933594
,1375,,,,288.35919189453125
42,5374,,,272.702392578125,
42,5374,283.2607116699219,,,
43,5399,,282.5237731933594,,
43,5449,,296.3021240234375,,
43,5499,,217.13223266601562,,
,1376,,,,250.36126708984375
,1377,,,,294.14752197265625
,1378,,,,323.48291015625
,1379,,,,386.05224609375
,1380,,,,263.70880126953125
,1381,,,,230.755859375
,1382,,,,246.77450561523438
,1383,,,,244.14500427246094
,1384,,,,275.74151611328125
,1385,,,,278.8809814453125
,1386,,,,314.56427001953125
,1387,,,,228.90719604492188
,1388,,,,326.9496765136719
,1389,,,,398.68402099609375
,1390,,,,250.4261016845703
,1391,,,,216.1262664794922
,1392,,,,237.9705352783203
,1393,,,,271.48968505859375
,1394,,,,193.1780242919922
,1395,,,,275.0199890136719
,1396,,,,248.97750854492188
,1397,,,,276.48193359375
,1398,,,,300.9083251953125
,1399,,,,281.7353515625
,1400,,,,290.66961669921875
,1401,,,,256.4991760253906
,1402,,,,195.6790771484375
,1403,,,,357.05767822265625
,1404,,,,177.9986572265625
,1405,,,,235.20123291015625
,1406,,,,293.67498779296875
,1407,,,,286.15240478515625
43,5499,,,271.80120849609375,
43,5499,282.74371337890625,,,
44,5549,,253.01129150390625,,
44,5599,,225.8021240234375,,
,1408,,,,249.59927368164062
,1409,,,,293.3410949707031
,1410,,,,322.642333984375
,1411,,,,385.101318359375
,1412,,,,263.1487731933594
,1413,,,,230.01406860351562
,1414,,,,246.30650329589844
,1415,,,,242.99258422851562
,1416,,,,274.9965515136719
,1417,,,,278.32989501953125
,1418,,,,312.8770751953125
,1419,,,,228.3638153076172
,1420,,,,326.24835205078125
,1421,,,,397.4288330078125
,1422,,,,250.10324096679688
,1423,,,,215.78775024414062
,1424,,,,237.38308715820312
,1425,,,,270.8137512207031
,1426,,,,192.83926391601562
,1427,,,,274.22576904296875
,1428,,,,247.86680603027344
,1429,,,,275.7477111816406
,1430,,,,300.06884765625
,1431,,,,280.93701171875
,1432,,,,289.9553527832031
,1433,,,,255.8590850830078
,1434,,,,195.47308349609375
,1435,,,,355.4919738769531
,1436,,,,177.83328247070312
,1437,,,,234.55203247070312
,1438,,,,293.0636901855469
,1439,,,,283.82269287109375
44,5624,,,271.0511474609375,
44,5624,283.28485107421875,,,
45,5649,,256.97393798828125,,
45,5699,,276.1883239746094,,
45,5749,,255.76492309570312,,
,1440,,,,248.34288024902344
,1441,,,,292.1905517578125
,1442,,,,321.48602294921875
,1443,,,,384.07073974609375
,1444,,,,261.82379150390625
,1445,,,,228.68829345703125
,1446,,,,245.22230529785156
,1447,,,,241.90428161621094
,1448,,,,273.73992919921875
,1449,,,,277.5615539550781
,1450,,,,312.12152099609375
,1451,,,,227.15676879882812
,1452,,,,325.26885986328125
,1453,,,,396.7928771972656
,1454,,,,249.184326171875
,1455,,,,214.60748291015625
,1456,,,,236.03506469726562
,1457,,,,269.782470703125
,1458,,,,191.77650451660156
,1459,,,,273.3974609375
,1460,,,,246.7469940185547
,1461,,,,274.5567932128906
,1462,,,,298.8341369628906
,1463,,,,280.213134765625
,1464,,,,288.94512939453125
,1465,,,,254.7899169921875
,1466,,,,194.55978393554688
,1467,,,,354.331787109375
,1468,,,,177.00328063964844
,1469,,,,233.52442932128906
,1470,,,,292.0524597167969
,1471,,,,282.6053466796875
45,5749,,,269.99560546875,
45,5749,282.38165283203125,,,
46,5799,,255.95687866210938,,
46,5849,,246.4296417236328,,
,1472,,,,247.81039428710938
,1473,,,,291.7987976074219
,1474,,,,320.55303955078125
,1475,,,,383.09222412109375
,1476,,,,261.5335693359375
,1477,,,,228.421142578125
,1478,,,,244.97254943847656
,1479,,,,241.08045959472656
,1480,,,,273.09039306640625
,1481,,,,277.1361999511719
,1482,,,,311.113525390625
,1483,,,,226.7148895263672
,1484,,,,324.6913146972656
,1485,,,,395.81854248046875
,1486,,,,249.29457092285156
,1487,,,,214.48765563964844
,1488,,,,235.71873474121094
,1489,,,,269.470458984375
,1490,,,,191.683349609375
,1491,,,,272.9059753417969
,1492,,,,246.18988037109375
,1493,,,,274.009765625
,1494,,,,298.15802001953125
,1495,,,,279.6837158203125
,1496,,,,288.2215881347656
,1497,,,,254.4947509765625
,1498,,,,194.58865356445312
,1499,,,,353.22222900390625
,1500,,,,177.18508911132812
,1501,,,,233.1853485107422
,1502,,,,291.61944580078125
,1503,,,,280.81829833984375
46,5874,,,269.50885009765625,
46,5874,281.4486389160156,,,
47,5899,,241.80348205566406,,
47,5949,,329.697998046875,,
47,5999,,241.01443481445312,,
,1504,,,,246.59786987304688
,1505,,,,290.87249755859375
,1506,,,,319.4273681640625
,1507,,,,382.3420104980469
,1508,,,,260.7257080078125
,1509,,,,227.42103576660156
,1510,,,,244.34629821777344
,1511,,,,239.778076171875
,1512,,,,272.1065673828125
,1513,,,,276.4948425292969
,1514,,,,309.8746337890625
,1515,,,,225.79519653320312
,1516,,,,323.7749328613281
,1517,,,,394.6568298339844
,1518,,,,248.697021484375
,1519,,,,213.87118530273438
,1520,,,,234.91551208496094
,1521,,,,268.79217529296875
,1522,,,,191.02992248535156
,1523,,,,271.9806213378906
,1524,,,,245.26551818847656
,1525,,,,273.100341796875
,1526,,,,297.08868408203125
,1527,,,,278.832763671875
,1528,,,,287.3565673828125
,1529,,,,253.7847137451172
,1530,,,,194.0716552734375
,1531,,,,352.0299377441406
,1532,,,,176.73309326171875
,1533,,,,232.3655242919922
,1534,,,,290.7205810546875
,1535,,,,278.79571533203125
47,5999,,,268.6255187988281,
47,5999,280.9609375,,,
48,6049,,233.49017333984375,,
48,6099,,314.61834716796875,,
,1536,,,,246.01016235351562
,1537,,,,290.40338134765625
,1538,,,,318.7865905761719
,1539,,,,381.7257080078125
,1540,,,,260.262451171875
,1541,,,,227.16049194335938
,1542,,,,244.04806518554688
,1543,,,,239.17918395996094
,1544,,,,271.5145263671875
,1545,,,,276.2228088378906
,1546,,,,309.34234619140625
,1547,,,,225.3521728515625
,1548,,,,323.34857177734375
,1549,,,,394.008544921875
,1550,,,,248.54037475585938
,1551,,,,213.4601593017578
,1552,,,,234.38511657714844
,1553,,,,268.28900146484375
,1554,,,,190.73446655273438
,1555,,,,271.56439208984375
,1556,,,,244.4578857421875
,1557,,,,272.61297607421875
,1558,,,,296.536865234375
,1559,,,,278.48724365234375
,1560,,,,286.796630859375
,1561,,,,253.206787109375
,1562,,,,193.88900756835938
,1563,,,,351.1327819824219
,1564,,,,176.68798828125
,1565,,,,231.95382690429688
,1566,,,,290.283203125
,1567,,,,277.26568603515625
48,6124,,,268.15045166015625,
48,6124,281.6268310546875,,,
49,6149,,343.8681640625,,
49,6199,,243.42611694335938,,
49,6249,,264.26898193359375,,
,1568,,,,244.74722290039062
,1569,,,,289.3908996582031
,1570,,,,317.46002197265625
,1571,,,,379.966064453125
,1572,,,,259.09991455078125
,1573,,,,225.8161163330078
,1574,,,,243.1829071044922
,1575,,,,237.8058319091797
,1576,,,,270.4090270996094
,1577,,,,275.4064025878906
,1578,,,,307.67791748046875
,1579,,,,224.19400024414062
,1580,,,,322.0919189453125
,1581,,,,392.81280517578125
,1582,,,,247.5983123779297
,1583,,,,212.53836059570312
,1584,,,,233.1766357421875
,1585,,,,267.18804931640625
,1586,,,,189.7991485595703
,1587,,,,270.529541015625
,1588,,,,243.10972595214844
,1589,,,,271.45880126953125
,1590,,,,295.0784912109375
,1591,,,,277.6167297363281
,1592,,,,285.5899963378906
,1593,,,,252.1090850830078
,1594,,,,192.94427490234375
,1595,,,,349.5198974609375
,1596,,,,175.97605895996094
,1597,,,,231.033447265625
,1598,,,,289.2970275878906
,1599,,,,275.7593688964844
49,6249,,,266.9940490722656,
49,6249,280.9139099121094,,,
50,6299,,343.5398254394531,,
50,6349,,374.7720031738281,,
,1600,,,,243.8680419921875
,1601,,,,288.64654541015625
,1602,,,,316.80853271484375
,1603,,,,379.2984619140625
,1604,,,,258.33648681640625
,1605,,,,225.09088134765625
,1606,,,,242.59042358398438
,1607,,,,237.17364501953125
,1608,,,,269.7420654296875
,1609,,,,275.1383056640625
,1610,,,,306.4413757324219
,1611,,,,223.58401489257812
,1612,,,,321.52423095703125
,1613,,,,392.1441955566406
,1614,,,,247.28912353515625
,1615,,,,212.0174560546875
,1616,,,,232.4285888671875
,1617,,,,266.6690673828125
,1618,,,,189.2909698486328
,1619,,,,270.01806640625
,1620,,,,242.6183624267578
,1621,,,,270.8905029296875
,1622,,,,294.48175048828125
,1623,,,,277.2402038574219
,1624,,,,284.97943115234375
,1625,,,,251.53118896484375
,1626,,,,192.6178741455078
,1627,,,,348.5718688964844
,1628,,,,175.65623474121094
,1629,,,,230.51490783691406
,1630,,,,288.7818603515625
,1631,,,,274.55023193359375
50,6374,,,266.387939453125,
50,6374,280.77130126953125,,,
51,6399,,310.76873779296875,,
51,6449,,325.9322509765625,,
51,6499,,333.3662109375,,
,1632,,,,243.29571533203125
,1633,,,,288.0897216796875
,1634,,,,316.07147216796875
,1635,,,,378.57342529296875
,1636,,,,258.08380126953125
,1637,,,,224.55966186523438
,1638,,,,242.22573852539062
,1639,,,,236.24179077148438
,1640,,,,269.0289611816406
,1641,,,,274.56805419921875
,1642,,,,305.644775390625
,1643,,,,223.232421875
,1644,,,,320.8725280761719
,1645,,,,391.1559753417969
,1646,,,,246.99188232421875
,1647,,,,211.8450927734375
,1648,,,,232.12557983398438
,1649,,,,266.1902160644531
,1650,,,,188.97784423828125
,1651,,,,269.35443115234375
,1652,,,,241.9364776611328
,1653,,,,270.40252685546875
,1654,,,,293.6898193359375
,1655,,,,276.4607238769531
,1656,,,,284.35833740234375
,1657,,,,251.08200073242188
,1658,,,,192.42828369140625
,1659,,,,347.5726318359375
,1660,,,,175.46420288085938
,1661,,,,230.0933837890625
,1662,,,,288.0807800292969
,1663,,,,272.762939453125
51,6499,,,265.8204650878906,
51,6499,280.7646179199219,,,
52,6549,,375.17413330078125,,
52,6599,,274.067138671875,,
,1664,,,,242.74493408203125
,1665,,,,287.6158447265625
,1666,,,,315.28021240234375
,1667,,,,377.8645935058594
,1668,,,,257.53875732421875
,1669,,,,224.02737426757812
,1670,,,,241.7753143310547
,1671,,,,235.5574188232422
,1672,,,,268.38385009765625
,1673,,,,274.15948486328125
,1674,,,,305.04266357421875
,1675,,,,222.65103149414062
,1676,,,,320.2978210449219
,1677,,,,390.47369384765625
,1678,,,,246.552001953125
,1679,,,,211.4385223388672
,1680,,,,231.50360107421875
,1681,,,,265.7991638183594
,1682,,,,188.53543090820312
,1683,,,,268.8977966308594
,1684,,,,241.1952667236328
,1685,,,,269.69989013671875
,1686,,,,292.96234130859375
,1687,,,,276.0111083984375
,1688,,,,283.65191650390625
,1689,,,,250.52403259277344
,1690,,,,191.98703002929688
,1691,,,,346.72857666015625
,1692,,,,175.2392578125
,1693,,,,229.6421661376953
,1694,,,,287.6379089355469
,1695,,,,271.90423583984375
52,6624,,,265.2606201171875,
52,6624,280.2969055175781,,,
53,6649,,237.7882843017578,,
53,6699,,299.1846618652344,,
53,6749,,324.3267517089844,,
,1696,,,,241.71826171875
,1697,,,,286.88446044921875
,1698,,,,314.6031494140625
,1699,,,,377.3192443847656
,1700,,,,256.7652893066406
,1701,,,,223.18177795410156
,1702,,,,241.09226989746094
,1703,,,,234.83102416992188
,1704,,,,267.6039733886719
,1705,,,,273.70465087890625
,1706,,,,304.1737060546875
,1707,,,,222.0782012939453
,1708,,,,319.6923828125
,1709,,,,389.998291015625
,1710,,,,246.22747802734375
,1711,,,,210.8540496826172
,1712,,,,230.82083129882812
,1713,,,,265.354736328125
,1714,,,,188.03379821777344
,1715,,,,268.22802734375
,1716,,,,240.53628540039062
,1717,,,,269.04180908203125
,1718,,,,292.2706604003906
,1719,,,,275.4084777832031
,1720,,,,282.97039794921875
,1721,,,,249.86932373046875
,1722,,,,191.59043884277344
,1723,,,,345.74053955078125
,1724,,,,174.89088439941406
,1725,,,,229.1178436279297
,1726,,,,287.0248718261719
,1727,,,,270.6080322265625
53,6749,,,264.6169128417969,
53,6749,280.3372802734375,,,
54,6799,,222.4808349609375,,
54,6849,,359.9374084472656,,
,1728,,,,241.65243530273438
,1729,,,,286.81878662109375
,1730,,,,314.1600646972656
,1731,,,,376.4895324707031
,1732,,,,256.7151184082031
,1733,,,,223.20338439941406
,1734,,,,241.1495361328125
,1735,,,,234.6134033203125
,1736,,,,267.49310302734375
,1737,,,,273.7388916015625
,1738,,,,303.60894775390625
,1739,,,,221.9357452392578
,1740,,,,319.40130615234375
,1741,,,,389.2191162109375
,1742,,,,246.2254638671875
,1743,,,,210.85626220703125
,1744,,,,230.64947509765625
,1745,,,,265.0008239746094
,1746,,,,188.0039520263672
,1747,,,,268.05743408203125
,1748,,,,239.97457885742188
,1749,,,,268.94476318359375
,1750,,,,292.03369140625
,1751,,,,275.28857421875
,1752,,,,282.69329833984375
,1753,,,,249.72479248046875
,1754,,,,191.63540649414062
,1755,,,,344.872314453125
,1756,,,,175.12637329101562
,1757,,,,229.07260131835938
,1758,,,,286.9687194824219
,1759,,,,269.72344970703125
54,6874,,,264.4082946777344,
54,6874,279.4173583984375,,,
55,6899,,312.377685546875,,
55,6949,,220.33963012695312,,
55,6999,,226.19427490234375,,
,1760,,,,240.83154296875
,1761,,,,286.05169677734375
,1762,,,,313.50421142578125
,1763,,,,376.0015869140625
,1764,,,,255.7715606689453
,1765,,,,222.1168212890625
,1766,,,,240.33251953125
,1767,,,,233.93902587890625
,1768,,,,266.7314453125
,1769,,,,273.2970275878906
,1770,,,,302.835693359375
,1771,,,,221.13931274414062
,1772,,,,318.79107666015625
,1773,,,,388.8229064941406
,1774,,,,245.62571716308594
,1775,,,,210.04745483398438
,1776,,,,229.83810424804688
,1777,,,,264.4422302246094
,1778,,,,187.24795532226562
,1779,,,,267.5460205078125
,1780,,,,239.61624145507812
,1781,,,,268.0999450683594
,1782,,,,291.2100830078125
,1783,,,,274.8083801269531
,1784,,,,282.2224426269531
,1785,,,,249.1462860107422
,1786,,,,190.975341796875
,1787,,,,344.4198303222656
,1788,,,,174.61148071289062
,1789,,,,228.43862915039062
,1790,,,,286.4892578125
,1791,,,,269.05078125
55,6999,,,263.7508850097656,
55,6999,279.9127197265625,,,
56,7049,,239.17559814453125,,
56,7099,,271.14312744140625,,
,1792,,,,240.25772094726562
,1793,,,,285.6601867675781
,1794,,,,312.95233154296875
,1795,,,,375.37103271484375
,1796,,,,255.34555053710938
,1797,,,,221.60812377929688
,1798,,,,239.9483642578125
,1799,,,,233.35299682617188
,1800,,,,266.16949462890625
,1801,,,,273.0395812988281
,1802,,,,302.0189208984375
,1803,,,,220.6461181640625
,1804,,,,318.4527282714844
,1805,,,,388.2491149902344
,1806,,,,245.20474243164062
,1807,,,,209.66831970214844
,1808,,,,229.48556518554688
,1809,,,,263.91973876953125
,1810,,,,186.8488311767578
,1811,,,,267.07745361328125
,1812,,,,238.82748413085938
,1813,,,,267.6400146484375
,1814,,,,290.7095947265625
,1815,,,,274.4862365722656
,1816,,,,281.77252197265625
,1817,,,,248.74154663085938
,1818,,,,190.6900634765625
,1819,,,,343.71453857421875
,1820,,,,174.42471313476562
,1821,,,,228.1218719482422
,1822,,,,286.1186828613281
,1823,,,,268.16131591796875
56,7124,,,263.2820739746094,
56,7124,279.4780578613281,,,
57,7149,,302.5943908691406,,
57,7199,,235.18910217285156,,
57,7249,,276.4556884765625,,
,1824,,,,240.3408660888672
,1825,,,,285.9305725097656
,1826,,,,312.4647216796875
,1827,,,,375.1889343261719
,1828,,,,255.69422912597656
,1829,,,,221.66799926757812
,1830,,,,240.23501586914062
,1831,,,,233.1593017578125
,1832,,,,266.0827331542969
,1833,,,,273.14886474609375
,1834,,,,302.0310974121094
,1835,,,,220.7305145263672
,1836,,,,318.41839599609375
,1837,,,,388.111328125
,1838,,,,245.63717651367188
,1839,,,,209.98895263671875
,1840,,,,229.7462158203125
,1841,,,,264.2492370605469
,1842,,,,187.21231079101562
,1843,,,,267.18902587890625
,1844,,,,239.02481079101562
,1845,,,,267.5664367675781
,1846,,,,290.387939453125
,1847,,,,274.7017822265625
,1848,,,,281.585205078125
,1849,,,,248.92074584960938
,1850,,,,191.02259826660156
,1851,,,,343.55145263671875
,1852,,,,174.8384246826172
,1853,,,,228.37782287597656
,1854,,,,286.0841064453125
,1855,,,,268.04522705078125
57,7249,,,263.3695983886719,
57,7249,278.590087890625,,,
58,7299,,366.0485534667969,,
58,7349,,277.03363037109375,,
,1856,,,,239.0869140625
,1857,,,,284.5347900390625
,1858,,,,311.75115966796875
,1859,,,,374.2773132324219
,1860,,,,254.3392333984375
,1861,,,,220.2340087890625
,1862,,,,239.04425048828125
,1863,,,,232.12490844726562
,1864,,,,265.0397033691406
,1865,,,,272.39453125
,1866,,,,300.7066955566406
,1867,,,,219.60568237304688
,1868,,,,317.3216247558594
,1869,,,,386.9112548828125
,1870,,,,244.24899291992188
,1871,,,,208.66876220703125
,1872,,,,228.32974243164062
,1873,,,,262.9208068847656
,1874,,,,185.87503051757812
,1875,,,,265.9714660644531
,1876,,,,237.31558227539062
,1877,,,,266.6433410644531
,1878,,,,289.2529296875
,1879,,,,273.51824951171875
,1880,,,,280.81756591796875
,1881,,,,247.77952575683594
,1882,,,,189.83726501464844
,1883,,,,342.1564636230469
,1884,,,,173.71466064453125
,1885,,,,227.2493896484375
,1886,,,,284.93414306640625
,1887,,,,266.63818359375
58,7374,,,262.18450927734375,
58,7374,278.28045654296875,,,
59,7399,,206.2320098876953,,
59,7449,,256.56719970703125,,
59,7499,,280.6200866699219,,
,1888,,,,238.96080017089844
,1889,,,,284.5986328125
,1890,,,,311.40716552734375
,1891,,,,373.92413330078125
,1892,,,,254.31289672851562
,1893,,,,220.12600708007812
,1894,,,,239.07786560058594
,1895,,,,232.10751342773438
,1896,,,,264.9124755859375
,1897,,,,272.385009765625
,1898,,,,300.455322265625
,1899,,,,219.67738342285156
,1900,,,,317.0667724609375
,1901,,,,386.84393310546875
,1902,,,,244.30963134765625
,1903,,,,208.7826690673828
,1904,,,,228.17886352539062
,1905,,,,262.91943359375
,1906,,,,185.86119079589844
,1907,,,,265.882080078125
,1908,,,,236.94644165039062
,1909,,,,266.4864501953125
,1910,,,,289.00811767578125
,1911,,,,273.51385498046875
,1912,,,,280.4891662597656
,1913,,,,247.70713806152344
,1914,,,,189.9102783203125
,1915,,,,341.5845642089844
,1916,,,,173.96536254882812
,1917,,,,227.37356567382812
,1918,,,,284.86907958984375
,1919,,,,266.23974609375
59,7499,,,262.0865173339844,
59,7499,277.8470764160156,,,
60,7549,,277.609130859375,,
60,7599,,269.8711242675781,,
,1920,,,,238.57464599609375
,1921,,,,284.15899658203125
,1922,,,,310.9920654296875
,1923,,,,373.3340759277344
,1924,,,,253.993408203125
,1925,,,,219.79022216796875
,1926,,,,238.7477264404297
,1927,,,,231.68670654296875
,1928,,,,264.3363342285156
,1929,,,,272.04925537109375
,1930,,,,300.2806396484375
,1931,,,,219.32257080078125
,1932,,,,316.7114562988281
,1933,,,,386.6255798339844
,1934,,,,244.2093048095703
,1935,,,,208.4823760986328
,1936,,,,227.84104919433594
,1937,,,,262.6502380371094
,1938,,,,185.62852478027344
,1939,,,,265.53955078125
,1940,,,,236.58444213867188
,1941,,,,266.02874755859375
,1942,,,,288.6195068359375
,1943,,,,273.28118896484375
,1944,,,,280.145263671875
,1945,,,,247.48533630371094
,1946,,,,189.69920349121094
,1947,,,,341.1416015625
,1948,,,,173.76870727539062
,1949,,,,227.08128356933594
,1950,,,,284.47625732421875
,1951,,,,265.50799560546875
60,7624,,,261.7485656738281,
60,7624,278.22283935546875,,,
61,7649,,271.61932373046875,,
61,7699,,267.834716796875,,
61,7749,,283.7100524902344,,
,1952,,,,238.48983764648438
,1953,,,,284.1655578613281
,1954,,,,310.60369873046875
,1955,,,,372.25885009765625
,1956,,,,253.86297607421875
,1957,,,,219.56292724609375
,1958,,,,238.64154052734375
,1959,,,,231.47857666015625
,1960,,,,264.15020751953125
,1961,,,,272.02947998046875
,1962,,,,300.05810546875
,1963,,,,219.02049255371094
,1964,,,,316.3982849121094
,1965,,,,386.1650390625
,1966,,,,244.03582763671875
,1967,,,,208.29769897460938
,1968,,,,227.46575927734375
,1969,,,,262.2712097167969
,1970,,,,185.47801208496094
,1971,,,,265.42694091796875
,1972,,,,236.14297485351562
,1973,,,,265.75048828125
,1974,,,,288.2404479980469
,1975,,,,273.3039245605469
,1976,,,,279.9687805175781
,1977,,,,247.23837280273438
,1978,,,,189.53775024414062
,1979,,,,340.6379699707031
,1980,,,,173.83770751953125
,1981,,,,226.96751403808594
,1982,,,,284.33489990234375
,1983,,,,265.2693786621094
61,7749,,,261.5084228515625,
61,7749,277.3045654296875,,,
62,7799,,276.29766845703125,,
62,7849,,245.9875030517578,,
,1984,,,,237.86373901367188
,1985,,,,283.55364990234375
,1986,,,,310.06756591796875
,1987,,,,371.96917724609375
,1988,,,,253.4083251953125
,1989,,,,218.861083984375
,1990,,,,238.15090942382812
,1991,,,,230.81436157226562
,1992,,,,263.5788879394531
,1993,,,,271.50762939453125
,1994,,,,299.44537353515625
,1995,,,,218.57107543945312
,1996,,,,315.88433837890625
,1997,,,,385.556396484375
,1998,,,,243.56581115722656
,1999,,,,207.92642211914062
,2000,,,,227.20726013183594
,2001,,,,262.04827880859375
,2002,,,,185.026611328125
,2003,,,,264.84698486328125
,2004,,,,235.7122802734375
,2005,,,,265.2168273925781
,2006,,,,287.5957336425781
,2007,,,,272.8729248046875
,2008,,,,279.47039794921875
,2009,,,,246.81048583984375
,2010,,,,189.16970825195312
,2011,,,,340.32586669921875
,2012,,,,173.43600463867188
,2013,,,,226.60302734375
,2014,,,,283.7976379394531
,2015,,,,264.60467529296875
62,7874,,,261.0245056152344,
62,7874,278.0577697753906,,,
63,7899,,239.69410705566406,,
63,7949,,281.1209716796875,,
63,7999,,420.4956359863281,,
,2016,,,,238.172119140625
,2017,,,,283.8609313964844
,2018,,,,309.9927062988281
,2019,,,,371.31402587890625
,2020,,,,253.75259399414062
,2021,,,,219.21151733398438
,2022,,,,238.5308074951172
,2023,,,,231.000244140625
,2024,,,,263.6656188964844
,2025,,,,271.6789855957031
,2026,,,,299.39508056640625
,2027,,,,218.79005432128906
,2028,,,,315.96405029296875
,2029,,,,385.5765380859375
,2030,,,,244.0678253173828
,2031,,,,208.317138671875
,2032,,,,227.45213317871094
,2033,,,,262.253173828125
,2034,,,,185.40655517578125
,2035,,,,265.01251220703125
,2036,,,,235.88479614257812
,2037,,,,265.3973693847656
,2038,,,,287.79071044921875
,2039,,,,273.119140625
,2040,,,,279.5462646484375
,2041,,,,246.9785919189453
,2042,,,,189.52796936035156
,2043,,,,340.1099548339844
,2044,,,,173.83859252929688
,2045,,,,226.96530151367188
,2046,,,,283.99530029296875
,2047,,,,264.34490966796875
63,7999,,,261.2049255371094,
63,7999,276.774169921875,,,
64,8049,,330.18133544921875,,
64,8099,,327.495849609375,,
,2048,,,,237.46347045898438
,2049,,,,283.319580078125
,2050,,,,309.6351623535156
,2051,,,,371.05120849609375
,2052,,,,253.063232421875
,2053,,,,218.48379516601562
,2054,,,,237.90255737304688
,2055,,,,230.44253540039062
,2056,,,,263.1163330078125
,2057,,,,271.16778564453125
,2058,,,,298.82318115234375
,2059,,,,218.22959899902344
,2060,,,,315.51220703125
,2061,,,,385.1075439453125
,2062,,,,243.59445190429688
,2063,,,,207.7264404296875
,2064,,,,226.79632568359375
,2065,,,,261.62103271484375
,2066,,,,184.78231811523438
,2067,,,,264.525634765625
,2068,,,,235.07611083984375
,2069,,,,264.83251953125
,2070,,,,287.27197265625
,2071,,,,272.5328674316406
,2072,,,,279.03851318359375
,2073,,,,246.435302734375
,2074,,,,189.05978393554688
,2075,,,,339.5731201171875
,2076,,,,173.41529846191406
,2077,,,,226.45782470703125
,2078,,,,283.5115966796875
,2079,,,,263.7132568359375
64,8124,,,260.65594482421875,
64,8124,276.62152099609375,,,
65,8149,,251.54107666015625,,
65,8199,,254.04818725585938,,
65,8249,,328.310302734375,,
,2080,,,,237.48306274414062
,2081,,,,283.3629150390625
,2082,,,,309.50262451171875
,2083,,,,371.3916320800781
,2084,,,,253.1678466796875
,2085,,,,218.54150390625
,2086,,,,237.9798583984375
,2087,,,,230.38677978515625
,2088,,,,263.05615234375
,2089,,,,271.2204895019531
,2090,,,,298.8438720703125
,2091,,,,218.33380126953125
,2092,,,,315.613525390625
,2093,,,,385.0037841796875
,2094,,,,243.79173278808594
,2095,,,,207.9495086669922
,2096,,,,226.95089721679688
,2097,,,,261.8668212890625
,2098,,,,184.94436645507812
,2099,,,,264.60198974609375
,2100,,,,235.18580627441406
,2101,,,,264.7984313964844
,2102,,,,287.20611572265625
,2103,,,,272.7154541015625
,2104,,,,279.07940673828125
,2105,,,,246.5429229736328
,2106,,,,189.29701232910156
,2107,,,,339.53131103515625
,2108,,,,173.58349609375
,2109,,,,226.5352020263672
,2110,,,,283.4372253417969
,2111,,,,263.27166748046875
65,8249,,,260.72711181640625,
65,8249,277.0547790527344,,,
66,8299,,314.0777893066406,,
66,8349,,298.1636047363281,,
,2112,,,,236.92218017578125
,2113,,,,282.76544189453125
,2114,,,,309.1424865722656
,2115,,,,370.5196228027344
,2116,,,,252.5099334716797
,2117,,,,217.9066162109375
,2118,,,,237.45245361328125
,2119,,,,229.86676025390625
,2120,,,,262.4085998535156
,2121,,,,270.77630615234375
,2122,,,,298.41656494140625
,2123,,,,217.90782165527344
,2124,,,,315.13360595703125
,2125,,,,384.49725341796875
,2126,,,,243.23855590820312
,2127,,,,207.41693115234375
,2128,,,,226.40914916992188
,2129,,,,261.3037414550781
,2130,,,,184.3397216796875
,2131,,,,264.11328125
,2132,,,,234.69993591308594
,2133,,,,264.2598876953125
,2134,,,,286.5797119140625
,2135,,,,272.2980041503906
,2136,,,,278.5824279785156
,2137,,,,246.0230712890625
,2138,,,,188.7650146484375
,2139,,,,338.96038818359375
,2140,,,,173.0972137451172
,2141,,,,226.0692138671875
,2142,,,,283.05108642578125
,2143,,,,262.808349609375
66,8374,,,260.1963195800781,
66,8374,277.28179931640625,,,
67,8399,,324.041015625,,
67,8449,,237.95327758789062,,
67,8499,,237.31800842285156,,
,2144,,,,236.829345703125
,2145,,,,282.5830383300781
,2146,,,,308.9820556640625
,2147,,,,370.2135009765625
,2148,,,,252.2713623046875
,2149,,,,217.68817138671875
,2150,,,,237.26358032226562
,2151,,,,229.99668884277344
,2152,,,,262.47607421875
,2153,,,,270.9633483886719
,2154,,,,298.0671081542969
,2155,,,,217.625244140625
,2156,,,,314.9508056640625
,2157,,,,384.57855224609375
,2158,,,,243.07484436035156
,2159,,,,207.2420654296875
,2160,,,,226.05844116210938
,2161,,,,261.16534423828125
,2162,,,,184.21188354492188
,2163,,,,264.1238708496094
,2164,,,,234.65809631347656
,2165,,,,264.1644287109375
,2166,,,,286.47686767578125
,2167,,,,272.1905517578125
,2168,,,,278.60498046875
,2169,,,,246.0422821044922
,2170,,,,188.60662841796875
,2171,,,,338.67840576171875
,2172,,,,173.14157104492188
,2173,,,,226.06002807617188
,2174,,,,283.0566101074219
,2175,,,,262.98876953125
67,8499,,,260.0893859863281,
67,8499,276.73284912109375,,,
68,8549,,174.16615295410156,,
68,8599,,249.15768432617188,,
,2176,,,,236.92701721191406
,2177,,,,282.6717224121094
,2178,,,,308.8350524902344
,2179,,,,369.30303955078125
,2180,,,,252.4542694091797
,2181,,,,218.0555877685547
,2182,,,,237.4387664794922
,2183,,,,229.93283081054688
,2184,,,,262.4529113769531
,2185,,,,270.98846435546875
,2186,,,,297.7437744140625
,2187,,,,217.70687866210938
,2188,,,,314.7884521484375
,2189,,,,384.2825927734375
,2190,,,,243.15701293945312
,2191,,,,207.2996826171875
,2192,,,,226.0286865234375
,2193,,,,261.0115966796875
,2194,,,,184.3355712890625
,2195,,,,264.0906982421875
,2196,,,,234.40322875976562
,2197,,,,264.2484130859375
,2198,,,,286.45849609375
,2199,,,,272.2472229003906
,2200,,,,278.54656982421875
,2201,,,,245.86154174804688
,2202,,,,188.7455596923828
,2203,,,,338.2572021484375
,2204,,,,173.34278869628906
,2205,,,,226.22674560546875
,2206,,,,283.03375244140625
,2207,,,,262.6378173828125
68,8624,,,260.04913330078125,
68,8624,276.33880615234375,,,
69,8649,,241.18215942382812,,
69,8699,,296.6325988769531,,
69,8749,,235.2039337158203,,
,2208,,,,236.34580993652344
,2209,,,,282.12640380859375
,2210,,,,308.41424560546875
,2211,,,,368.7176818847656
,2212,,,,251.9159698486328
,2213,,,,217.6024627685547
,2214,,,,236.9277801513672
,2215,,,,229.34910583496094
,2216,,,,261.93072509765625
,2217,,,,270.4290771484375
,2218,,,,297.4187927246094
,2219,,,,217.2478485107422
,2220,,,,314.3734436035156
,2221,,,,383.9072265625
,2222,,,,242.5540008544922
,2223,,,,206.8244171142578
,2224,,,,225.63223266601562
,2225,,,,260.64404296875
,2226,,,,183.83853149414062
,2227,,,,263.65863037109375
,2228,,,,233.87271118164062
,2229,,,,263.70770263671875
,2230,,,,285.889892578125
,2231,,,,271.7777404785156
,2232,,,,278.29888916015625
,2233,,,,245.46661376953125
,2234,,,,188.28317260742188
,2235,,,,337.99359130859375
,2236,,,,172.79425048828125
,2237,,,,225.71786499023438
,2238,,,,282.5860290527344
,2239,,,,262.00946044921875
69,8749,,,259.5759582519531,
69,8749,275.9617919921875,,,
70,8799,,321.5926513671875,,
70,8849,,394.540283203125,,
,2240,,,,236.2545623779297
,2241,,,,282.04449462890625
,2242,,,,308.3216552734375
,2243,,,,368.51409912109375
,2244,,,,251.92184448242188
,2245,,,,217.37713623046875
,2246,,,,237.01535034179688
,2247,,,,229.1796417236328
,2248,,,,261.793701171875
,2249,,,,270.36492919921875
,2250,,,,296.96282958984375
,2251,,,,217.35806274414062
,2252,,,,314.1185302734375
,2253,,,,383.36669921875
,2254,,,,242.47711181640625
,2255,,,,206.85968017578125
,2256,,,,225.59109497070312
,2257,,,,260.5661315917969
,2258,,,,183.88290405273438
,2259,,,,263.4394226074219
,2260,,,,233.70758056640625
,2261,,,,263.6331481933594
,2262,,,,285.7134094238281
,2263,,,,271.7073974609375
,2264,,,,278.1540222167969
,2265,,,,245.33639526367188
,2266,,,,188.33297729492188
,2267,,,,337.7466125488281
,2268,,,,172.88925170898438
,2269,,,,225.81234741210938
,2270,,,,282.53546142578125
,2271,,,,261.711181640625
70,8874,,,259.4690246582031,
70,8874,275.3254089355469,,,
71,8899,,243.10861206054688,,
71,8949,,266.63555908203125,,
71,8999,,236.21469116210938,,
,2272,,,,236.36582946777344
,2273,,,,282.1549072265625
,2274,,,,308.4105224609375
,2275,,,,368.625
,2276,,,,252.05368041992188
,2277,,,,217.3411865234375
,2278,,,,237.10467529296875
,2279,,,,229.35791015625
,2280,,,,261.84014892578125
,2281,,,,270.53192138671875
,2282,,,,297.0885009765625
,2283,,,,217.4103546142578
,2284,,,,314.33831787109375
,2285,,,,383.71099853515625
,2286,,,,242.6914825439453
,2287,,,,207.00021362304688
,2288,,,,225.68896484375
,2289,,,,260.61993408203125
,2290,,,,183.96743774414062
,2291,,,,263.59765625
,2292,,,,233.8713836669922
,2293,,,,263.68359375
,2294,,,,285.7569885253906
,2295,,,,272.0289611816406
,2296,,,,278.2055969238281
,2297,,,,245.4923095703125
,2298,,,,188.48428344726562
,2299,,,,337.8416442871094
,2300,,,,173.0833740234375
,2301,,,,226.01327514648438
,2302,,,,282.6304626464844
,2303,,,,261.719482421875
71,8999,,,259.59747314453125,
71,8999,276.5861511230469,,,
72,9049,,259.9480895996094,,
72,9099,,245.56045532226562,,
,2304,,,,235.9542236328125
,2305,,,,281.8660888671875
,2306,,,,308.0703125
,2307,,,,369.2237548828125
,2308,,,,251.7401580810547
,2309,,,,216.8990478515625
,2310,,,,236.87539672851562
,2311,,,,228.82447814941406
,2312,,,,261.4420166015625
,2313,,,,270.25701904296875
,2314,,,,296.8809814453125
,2315,,,,217.06227111816406
,2316,,,,314.0472717285156
,2317,,,,383.2513427734375
,2318,,,,242.59017944335938
,2319,,,,206.69313049316406
,2320,,,,225.44070434570312
,2321,,,,260.3898620605469
,2322,,,,183.67764282226562
,2323,,,,263.2664794921875
,2324,,,,233.3657684326172
,2325,,,,263.403564453125
,2326,,,,285.45623779296875
,2327,,,,271.5497741699219
,2328,,,,277.8979797363281
,2329,,,,245.18380737304688
,2330,,,,188.248291015625
,2331,,,,337.5710754394531
,2332,,,,172.84359741210938
,2333,,,,225.70062255859375
,2334,,,,282.36895751953125
,2335,,,,261.28485107421875
72,9124,,,259.30767822265625,
72,9124,274.7557678222656,,,
73,9149,,246.6747283935547,,
73,9199,,332.7896728515625,,
73,9249,,271.04534912109375,,
,2336,,,,235.79750061035156
,2337,,,,281.87835693359375
,2338,,,,307.7846984863281
,2339,,,,368.1188659667969
,2340,,,,251.48861694335938
,2341,,,,216.71908569335938
,2342,,,,236.69200134277344
,2343,,,,228.7800750732422
,2344,,,,261.26519775390625
,2345,,,,270.21441650390625
,2346,,,,296.8883056640625
,2347,,,,216.83474731445312
,2348,,,,313.90673828125
,2349,,,,383.34234619140625
,2350,,,,242.4049835205078
,2351,,,,206.55908203125
,2352,,,,225.2506561279297
,2353,,,,260.22052001953125
,2354,,,,183.53512573242188
,2355,,,,263.26348876953125
,2356,,,,233.35421752929688
,2357,,,,263.18377685546875
,2358,,,,285.32208251953125
,2359,,,,271.4761962890625
,2360,,,,277.6429443359375
,2361,,,,245.0963592529297
,2362,,,,188.02032470703125
,2363,,,,337.5872497558594
,2364,,,,172.7422637939453
,2365,,,,225.62197875976562
,2366,,,,282.3040771484375
,2367,,,,261.2398376464844
73,9249,,,259.1553955078125,
73,9249,274.9748229980469,,,
74,9299,,253.23382568359375,,
74,9349,,265.9677429199219,,
,2368,,,,235.2644500732422
,2369,,,,281.2649230957031
,2370,,,,307.2635498046875
,2371,,,,368.32855224609375
,2372,,,,250.95724487304688
,2373,,,,216.0017547607422
,2374,,,,236.19076538085938
,2375,,,,228.1210174560547
,2376,,,,260.6261901855469
,2377,,,,269.7491760253906
,2378,,,,296.22222900390625
,2379,,,,216.37823486328125
,2380,,,,313.200439453125
,2381,,,,382.59100341796875
,2382,,,,241.72482299804688
,2383,,,,206.0654296875
,2384,,,,224.66268920898438
,2385,,,,259.57611083984375
,2386,,,,182.9630126953125
,2387,,,,262.65936279296875
,2388,,,,232.61045837402344
,2389,,,,262.6312255859375
,2390,,,,284.7261962890625
,2391,,,,270.87481689453125
,2392,,,,277.02667236328125
,2393,,,,244.5280303955078
,2394,,,,187.48388671875
,2395,,,,336.77947998046875
,2396,,,,172.22796630859375
,2397,,,,225.13485717773438
,2398,,,,281.8307189941406
,2399,,,,260.56866455078125
74,9374,,,258.5858154296875,
74,9374,274.26458740234375,,,
75,9399,,231.81605529785156,,
75,9449,,228.58718872070312,,
75,9499,,339.6214599609375,,
,2400,,,,235.73342895507812
,2401,,,,281.6436767578125
,2402,,,,307.62261962890625
,2403,,,,368.0475769042969
,2404,,,,251.33139038085938
,2405,,,,216.48931884765625
,2406,,,,236.5958709716797
,2407,,,,228.64659118652344
,2408,,,,261.24566650390625
,2409,,,,270.2713928222656
,2410,,,,296.511474609375
,2411,,,,216.76690673828125
,2412,,,,313.7651062011719
,2413,,,,382.7651672363281
,2414,,,,242.16348266601562
,2415,,,,206.3587646484375
,2416,,,,225.09518432617188
,2417,,,,259.98614501953125
,2418,,,,183.43101501464844
,2419,,,,263.1473693847656
,2420,,,,232.9583740234375
,2421,,,,263.00213623046875
,2422,,,,285.2549133300781
,2423,,,,271.16571044921875
,2424,,,,277.6271667480469
,2425,,,,245.0190887451172
,2426,,,,187.8467254638672
,2427,,,,337.49700927734375
,2428,,,,172.70751953125
,2429,,,,225.5706024169922
,2430,,,,282.364501953125
,2431,,,,260.96832275390625
75,9499,,,259.00396728515625,
75,9499,273.729736328125,,,
76,9549,,247.38409423828125,,
76,9599,,301.33734130859375,,
,2432,,,,235.22903442382812
,2433,,,,281.3433837890625
,2434,,,,307.1217041015625
,2435,,,,366.9368896484375
,2436,,,,251.09420776367188
,2437,,,,216.02174377441406
,2438,,,,236.41220092773438
,2439,,,,228.20904541015625
,2440,,,,260.76934814453125
,2441,,,,269.9670715332031
,2442,,,,296.2833557128906
,2443,,,,216.42108154296875
,2444,,,,313.2873840332031
,2445,,,,382.4574890136719
,2446,,,,242.23968505859375
,2447,,,,206.1938018798828
,2448,,,,224.87579345703125
,2449,,,,259.843017578125
,2450,,,,183.29530334472656
,2451,,,,262.8102722167969
,2452,,,,232.5230712890625
,2453,,,,262.67041015625
,2454,,,,284.7332458496094
,2455,,,,270.8335876464844
,2456,,,,277.1222229003906
,2457,,,,244.65777587890625
,2458,,,,187.66358947753906
,2459,,,,337.0574951171875
,2460,,,,172.4873046875
,2461,,,,225.384033203125
,2462,,,,281.9686584472656
,2463,,,,260.322021484375
76,9624,,,258.6557922363281,
76,9624,274.15252685546875,,,
77,9649,,237.4269256591797,,
77,9699,,208.7917938232422,,
77,9749,,297.38787841796875,,
,2464,,,,234.8816375732422
,2465,,,,281.0805358886719
,2466,,,,306.735595703125
,2467,,,,366.0981140136719
,2468,,,,250.71583557128906
,2469,,,,215.60968017578125
,2470,,,,235.9378204345703
,2471,,,,227.7061309814453
,2472,,,,260.3770751953125
,2473,,,,269.7010498046875
,2474,,,,296.38800048828125
,2475,,,,216.06741333007812
,2476,,,,313.01287841796875
,2477,,,,382.16619873046875
,2478,,,,241.72544860839844
,2479,,,,205.84890747070312
,2480,,,,224.55364990234375
,2481,,,,259.64080810546875
,2482,,,,182.96536254882812
,2483,,,,262.6670837402344
,2484,,,,232.15777587890625
,2485,,,,262.30010986328125
,2486,,,,284.2301025390625
,2487,,,,270.50146484375
,2488,,,,276.8616638183594
,2489,,,,244.4405517578125
,2490,,,,187.34971618652344
,2491,,,,336.7709655761719
,2492,,,,172.21348571777344
,2493,,,,225.02301025390625
,2494,,,,281.66278076171875
,2495,,,,260.2788391113281
77,9749,,,258.3187255859375,
77,9749,274.3385009765625,,,
78,9799,,344.6798400878906,,
78,9849,,224.52084350585938,,
,2496,,,,234.95892333984375
,2497,,,,281.10504150390625
,2498,,,,306.9019775390625
,2499,,,,365.83392333984375
,2500,,,,250.81399536132812
,2501,,,,215.6953887939453
,2502,,,,236.02198791503906
,2503,,,,227.84861755371094
,2504,,,,260.4681091308594
,2505,,,,269.7846984863281
,2506,,,,296.2413330078125
,2507,,,,216.20486450195312
,2508,,,,313.1963195800781
,2509,,,,382.11285400390625
,2510,,,,241.7996063232422
,2511,,,,205.88446044921875
,2512,,,,224.541259765625
,2513,,,,259.4480895996094
,2514,,,,182.94403076171875
,2515,,,,262.81170654296875
,2516,,,,232.09848022460938
,2517,,,,262.338623046875
,2518,,,,284.4754943847656
,2519,,,,270.63720703125
,2520,,,,276.83135986328125
,2521,,,,244.45172119140625
,2522,,,,187.45098876953125
,2523,,,,336.53564453125
,2524,,,,172.33493041992188
,2525,,,,225.09375
,2526,,,,281.784423828125
,2527,,,,260.25189208984375
78,9874,,,258.3587951660156,
78,9874,274.08984375,,,
79,9899,,235.9266815185547,,
79,9949,,271.4893798828125,,
79,9999,,281.7361755371094,,
,2528,,,,234.9095458984375
,2529,,,,281.0216369628906
,2530,,,,306.6314697265625
,2531,,,,365.2314147949219
,2532,,,,250.88531494140625
,2533,,,,215.43441772460938
,2534,,,,236.1029815673828
,2535,,,,227.7172393798828
,2536,,,,260.3622741699219
,2537,,,,269.7874755859375
,2538,,,,295.86419677734375
,2539,,,,216.2874755859375
,2540,,,,312.9165954589844
,2541,,,,381.77178955078125
,2542,,,,241.7705535888672
,2543,,,,205.92208862304688
,2544,,,,224.5501708984375
,2545,,,,259.4160461425781
,2546,,,,183.00128173828125
,2547,,,,262.71234130859375
,2548,,,,231.94253540039062
,2549,,,,262.26690673828125
,2550,,,,284.23681640625
,2551,,,,270.5517578125
,2552,,,,276.636962890625
,2553,,,,244.32781982421875
,2554,,,,187.43649291992188
,2555,,,,336.18536376953125
,2556,,,,172.32308959960938
,2557,,,,225.2159881591797
,2558,,,,281.60791015625
,2559,,,,260.0996398925781
79,9999,,,258.24169921875,
79,9999,274.0244140625,,,
80,10049,,285.48687744140625,,
80,10099,,303.25067138671875,,
,2560,,,,234.64285278320312
,2561,,,,280.8112487792969
,2562,,,,306.47320556640625
,2563,,,,365.2132568359375
,2564,,,,250.54055786132812
,2565,,,,215.3710479736328
,2566,,,,235.81837463378906
,2567,,,,227.6945343017578
,2568,,,,260.28192138671875
,2569,,,,269.73077392578125
,2570,,,,295.5264892578125
,2571,,,,215.97662353515625
,2572,,,,312.67108154296875
,2573,,,,381.8980407714844
,2574,,,,241.45079040527344
,2575,,,,205.59425354003906
,2576,,,,224.12332153320312
,2577,,,,259.09136962890625
,2578,,,,182.64137268066406
,2579,,,,262.60198974609375
,2580,,,,231.66519165039062
,2581,,,,262.0648498535156
,2582,,,,284.17633056640625
,2583,,,,270.45159912109375
,2584,,,,276.47381591796875
,2585,,,,244.15924072265625
,2586,,,,187.15255737304688
,2587,,,,335.81866455078125
,2588,,,,172.13427734375
,2589,,,,224.95997619628906
,2590,,,,281.5388488769531
,2591,,,,260.0657958984375
80,10124,,,258.0404968261719,
80,10124,273.3678894042969,,,
81,10149,,187.16188049316406,,
81,10199,,329.2540588378906,,
81,10249,,305.556884765625,,
,2592,,,,234.17617797851562
,2593,,,,280.4544372558594
,2594,,,,306.0665283203125
,2595,,,,365.3426513671875
,2596,,,,250.20822143554688
,2597,,,,214.646240234375
,2598,,,,235.45425415039062
,2599,,,,227.11398315429688
,2600,,,,259.7464294433594
,2601,,,,269.3359680175781
,2602,,,,295.4306640625
,2603,,,,215.72964477539062
,2604,,,,312.221923828125
,2605,,,,381.6470031738281
,2606,,,,241.19337463378906
,2607,,,,205.35723876953125
,2608,,,,223.9393310546875
,2609,,,,258.91326904296875
,2610,,,,182.39675903320312
,2611,,,,262.1981201171875
,2612,,,,231.32972717285156
,2613,,,,261.7191162109375
,2614,,,,283.60797119140625
,2615,,,,270.0995178222656
,2616,,,,276.1092834472656
,2617,,,,243.94097900390625
,2618,,,,186.93951416015625
,2619,,,,335.6175842285156
,2620,,,,171.81443786621094
,2621,,,,224.7108154296875
,2622,,,,281.11334228515625
,2623,,,,259.49383544921875
81,10249,,,257.7103576660156,
81,10249,273.6163635253906,,,
82,10299,,301.5283203125,,
82,10349,,265.5966796875,,
,2624,,,,234.565185546875
,2625,,,,280.6785583496094
,2626,,,,306.2450866699219
,2627,,,,364.99102783203125
,2628,,,,250.36758422851562
,2629,,,,215.11585998535156
,2630,,,,235.6972198486328
,2631,,,,227.42868041992188
,2632,,,,260.126220703125
,2633,,,,269.610107421875
,2634,,,,295.46087646484375
,2635,,,,215.92193603515625
,2636,,,,312.44537353515625
,2637,,,,381.58502197265625
,2638,,,,241.33810424804688
,2639,,,,205.44326782226562
,2640,,,,223.96788024902344
,2641,,,,259.0179138183594
,2642,,,,182.60702514648438
,2643,,,,262.4483947753906
,2644,,,,231.44354248046875
,2645,,,,261.90216064453125
,2646,,,,283.9156188964844
,2647,,,,270.2438659667969
,2648,,,,276.26422119140625
,2649,,,,244.14093017578125
,2650,,,,187.05596923828125
,2651,,,,335.50823974609375
,2652,,,,172.05062866210938
,2653,,,,224.85833740234375
,2654,,,,281.41021728515625
,2655,,,,259.62469482421875
82,10374,,,257.88037109375,
82,10374,274.24951171875,,,
83,10399,,268.42535400390625,,
83,10449,,242.940673828125,,
83,10499,,300.634765625,,
,2656,,,,234.1849365234375
,2657,,,,280.445556640625
,2658,,,,305.8265686035156
,2659,,,,364.8995666503906
,2660,,,,250.10206604003906
,2661,,,,214.65591430664062
,2662,,,,235.418212890625
,2663,,,,226.95050048828125
,2664,,,,259.72052001953125
,2665,,,,269.3360595703125
,2666,,,,295.2964172363281
,2667,,,,215.6201934814453
,2668,,,,312.08648681640625
,2669,,,,381.2702941894531
,2670,,,,241.046630859375
,2671,,,,205.3322296142578
,2672,,,,223.80941772460938
,2673,,,,258.87078857421875
,2674,,,,182.36761474609375
,2675,,,,262.1470642089844
,2676,,,,230.9752960205078
,2677,,,,261.5404968261719
,2678,,,,283.3192138671875
,2679,,,,269.99298095703125
,2680,,,,275.9624328613281
,2681,,,,244.10406494140625
,2682,,,,186.80807495117188
,2683,,,,335.330322265625
,2684,,,,171.74725341796875
,2685,,,,224.5928192138672
,2686,,,,281.0605773925781
,2687,,,,259.216552734375
83,10499,,,257.58795166015625,
83,10499,274.2075500488281,,,
84,10549,,278.5401611328125,,
84,10599,,261.48748779296875,,
,2688,,,,234.67140197753906
,2689,,,,280.9962463378906
,2690,,,,306.196044921875
,2691,,,,365.0496826171875
,2692,,,,250.4781036376953
,2693,,,,215.23333740234375
,2694,,,,235.8444366455078
,2695,,,,227.6770782470703
,2696,,,,260.411865234375
,2697,,,,269.99298095703125
,2698,,,,295.55670166015625
,2699,,,,215.9907684326172
,2700,,,,312.6305236816406
,2701,,,,381.8903503417969
,2702,,,,241.75181579589844
,2703,,,,205.67672729492188
,2704,,,,224.22906494140625
,2705,,,,259.2601318359375
,2706,,,,182.86026000976562
,2707,,,,262.74951171875
,2708,,,,231.48483276367188
,2709,,,,261.896240234375
,2710,,,,283.857666015625
,2711,,,,270.44940185546875
,2712,,,,276.5119934082031
,2713,,,,244.52621459960938
,2714,,,,187.29586791992188
,2715,,,,335.7000732421875
,2716,,,,172.36328125
,2717,,,,225.13034057617188
,2718,,,,281.6155700683594
,2719,,,,259.75970458984375
84,10624,,,258.077392578125,
84,10624,273.444091796875,,,
85,10649,,264.747314453125,,
85,10699,,272.95135498046875,,
85,10749,,193.69512939453125,,
,2720,,,,233.89817810058594
,2721,,,,280.148193359375
,2722,,,,305.6796875
,2723,,,,364.4141845703125
,2724,,,,249.80471801757812
,2725,,,,214.09982299804688
,2726,,,,235.12437438964844
,2727,,,,226.849853515625
,2728,,,,259.6612243652344
,2729,,,,269.209716796875
,2730,,,,294.86407470703125
,2731,,,,215.29612731933594
,2732,,,,311.86065673828125
,2733,,,,381.1108093261719
,2734,,,,240.93295288085938
,2735,,,,204.91439819335938
,2736,,,,223.33860778808594
,2737,,,,258.47113037109375
,2738,,,,182.0428466796875
,2739,,,,261.9920654296875
,2740,,,,230.67588806152344
,2741,,,,261.29205322265625
,2742,,,,283.11004638671875
,2743,,,,269.7137451171875
,2744,,,,275.7796936035156
,2745,,,,243.74090576171875
,2746,,,,186.49365234375
,2747,,,,334.8645935058594
,2748,,,,171.56578063964844
,2749,,,,224.3675537109375
,2750,,,,280.9778747558594
,2751,,,,259.0572204589844
85,10749,,,257.31390380859375,
85,10749,272.37493896484375,,,
86,10799,,261.1669006347656,,
86,10849,,288.4683837890625,,
,2752,,,,234.28549194335938
,2753,,,,280.58258056640625
,2754,,,,305.8312683105469
,2755,,,,364.413818359375
,2756,,,,250.16067504882812
,2757,,,,214.63934326171875
,2758,,,,235.54835510253906
,2759,,,,227.19381713867188
,2760,,,,260.0219421386719
,2761,,,,269.6617431640625
,2762,,,,295.40435791015625
,2763,,,,215.69247436523438
,2764,,,,312.1924133300781
,2765,,,,381.27471923828125
,2766,,,,241.40280151367188
,2767,,,,205.27078247070312
,2768,,,,223.78692626953125
,2769,,,,258.844482421875
,2770,,,,182.51841735839844
,2771,,,,262.29278564453125
,2772,,,,231.0011444091797
,2773,,,,261.6266174316406
,2774,,,,283.3362121582031
,2775,,,,269.982177734375
,2776,,,,276.0574951171875
,2777,,,,244.1444549560547
,2778,,,,186.86907958984375
,2779,,,,335.17218017578125
,2780,,,,172.03001403808594
,2781,,,,224.8357391357422
,2782,,,,281.19976806640625
,2783,,,,259.4293212890625
86,10874,,,257.6682434082031,
86,10874,273.7434387207031,,,
87,10899,,301.7823486328125,,
87,10949,,234.53823852539062,,
87,10999,,259.3314514160156,,
,2784,,,,234.12692260742188
,2785,,,,280.5094299316406
,2786,,,,305.55328369140625
,2787,,,,364.48223876953125
,2788,,,,249.89788818359375
,2789,,,,214.54052734375
,2790,,,,235.34878540039062
,2791,,,,227.08221435546875
,2792,,,,259.82708740234375
,2793,,,,269.6935729980469
,2794,,,,294.9869079589844
,2795,,,,215.53628540039062
,2796,,,,311.94281005859375
,2797,,,,381.2635192871094
,2798,,,,240.92315673828125
,2799,,,,205.15118408203125
,2800,,,,223.63803100585938
,2801,,,,258.745849609375
,2802,,,,182.34422302246094
,2803,,,,262.20550537109375
,2804,,,,230.95071411132812
,2805,,,,261.3223876953125
,2806,,,,283.17340087890625
,2807,,,,269.9323425292969
,2808,,,,275.8651428222656
,2809,,,,244.08392333984375
,2810,,,,186.67616271972656
,2811,,,,335.1934814453125
,2812,,,,171.98475646972656
,2813,,,,224.7578125
,2814,,,,281.1273193359375
,2815,,,,259.2514343261719
87,10999,,,257.5257568359375,
87,10999,273.5235900878906,,,
88,11049,,242.89334106445312,,
88,11099,,278.0561828613281,,
,2816,,,,233.8915252685547
,2817,,,,280.2538146972656
,2818,,,,305.457275390625
,2819,,,,364.0587158203125
,2820,,,,249.67662048339844
,2821,,,,214.327392578125
,2822,,,,235.1274871826172
,2823,,,,226.85916137695312
,2824,,,,259.5483093261719
,2825,,,,269.55615234375
,2826,,,,295.11968994140625
,2827,,,,215.2976837158203
,2828,,,,311.7327880859375
,2829,,,,380.9057922363281
,2830,,,,240.9143829345703
,2831,,,,204.8668670654297
,2832,,,,223.40830993652344
,2833,,,,258.387939453125
,2834,,,,182.08831787109375
,2835,,,,262.05267333984375
,2836,,,,230.5157470703125
,2837,,,,261.2402648925781
,2838,,,,282.95782470703125
,2839,,,,269.65179443359375
,2840,,,,275.7032470703125
,2841,,,,243.75299072265625
,2842,,,,186.52871704101562
,2843,,,,334.9637756347656
,2844,,,,171.80490112304688
,2845,,,,224.53970336914062
,2846,,,,280.88360595703125
,2847,,,,259.089111328125
88,11124,,,257.30706787109375,
88,11124,273.6576843261719,,,
89,11149,,297.15362548828125,,
89,11199,,210.5749969482422,,
89,11249,,221.38198852539062,,
,2848,,,,233.83961486816406
,2849,,,,280.27056884765625
,2850,,,,305.3797607421875
,2851,,,,363.81573486328125
,2852,,,,249.64602661132812
,2853,,,,214.41387939453125
,2854,,,,235.1270751953125
,2855,,,,226.90631103515625
,2856,,,,259.59356689453125
,2857,,,,269.5132751464844
,2858,,,,294.6524658203125
,2859,,,,215.29515075683594
,2860,,,,311.7353820800781
,2861,,,,380.85089111328125
,2862,,,,240.84088134765625
,2863,,,,204.77772521972656
,2864,,,,223.34893798828125
,2865,,,,258.264892578125
,2866,,,,182.0843505859375
,2867,,,,262.0433044433594
,2868,,,,230.26931762695312
,2869,,,,261.28955078125
,2870,,,,282.9605712890625
,2871,,,,269.5696716308594
,2872,,,,275.69830322265625
,2873,,,,243.66354370117188
,2874,,,,186.5086669921875
,2875,,,,334.8111267089844
,2876,,,,171.8310546875
,2877,,,,224.53054809570312
,2878,,,,280.84552001953125
,2879,,,,259.1062316894531
89,11249,,,257.2529602050781,
89,11249,273.2176818847656,,,
90,11299,,250.98165893554688,,
90,11349,,248.08053588867188,,
,2880,,,,233.59759521484375
,2881,,,,280.003173828125
,2882,,,,304.9162292480469
,2883,,,,363.5075988769531
,2884,,,,249.40560913085938
,2885,,,,213.86260986328125
,2886,,,,234.88565063476562
,2887,,,,226.5103302001953
,2888,,,,259.2358703613281
,2889,,,,269.31768798828125
,2890,,,,294.32916259765625
,2891,,,,215.00100708007812
,2892,,,,311.368408203125
,2893,,,,380.50579833984375
,2894,,,,240.70257568359375
,2895,,,,204.60943603515625
,2896,,,,223.098388671875
,2897,,,,258.17938232421875
,2898,,,,181.89906311035156
,2899,,,,261.91021728515625
,2900,,,,230.14138793945312
,2901,,,,260.9044189453125
,2902,,,,282.575439453125
,2903,,,,269.3260498046875
,2904,,,,275.45709228515625
,2905,,,,243.5067596435547
,2906,,,,186.2342529296875
,2907,,,,334.46429443359375
,2908,,,,171.57318115234375
,2909,,,,224.26351928710938
,2910,,,,280.7279052734375
,2911,,,,258.8377380371094
90,11374,,,256.9833679199219,
90,11374,273.2247009277344,,,
91,11399,,286.5906982421875,,
91,11449,,232.24215698242188,,
91,11499,,244.44561767578125,,
,2912,,,,233.40931701660156
,2913,,,,279.87066650390625
,2914,,,,304.93994140625
,2915,,,,363.37451171875
,2916,,,,249.32752990722656
,2917,,,,213.63351440429688
,2918,,,,234.6781005859375
,2919,,,,226.3124237060547
,2920,,,,259.09527587890625
,2921,,,,269.1924743652344
,2922,,,,294.5198974609375
,2923,,,,215.01454162597656
,2924,,,,311.38690185546875
,2925,,,,380.34051513671875
,2926,,,,240.33998107910156
,2927,,,,204.56063842773438
,2928,,,,223.240966796875
,2929,,,,258.1153564453125
,2930,,,,181.815185546875
,2931,,,,261.713623046875
,2932,,,,230.03306579589844
,2933,,,,260.8463439941406
,2934,,,,282.45025634765625
,2935,,,,269.2509765625
,2936,,,,275.369140625
,2937,,,,243.4025115966797
,2938,,,,186.20733642578125
,2939,,,,334.5977783203125
,2940,,,,171.46524047851562
,2941,,,,224.26296997070312
,2942,,,,280.479248046875
,2943,,,,258.54510498046875
91,11499,,,256.89227294921875,
91,11499,271.034423828125,,,
92,11549,,289.6606750488281,,
92,11599,,284.0206298828125,,
,2944,,,,233.90452575683594
,2945,,,,280.2850646972656
,2946,,,,305.0821533203125
,2947,,,,363.49932861328125
,2948,,,,249.81973266601562
,2949,,,,214.20970153808594
,2950,,,,235.1457977294922
,2951,,,,226.49359130859375
,2952,,,,259.4120178222656
,2953,,,,269.5645446777344
,2954,,,,295.0679931640625
,2955,,,,215.46827697753906
,2956,,,,311.7784423828125
,2957,,,,380.2891845703125
,2958,,,,240.96466064453125
,2959,,,,204.9822998046875
,2960,,,,223.6033477783203
,2961,,,,258.390625
,2962,,,,182.31861877441406
,2963,,,,262.0716552734375
,2964,,,,230.23187255859375
,2965,,,,261.175537109375
,2966,,,,282.773193359375
,2967,,,,269.5404052734375
,2968,,,,275.5357360839844
,2969,,,,243.6982421875
,2970,,,,186.69955444335938
,2971,,,,334.658935546875
,2972,,,,171.99310302734375
,2973,,,,224.67617797851562
,2974,,,,280.8056335449219
,2975,,,,258.70562744140625
92,11624,,,257.24212646484375,
92,11624,272.2015075683594,,,
93,11649,,262.70068359375,,
93,11699,,310.941162109375,,
93,11749,,245.23089599609375,,
,2976,,,,233.42877197265625
,2977,,,,279.78448486328125
,2978,,,,304.76190185546875
,2979,,,,363.15704345703125
,2980,,,,249.35800170898438
,2981,,,,213.5344696044922
,2982,,,,234.6807861328125
,2983,,,,226.15335083007812
,2984,,,,259.09539794921875
,2985,,,,269.21685791015625
,2986,,,,294.467529296875
,2987,,,,214.9261474609375
,2988,,,,311.3727722167969
,2989,,,,379.94488525390625
,2990,,,,240.33493041992188
,2991,,,,204.48370361328125
,2992,,,,223.08343505859375
,2993,,,,257.9849853515625
,2994,,,,181.75973510742188
,2995,,,,261.67901611328125
,2996,,,,229.81045532226562
,2997,,,,260.8041687011719
,2998,,,,282.4030456542969
,2999,,,,269.17291259765625
,3000,,,,275.2786865234375
,3001,,,,243.33428955078125
,3002,,,,186.18313598632812
,3003,,,,334.2533264160156
,3004,,,,171.5458221435547
,3005,,,,224.22628784179688
,3006,,,,280.4722900390625
,3007,,,,258.51251220703125
93,11749,,,256.8102722167969,
93,11749,272.6451416015625,,,
94,11799,,352.7322998046875,,
94,11849,,257.18603515625,,
,3008,,,,233.1314697265625
,3009,,,,279.5989685058594
,3010,,,,304.6724548339844
,3011,,,,363.0047607421875
,3012,,,,249.21395874023438
,3013,,,,213.0334930419922
,3014,,,,234.45925903320312
,3015,,,,225.83685302734375
,3016,,,,258.7757873535156
,3017,,,,268.95599365234375
,3018,,,,294.80340576171875
,3019,,,,214.77027893066406
,3020,,,,311.28460693359375
,3021,,,,379.9535217285156
,3022,,,,240.0803680419922
,3023,,,,204.33255004882812
,3024,,,,223.04722595214844
,3025,,,,258.0180358886719
,3026,,,,181.55093383789062
,3027,,,,261.5408935546875
,3028,,,,229.69326782226562
,3029,,,,260.5205078125
,3030,,,,282.18902587890625
,3031,,,,269.1333923339844
,3032,,,,275.1023254394531
,3033,,,,243.16329956054688
,3034,,,,186.00445556640625
,3035,,,,334.39825439453125
,3036,,,,171.27679443359375
,3037,,,,224.1094512939453
,3038,,,,280.2884521484375
,3039,,,,258.0591125488281
94,11874,,,256.6546936035156,
94,11874,273.1543884277344,,,
95,11899,,243.02151489257812,,
95,11949,,327.82257080078125,,
95,11999,,249.58477783203125,,
,3040,,,,233.32342529296875
,3041,,,,279.6197814941406
,3042,,,,304.7206115722656
,3043,,,,362.9166259765625
,3044,,,,249.359619140625
,3045,,,,213.17279052734375
,3046,,,,234.6300811767578
,3047,,,,226.04818725585938
,3048,,,,258.9704895019531
,3049,,,,268.973876953125
,3050,,,,294.1444396972656
,3051,,,,215.01019287109375
,3052,,,,311.2074890136719
,3053,,,,379.5265808105469
,3054,,,,239.96389770507812
,3055,,,,204.33908081054688
,3056,,,,222.94064331054688
,3057,,,,257.79571533203125
,3058,,,,181.49490356445312
,3059,,,,261.49951171875
,3060,,,,229.63821411132812
,3061,,,,260.66241455078125
,3062,,,,282.22686767578125
,3063,,,,268.982666015625
,3064,,,,275.0361328125
,3065,,,,243.0638427734375
,3066,,,,186.05364990234375
,3067,,,,333.85931396484375
,3068,,,,171.35231018066406
,3069,,,,224.17807006835938
,3070,,,,280.33319091796875
,3071,,,,258.19903564453125
95,11999,,,256.6270751953125,
95,11999,272.24505615234375,,,
96,12049,,261.364501953125,,
96,12099,,320.17864990234375,,
,3072,,,,233.10597229003906
,3073,,,,279.51220703125
,3074,,,,304.51763916015625
,3075,,,,362.83843994140625
,3076,,,,249.20819091796875
,3077,,,,212.92965698242188
,3078,,,,234.41421508789062
,3079,,,,225.87474060058594
,3080,,,,258.8600158691406
,3081,,,,268.99908447265625
,3082,,,,294.0467529296875
,3083,,,,214.72512817382812
,3084,,,,311.1109619140625
,3085,,,,379.67626953125
,3086,,,,239.9406280517578
,3087,,,,204.26190185546875
,3088,,,,222.87606811523438
,3089,,,,257.9520263671875
,3090,,,,181.43145751953125
,3091,,,,261.5379943847656
,3092,,,,229.53204345703125
,3093,,,,260.4228515625
,3094,,,,282.11492919921875
,3095,,,,268.9142761230469
,3096,,,,275.09503173828125
,3097,,,,243.1339111328125
,3098,,,,186.00929260253906
,3099,,,,334.0169677734375
,3100,,,,171.32766723632812
,3101,,,,224.1438751220703
,3102,,,,280.26776123046875
,3103,,,,258.12896728515625
96,12124,,,256.5545654296875,
96,12124,271.538818359375,,,
97,12149,,214.94259643554688,,
97,12199,,356.72442626953125,,
97,12249,,295.6686706542969,,
,3104,,,,233.31820678710938
,3105,,,,279.6061706542969
,3106,,,,304.48406982421875
,3107,,,,362.9548645019531
,3108,,,,249.322265625
,3109,,,,213.14578247070312
,3110,,,,234.5833740234375
,3111,,,,226.02015686035156
,3112,,,,259.0853271484375
,3113,,,,269.04827880859375
,3114,,,,293.8863525390625
,3115,,,,214.8602294921875
,3116,,,,311.0972595214844
,3117,,,,379.3604736328125
,3118,,,,239.90097045898438
,3119,,,,204.2716064453125
,3120,,,,222.79376220703125
,3121,,,,257.6859130859375
,3122,,,,181.44985961914062
,3123,,,,261.7112121582031
,3124,,,,229.341552734375
,3125,,,,260.4766845703125
,3126,,,,282.0950012207031
,3127,,,,268.9731140136719
,3128,,,,274.898681640625
,3129,,,,243.07640075683594
,3130,,,,186.0234375
,3131,,,,333.6245422363281
,3132,,,,171.52053833007812
,3133,,,,224.1905975341797
,3134,,,,280.44384765625
,3135,,,,258.3665466308594
97,12249,,,256.5709228515625,
97,12249,272.405029296875,,,
98,12299,,255.63255310058594,,
98,12349,,306.955078125,,
,3136,,,,233.23675537109375
,3137,,,,279.57135009765625
,3138,,,,304.74859619140625
,3139,,,,362.9630432128906
,3140,,,,249.2721405029297
,3141,,,,212.96517944335938
,3142,,,,234.48931884765625
,3143,,,,225.96202087402344
,3144,,,,258.90557861328125
,3145,,,,269.0236511230469
,3146,,,,294.5249938964844
,3147,,,,214.98486328125
,3148,,,,311.25286865234375
,3149,,,,379.75726318359375
,3150,,,,239.87677001953125
,3151,,,,204.35971069335938
,3152,,,,223.0044403076172
,3153,,,,257.9603271484375
,3154,,,,181.4185333251953
,3155,,,,261.6830139160156
,3156,,,,229.49037170410156
,3157,,,,260.38995361328125
,3158,,,,282.11651611328125
,3159,,,,268.9760437011719
,3160,,,,275.0736389160156
,3161,,,,243.19210815429688
,3162,,,,186.0909423828125
,3163,,,,334.0442810058594
,3164,,,,171.4032440185547
,3165,,,,224.3024444580078
,3166,,,,280.32421875
,3167,,,,257.9932556152344
98,12374,,,256.6356201171875,
98,12374,271.0417785644531,,,
99,12399,,223.59645080566406,,
99,12449,,278.38372802734375,,
99,12499,,240.35171508789062,,
,3168,,,,232.60345458984375
,3169,,,,279.12115478515625
,3170,,,,304.2735595703125
,3171,,,,362.6351013183594
,3172,,,,248.677490234375
,3173,,,,212.43202209472656
,3174,,,,234.03475952148438
,3175,,,,225.50119018554688
,3176,,,,258.4479675292969
,3177,,,,268.6590270996094
,3178,,,,294.36572265625
,3179,,,,214.38308715820312
,3180,,,,310.77789306640625
,3181,,,,379.22991943359375
,3182,,,,239.5828399658203
,3183,,,,203.75347900390625
,3184,,,,222.283447265625
,3185,,,,257.2682189941406
,3186,,,,180.8602294921875
,3187,,,,261.280029296875
,3188,,,,228.71751403808594
,3189,,,,260.0289001464844
,3190,,,,281.6370544433594
,3191,,,,268.4593200683594
,3192,,,,274.56329345703125
,3193,,,,242.7154541015625
,3194,,,,185.60098266601562
,3195,,,,333.26751708984375
,3196,,,,170.97698974609375
,3197,,,,223.78347778320312
,3198,,,,279.9700012207031
,3199,,,,257.8188171386719
99,12499,,,256.1390686035156,
99,12499,271.49493408203125,,,
