epoch,step,train_loss_epoch,train_loss_step,val_loss_epoch,val_loss_step
0,49,,1718.788330078125,,
0,99,,2079.888671875,,
,0,,,,1371.06787109375
,1,,,,2344.974609375
,2,,,,1912.74609375
,3,,,,1804.921630859375
,4,,,,2327.361328125
,5,,,,1822.716552734375
,6,,,,1870.6865234375
,7,,,,2055.969970703125
,8,,,,2200.619140625
,9,,,,2042.247314453125
,10,,,,2186.036376953125
,11,,,,1692.9385986328125
,12,,,,1344.922119140625
,13,,,,2057.304931640625
,14,,,,2085.013427734375
,15,,,,2096.94091796875
,16,,,,2635.78466796875
,17,,,,1904.8563232421875
,18,,,,1562.595703125
,19,,,,1637.5894775390625
,20,,,,1933.6939697265625
,21,,,,2022.439208984375
,22,,,,1490.964111328125
,23,,,,1650.40576171875
,24,,,,1853.6474609375
,25,,,,2357.07080078125
,26,,,,1937.8651123046875
,27,,,,1752.598388671875
,28,,,,2153.78857421875
,29,,,,2198.51953125
,30,,,,1634.7978515625
,31,,,,3095.98681640625
0,124,,,1942.946533203125,
0,124,1977.934326171875,,,
1,149,,1821.8828125,,
1,199,,1933.494384765625,,
1,249,,1736.574462890625,,
,32,,,,1370.336669921875
,33,,,,2342.37646484375
,34,,,,1911.5689697265625
,35,,,,1803.8935546875
,36,,,,2325.91748046875
,37,,,,1821.233154296875
,38,,,,1868.9232177734375
,39,,,,2054.1689453125
,40,,,,2199.32666015625
,41,,,,2041.081298828125
,42,,,,2183.855224609375
,43,,,,1692.1920166015625
,44,,,,1344.28662109375
,45,,,,2056.729248046875
,46,,,,2083.1201171875
,47,,,,2095.85302734375
,48,,,,2634.564208984375
,49,,,,1902.6331787109375
,50,,,,1561.4295654296875
,51,,,,1636.569580078125
,52,,,,1931.215087890625
,53,,,,2021.1475830078125
,54,,,,1489.28759765625
,55,,,,1650.0128173828125
,56,,,,1852.0054931640625
,57,,,,2356.785400390625
,58,,,,1936.8629150390625
,59,,,,1750.0382080078125
,60,,,,2152.452392578125
,61,,,,2195.78271484375
,62,,,,1633.09765625
,63,,,,3092.94970703125
1,249,,,1941.503662109375,
1,249,1959.2843017578125,,,
2,299,,2014.0166015625,,
2,349,,1890.658447265625,,
,64,,,,1368.5972900390625
,65,,,,2338.951416015625
,66,,,,1909.3760986328125
,67,,,,1800.88916015625
,68,,,,2323.28271484375
,69,,,,1818.3828125
,70,,,,1866.155029296875
,71,,,,2051.479248046875
,72,,,,2195.70654296875
,73,,,,2038.50634765625
,74,,,,2180.762451171875
,75,,,,1690.327880859375
,76,,,,1342.900390625
,77,,,,2053.85546875
,78,,,,2080.296142578125
,79,,,,2093.0146484375
,80,,,,2631.859375
,81,,,,1900.329345703125
,82,,,,1559.7950439453125
,83,,,,1634.33837890625
,84,,,,1928.2142333984375
,85,,,,2019.299560546875
,86,,,,1487.603515625
,87,,,,1648.267578125
,88,,,,1849.963134765625
,89,,,,2352.75390625
,90,,,,1934.8138427734375
,91,,,,1747.807861328125
,92,,,,2149.548828125
,93,,,,2192.64990234375
,94,,,,1631.33203125
,95,,,,3085.712646484375
2,374,,,1938.9598388671875,
2,374,1941.0615234375,,,
3,399,,2275.261962890625,,
3,449,,1407.0467529296875,,
3,499,,1614.4443359375,,
,96,,,,1367.301513671875
,97,,,,2336.216552734375
,98,,,,1906.985107421875
,99,,,,1799.23486328125
,100,,,,2320.76806640625
,101,,,,1816.632568359375
,102,,,,1863.8929443359375
,103,,,,2048.999755859375
,104,,,,2193.462890625
,105,,,,2035.4007568359375
,106,,,,2177.73046875
,107,,,,1688.772705078125
,108,,,,1341.0009765625
,109,,,,2051.9521484375
,110,,,,2078.06689453125
,111,,,,2090.802734375
,112,,,,2629.1591796875
,113,,,,1898.047607421875
,114,,,,1558.2537841796875
,115,,,,1632.4776611328125
,116,,,,1925.96533203125
,117,,,,2016.56787109375
,118,,,,1485.86328125
,119,,,,1646.7945556640625
,120,,,,1847.4920654296875
,121,,,,2349.6318359375
,122,,,,1933.07861328125
,123,,,,1745.189697265625
,124,,,,2146.82373046875
,125,,,,2190.380859375
,126,,,,1629.116943359375
,127,,,,3083.56787109375
3,499,,,1936.7344970703125,
3,499,1924.0411376953125,,,
4,549,,2298.855712890625,,
4,599,,1909.4808349609375,,
,128,,,,1365.7816162109375
,129,,,,2333.14599609375
,130,,,,1904.584716796875
,131,,,,1796.218505859375
,132,,,,2318.71044921875
,133,,,,1814.46044921875
,134,,,,1861.56494140625
,135,,,,2046.627197265625
,136,,,,2190.92041015625
,137,,,,2032.168212890625
,138,,,,2174.6181640625
,139,,,,1686.910888671875
,140,,,,1339.5679931640625
,141,,,,2049.75927734375
,142,,,,2075.36767578125
,143,,,,2088.366455078125
,144,,,,2626.811279296875
,145,,,,1896.115234375
,146,,,,1555.9931640625
,147,,,,1630.098876953125
,148,,,,1923.465087890625
,149,,,,2014.6689453125
,150,,,,1483.5235595703125
,151,,,,1644.776123046875
,152,,,,1845.22216796875
,153,,,,2346.314208984375
,154,,,,1930.7618408203125
,155,,,,1743.517822265625
,156,,,,2144.111328125
,157,,,,2187.355712890625
,158,,,,1627.13134765625
,159,,,,3079.0712890625
4,624,,,1934.3492431640625,
4,624,1906.4429931640625,,,
5,649,,1895.6678466796875,,
5,699,,1666.78515625,,
5,749,,2105.851318359375,,
,160,,,,1364.564453125
,161,,,,2329.64599609375
,162,,,,1902.5145263671875
,163,,,,1793.8358154296875
,164,,,,2315.513671875
,165,,,,1812.4375
,166,,,,1859.2183837890625
,167,,,,2044.39599609375
,168,,,,2187.622802734375
,169,,,,2029.4625244140625
,170,,,,2171.59375
,171,,,,1685.33349609375
,172,,,,1338.424560546875
,173,,,,2047.352783203125
,174,,,,2072.951171875
,175,,,,2085.569580078125
,176,,,,2624.209228515625
,177,,,,1893.6405029296875
,178,,,,1554.49560546875
,179,,,,1628.739013671875
,180,,,,1920.534423828125
,181,,,,2012.436279296875
,182,,,,1482.247802734375
,183,,,,1643.917236328125
,184,,,,1842.064208984375
,185,,,,2342.98291015625
,186,,,,1928.46142578125
,187,,,,1741.361328125
,188,,,,2141.8642578125
,189,,,,2184.3251953125
,190,,,,1625.79833984375
,191,,,,3072.74609375
5,749,,,1932.0224609375,
5,749,1894.06884765625,,,
6,799,,1826.6666259765625,,
6,849,,2153.8515625,,
,192,,,,1362.92236328125
,193,,,,2326.25
,194,,,,1900.2706298828125
,195,,,,1791.390869140625
,196,,,,2312.909423828125
,197,,,,1810.1112060546875
,198,,,,1856.6268310546875
,199,,,,2041.4940185546875
,200,,,,2184.552978515625
,201,,,,2025.39990234375
,202,,,,2169.046142578125
,203,,,,1683.3870849609375
,204,,,,1336.9482421875
,205,,,,2044.595947265625
,206,,,,2070.150146484375
,207,,,,2082.55078125
,208,,,,2620.8779296875
,209,,,,1891.4715576171875
,210,,,,1552.8427734375
,211,,,,1626.81884765625
,212,,,,1918.074462890625
,213,,,,2009.7755126953125
,214,,,,1480.225830078125
,215,,,,1641.271728515625
,216,,,,1839.5350341796875
,217,,,,2339.0322265625
,218,,,,1925.845458984375
,219,,,,1739.302978515625
,220,,,,2139.009765625
,221,,,,2181.54052734375
,222,,,,1623.730712890625
,223,,,,3068.41064453125
6,874,,,1929.4423828125,
6,874,1881.00341796875,,,
7,899,,1459.953369140625,,
7,949,,2461.2373046875,,
7,999,,1888.41845703125,,
,224,,,,1362.0224609375
,225,,,,2323.307373046875
,226,,,,1898.2447509765625
,227,,,,1789.1981201171875
,228,,,,2310.204345703125
,229,,,,1808.602783203125
,230,,,,1854.365478515625
,231,,,,2039.0535888671875
,232,,,,2181.73095703125
,233,,,,2022.4832763671875
,234,,,,2165.916259765625
,235,,,,1682.21630859375
,236,,,,1335.5592041015625
,237,,,,2042.4068603515625
,238,,,,2067.8798828125
,239,,,,2080.296630859375
,240,,,,2618.2431640625
,241,,,,1889.3538818359375
,242,,,,1551.4273681640625
,243,,,,1625.3408203125
,244,,,,1916.1295166015625
,245,,,,2007.78564453125
,246,,,,1478.685546875
,247,,,,1640.120361328125
,248,,,,1837.2296142578125
,249,,,,2336.23388671875
,250,,,,1923.9857177734375
,251,,,,1737.5301513671875
,252,,,,2136.63720703125
,253,,,,2178.550048828125
,254,,,,1622.0067138671875
,255,,,,3063.999267578125
7,999,,,1927.3199462890625,
7,999,1868.6201171875,,,
8,1049,,2460.80029296875,,
8,1099,,1996.5084228515625,,
,256,,,,1360.11376953125
,257,,,,2320.090576171875
,258,,,,1895.6363525390625
,259,,,,1786.507080078125
,260,,,,2307.87158203125
,261,,,,1805.9097900390625
,262,,,,1851.923583984375
,263,,,,2036.10205078125
,264,,,,2179.2236328125
,265,,,,2019.356201171875
,266,,,,2162.894775390625
,267,,,,1680.29541015625
,268,,,,1333.6611328125
,269,,,,2039.884033203125
,270,,,,2065.14404296875
,271,,,,2077.171142578125
,272,,,,2615.2822265625
,273,,,,1886.975830078125
,274,,,,1549.443603515625
,275,,,,1622.860595703125
,276,,,,1912.7161865234375
,277,,,,2005.2451171875
,278,,,,1476.623779296875
,279,,,,1638.220947265625
,280,,,,1834.9931640625
,281,,,,2331.908203125
,282,,,,1921.2598876953125
,283,,,,1734.818115234375
,284,,,,2133.8720703125
,285,,,,2175.94482421875
,286,,,,1619.5552978515625
,287,,,,3059.639892578125
8,1124,,,1924.685546875,
8,1124,1858.5693359375,,,
9,1149,,2381.1103515625,,
9,1199,,2126.15673828125,,
9,1249,,1659.3785400390625,,
,288,,,,1358.497802734375
,289,,,,2316.06103515625
,290,,,,1892.805908203125
,291,,,,1783.877685546875
,292,,,,2304.6318359375
,293,,,,1803.283203125
,294,,,,1849.23291015625
,295,,,,2032.8466796875
,296,,,,2176.23193359375
,297,,,,2015.958984375
,298,,,,2159.58935546875
,299,,,,1677.713134765625
,300,,,,1331.2529296875
,301,,,,2036.5631103515625
,302,,,,2062.07861328125
,303,,,,2073.6669921875
,304,,,,2611.611328125
,305,,,,1884.349365234375
,306,,,,1546.9937744140625
,307,,,,1620.603515625
,308,,,,1909.56298828125
,309,,,,2002.00048828125
,310,,,,1474.6318359375
,311,,,,1635.64208984375
,312,,,,1831.961181640625
,313,,,,2328.489990234375
,314,,,,1918.2186279296875
,315,,,,1732.173095703125
,316,,,,2130.5234375
,317,,,,2172.8134765625
,318,,,,1616.718017578125
,319,,,,3054.904052734375
9,1249,,,1921.7379150390625,
9,1249,1850.1546630859375,,,
10,1299,,1606.998779296875,,
10,1349,,1492.701171875,,
,320,,,,1356.793212890625
,321,,,,2312.5361328125
,322,,,,1889.92919921875
,323,,,,1780.653564453125
,324,,,,2300.879638671875
,325,,,,1800.9654541015625
,326,,,,1846.6875
,327,,,,2029.9212646484375
,328,,,,2172.84423828125
,329,,,,2012.633056640625
,330,,,,2156.20458984375
,331,,,,1676.16943359375
,332,,,,1329.767822265625
,333,,,,2033.91796875
,334,,,,2059.36181640625
,335,,,,2070.77294921875
,336,,,,2608.735595703125
,337,,,,1882.2451171875
,338,,,,1545.1591796875
,339,,,,1618.0604248046875
,340,,,,1906.4825439453125
,341,,,,1999.93603515625
,342,,,,1472.2215576171875
,343,,,,1633.6217041015625
,344,,,,1829.7474365234375
,345,,,,2324.715087890625
,346,,,,1915.8389892578125
,347,,,,1730.262451171875
,348,,,,2127.747802734375
,349,,,,2169.75537109375
,350,,,,1614.707763671875
,351,,,,3049.435546875
10,1374,,,1919.09228515625,
10,1374,1841.75830078125,,,
11,1399,,1700.3203125,,
11,1449,,2331.342529296875,,
11,1499,,1863.43408203125,,
,352,,,,1355.4755859375
,353,,,,2308.10986328125
,354,,,,1886.9365234375
,355,,,,1777.6077880859375
,356,,,,2298.1884765625
,357,,,,1798.5745849609375
,358,,,,1843.9859619140625
,359,,,,2026.740478515625
,360,,,,2169.74609375
,361,,,,2008.95068359375
,362,,,,2152.98974609375
,363,,,,1674.434814453125
,364,,,,1327.9765625
,365,,,,2030.8779296875
,366,,,,2055.9755859375
,367,,,,2067.229736328125
,368,,,,2605.328125
,369,,,,1879.559326171875
,370,,,,1542.9447021484375
,371,,,,1615.811279296875
,372,,,,1903.29736328125
,373,,,,1996.9368896484375
,374,,,,1470.12109375
,375,,,,1631.27685546875
,376,,,,1826.6497802734375
,377,,,,2320.93017578125
,378,,,,1912.875
,379,,,,1727.5562744140625
,380,,,,2124.295166015625
,381,,,,2165.8798828125
,382,,,,1612.250732421875
,383,,,,3044.16455078125
11,1499,,,1916.1778564453125,
11,1499,1832.1878662109375,,,
12,1549,,1734.7056884765625,,
12,1599,,1936.5469970703125,,
,384,,,,1353.515869140625
,385,,,,2304.099853515625
,386,,,,1883.9351806640625
,387,,,,1774.122802734375
,388,,,,2294.4326171875
,389,,,,1795.8187255859375
,390,,,,1840.72314453125
,391,,,,2023.238037109375
,392,,,,2165.364501953125
,393,,,,2004.7493896484375
,394,,,,2149.239501953125
,395,,,,1671.86181640625
,396,,,,1325.6812744140625
,397,,,,2027.525634765625
,398,,,,2052.796875
,399,,,,2063.51513671875
,400,,,,2601.663330078125
,401,,,,1876.7021484375
,402,,,,1540.8050537109375
,403,,,,1613.07470703125
,404,,,,1900.0113525390625
,405,,,,1993.9276123046875
,406,,,,1467.91455078125
,407,,,,1628.573486328125
,408,,,,1823.22607421875
,409,,,,2316.40625
,410,,,,1909.7705078125
,411,,,,1725.29345703125
,412,,,,2120.9150390625
,413,,,,2162.79248046875
,414,,,,1609.7454833984375
,415,,,,3038.556396484375
12,1624,,,1912.99462890625,
12,1624,1826.6356201171875,,,
13,1649,,2068.120361328125,,
13,1699,,2104.4384765625,,
13,1749,,1617.65673828125,,
,416,,,,1352.36328125
,417,,,,2300.580810546875
,418,,,,1881.4835205078125
,419,,,,1771.5263671875
,420,,,,2291.54931640625
,421,,,,1793.820556640625
,422,,,,1838.300048828125
,423,,,,2020.4984130859375
,424,,,,2162.513671875
,425,,,,2001.5523681640625
,426,,,,2146.30126953125
,427,,,,1670.232177734375
,428,,,,1324.34375
,429,,,,2024.894287109375
,430,,,,2049.69677734375
,431,,,,2060.218994140625
,432,,,,2598.817138671875
,433,,,,1874.51220703125
,434,,,,1539.548095703125
,435,,,,1610.7847900390625
,436,,,,1896.9349365234375
,437,,,,1991.5687255859375
,438,,,,1466.02734375
,439,,,,1626.44482421875
,440,,,,1820.72900390625
,441,,,,2312.8095703125
,442,,,,1907.438720703125
,443,,,,1723.289306640625
,444,,,,2117.83984375
,445,,,,2159.6552734375
,446,,,,1607.9383544921875
,447,,,,3032.862548828125
13,1749,,,1910.477783203125,
13,1749,1821.8468017578125,,,
14,1799,,1761.3807373046875,,
14,1849,,1673.8935546875,,
,448,,,,1350.3433837890625
,449,,,,2295.9453125
,450,,,,1877.788330078125
,451,,,,1767.833984375
,452,,,,2287.44921875
,453,,,,1790.4361572265625
,454,,,,1835.003662109375
,455,,,,2016.3167724609375
,456,,,,2158.0146484375
,457,,,,1997.6700439453125
,458,,,,2142.265625
,459,,,,1667.2464599609375
,460,,,,1322.0086669921875
,461,,,,2021.19677734375
,462,,,,2045.6666259765625
,463,,,,2055.67138671875
,464,,,,2594.406494140625
,465,,,,1871.3948974609375
,466,,,,1536.6580810546875
,467,,,,1608.01171875
,468,,,,1893.3280029296875
,469,,,,1987.8060302734375
,470,,,,1463.5421142578125
,471,,,,1624.069091796875
,472,,,,1816.8634033203125
,473,,,,2308.44091796875
,474,,,,1903.4766845703125
,475,,,,1720.25341796875
,476,,,,2114.3310546875
,477,,,,2155.375732421875
,478,,,,1604.9400634765625
,479,,,,3026.974609375
14,1874,,,1906.89599609375,
14,1874,1812.448974609375,,,
15,1899,,2035.093505859375,,
15,1949,,2383.64892578125,,
15,1999,,1649.139404296875,,
,480,,,,1348.750244140625
,481,,,,2291.9580078125
,482,,,,1875.02978515625
,483,,,,1765.077880859375
,484,,,,2284.40087890625
,485,,,,1788.0654296875
,486,,,,1832.20263671875
,487,,,,2013.2459716796875
,488,,,,2154.067626953125
,489,,,,1993.7027587890625
,490,,,,2139.23681640625
,491,,,,1665.4615478515625
,492,,,,1320.33935546875
,493,,,,2017.612060546875
,494,,,,2042.163818359375
,495,,,,2052.016357421875
,496,,,,2590.9521484375
,497,,,,1868.793212890625
,498,,,,1534.520263671875
,499,,,,1605.91357421875
,500,,,,1889.8118896484375
,501,,,,1984.812744140625
,502,,,,1461.3533935546875
,503,,,,1621.830078125
,504,,,,1814.0543212890625
,505,,,,2304.195068359375
,506,,,,1900.58544921875
,507,,,,1717.9794921875
,508,,,,2111.05224609375
,509,,,,2152.10791015625
,510,,,,1602.355712890625
,511,,,,3020.923828125
15,1999,,,1903.9639892578125,
15,1999,1808.8590087890625,,,
16,2049,,1427.004150390625,,
16,2099,,1418.5369873046875,,
,512,,,,1347.937255859375
,513,,,,2287.5810546875
,514,,,,1872.50927734375
,515,,,,1762.0556640625
,516,,,,2281.2265625
,517,,,,1785.8046875
,518,,,,1829.5662841796875
,519,,,,2010.18115234375
,520,,,,2151.0419921875
,521,,,,1989.80712890625
,522,,,,2135.681640625
,523,,,,1664.160888671875
,524,,,,1318.9886474609375
,525,,,,2014.659423828125
,526,,,,2039.217041015625
,527,,,,2048.968994140625
,528,,,,2587.42578125
,529,,,,1865.7120361328125
,530,,,,1532.920654296875
,531,,,,1603.35791015625
,532,,,,1886.771484375
,533,,,,1982.235595703125
,534,,,,1459.831298828125
,535,,,,1619.273681640625
,536,,,,1811.598876953125
,537,,,,2300.430419921875
,538,,,,1897.8980712890625
,539,,,,1715.6170654296875
,540,,,,2107.19384765625
,541,,,,2148.3662109375
,542,,,,1600.8382568359375
,543,,,,3014.781982421875
16,2124,,,1901.201904296875,
16,2124,1802.6834716796875,,,
17,2149,,1908.7901611328125,,
17,2199,,1570.74658203125,,
17,2249,,1403.351318359375,,
,544,,,,1344.716064453125
,545,,,,2281.595703125
,546,,,,1867.660888671875
,547,,,,1757.390625
,548,,,,2275.548828125
,549,,,,1781.483642578125
,550,,,,1824.92822265625
,551,,,,2004.91845703125
,552,,,,2145.346923828125
,553,,,,1984.481689453125
,554,,,,2130.361572265625
,555,,,,1660.199462890625
,556,,,,1315.2900390625
,557,,,,2009.9139404296875
,558,,,,2034.10546875
,559,,,,2043.3123779296875
,560,,,,2582.348388671875
,561,,,,1861.874755859375
,562,,,,1529.37451171875
,563,,,,1599.5892333984375
,564,,,,1881.6995849609375
,565,,,,1977.5714111328125
,566,,,,1456.259521484375
,567,,,,1615.44873046875
,568,,,,1806.9403076171875
,569,,,,2294.2255859375
,570,,,,1892.9302978515625
,571,,,,1711.35791015625
,572,,,,2102.57080078125
,573,,,,2143.29345703125
,574,,,,1596.4102783203125
,575,,,,3007.306396484375
17,2249,,,1896.479248046875,
17,2249,1798.458740234375,,,
18,2299,,2386.3720703125,,
18,2349,,2198.84912109375,,
,576,,,,1343.01025390625
,577,,,,2277.9228515625
,578,,,,1865.6517333984375
,579,,,,1753.923583984375
,580,,,,2272.05615234375
,581,,,,1778.7579345703125
,582,,,,1821.9197998046875
,583,,,,2001.8466796875
,584,,,,2141.35009765625
,585,,,,1980.2593994140625
,586,,,,2126.794921875
,587,,,,1659.2474365234375
,588,,,,1313.6123046875
,589,,,,2006.88525390625
,590,,,,2030.67529296875
,591,,,,2040.240966796875
,592,,,,2577.9365234375
,593,,,,1859.32373046875
,594,,,,1528.1820068359375
,595,,,,1596.6893310546875
,596,,,,1877.9056396484375
,597,,,,1974.4849853515625
,598,,,,1453.969482421875
,599,,,,1612.907470703125
,600,,,,1804.3262939453125
,601,,,,2289.297119140625
,602,,,,1889.61669921875
,603,,,,1709.280029296875
,604,,,,2098.472412109375
,605,,,,2139.7158203125
,606,,,,1594.634521484375
,607,,,,2999.04443359375
18,2374,,,1893.461181640625,
18,2374,1796.12841796875,,,
19,2399,,2134.292724609375,,
19,2449,,2066.01953125,,
19,2499,,1939.2581787109375,,
,608,,,,1341.37841796875
,609,,,,2272.658447265625
,610,,,,1861.81787109375
,611,,,,1749.85986328125
,612,,,,2267.612548828125
,613,,,,1775.857421875
,614,,,,1818.624755859375
,615,,,,1997.7904052734375
,616,,,,2136.48388671875
,617,,,,1975.239501953125
,618,,,,2123.000732421875
,619,,,,1656.1405029296875
,620,,,,1311.638916015625
,621,,,,2003.86083984375
,622,,,,2026.6365966796875
,623,,,,2035.6407470703125
,624,,,,2574.29833984375
,625,,,,1856.613525390625
,626,,,,1525.9136962890625
,627,,,,1593.44189453125
,628,,,,1873.791259765625
,629,,,,1971.09130859375
,630,,,,1451.3448486328125
,631,,,,1610.0731201171875
,632,,,,1799.594970703125
,633,,,,2285.1884765625
,634,,,,1886.4171142578125
,635,,,,1706.781494140625
,636,,,,2094.76513671875
,637,,,,2136.6591796875
,638,,,,1591.57177734375
,639,,,,2992.190673828125
19,2499,,,1889.9146728515625,
19,2499,1788.1104736328125,,,
20,2549,,1330.36328125,,
20,2599,,1650.770263671875,,
,640,,,,1339.101318359375
,641,,,,2267.046875
,642,,,,1857.7982177734375
,643,,,,1745.802490234375
,644,,,,2263.18310546875
,645,,,,1771.92578125
,646,,,,1814.512451171875
,647,,,,1992.483642578125
,648,,,,2131.494384765625
,649,,,,1970.604736328125
,650,,,,2117.78369140625
,651,,,,1653.4500732421875
,652,,,,1309.0462646484375
,653,,,,1998.708984375
,654,,,,2021.6595458984375
,655,,,,2030.1546630859375
,656,,,,2569.04150390625
,657,,,,1852.9849853515625
,658,,,,1522.865966796875
,659,,,,1590.20361328125
,660,,,,1869.13134765625
,661,,,,1967.24072265625
,662,,,,1448.43017578125
,663,,,,1606.817138671875
,664,,,,1795.57861328125
,665,,,,2279.2802734375
,666,,,,1882.664794921875
,667,,,,1703.234619140625
,668,,,,2090.092529296875
,669,,,,2131.1572265625
,670,,,,1588.03759765625
,671,,,,2984.224609375
20,2624,,,1885.682373046875,
20,2624,1782.352294921875,,,
21,2649,,1715.313232421875,,
21,2699,,1162.130615234375,,
21,2749,,1881.8267822265625,,
,672,,,,1336.67626953125
,673,,,,2261.010009765625
,674,,,,1853.534912109375
,675,,,,1742.1278076171875
,676,,,,2258.556884765625
,677,,,,1768.0855712890625
,678,,,,1810.118408203125
,679,,,,1987.8896484375
,680,,,,2126.279296875
,681,,,,1965.0478515625
,682,,,,2113.14501953125
,683,,,,1650.0003662109375
,684,,,,1306.461669921875
,685,,,,1994.27587890625
,686,,,,2016.220947265625
,687,,,,2024.9178466796875
,688,,,,2563.719482421875
,689,,,,1848.7913818359375
,690,,,,1519.912353515625
,691,,,,1587.1165771484375
,692,,,,1864.92724609375
,693,,,,1962.571533203125
,694,,,,1445.16015625
,695,,,,1603.1177978515625
,696,,,,1791.490234375
,697,,,,2274.13232421875
,698,,,,1878.275390625
,699,,,,1698.80615234375
,700,,,,2084.791015625
,701,,,,2125.4775390625
,702,,,,1583.842529296875
,703,,,,2976.38671875
21,2749,,,1881.29833984375,
21,2749,1779.7088623046875,,,
22,2799,,1809.596435546875,,
22,2849,,1393.4337158203125,,
,704,,,,1335.5498046875
,705,,,,2256.96826171875
,706,,,,1851.10302734375
,707,,,,1738.1217041015625
,708,,,,2253.993408203125
,709,,,,1765.8111572265625
,710,,,,1807.0662841796875
,711,,,,1984.4613037109375
,712,,,,2121.52685546875
,713,,,,1960.2369384765625
,714,,,,2109.92333984375
,715,,,,1648.5419921875
,716,,,,1304.94921875
,717,,,,1990.91455078125
,718,,,,2012.663330078125
,719,,,,2020.952392578125
,720,,,,2559.34765625
,721,,,,1847.3909912109375
,722,,,,1518.7083740234375
,723,,,,1584.125244140625
,724,,,,1861.0308837890625
,725,,,,1960.3603515625
,726,,,,1443.44677734375
,727,,,,1600.245849609375
,728,,,,1788.2333984375
,729,,,,2269.17431640625
,730,,,,1874.8978271484375
,731,,,,1697.8052978515625
,732,,,,2081.5712890625
,733,,,,2123.720458984375
,734,,,,1582.8565673828125
,735,,,,2967.80859375
22,2874,,,1878.32470703125,
22,2874,1776.2779541015625,,,
23,2899,,1585.3436279296875,,
23,2949,,1687.42919921875,,
23,2999,,2122.11865234375,,
,736,,,,1332.7412109375
,737,,,,2248.609375
,738,,,,1844.3055419921875
,739,,,,1732.984375
,740,,,,2248.807861328125
,741,,,,1760.240478515625
,742,,,,1802.288818359375
,743,,,,1977.4473876953125
,744,,,,2115.1865234375
,745,,,,1953.95947265625
,746,,,,2103.19384765625
,747,,,,1644.02978515625
,748,,,,1301.194091796875
,749,,,,1984.17236328125
,750,,,,2005.449462890625
,751,,,,2012.9246826171875
,752,,,,2552.14111328125
,753,,,,1841.061767578125
,754,,,,1513.64794921875
,755,,,,1579.9931640625
,756,,,,1854.914306640625
,757,,,,1954.1373291015625
,758,,,,1438.551513671875
,759,,,,1596.416015625
,760,,,,1782.5238037109375
,761,,,,2261.69189453125
,762,,,,1868.277099609375
,763,,,,1691.646240234375
,764,,,,2074.66015625
,765,,,,2115.1357421875
,766,,,,1577.471435546875
,767,,,,2959.537841796875
23,2999,,,1872.3096923828125,
23,2999,1775.0029296875,,,
24,3049,,2089.5849609375,,
24,3099,,1612.5084228515625,,
,768,,,,1329.638427734375
,769,,,,2243.1748046875
,770,,,,1840.344970703125
,771,,,,1727.2080078125
,772,,,,2243.14990234375
,773,,,,1756.2938232421875
,774,,,,1797.355712890625
,775,,,,1973.064453125
,776,,,,2109.2685546875
,777,,,,1947.84326171875
,778,,,,2098.469482421875
,779,,,,1641.257080078125
,780,,,,1297.4375
,781,,,,1979.9622802734375
,782,,,,2001.08154296875
,783,,,,2007.8709716796875
,784,,,,2547.398681640625
,785,,,,1838.7041015625
,786,,,,1510.650390625
,787,,,,1575.0233154296875
,788,,,,1849.766845703125
,789,,,,1950.4520263671875
,790,,,,1436.022705078125
,791,,,,1591.5965576171875
,792,,,,1778.4127197265625
,793,,,,2254.900146484375
,794,,,,1863.66748046875
,795,,,,1688.328125
,796,,,,2070.1318359375
,797,,,,2111.4580078125
,798,,,,1573.991943359375
,799,,,,2948.117919921875
24,3124,,,1867.87060546875,
24,3124,1771.1533203125,,,
25,3149,,1409.040283203125,,
25,3199,,1479.0972900390625,,
25,3249,,2098.77197265625,,
,800,,,,1326.907470703125
,801,,,,2235.77392578125
,802,,,,1835.5318603515625
,803,,,,1722.5516357421875
,804,,,,2237.21533203125
,805,,,,1752.2999267578125
,806,,,,1792.5390625
,807,,,,1967.119873046875
,808,,,,2103.2724609375
,809,,,,1941.7354736328125
,810,,,,2092.766357421875
,811,,,,1637.41796875
,812,,,,1294.3914794921875
,813,,,,1974.69775390625
,814,,,,1995.832275390625
,815,,,,2002.1533203125
,816,,,,2541.24072265625
,817,,,,1834.1728515625
,818,,,,1507.548583984375
,819,,,,1571.3760986328125
,820,,,,1843.918701171875
,821,,,,1945.056884765625
,822,,,,1432.997802734375
,823,,,,1587.124755859375
,824,,,,1772.629150390625
,825,,,,2248.56201171875
,826,,,,1858.31689453125
,827,,,,1684.18505859375
,828,,,,2064.973388671875
,829,,,,2105.63916015625
,830,,,,1569.3037109375
,831,,,,2940.201171875
25,3249,,,1862.8575439453125,
25,3249,1768.2071533203125,,,
26,3299,,2193.030029296875,,
26,3349,,1780.8868408203125,,
,832,,,,1323.698486328125
,833,,,,2228.7880859375
,834,,,,1830.378173828125
,835,,,,1716.4864501953125
,836,,,,2231.578125
,837,,,,1747.666259765625
,838,,,,1787.73291015625
,839,,,,1962.2432861328125
,840,,,,2096.6728515625
,841,,,,1935.096923828125
,842,,,,2086.602294921875
,843,,,,1633.5439453125
,844,,,,1291.0068359375
,845,,,,1969.703857421875
,846,,,,1989.3492431640625
,847,,,,1994.7159423828125
,848,,,,2535.03857421875
,849,,,,1829.30322265625
,850,,,,1502.781494140625
,851,,,,1566.3670654296875
,852,,,,1838.6590576171875
,853,,,,1939.5740966796875
,854,,,,1428.826171875
,855,,,,1582.93505859375
,856,,,,1767.055419921875
,857,,,,2241.5302734375
,858,,,,1853.9791259765625
,859,,,,1679.1578369140625
,860,,,,2058.829345703125
,861,,,,2100.17236328125
,862,,,,1564.737548828125
,863,,,,2929.620361328125
26,3374,,,1857.4918212890625,
26,3374,1762.9222412109375,,,
27,3399,,2097.429931640625,,
27,3449,,1562.13037109375,,
27,3499,,1384.95263671875,,
,864,,,,1320.7530517578125
,865,,,,2221.053466796875
,866,,,,1825.7529296875
,867,,,,1711.124755859375
,868,,,,2225.1240234375
,869,,,,1742.9017333984375
,870,,,,1782.4127197265625
,871,,,,1955.8985595703125
,872,,,,2090.02783203125
,873,,,,1927.9105224609375
,874,,,,2081.533203125
,875,,,,1631.014892578125
,876,,,,1288.11083984375
,877,,,,1963.179443359375
,878,,,,1983.808349609375
,879,,,,1990.1446533203125
,880,,,,2529.39404296875
,881,,,,1824.3089599609375
,882,,,,1499.50146484375
,883,,,,1561.8826904296875
,884,,,,1832.557373046875
,885,,,,1933.608154296875
,886,,,,1425.1832275390625
,887,,,,1578.016845703125
,888,,,,1762.4520263671875
,889,,,,2234.832275390625
,890,,,,1847.1944580078125
,891,,,,1674.7650146484375
,892,,,,2051.4931640625
,893,,,,2094.9970703125
,894,,,,1560.6749267578125
,895,,,,2916.829833984375
27,3499,,,1852.1864013671875,
27,3499,1762.4124755859375,,,
28,3549,,1974.33740234375,,
28,3599,,1481.3857421875,,
,896,,,,1316.8798828125
,897,,,,2212.3828125
,898,,,,1818.44287109375
,899,,,,1704.4822998046875
,900,,,,2216.3232421875
,901,,,,1736.728271484375
,902,,,,1775.488525390625
,903,,,,1947.913330078125
,904,,,,2082.64794921875
,905,,,,1919.7861328125
,906,,,,2073.69287109375
,907,,,,1625.957275390625
,908,,,,1282.910888671875
,909,,,,1956.3916015625
,910,,,,1975.034423828125
,911,,,,1980.3216552734375
,912,,,,2521.91650390625
,913,,,,1818.47705078125
,914,,,,1494.74951171875
,915,,,,1555.918701171875
,916,,,,1824.733154296875
,917,,,,1927.2637939453125
,918,,,,1420.2039794921875
,919,,,,1572.470458984375
,920,,,,1754.443359375
,921,,,,2226.04833984375
,922,,,,1841.3692626953125
,923,,,,1668.7001953125
,924,,,,2044.549560546875
,925,,,,2086.4658203125
,926,,,,1554.213623046875
,927,,,,2904.54833984375
28,3624,,,1845.217529296875,
28,3624,1755.5826416015625,,,
29,3649,,1469.156494140625,,
29,3699,,2122.82177734375,,
29,3749,,1638.163818359375,,
,928,,,,1313.83984375
,929,,,,2203.02685546875
,930,,,,1812.2281494140625
,931,,,,1697.651611328125
,932,,,,2209.4443359375
,933,,,,1730.8231201171875
,934,,,,1769.7847900390625
,935,,,,1940.6358642578125
,936,,,,2074.42724609375
,937,,,,1911.7891845703125
,938,,,,2065.86767578125
,939,,,,1621.867919921875
,940,,,,1279.1402587890625
,941,,,,1949.698486328125
,942,,,,1968.067626953125
,943,,,,1972.8619384765625
,944,,,,2513.416015625
,945,,,,1811.656494140625
,946,,,,1490.3427734375
,947,,,,1550.208984375
,948,,,,1817.9482421875
,949,,,,1920.307373046875
,950,,,,1415.5791015625
,951,,,,1566.761962890625
,952,,,,1748.451416015625
,953,,,,2217.3935546875
,954,,,,1834.353515625
,955,,,,1664.03076171875
,956,,,,2035.6885986328125
,957,,,,2079.5869140625
,958,,,,1548.4915771484375
,959,,,,2892.181640625
29,3749,,,1838.6695556640625,
29,3749,1752.8236083984375,,,
30,3799,,1561.01220703125,,
30,3849,,1964.30224609375,,
,960,,,,1310.9072265625
,961,,,,2195.2763671875
,962,,,,1806.5
,963,,,,1691.418701171875
,964,,,,2202.8681640625
,965,,,,1727.077392578125
,966,,,,1765.22412109375
,967,,,,1935.433349609375
,968,,,,2067.88720703125
,969,,,,1905.780517578125
,970,,,,2060.959716796875
,971,,,,1618.318603515625
,972,,,,1275.647216796875
,973,,,,1944.4300537109375
,974,,,,1963.0599365234375
,975,,,,1966.2230224609375
,976,,,,2506.1630859375
,977,,,,1806.8980712890625
,978,,,,1487.311767578125
,979,,,,1545.555419921875
,980,,,,1812.6787109375
,981,,,,1915.7801513671875
,982,,,,1411.8140869140625
,983,,,,1562.07958984375
,984,,,,1743.08154296875
,985,,,,2209.604736328125
,986,,,,1828.576904296875
,987,,,,1661.161865234375
,988,,,,2029.3226318359375
,989,,,,2074.29931640625
,990,,,,1544.7811279296875
,991,,,,2879.847900390625
30,3874,,,1833.474609375,
30,3874,1754.2764892578125,,,
31,3899,,2067.530029296875,,
31,3949,,1895.0867919921875,,
31,3999,,1478.150634765625,,
,992,,,,1308.0087890625
,993,,,,2186.34375
,994,,,,1799.380859375
,995,,,,1686.0712890625
,996,,,,2194.90185546875
,997,,,,1720.469482421875
,998,,,,1758.5738525390625
,999,,,,1926.116943359375
,1000,,,,2059.449462890625
,1001,,,,1897.4859619140625
,1002,,,,2052.98291015625
,1003,,,,1612.1973876953125
,1004,,,,1271.3076171875
,1005,,,,1936.2559814453125
,1006,,,,1952.541015625
,1007,,,,1955.964111328125
,1008,,,,2498.848388671875
,1009,,,,1801.45751953125
,1010,,,,1481.728515625
,1011,,,,1540.290771484375
,1012,,,,1803.5521240234375
,1013,,,,1909.3233642578125
,1014,,,,1407.77392578125
,1015,,,,1557.049560546875
,1016,,,,1734.5098876953125
,1017,,,,2201.09326171875
,1018,,,,1820.803466796875
,1019,,,,1653.6650390625
,1020,,,,2024.8251953125
,1021,,,,2064.9326171875
,1022,,,,1539.3763427734375
,1023,,,,2868.014892578125
31,3999,,,1826.3770751953125,
31,3999,1747.4010009765625,,,
32,4049,,2363.890625,,
32,4099,,1692.270751953125,,
,1024,,,,1303.66259765625
,1025,,,,2174.38037109375
,1026,,,,1792.79931640625
,1027,,,,1677.4769287109375
,1028,,,,2187.25537109375
,1029,,,,1714.1466064453125
,1030,,,,1751.1414794921875
,1031,,,,1919.5203857421875
,1032,,,,2050.9921875
,1033,,,,1887.614013671875
,1034,,,,2044.7528076171875
,1035,,,,1609.0694580078125
,1036,,,,1267.938232421875
,1037,,,,1928.89794921875
,1038,,,,1944.747802734375
,1039,,,,1949.3536376953125
,1040,,,,2489.7041015625
,1041,,,,1794.4893798828125
,1042,,,,1476.5235595703125
,1043,,,,1533.8839111328125
,1044,,,,1797.164794921875
,1045,,,,1901.0443115234375
,1046,,,,1401.123046875
,1047,,,,1550.119873046875
,1048,,,,1728.9345703125
,1049,,,,2191.8134765625
,1050,,,,1813.17138671875
,1051,,,,1647.172119140625
,1052,,,,2013.013671875
,1053,,,,2057.2880859375
,1054,,,,1533.268310546875
,1055,,,,2850.8291015625
32,4124,,,1819.0455322265625,
32,4124,1746.8369140625,,,
33,4149,,1731.5245361328125,,
33,4199,,1800.343505859375,,
33,4249,,1329.97216796875,,
,1056,,,,1302.2188720703125
,1057,,,,2169.842529296875
,1058,,,,1790.7398681640625
,1059,,,,1673.43017578125
,1060,,,,2181.75439453125
,1061,,,,1711.743896484375
,1062,,,,1748.509521484375
,1063,,,,1916.91064453125
,1064,,,,2044.8072509765625
,1065,,,,1883.4381103515625
,1066,,,,2040.760009765625
,1067,,,,1608.1153564453125
,1068,,,,1265.662353515625
,1069,,,,1926.2633056640625
,1070,,,,1941.443359375
,1071,,,,1944.352294921875
,1072,,,,2485.32080078125
,1073,,,,1794.237060546875
,1074,,,,1475.9027099609375
,1075,,,,1529.2646484375
,1076,,,,1792.44287109375
,1077,,,,1900.123291015625
,1078,,,,1400.336181640625
,1079,,,,1547.799560546875
,1080,,,,1724.7847900390625
,1081,,,,2184.72265625
,1082,,,,1810.471435546875
,1083,,,,1647.860595703125
,1084,,,,2010.35009765625
,1085,,,,2056.14892578125
,1086,,,,1531.8829345703125
,1087,,,,2839.8916015625
33,4249,,,1816.0516357421875,
33,4249,1748.4268798828125,,,
34,4299,,1755.028076171875,,
34,4349,,1960.4619140625,,
,1088,,,,1297.5770263671875
,1089,,,,2159.20947265625
,1090,,,,1780.67236328125
,1091,,,,1666.32666015625
,1092,,,,2173.32080078125
,1093,,,,1705.50244140625
,1094,,,,1740.5928955078125
,1095,,,,1906.73779296875
,1096,,,,2035.611572265625
,1097,,,,1873.219970703125
,1098,,,,2033.2806396484375
,1099,,,,1599.6605224609375
,1100,,,,1259.1588134765625
,1101,,,,1917.45263671875
,1102,,,,1930.87255859375
,1103,,,,1933.6129150390625
,1104,,,,2475.989013671875
,1105,,,,1785.4307861328125
,1106,,,,1469.6650390625
,1107,,,,1523.903076171875
,1108,,,,1783.55078125
,1109,,,,1890.4349365234375
,1110,,,,1394.6243896484375
,1111,,,,1539.472412109375
,1112,,,,1716.325439453125
,1113,,,,2174.5400390625
,1114,,,,1801.0576171875
,1115,,,,1637.785400390625
,1116,,,,2003.253173828125
,1117,,,,2046.1845703125
,1118,,,,1524.021240234375
,1119,,,,2829.65966796875
34,4374,,,1807.566650390625,
34,4374,1741.8902587890625,,,
35,4399,,1952.93994140625,,
35,4449,,1797.5234375,,
35,4499,,1000.5612182617188,,
,1120,,,,1293.3583984375
,1121,,,,2146.67431640625
,1122,,,,1773.616455078125
,1123,,,,1655.4027099609375
,1124,,,,2163.604248046875
,1125,,,,1697.0469970703125
,1126,,,,1730.57666015625
,1127,,,,1896.463623046875
,1128,,,,2024.850341796875
,1129,,,,1860.8824462890625
,1130,,,,2021.7855224609375
,1131,,,,1594.5811767578125
,1132,,,,1253.9384765625
,1133,,,,1907.551513671875
,1134,,,,1919.6939697265625
,1135,,,,1924.39404296875
,1136,,,,2464.92724609375
,1137,,,,1776.53662109375
,1138,,,,1462.993896484375
,1139,,,,1515.6153564453125
,1140,,,,1772.35107421875
,1141,,,,1881.9737548828125
,1142,,,,1387.321533203125
,1143,,,,1532.64697265625
,1144,,,,1707.891845703125
,1145,,,,2162.18310546875
,1146,,,,1791.34765625
,1147,,,,1630.6990966796875
,1148,,,,1990.1322021484375
,1149,,,,2033.5159912109375
,1150,,,,1516.79150390625
,1151,,,,2810.77197265625
35,4499,,,1798.209228515625,
35,4499,1738.7000732421875,,,
36,4549,,1657.30517578125,,
36,4599,,1540.51318359375,,
,1152,,,,1292.6810302734375
,1153,,,,2139.68505859375
,1154,,,,1770.890625
,1155,,,,1651.8310546875
,1156,,,,2158.876708984375
,1157,,,,1696.922607421875
,1158,,,,1728.4844970703125
,1159,,,,1894.57958984375
,1160,,,,2020.4296875
,1161,,,,1857.82666015625
,1162,,,,2018.0283203125
,1163,,,,1594.329345703125
,1164,,,,1253.821044921875
,1165,,,,1905.218017578125
,1166,,,,1918.66015625
,1167,,,,1920.43310546875
,1168,,,,2461.0390625
,1169,,,,1775.7994384765625
,1170,,,,1463.35009765625
,1171,,,,1513.491455078125
,1172,,,,1771.69140625
,1173,,,,1878.856201171875
,1174,,,,1387.108154296875
,1175,,,,1528.957763671875
,1176,,,,1703.326416015625
,1177,,,,2158.758056640625
,1178,,,,1789.3155517578125
,1179,,,,1629.7467041015625
,1180,,,,1986.7283935546875
,1181,,,,2031.2989501953125
,1182,,,,1516.0419921875
,1183,,,,2803.5234375
36,4624,,,1795.81103515625,
36,4624,1738.9561767578125,,,
37,4649,,2222.497802734375,,
37,4699,,2081.503662109375,,
37,4749,,1655.052734375,,
,1184,,,,1284.83642578125
,1185,,,,2126.958251953125
,1186,,,,1759.023193359375
,1187,,,,1640.9073486328125
,1188,,,,2145.396728515625
,1189,,,,1684.5269775390625
,1190,,,,1716.3543701171875
,1191,,,,1882.4869384765625
,1192,,,,2007.449951171875
,1193,,,,1845.08544921875
,1194,,,,2007.22509765625
,1195,,,,1585.261474609375
,1196,,,,1243.58447265625
,1197,,,,1891.98486328125
,1198,,,,1907.087890625
,1199,,,,1907.7750244140625
,1200,,,,2448.370361328125
,1201,,,,1763.263671875
,1202,,,,1454.1575927734375
,1203,,,,1501.8968505859375
,1204,,,,1755.831298828125
,1205,,,,1868.551513671875
,1206,,,,1377.789794921875
,1207,,,,1519.4481201171875
,1208,,,,1693.4075927734375
,1209,,,,2144.2626953125
,1210,,,,1775.7060546875
,1211,,,,1620.230712890625
,1212,,,,1973.5283203125
,1213,,,,2020.03173828125
,1214,,,,1503.1336669921875
,1215,,,,2777.1328125
37,4749,,,1783.9947509765625,
37,4749,1734.5233154296875,,,
38,4799,,1475.206298828125,,
38,4849,,2047.59326171875,,
,1216,,,,1280.0633544921875
,1217,,,,2114.971435546875
,1218,,,,1749.9991455078125
,1219,,,,1631.732666015625
,1220,,,,2135.202880859375
,1221,,,,1677.5838623046875
,1222,,,,1708.756591796875
,1223,,,,1871.8563232421875
,1224,,,,1996.954345703125
,1225,,,,1833.7119140625
,1226,,,,1996.632568359375
,1227,,,,1578.74072265625
,1228,,,,1238.92578125
,1229,,,,1883.354248046875
,1230,,,,1893.90771484375
,1231,,,,1894.919921875
,1232,,,,2438.36962890625
,1233,,,,1756.1953125
,1234,,,,1446.8460693359375
,1235,,,,1495.6845703125
,1236,,,,1747.72314453125
,1237,,,,1857.6405029296875
,1238,,,,1372.302734375
,1239,,,,1511.178466796875
,1240,,,,1684.491943359375
,1241,,,,2134.457275390625
,1242,,,,1767.3194580078125
,1243,,,,1611.052001953125
,1244,,,,1963.928466796875
,1245,,,,2006.6925048828125
,1246,,,,1497.239990234375
,1247,,,,2763.11376953125
38,4874,,,1775.0146484375,
38,4874,1732.67578125,,,
39,4899,,1400.6480712890625,,
39,4949,,1473.094482421875,,
39,4999,,2443.962890625,,
,1248,,,,1278.5972900390625
,1249,,,,2107.904541015625
,1250,,,,1746.8123779296875
,1251,,,,1626.53759765625
,1252,,,,2129.69091796875
,1253,,,,1675.1016845703125
,1254,,,,1705.4520263671875
,1255,,,,1866.3809814453125
,1256,,,,1991.1241455078125
,1257,,,,1828.72119140625
,1258,,,,1993.23388671875
,1259,,,,1575.74169921875
,1260,,,,1237.5390625
,1261,,,,1877.883056640625
,1262,,,,1891.48193359375
,1263,,,,1889.36474609375
,1264,,,,2431.384765625
,1265,,,,1754.893798828125
,1266,,,,1445.911376953125
,1267,,,,1491.18701171875
,1268,,,,1741.98388671875
,1269,,,,1855.222412109375
,1270,,,,1369.805419921875
,1271,,,,1507.6251220703125
,1272,,,,1679.41650390625
,1273,,,,2127.416015625
,1274,,,,1763.10791015625
,1275,,,,1609.6632080078125
,1276,,,,1960.112548828125
,1277,,,,2006.04443359375
,1278,,,,1496.019775390625
,1279,,,,2749.4296875
39,4999,,,1771.1590576171875,
39,4999,1734.5113525390625,,,
40,5049,,1538.4326171875,,
40,5099,,1460.94921875,,
,1280,,,,1272.340087890625
,1281,,,,2096.06494140625
,1282,,,,1735.614013671875
,1283,,,,1617.2703857421875
,1284,,,,2119.124755859375
,1285,,,,1665.35009765625
,1286,,,,1696.5133056640625
,1287,,,,1855.4837646484375
,1288,,,,1978.8720703125
,1289,,,,1817.0714111328125
,1290,,,,1981.5478515625
,1291,,,,1568.31591796875
,1292,,,,1229.1060791015625
,1293,,,,1867.6754150390625
,1294,,,,1877.1075439453125
,1295,,,,1875.02587890625
,1296,,,,2420.07080078125
,1297,,,,1744.576904296875
,1298,,,,1437.39697265625
,1299,,,,1482.8291015625
,1300,,,,1731.4227294921875
,1301,,,,1844.93212890625
,1302,,,,1362.2720947265625
,1303,,,,1498.338134765625
,1304,,,,1668.63037109375
,1305,,,,2114.073974609375
,1306,,,,1751.8692626953125
,1307,,,,1598.947998046875
,1308,,,,1950.6278076171875
,1309,,,,1992.54248046875
,1310,,,,1484.881591796875
,1311,,,,2736.34033203125
40,5124,,,1760.6396484375,
40,5124,1731.56640625,,,
41,5149,,1748.435791015625,,
41,5199,,1373.7413330078125,,
41,5249,,1822.989990234375,,
,1312,,,,1264.5565185546875
,1313,,,,2083.1455078125
,1314,,,,1726.61865234375
,1315,,,,1606.6380615234375
,1316,,,,2109.362548828125
,1317,,,,1655.19677734375
,1318,,,,1685.60595703125
,1319,,,,1843.685302734375
,1320,,,,1966.966064453125
,1321,,,,1806.9710693359375
,1322,,,,1971.20849609375
,1323,,,,1560.369140625
,1324,,,,1222.424560546875
,1325,,,,1856.2789306640625
,1326,,,,1864.22021484375
,1327,,,,1862.79541015625
,1328,,,,2408.234375
,1329,,,,1733.5867919921875
,1330,,,,1428.067138671875
,1331,,,,1474.2548828125
,1332,,,,1721.38525390625
,1333,,,,1834.9666748046875
,1334,,,,1353.6109619140625
,1335,,,,1490.89501953125
,1336,,,,1659.9671630859375
,1337,,,,2099.811279296875
,1338,,,,1741.205078125
,1339,,,,1589.41357421875
,1340,,,,1939.613525390625
,1341,,,,1980.912841796875
,1342,,,,1477.974853515625
,1343,,,,2712.0537109375
41,5249,,,1750.33447265625,
41,5249,1726.5091552734375,,,
42,5299,,1425.068603515625,,
42,5349,,1735.0672607421875,,
,1344,,,,1260.8629150390625
,1345,,,,2075.365234375
,1346,,,,1719.5230712890625
,1347,,,,1601.9842529296875
,1348,,,,2102.494873046875
,1349,,,,1650.519775390625
,1350,,,,1680.7218017578125
,1351,,,,1838.67626953125
,1352,,,,1960.29296875
,1353,,,,1798.3023681640625
,1354,,,,1967.9544677734375
,1355,,,,1556.46044921875
,1356,,,,1218.3912353515625
,1357,,,,1849.6441650390625
,1358,,,,1856.0269775390625
,1359,,,,1855.624267578125
,1360,,,,2402.098876953125
,1361,,,,1729.578369140625
,1362,,,,1424.279052734375
,1363,,,,1469.1796875
,1364,,,,1716.4105224609375
,1365,,,,1828.80615234375
,1366,,,,1350.117431640625
,1367,,,,1485.3848876953125
,1368,,,,1655.20166015625
,1369,,,,2093.65185546875
,1370,,,,1735.5419921875
,1371,,,,1582.9183349609375
,1372,,,,1931.666015625
,1373,,,,1975.263427734375
,1374,,,,1470.387451171875
,1375,,,,2708.21875
42,5374,,,1744.6524658203125,
42,5374,1722.706787109375,,,
43,5399,,1642.706787109375,,
43,5449,,1842.6441650390625,,
43,5499,,1377.453857421875,,
,1376,,,,1258.900146484375
,1377,,,,2068.124267578125
,1378,,,,1718.357666015625
,1379,,,,1597.4814453125
,1380,,,,2093.53466796875
,1381,,,,1648.8172607421875
,1382,,,,1675.4169921875
,1383,,,,1835.0234375
,1384,,,,1953.614013671875
,1385,,,,1793.58984375
,1386,,,,1961.73046875
,1387,,,,1554.66845703125
,1388,,,,1214.779296875
,1389,,,,1848.548828125
,1390,,,,1855.453369140625
,1391,,,,1853.056396484375
,1392,,,,2397.00732421875
,1393,,,,1725.06982421875
,1394,,,,1425.49462890625
,1395,,,,1464.164794921875
,1396,,,,1708.5274658203125
,1397,,,,1825.514404296875
,1398,,,,1348.1634521484375
,1399,,,,1480.02294921875
,1400,,,,1649.94091796875
,1401,,,,2088.35498046875
,1402,,,,1732.748779296875
,1403,,,,1581.794189453125
,1404,,,,1923.372314453125
,1405,,,,1974.548828125
,1406,,,,1467.5770263671875
,1407,,,,2692.36279296875
43,5499,,,1740.6876220703125,
43,5499,1725.88427734375,,,
44,5549,,1524.526611328125,,
44,5599,,2079.068115234375,,
,1408,,,,1254.833251953125
,1409,,,,2057.496826171875
,1410,,,,1707.3585205078125
,1411,,,,1586.64990234375
,1412,,,,2087.20556640625
,1413,,,,1640.7286376953125
,1414,,,,1669.205810546875
,1415,,,,1824.81787109375
,1416,,,,1944.9755859375
,1417,,,,1782.438232421875
,1418,,,,1952.1776123046875
,1419,,,,1548.948974609375
,1420,,,,1211.5096435546875
,1421,,,,1834.5653076171875
,1422,,,,1841.184326171875
,1423,,,,1838.810302734375
,1424,,,,2386.06201171875
,1425,,,,1719.6982421875
,1426,,,,1416.987060546875
,1427,,,,1458.140625
,1428,,,,1703.079833984375
,1429,,,,1817.253173828125
,1430,,,,1341.6492919921875
,1431,,,,1471.977294921875
,1432,,,,1642.270751953125
,1433,,,,2077.6552734375
,1434,,,,1721.9150390625
,1435,,,,1572.344482421875
,1436,,,,1916.5673828125
,1437,,,,1958.3399658203125
,1438,,,,1465.087158203125
,1439,,,,2681.30712890625
44,5624,,,1731.9122314453125,
44,5624,1722.3355712890625,,,
45,5649,,1687.33447265625,,
45,5699,,1822.5523681640625,,
45,5749,,2330.019775390625,,
,1440,,,,1254.39306640625
,1441,,,,2052.777099609375
,1442,,,,1706.1068115234375
,1443,,,,1583.431396484375
,1444,,,,2083.728759765625
,1445,,,,1639.23291015625
,1446,,,,1666.754638671875
,1447,,,,1821.156494140625
,1448,,,,1938.877197265625
,1449,,,,1775.8505859375
,1450,,,,1948.86669921875
,1451,,,,1547.601806640625
,1452,,,,1210.11669921875
,1453,,,,1831.76171875
,1454,,,,1837.739501953125
,1455,,,,1835.408203125
,1456,,,,2381.44970703125
,1457,,,,1720.347412109375
,1458,,,,1414.9697265625
,1459,,,,1453.058837890625
,1460,,,,1701.240966796875
,1461,,,,1815.0653076171875
,1462,,,,1340.4029541015625
,1463,,,,1467.5692138671875
,1464,,,,1638.544921875
,1465,,,,2071.399169921875
,1466,,,,1719.1544189453125
,1467,,,,1574.58837890625
,1468,,,,1910.54638671875
,1469,,,,1957.550537109375
,1470,,,,1461.3017578125
,1471,,,,2670.412353515625
45,5749,,,1728.9151611328125,
45,5749,1718.901611328125,,,
46,5799,,1928.479736328125,,
46,5849,,1488.745849609375,,
,1472,,,,1246.0126953125
,1473,,,,2035.24755859375
,1474,,,,1692.7999267578125
,1475,,,,1572.1796875
,1476,,,,2068.77099609375
,1477,,,,1624.70751953125
,1478,,,,1652.997802734375
,1479,,,,1805.943115234375
,1480,,,,1924.14208984375
,1481,,,,1764.03759765625
,1482,,,,1933.883544921875
,1483,,,,1535.7373046875
,1484,,,,1199.119384765625
,1485,,,,1818.2789306640625
,1486,,,,1823.282958984375
,1487,,,,1820.174072265625
,1488,,,,2363.621337890625
,1489,,,,1704.8621826171875
,1490,,,,1405.2474365234375
,1491,,,,1442.4285888671875
,1492,,,,1683.2471923828125
,1493,,,,1801.35107421875
,1494,,,,1329.207763671875
,1495,,,,1456.445068359375
,1496,,,,1625.600830078125
,1497,,,,2056.3271484375
,1498,,,,1702.4921875
,1499,,,,1560.244873046875
,1500,,,,1896.278076171875
,1501,,,,1940.7962646484375
,1502,,,,1447.4359130859375
,1503,,,,2644.612548828125
46,5874,,,1715.0098876953125,
46,5874,1720.2159423828125,,,
47,5899,,1769.087158203125,,
47,5949,,1892.403076171875,,
47,5999,,1591.6431884765625,,
,1504,,,,1246.848876953125
,1505,,,,2032.8726806640625
,1506,,,,1691.822265625
,1507,,,,1571.753662109375
,1508,,,,2068.628662109375
,1509,,,,1625.539794921875
,1510,,,,1654.09130859375
,1511,,,,1805.4110107421875
,1512,,,,1923.4188232421875
,1513,,,,1761.4678955078125
,1514,,,,1934.2933349609375
,1515,,,,1537.2109375
,1516,,,,1199.8846435546875
,1517,,,,1817.3310546875
,1518,,,,1821.795166015625
,1519,,,,1818.6900634765625
,1520,,,,2364.308837890625
,1521,,,,1709.4097900390625
,1522,,,,1406.5152587890625
,1523,,,,1441.4744873046875
,1524,,,,1684.9398193359375
,1525,,,,1798.976318359375
,1526,,,,1331.0428466796875
,1527,,,,1455.0498046875
,1528,,,,1623.7830810546875
,1529,,,,2058.12060546875
,1530,,,,1702.785888671875
,1531,,,,1560.35009765625
,1532,,,,1899.498291015625
,1533,,,,1944.3211669921875
,1534,,,,1448.6806640625
,1535,,,,2647.58544921875
47,5999,,,1715.2708740234375,
47,5999,1716.521728515625,,,
48,6049,,1801.826416015625,,
48,6099,,1760.7042236328125,,
,1536,,,,1243.46826171875
,1537,,,,2025.112548828125
,1538,,,,1681.7547607421875
,1539,,,,1566.22607421875
,1540,,,,2061.490966796875
,1541,,,,1620.6875
,1542,,,,1647.4503173828125
,1543,,,,1797.623779296875
,1544,,,,1915.5115966796875
,1545,,,,1754.4339599609375
,1546,,,,1927.138916015625
,1547,,,,1529.368896484375
,1548,,,,1194.1282958984375
,1549,,,,1809.2362060546875
,1550,,,,1811.997802734375
,1551,,,,1807.531494140625
,1552,,,,2355.8701171875
,1553,,,,1699.1572265625
,1554,,,,1399.153076171875
,1555,,,,1435.86669921875
,1556,,,,1679.05419921875
,1557,,,,1792.0577392578125
,1558,,,,1324.03857421875
,1559,,,,1450.081787109375
,1560,,,,1615.6697998046875
,1561,,,,2048.41064453125
,1562,,,,1693.574462890625
,1563,,,,1552.4920654296875
,1564,,,,1892.762451171875
,1565,,,,1931.663330078125
,1566,,,,1439.88525390625
,1567,,,,2644.129150390625
48,6124,,,1707.645751953125,
48,6124,1714.4307861328125,,,
49,6149,,1834.7677001953125,,
49,6199,,1890.12451171875,,
49,6249,,2148.950927734375,,
,1568,,,,1235.6683349609375
,1569,,,,2012.101806640625
,1570,,,,1675.3211669921875
,1571,,,,1554.673828125
,1572,,,,2048.62255859375
,1573,,,,1609.3564453125
,1574,,,,1635.190185546875
,1575,,,,1789.188232421875
,1576,,,,1905.341552734375
,1577,,,,1744.20751953125
,1578,,,,1915.4619140625
,1579,,,,1524.408203125
,1580,,,,1185.2728271484375
,1581,,,,1800.442626953125
,1582,,,,1804.629150390625
,1583,,,,1801.2373046875
,1584,,,,2343.674560546875
,1585,,,,1686.1143798828125
,1586,,,,1394.1973876953125
,1587,,,,1426.251220703125
,1588,,,,1663.004150390625
,1589,,,,1785.0419921875
,1590,,,,1314.536376953125
,1591,,,,1441.57470703125
,1592,,,,1608.231689453125
,1593,,,,2035.2432861328125
,1594,,,,1682.36279296875
,1595,,,,1545.7198486328125
,1596,,,,1877.7030029296875
,1597,,,,1922.5087890625
,1598,,,,1430.1124267578125
,1599,,,,2613.20849609375
49,6249,,,1697.622314453125,
49,6249,1713.0159912109375,,,
50,6299,,1874.3876953125,,
50,6349,,1542.550048828125,,
,1600,,,,1235.7783203125
,1601,,,,2006.8558349609375
,1602,,,,1675.8001708984375
,1603,,,,1553.343505859375
,1604,,,,2047.3037109375
,1605,,,,1609.387939453125
,1606,,,,1634.1685791015625
,1607,,,,1787.69287109375
,1608,,,,1903.1605224609375
,1609,,,,1741.2509765625
,1610,,,,1913.1815185546875
,1611,,,,1525.8604736328125
,1612,,,,1189.137451171875
,1613,,,,1798.001708984375
,1614,,,,1803.5159912109375
,1615,,,,1800.3572998046875
,1616,,,,2343.388671875
,1617,,,,1683.8660888671875
,1618,,,,1395.51220703125
,1619,,,,1426.454833984375
,1620,,,,1665.296875
,1621,,,,1781.8681640625
,1622,,,,1313.3128662109375
,1623,,,,1440.1058349609375
,1624,,,,1607.981689453125
,1625,,,,2033.3695068359375
,1626,,,,1682.462890625
,1627,,,,1548.359130859375
,1628,,,,1872.9798583984375
,1629,,,,1922.57177734375
,1630,,,,1428.6666259765625
,1631,,,,2615.271240234375
50,6374,,,1696.7938232421875,
50,6374,1713.7215576171875,,,
51,6399,,2050.58349609375,,
51,6449,,1331.8663330078125,,
51,6499,,1596.00048828125,,
,1632,,,,1232.8662109375
,1633,,,,2000.8712158203125
,1634,,,,1668.5584716796875
,1635,,,,1549.279541015625
,1636,,,,2038.5679931640625
,1637,,,,1605.768798828125
,1638,,,,1629.1416015625
,1639,,,,1778.778564453125
,1640,,,,1896.67724609375
,1641,,,,1735.355224609375
,1642,,,,1906.222412109375
,1643,,,,1520.0601806640625
,1644,,,,1183.544677734375
,1645,,,,1792.44970703125
,1646,,,,1794.7528076171875
,1647,,,,1789.257568359375
,1648,,,,2334.345947265625
,1649,,,,1679.104248046875
,1650,,,,1389.1429443359375
,1651,,,,1422.12060546875
,1652,,,,1660.889404296875
,1653,,,,1775.9017333984375
,1654,,,,1311.7178955078125
,1655,,,,1436.088623046875
,1656,,,,1598.939453125
,1657,,,,2027.923828125
,1658,,,,1677.103515625
,1659,,,,1540.6759033203125
,1660,,,,1869.571044921875
,1661,,,,1913.91748046875
,1662,,,,1425.6646728515625
,1663,,,,2611.97119140625
51,6499,,,1690.823974609375,
51,6499,1711.97119140625,,,
52,6549,,1764.150146484375,,
52,6599,,1447.7767333984375,,
,1664,,,,1227.884765625
,1665,,,,1998.155029296875
,1666,,,,1663.2724609375
,1667,,,,1542.84521484375
,1668,,,,2035.5516357421875
,1669,,,,1600.6627197265625
,1670,,,,1625.08642578125
,1671,,,,1776.034423828125
,1672,,,,1891.2601318359375
,1673,,,,1729.16650390625
,1674,,,,1906.23193359375
,1675,,,,1516.8145751953125
,1676,,,,1181.0875244140625
,1677,,,,1784.825439453125
,1678,,,,1786.85986328125
,1679,,,,1783.82568359375
,1680,,,,2330.98095703125
,1681,,,,1678.1201171875
,1682,,,,1384.987548828125
,1683,,,,1416.3389892578125
,1684,,,,1657.475341796875
,1685,,,,1771.646728515625
,1686,,,,1308.8170166015625
,1687,,,,1428.4930419921875
,1688,,,,1597.2998046875
,1689,,,,2023.891357421875
,1690,,,,1671.3740234375
,1691,,,,1539.724853515625
,1692,,,,1866.35107421875
,1693,,,,1911.7501220703125
,1694,,,,1422.820556640625
,1695,,,,2598.320556640625
52,6624,,,1686.6951904296875,
52,6624,1706.044189453125,,,
53,6649,,1908.971923828125,,
53,6699,,2185.119384765625,,
53,6749,,1494.71630859375,,
,1696,,,,1228.20703125
,1697,,,,1992.2301025390625
,1698,,,,1659.852294921875
,1699,,,,1543.070556640625
,1700,,,,2032.535888671875
,1701,,,,1597.66015625
,1702,,,,1622.85302734375
,1703,,,,1774.1876220703125
,1704,,,,1889.357177734375
,1705,,,,1726.731201171875
,1706,,,,1901.90869140625
,1707,,,,1513.307861328125
,1708,,,,1177.5833740234375
,1709,,,,1784.62890625
,1710,,,,1783.9677734375
,1711,,,,1782.0552978515625
,1712,,,,2328.89892578125
,1713,,,,1673.34912109375
,1714,,,,1382.54833984375
,1715,,,,1415.650634765625
,1716,,,,1652.235107421875
,1717,,,,1769.6016845703125
,1718,,,,1307.1129150390625
,1719,,,,1429.004638671875
,1720,,,,1591.733154296875
,1721,,,,2018.9921875
,1722,,,,1666.668701171875
,1723,,,,1533.935302734375
,1724,,,,1861.3912353515625
,1725,,,,1907.13671875
,1726,,,,1413.107666015625
,1727,,,,2600.267578125
53,6749,,,1683.5701904296875,
53,6749,1706.139892578125,,,
54,6799,,1744.477294921875,,
54,6849,,1594.9111328125,,
,1728,,,,1220.48291015625
,1729,,,,1979.927001953125
,1730,,,,1655.080322265625
,1731,,,,1531.64697265625
,1732,,,,2018.7464599609375
,1733,,,,1588.347412109375
,1734,,,,1612.5313720703125
,1735,,,,1764.5609130859375
,1736,,,,1879.351318359375
,1737,,,,1718.8388671875
,1738,,,,1891.4169921875
,1739,,,,1508.7099609375
,1740,,,,1172.1959228515625
,1741,,,,1775.778564453125
,1742,,,,1775.412841796875
,1743,,,,1774.6092529296875
,1744,,,,2318.251220703125
,1745,,,,1663.1302490234375
,1746,,,,1377.224853515625
,1747,,,,1408.1929931640625
,1748,,,,1642.5391845703125
,1749,,,,1759.939697265625
,1750,,,,1299.384521484375
,1751,,,,1420.70849609375
,1752,,,,1583.383544921875
,1753,,,,2011.269287109375
,1754,,,,1657.820068359375
,1755,,,,1527.254638671875
,1756,,,,1847.7423095703125
,1757,,,,1897.6868896484375
,1758,,,,1409.05615234375
,1759,,,,2569.49853515625
54,6874,,,1674.675048828125,
54,6874,1705.05517578125,,,
55,6899,,1666.67236328125,,
55,6949,,2507.82763671875,,
55,6999,,1354.283935546875,,
,1760,,,,1217.725341796875
,1761,,,,1975.8951416015625
,1762,,,,1649.211669921875
,1763,,,,1526.292724609375
,1764,,,,2017.3123779296875
,1765,,,,1584.9884033203125
,1766,,,,1609.723876953125
,1767,,,,1759.240966796875
,1768,,,,1873.5478515625
,1769,,,,1711.7510986328125
,1770,,,,1887.2615966796875
,1771,,,,1505.8062744140625
,1772,,,,1168.006591796875
,1773,,,,1769.451171875
,1774,,,,1768.6932373046875
,1775,,,,1767.8851318359375
,1776,,,,2313.968994140625
,1777,,,,1661.81494140625
,1778,,,,1371.708740234375
,1779,,,,1401.975830078125
,1780,,,,1638.8233642578125
,1781,,,,1757.800537109375
,1782,,,,1294.95703125
,1783,,,,1415.821044921875
,1784,,,,1579.183349609375
,1785,,,,2005.2353515625
,1786,,,,1654.3609619140625
,1787,,,,1523.7188720703125
,1788,,,,1843.9547119140625
,1789,,,,1892.298095703125
,1790,,,,1406.2762451171875
,1791,,,,2569.3935546875
55,6999,,,1670.30517578125,
55,6999,1703.293212890625,,,
56,7049,,1521.0142822265625,,
56,7099,,1557.0870361328125,,
,1792,,,,1216.73193359375
,1793,,,,1972.57666015625
,1794,,,,1643.8509521484375
,1795,,,,1526.6903076171875
,1796,,,,2012.2843017578125
,1797,,,,1581.89892578125
,1798,,,,1604.5230712890625
,1799,,,,1755.878662109375
,1800,,,,1871.9200439453125
,1801,,,,1711.1756591796875
,1802,,,,1884.840576171875
,1803,,,,1502.28955078125
,1804,,,,1164.357666015625
,1805,,,,1765.125
,1806,,,,1763.412353515625
,1807,,,,1763.43798828125
,1808,,,,2309.64501953125
,1809,,,,1655.4169921875
,1810,,,,1368.3271484375
,1811,,,,1399.538818359375
,1812,,,,1634.28564453125
,1813,,,,1753.890625
,1814,,,,1294.10791015625
,1815,,,,1412.6376953125
,1816,,,,1577.249755859375
,1817,,,,2001.8226318359375
,1818,,,,1647.606201171875
,1819,,,,1519.57958984375
,1820,,,,1844.65478515625
,1821,,,,1888.565185546875
,1822,,,,1402.5362548828125
,1823,,,,2562.0498046875
56,7124,,,1666.923828125,
56,7124,1700.96484375,,,
57,7149,,1773.79345703125,,
57,7199,,1750.83837890625,,
57,7249,,1680.0838623046875,,
,1824,,,,1217.007568359375
,1825,,,,1970.341064453125
,1826,,,,1645.13037109375
,1827,,,,1523.419921875
,1828,,,,2013.3817138671875
,1829,,,,1582.4439697265625
,1830,,,,1605.842529296875
,1831,,,,1756.419677734375
,1832,,,,1871.25048828125
,1833,,,,1709.347412109375
,1834,,,,1885.006103515625
,1835,,,,1503.51318359375
,1836,,,,1167.299072265625
,1837,,,,1767.2901611328125
,1838,,,,1764.1273193359375
,1839,,,,1763.15869140625
,1840,,,,2309.39208984375
,1841,,,,1656.932373046875
,1842,,,,1368.57861328125
,1843,,,,1398.236083984375
,1844,,,,1636.0858154296875
,1845,,,,1753.3575439453125
,1846,,,,1292.5322265625
,1847,,,,1410.4439697265625
,1848,,,,1577.8330078125
,1849,,,,2002.48583984375
,1850,,,,1648.846923828125
,1851,,,,1520.2132568359375
,1852,,,,1842.947265625
,1853,,,,1888.8958740234375
,1854,,,,1403.16357421875
,1855,,,,2564.64697265625
57,7249,,,1667.07470703125,
57,7249,1701.3448486328125,,,
58,7299,,1971.3656005859375,,
58,7349,,1979.925048828125,,
,1856,,,,1213.137939453125
,1857,,,,1961.922119140625
,1858,,,,1638.736328125
,1859,,,,1519.529052734375
,1860,,,,2005.486328125
,1861,,,,1576.7105712890625
,1862,,,,1600.840576171875
,1863,,,,1749.820068359375
,1864,,,,1864.3173828125
,1865,,,,1705.03076171875
,1866,,,,1877.215087890625
,1867,,,,1499.343994140625
,1868,,,,1161.439208984375
,1869,,,,1761.631591796875
,1870,,,,1758.2606201171875
,1871,,,,1756.66162109375
,1872,,,,2304.863037109375
,1873,,,,1650.401611328125
,1874,,,,1365.6279296875
,1875,,,,1394.2098388671875
,1876,,,,1626.0296630859375
,1877,,,,1748.861572265625
,1878,,,,1287.703857421875
,1879,,,,1406.3778076171875
,1880,,,,1571.5640869140625
,1881,,,,1994.83984375
,1882,,,,1643.54638671875
,1883,,,,1513.6240234375
,1884,,,,1834.371337890625
,1885,,,,1881.878662109375
,1886,,,,1394.4315185546875
,1887,,,,2557.73681640625
58,7374,,,1661.05126953125,
58,7374,1696.6650390625,,,
59,7399,,1920.321044921875,,
59,7449,,2143.9072265625,,
59,7499,,1627.954833984375,,
,1888,,,,1210.977783203125
,1889,,,,1959.5147705078125
,1890,,,,1638.8330078125
,1891,,,,1516.774658203125
,1892,,,,2003.54052734375
,1893,,,,1572.8515625
,1894,,,,1596.458984375
,1895,,,,1745.865966796875
,1896,,,,1859.222900390625
,1897,,,,1700.9405517578125
,1898,,,,1874.661865234375
,1899,,,,1496.3067626953125
,1900,,,,1160.1025390625
,1901,,,,1756.73583984375
,1902,,,,1754.2138671875
,1903,,,,1753.993408203125
,1904,,,,2299.97607421875
,1905,,,,1647.25439453125
,1906,,,,1362.3203125
,1907,,,,1392.11669921875
,1908,,,,1624.83935546875
,1909,,,,1745.655517578125
,1910,,,,1287.205322265625
,1911,,,,1403.66552734375
,1912,,,,1569.9605712890625
,1913,,,,1992.41259765625
,1914,,,,1638.3697509765625
,1915,,,,1512.976806640625
,1916,,,,1830.730712890625
,1917,,,,1878.8038330078125
,1918,,,,1396.7325439453125
,1919,,,,2543.52978515625
59,7499,,,1658.23681640625,
59,7499,1696.122314453125,,,
60,7549,,1686.237060546875,,
60,7599,,1770.013671875,,
,1920,,,,1206.1636962890625
,1921,,,,1952.19482421875
,1922,,,,1632.5565185546875
,1923,,,,1510.617919921875
,1924,,,,1995.5577392578125
,1925,,,,1567.4444580078125
,1926,,,,1589.2459716796875
,1927,,,,1738.8592529296875
,1928,,,,1853.595947265625
,1929,,,,1695.66845703125
,1930,,,,1867.589599609375
,1931,,,,1491.4246826171875
,1932,,,,1152.469482421875
,1933,,,,1749.9937744140625
,1934,,,,1748.802734375
,1935,,,,1746.7767333984375
,1936,,,,2291.92626953125
,1937,,,,1637.6971435546875
,1938,,,,1356.331787109375
,1939,,,,1384.6112060546875
,1940,,,,1617.2796630859375
,1941,,,,1738.4617919921875
,1942,,,,1280.514404296875
,1943,,,,1396.0887451171875
,1944,,,,1563.318115234375
,1945,,,,1985.960205078125
,1946,,,,1630.29052734375
,1947,,,,1505.983154296875
,1948,,,,1825.208740234375
,1949,,,,1869.9580078125
,1950,,,,1391.8448486328125
,1951,,,,2528.82666015625
60,7624,,,1651.4124755859375,
60,7624,1698.5335693359375,,,
61,7649,,1528.98291015625,,
61,7699,,2062.375244140625,,
61,7749,,1765.0518798828125,,
,1952,,,,1209.8575439453125
,1953,,,,1957.742919921875
,1954,,,,1635.306640625
,1955,,,,1511.7432861328125
,1956,,,,2003.045166015625
,1957,,,,1571.54052734375
,1958,,,,1594.02197265625
,1959,,,,1742.99462890625
,1960,,,,1856.3408203125
,1961,,,,1698.8536376953125
,1962,,,,1871.971923828125
,1963,,,,1495.6007080078125
,1964,,,,1157.7744140625
,1965,,,,1751.1961669921875
,1966,,,,1751.826171875
,1967,,,,1750.0576171875
,1968,,,,2297.1181640625
,1969,,,,1646.3201904296875
,1970,,,,1359.576904296875
,1971,,,,1390.10986328125
,1972,,,,1626.352294921875
,1973,,,,1743.1256103515625
,1974,,,,1283.07275390625
,1975,,,,1402.9683837890625
,1976,,,,1566.70703125
,1977,,,,1986.6021728515625
,1978,,,,1633.4200439453125
,1979,,,,1511.7073974609375
,1980,,,,1829.17333984375
,1981,,,,1874.6605224609375
,1982,,,,1395.6873779296875
,1983,,,,2542.609375
61,7749,,,1655.7481689453125,
61,7749,1694.429443359375,,,
62,7799,,1586.596923828125,,
62,7849,,1554.6990966796875,,
,1984,,,,1202.7828369140625
,1985,,,,1945.2437744140625
,1986,,,,1624.84912109375
,1987,,,,1506.2567138671875
,1988,,,,1989.419677734375
,1989,,,,1564.39892578125
,1990,,,,1585.88525390625
,1991,,,,1734.783935546875
,1992,,,,1849.436767578125
,1993,,,,1693.760498046875
,1994,,,,1860.501708984375
,1995,,,,1486.8240966796875
,1996,,,,1149.04833984375
,1997,,,,1745.7249755859375
,1998,,,,1741.982421875
,1999,,,,1740.0020751953125
,2000,,,,2286.9521484375
,2001,,,,1634.25439453125
,2002,,,,1349.090576171875
,2003,,,,1381.945556640625
,2004,,,,1616.6153564453125
,2005,,,,1733.2340087890625
,2006,,,,1277.6044921875
,2007,,,,1394.9786376953125
,2008,,,,1555.2843017578125
,2009,,,,1980.606201171875
,2010,,,,1625.337890625
,2011,,,,1502.95556640625
,2012,,,,1820.8489990234375
,2013,,,,1864.04541015625
,2014,,,,1382.7652587890625
,2015,,,,2526.9248046875
62,7874,,,1646.69287109375,
62,7874,1693.417724609375,,,
63,7899,,1902.614013671875,,
63,7949,,1698.358154296875,,
63,7999,,2056.781494140625,,
,2016,,,,1202.38671875
,2017,,,,1943.237060546875
,2018,,,,1625.3541259765625
,2019,,,,1503.275390625
,2020,,,,1989.12646484375
,2021,,,,1563.647705078125
,2022,,,,1583.9927978515625
,2023,,,,1733.9537353515625
,2024,,,,1848.9259033203125
,2025,,,,1691.43896484375
,2026,,,,1862.088623046875
,2027,,,,1487.3134765625
,2028,,,,1148.097412109375
,2029,,,,1741.678466796875
,2030,,,,1741.479736328125
,2031,,,,1740.248046875
,2032,,,,2283.701904296875
,2033,,,,1631.326416015625
,2034,,,,1349.6119384765625
,2035,,,,1382.1082763671875
,2036,,,,1613.435546875
,2037,,,,1731.6689453125
,2038,,,,1275.3192138671875
,2039,,,,1392.95703125
,2040,,,,1553.9317626953125
,2041,,,,1977.566650390625
,2042,,,,1623.131103515625
,2043,,,,1500.990478515625
,2044,,,,1818.6778564453125
,2045,,,,1862.357666015625
,2046,,,,1385.303955078125
,2047,,,,2523.960205078125
63,7999,,,1645.4185791015625,
63,7999,1694.4669189453125,,,
64,8049,,1436.197509765625,,
64,8099,,1447.43310546875,,
,2048,,,,1207.05859375
,2049,,,,1948.8946533203125
,2050,,,,1632.250244140625
,2051,,,,1507.543212890625
,2052,,,,1991.17333984375
,2053,,,,1569.436767578125
,2054,,,,1589.802490234375
,2055,,,,1737.3753662109375
,2056,,,,1851.272705078125
,2057,,,,1691.730712890625
,2058,,,,1863.5281982421875
,2059,,,,1491.9649658203125
,2060,,,,1153.499755859375
,2061,,,,1749.552978515625
,2062,,,,1746.669189453125
,2063,,,,1745.444091796875
,2064,,,,2288.634765625
,2065,,,,1644.0325927734375
,2066,,,,1358.4212646484375
,2067,,,,1384.774658203125
,2068,,,,1617.8065185546875
,2069,,,,1737.567626953125
,2070,,,,1281.29345703125
,2071,,,,1392.3408203125
,2072,,,,1556.3607177734375
,2073,,,,1983.3612060546875
,2074,,,,1632.0474853515625
,2075,,,,1508.2332763671875
,2076,,,,1823.22607421875
,2077,,,,1871.8525390625
,2078,,,,1392.40234375
,2079,,,,2532.81494140625
64,8124,,,1650.6478271484375,
64,8124,1692.2154541015625,,,
65,8149,,1323.656005859375,,
65,8199,,1669.561279296875,,
65,8249,,1931.2679443359375,,
,2080,,,,1197.2786865234375
,2081,,,,1940.247802734375
,2082,,,,1622.2916259765625
,2083,,,,1500.603759765625
,2084,,,,1980.4647216796875
,2085,,,,1557.627685546875
,2086,,,,1579.343505859375
,2087,,,,1728.162353515625
,2088,,,,1841.77783203125
,2089,,,,1683.006103515625
,2090,,,,1854.87890625
,2091,,,,1479.8984375
,2092,,,,1140.912353515625
,2093,,,,1739.23193359375
,2094,,,,1731.695068359375
,2095,,,,1733.757080078125
,2096,,,,2282.0595703125
,2097,,,,1633.404541015625
,2098,,,,1344.571533203125
,2099,,,,1372.518310546875
,2100,,,,1602.58203125
,2101,,,,1728.854248046875
,2102,,,,1273.2152099609375
,2103,,,,1384.702392578125
,2104,,,,1546.8922119140625
,2105,,,,1975.4090576171875
,2106,,,,1619.85302734375
,2107,,,,1494.331298828125
,2108,,,,1816.708251953125
,2109,,,,1860.68994140625
,2110,,,,1377.2076416015625
,2111,,,,2515.422607421875
65,8249,,,1640.09716796875,
65,8249,1689.3428955078125,,,
66,8299,,1388.9512939453125,,
66,8349,,1516.43408203125,,
,2112,,,,1197.056640625
,2113,,,,1936.146728515625
,2114,,,,1619.1578369140625
,2115,,,,1498.24072265625
,2116,,,,1985.3514404296875
,2117,,,,1554.9783935546875
,2118,,,,1577.20654296875
,2119,,,,1727.4127197265625
,2120,,,,1841.382568359375
,2121,,,,1681.3516845703125
,2122,,,,1857.007080078125
,2123,,,,1481.3985595703125
,2124,,,,1142.978515625
,2125,,,,1733.835205078125
,2126,,,,1731.6121826171875
,2127,,,,1734.0908203125
,2128,,,,2277.8876953125
,2129,,,,1624.621826171875
,2130,,,,1344.51806640625
,2131,,,,1371.765869140625
,2132,,,,1605.77978515625
,2133,,,,1727.440673828125
,2134,,,,1268.2978515625
,2135,,,,1386.77490234375
,2136,,,,1552.627685546875
,2137,,,,1969.08349609375
,2138,,,,1613.92822265625
,2139,,,,1495.5654296875
,2140,,,,1807.785400390625
,2141,,,,1855.8782958984375
,2142,,,,1375.720458984375
,2143,,,,2513.75390625
66,8374,,,1638.5704345703125,
66,8374,1688.927490234375,,,
67,8399,,1364.849365234375,,
67,8449,,1900.5577392578125,,
67,8499,,1501.789306640625,,
,2144,,,,1196.127685546875
,2145,,,,1935.171142578125
,2146,,,,1616.387939453125
,2147,,,,1494.172119140625
,2148,,,,1981.2777099609375
,2149,,,,1552.7264404296875
,2150,,,,1575.836669921875
,2151,,,,1724.5162353515625
,2152,,,,1838.443115234375
,2153,,,,1677.638916015625
,2154,,,,1852.322265625
,2155,,,,1478.7681884765625
,2156,,,,1142.128662109375
,2157,,,,1731.438232421875
,2158,,,,1725.84814453125
,2159,,,,1729.116455078125
,2160,,,,2274.65869140625
,2161,,,,1623.097900390625
,2162,,,,1343.443603515625
,2163,,,,1370.768798828125
,2164,,,,1602.69482421875
,2165,,,,1725.1895751953125
,2166,,,,1265.72802734375
,2167,,,,1383.59765625
,2168,,,,1547.5513916015625
,2169,,,,1967.4927978515625
,2170,,,,1612.7493896484375
,2171,,,,1491.5875244140625
,2172,,,,1806.304931640625
,2173,,,,1850.24658203125
,2174,,,,1374.631591796875
,2175,,,,2514.16259765625
67,8499,,,1635.846435546875,
67,8499,1687.771484375,,,
68,8549,,1523.702392578125,,
68,8599,,1661.8800048828125,,
,2176,,,,1198.4248046875
,2177,,,,1940.0859375
,2178,,,,1622.8909912109375
,2179,,,,1498.3336181640625
,2180,,,,1985.6651611328125
,2181,,,,1562.9715576171875
,2182,,,,1581.104736328125
,2183,,,,1731.2332763671875
,2184,,,,1842.2828369140625
,2185,,,,1685.5341796875
,2186,,,,1856.81787109375
,2187,,,,1483.5882568359375
,2188,,,,1148.69921875
,2189,,,,1741.115966796875
,2190,,,,1735.08447265625
,2191,,,,1735.9195556640625
,2192,,,,2280.981689453125
,2193,,,,1633.1126708984375
,2194,,,,1349.4122314453125
,2195,,,,1376.5218505859375
,2196,,,,1613.291748046875
,2197,,,,1729.344970703125
,2198,,,,1274.1033935546875
,2199,,,,1387.8447265625
,2200,,,,1552.5885009765625
,2201,,,,1975.278076171875
,2202,,,,1623.947998046875
,2203,,,,1501.419189453125
,2204,,,,1811.2559814453125
,2205,,,,1862.45263671875
,2206,,,,1381.6279296875
,2207,,,,2523.302001953125
68,8624,,,1642.680419921875,
68,8624,1685.762451171875,,,
69,8649,,2198.71728515625,,
69,8699,,1547.7860107421875,,
69,8749,,1695.930419921875,,
,2208,,,,1193.7392578125
,2209,,,,1931.145751953125
,2210,,,,1617.3399658203125
,2211,,,,1493.7213134765625
,2212,,,,1978.84619140625
,2213,,,,1553.825927734375
,2214,,,,1574.362548828125
,2215,,,,1723.93896484375
,2216,,,,1837.6912841796875
,2217,,,,1680.119140625
,2218,,,,1849.055908203125
,2219,,,,1479.9501953125
,2220,,,,1142.2310791015625
,2221,,,,1732.1676025390625
,2222,,,,1729.1695556640625
,2223,,,,1730.659423828125
,2224,,,,2273.3740234375
,2225,,,,1622.7640380859375
,2226,,,,1344.114501953125
,2227,,,,1370.121337890625
,2228,,,,1602.2926025390625
,2229,,,,1723.823974609375
,2230,,,,1266.557373046875
,2231,,,,1382.496337890625
,2232,,,,1546.669189453125
,2233,,,,1967.0150146484375
,2234,,,,1613.191650390625
,2235,,,,1491.81396484375
,2236,,,,1802.673095703125
,2237,,,,1852.018310546875
,2238,,,,1371.5833740234375
,2239,,,,2512.2255859375
69,8749,,,1635.408935546875,
69,8749,1685.464599609375,,,
70,8799,,1561.851806640625,,
70,8849,,1377.48779296875,,
,2240,,,,1196.95947265625
,2241,,,,1934.4749755859375
,2242,,,,1622.556396484375
,2243,,,,1496.01220703125
,2244,,,,1984.09814453125
,2245,,,,1557.5316162109375
,2246,,,,1580.0479736328125
,2247,,,,1728.57421875
,2248,,,,1841.275390625
,2249,,,,1688.44482421875
,2250,,,,1852.314208984375
,2251,,,,1485.255859375
,2252,,,,1151.182373046875
,2253,,,,1735.561767578125
,2254,,,,1729.1683349609375
,2255,,,,1732.7738037109375
,2256,,,,2273.68359375
,2257,,,,1630.489501953125
,2258,,,,1347.0545654296875
,2259,,,,1377.5184326171875
,2260,,,,1610.695556640625
,2261,,,,1725.560791015625
,2262,,,,1274.5267333984375
,2263,,,,1388.4951171875
,2264,,,,1551.2359619140625
,2265,,,,1971.608642578125
,2266,,,,1617.53466796875
,2267,,,,1503.9228515625
,2268,,,,1810.8358154296875
,2269,,,,1857.0816650390625
,2270,,,,1385.3319091796875
,2271,,,,2503.96826171875
70,8874,,,1640.569580078125,
70,8874,1686.7978515625,,,
71,8899,,1620.9638671875,,
71,8949,,1518.36474609375,,
71,8999,,1955.6015625,,
,2272,,,,1194.880126953125
,2273,,,,1934.578369140625
,2274,,,,1620.181640625
,2275,,,,1495.45947265625
,2276,,,,1980.0562744140625
,2277,,,,1557.7938232421875
,2278,,,,1576.6207275390625
,2279,,,,1726.8658447265625
,2280,,,,1837.807861328125
,2281,,,,1680.8114013671875
,2282,,,,1850.975830078125
,2283,,,,1481.038818359375
,2284,,,,1142.5888671875
,2285,,,,1735.09423828125
,2286,,,,1729.680908203125
,2287,,,,1732.425537109375
,2288,,,,2278.27294921875
,2289,,,,1630.9761962890625
,2290,,,,1343.56640625
,2291,,,,1367.42626953125
,2292,,,,1604.83203125
,2293,,,,1726.5546875
,2294,,,,1271.4642333984375
,2295,,,,1380.96337890625
,2296,,,,1547.129638671875
,2297,,,,1970.686279296875
,2298,,,,1617.6561279296875
,2299,,,,1496.8577880859375
,2300,,,,1808.0523681640625
,2301,,,,1858.7381591796875
,2302,,,,1373.8480224609375
,2303,,,,2503.532958984375
71,8999,,,1637.7528076171875,
71,8999,1680.7950439453125,,,
72,9049,,1485.3052978515625,,
72,9099,,1410.4561767578125,,
,2304,,,,1192.30908203125
,2305,,,,1930.069091796875
,2306,,,,1609.3729248046875
,2307,,,,1490.235595703125
,2308,,,,1977.6226806640625
,2309,,,,1550.360107421875
,2310,,,,1571.1171875
,2311,,,,1717.855224609375
,2312,,,,1832.501220703125
,2313,,,,1673.683837890625
,2314,,,,1845.455078125
,2315,,,,1474.792724609375
,2316,,,,1137.5445556640625
,2317,,,,1724.66650390625
,2318,,,,1720.3499755859375
,2319,,,,1723.8087158203125
,2320,,,,2267.817138671875
,2321,,,,1619.1719970703125
,2322,,,,1336.383544921875
,2323,,,,1365.21875
,2324,,,,1598.09423828125
,2325,,,,1721.6221923828125
,2326,,,,1260.127685546875
,2327,,,,1378.713623046875
,2328,,,,1541.951416015625
,2329,,,,1958.75537109375
,2330,,,,1607.0531005859375
,2331,,,,1489.387451171875
,2332,,,,1799.506103515625
,2333,,,,1845.882568359375
,2334,,,,1365.40283203125
,2335,,,,2515.259765625
72,9124,,,1630.5809326171875,
72,9124,1680.2716064453125,,,
73,9149,,2035.2822265625,,
73,9199,,1404.7398681640625,,
73,9249,,2022.1864013671875,,
,2336,,,,1189.67529296875
,2337,,,,1925.860595703125
,2338,,,,1610.3026123046875
,2339,,,,1488.892578125
,2340,,,,1970.0931396484375
,2341,,,,1549.860107421875
,2342,,,,1567.83740234375
,2343,,,,1717.346435546875
,2344,,,,1831.2969970703125
,2345,,,,1672.884033203125
,2346,,,,1843.5465087890625
,2347,,,,1472.9764404296875
,2348,,,,1135.991455078125
,2349,,,,1725.193359375
,2350,,,,1719.25732421875
,2351,,,,1722.02685546875
,2352,,,,2265.645263671875
,2353,,,,1620.75048828125
,2354,,,,1336.02001953125
,2355,,,,1363.5634765625
,2356,,,,1594.6082763671875
,2357,,,,1718.737548828125
,2358,,,,1262.4345703125
,2359,,,,1375.841796875
,2360,,,,1538.13623046875
,2361,,,,1962.355712890625
,2362,,,,1608.2135009765625
,2363,,,,1487.702392578125
,2364,,,,1802.0113525390625
,2365,,,,1846.671630859375
,2366,,,,1367.56787109375
,2367,,,,2500.35107421875
73,9249,,,1629.388427734375,
73,9249,1681.27783203125,,,
74,9299,,1485.851806640625,,
74,9349,,1953.9931640625,,
,2368,,,,1189.8763427734375
,2369,,,,1924.791259765625
,2370,,,,1608.57080078125
,2371,,,,1489.281494140625
,2372,,,,1970.944091796875
,2373,,,,1551.3388671875
,2374,,,,1569.22900390625
,2375,,,,1718.99365234375
,2376,,,,1832.4453125
,2377,,,,1671.994140625
,2378,,,,1843.2203369140625
,2379,,,,1473.2005615234375
,2380,,,,1137.6082763671875
,2381,,,,1727.046630859375
,2382,,,,1719.7685546875
,2383,,,,1723.1326904296875
,2384,,,,2265.211669921875
,2385,,,,1621.2578125
,2386,,,,1336.6650390625
,2387,,,,1365.5927734375
,2388,,,,1595.94482421875
,2389,,,,1718.119140625
,2390,,,,1263.0439453125
,2391,,,,1375.197998046875
,2392,,,,1536.461181640625
,2393,,,,1962.3763427734375
,2394,,,,1607.172607421875
,2395,,,,1488.3243408203125
,2396,,,,1799.6759033203125
,2397,,,,1845.5628662109375
,2398,,,,1366.2044677734375
,2399,,,,2510.930419921875
74,9374,,,1629.6314697265625,
74,9374,1681.2471923828125,,,
75,9399,,1618.6497802734375,,
75,9449,,2189.85888671875,,
75,9499,,1495.111083984375,,
,2400,,,,1190.3306884765625
,2401,,,,1923.4649658203125
,2402,,,,1609.1441650390625
,2403,,,,1487.814208984375
,2404,,,,1970.233642578125
,2405,,,,1549.209228515625
,2406,,,,1568.356689453125
,2407,,,,1716.9833984375
,2408,,,,1830.0965576171875
,2409,,,,1677.0384521484375
,2410,,,,1840.653076171875
,2411,,,,1472.8935546875
,2412,,,,1137.296142578125
,2413,,,,1725.271728515625
,2414,,,,1721.5504150390625
,2415,,,,1722.3651123046875
,2416,,,,2262.32568359375
,2417,,,,1618.7462158203125
,2418,,,,1337.3343505859375
,2419,,,,1366.565185546875
,2420,,,,1597.20361328125
,2421,,,,1716.9696044921875
,2422,,,,1263.611083984375
,2423,,,,1377.3927001953125
,2424,,,,1536.812744140625
,2425,,,,1959.93798828125
,2426,,,,1605.37646484375
,2427,,,,1488.5595703125
,2428,,,,1801.061279296875
,2429,,,,1841.9735107421875
,2430,,,,1372.732177734375
,2431,,,,2498.569580078125
75,9499,,,1629.24609375,
75,9499,1678.6260986328125,,,
76,9549,,2338.0078125,,
76,9599,,2080.1572265625,,
,2432,,,,1191.625732421875
,2433,,,,1926.3795166015625
,2434,,,,1609.99072265625
,2435,,,,1487.5858154296875
,2436,,,,1974.84619140625
,2437,,,,1554.220703125
,2438,,,,1571.0877685546875
,2439,,,,1718.5517578125
,2440,,,,1831.619873046875
,2441,,,,1674.129638671875
,2442,,,,1842.9921875
,2443,,,,1476.076416015625
,2444,,,,1140.640869140625
,2445,,,,1726.03466796875
,2446,,,,1721.985595703125
,2447,,,,1723.354736328125
,2448,,,,2264.65478515625
,2449,,,,1625.1683349609375
,2450,,,,1335.521484375
,2451,,,,1363.500732421875
,2452,,,,1603.68701171875
,2453,,,,1720.62158203125
,2454,,,,1264.1429443359375
,2455,,,,1375.224609375
,2456,,,,1540.66162109375
,2457,,,,1960.7669677734375
,2458,,,,1610.43896484375
,2459,,,,1494.7530517578125
,2460,,,,1801.544921875
,2461,,,,1846.47607421875
,2462,,,,1372.8916015625
,2463,,,,2501.9384765625
76,9624,,,1631.2530517578125,
76,9624,1677.78125,,,
77,9649,,1500.2528076171875,,
77,9699,,1434.6568603515625,,
77,9749,,1688.438232421875,,
,2464,,,,1186.042724609375
,2465,,,,1920.942626953125
,2466,,,,1606.538818359375
,2467,,,,1483.7425537109375
,2468,,,,1968.4912109375
,2469,,,,1548.205078125
,2470,,,,1566.9921875
,2471,,,,1714.15283203125
,2472,,,,1828.7685546875
,2473,,,,1673.7392578125
,2474,,,,1840.12060546875
,2475,,,,1473.398681640625
,2476,,,,1135.449951171875
,2477,,,,1722.11474609375
,2478,,,,1719.1700439453125
,2479,,,,1719.332275390625
,2480,,,,2260.93701171875
,2481,,,,1616.8629150390625
,2482,,,,1336.5220947265625
,2483,,,,1363.0750732421875
,2484,,,,1596.22802734375
,2485,,,,1715.869384765625
,2486,,,,1259.8734130859375
,2487,,,,1372.440673828125
,2488,,,,1536.1422119140625
,2489,,,,1958.808837890625
,2490,,,,1605.774658203125
,2491,,,,1485.7548828125
,2492,,,,1797.177734375
,2493,,,,1840.149658203125
,2494,,,,1368.483154296875
,2495,,,,2493.04931640625
77,9749,,,1627.02587890625,
77,9749,1678.1279296875,,,
78,9799,,1591.037109375,,
78,9849,,1920.6334228515625,,
,2496,,,,1186.984619140625
,2497,,,,1924.4521484375
,2498,,,,1608.141357421875
,2499,,,,1487.851806640625
,2500,,,,1969.490478515625
,2501,,,,1550.2547607421875
,2502,,,,1568.487548828125
,2503,,,,1714.7703857421875
,2504,,,,1828.480224609375
,2505,,,,1675.0863037109375
,2506,,,,1842.422607421875
,2507,,,,1471.4228515625
,2508,,,,1134.197021484375
,2509,,,,1723.4490966796875
,2510,,,,1718.7889404296875
,2511,,,,1719.70947265625
,2512,,,,2264.8955078125
,2513,,,,1622.224853515625
,2514,,,,1335.15966796875
,2515,,,,1361.0802001953125
,2516,,,,1596.2813720703125
,2517,,,,1719.062255859375
,2518,,,,1263.553466796875
,2519,,,,1374.3043212890625
,2520,,,,1536.43603515625
,2521,,,,1957.7978515625
,2522,,,,1606.2052001953125
,2523,,,,1488.135498046875
,2524,,,,1802.1357421875
,2525,,,,1845.713134765625
,2526,,,,1365.8125
,2527,,,,2496.025390625
78,9874,,,1628.377685546875,
78,9874,1671.8427734375,,,
79,9899,,1675.9715576171875,,
79,9949,,1602.7255859375,,
79,9999,,1742.455078125,,
,2528,,,,1187.810546875
,2529,,,,1919.497802734375
,2530,,,,1603.451416015625
,2531,,,,1481.77099609375
,2532,,,,1969.4912109375
,2533,,,,1548.290283203125
,2534,,,,1567.563720703125
,2535,,,,1710.8665771484375
,2536,,,,1824.67724609375
,2537,,,,1668.9940185546875
,2538,,,,1838.217529296875
,2539,,,,1469.318115234375
,2540,,,,1133.3365478515625
,2541,,,,1719.909912109375
,2542,,,,1711.089599609375
,2543,,,,1711.8355712890625
,2544,,,,2263.867431640625
,2545,,,,1617.23193359375
,2546,,,,1329.1500244140625
,2547,,,,1357.89306640625
,2548,,,,1596.7940673828125
,2549,,,,1715.402099609375
,2550,,,,1257.8271484375
,2551,,,,1370.2947998046875
,2552,,,,1532.279296875
,2553,,,,1953.4990234375
,2554,,,,1600.44970703125
,2555,,,,1483.7220458984375
,2556,,,,1797.645263671875
,2557,,,,1838.76513671875
,2558,,,,1363.44580078125
,2559,,,,2493.409912109375
79,9999,,,1624.567626953125,
79,9999,1673.3408203125,,,
80,10049,,1683.524169921875,,
80,10099,,1875.1829833984375,,
,2560,,,,1185.648193359375
,2561,,,,1920.167724609375
,2562,,,,1603.56982421875
,2563,,,,1484.367919921875
,2564,,,,1966.48388671875
,2565,,,,1547.9010009765625
,2566,,,,1565.210205078125
,2567,,,,1711.5546875
,2568,,,,1825.90380859375
,2569,,,,1674.080810546875
,2570,,,,1837.6474609375
,2571,,,,1468.729736328125
,2572,,,,1133.501953125
,2573,,,,1720.8970947265625
,2574,,,,1712.9879150390625
,2575,,,,1715.416015625
,2576,,,,2258.64306640625
,2577,,,,1616.1241455078125
,2578,,,,1330.055419921875
,2579,,,,1364.24072265625
,2580,,,,1597.585205078125
,2581,,,,1713.657958984375
,2582,,,,1261.4532470703125
,2583,,,,1370.730712890625
,2584,,,,1530.71728515625
,2585,,,,1959.042724609375
,2586,,,,1601.83642578125
,2587,,,,1483.17919921875
,2588,,,,1800.0106201171875
,2589,,,,1839.111328125
,2590,,,,1366.73388671875
,2591,,,,2497.8037109375
80,10124,,,1625.3323974609375,
80,10124,1673.7022705078125,,,
81,10149,,1347.8955078125,,
81,10199,,1415.056884765625,,
81,10249,,1867.5572509765625,,
,2592,,,,1181.1241455078125
,2593,,,,1915.737548828125
,2594,,,,1600.5838623046875
,2595,,,,1481.294189453125
,2596,,,,1962.3167724609375
,2597,,,,1544.110107421875
,2598,,,,1560.91064453125
,2599,,,,1706.0074462890625
,2600,,,,1822.8099365234375
,2601,,,,1667.614990234375
,2602,,,,1834.849365234375
,2603,,,,1463.719482421875
,2604,,,,1127.902099609375
,2605,,,,1717.167724609375
,2606,,,,1709.013916015625
,2607,,,,1712.8878173828125
,2608,,,,2256.95263671875
,2609,,,,1612.899169921875
,2610,,,,1327.516845703125
,2611,,,,1356.642333984375
,2612,,,,1588.849609375
,2613,,,,1711.6234130859375
,2614,,,,1256.32763671875
,2615,,,,1365.615966796875
,2616,,,,1528.00634765625
,2617,,,,1955.176025390625
,2618,,,,1600.9608154296875
,2619,,,,1479.6126708984375
,2620,,,,1793.911376953125
,2621,,,,1838.05224609375
,2622,,,,1356.851806640625
,2623,,,,2492.30810546875
81,10249,,,1621.124267578125,
81,10249,1670.9022216796875,,,
82,10299,,1689.324462890625,,
82,10349,,1139.783935546875,,
,2624,,,,1183.057373046875
,2625,,,,1914.858642578125
,2626,,,,1601.4072265625
,2627,,,,1478.0914306640625
,2628,,,,1963.5635986328125
,2629,,,,1544.670166015625
,2630,,,,1561.899658203125
,2631,,,,1706.083984375
,2632,,,,1822.9989013671875
,2633,,,,1669.8843994140625
,2634,,,,1833.274169921875
,2635,,,,1467.0712890625
,2636,,,,1130.9193115234375
,2637,,,,1716.0283203125
,2638,,,,1710.86767578125
,2639,,,,1713.492431640625
,2640,,,,2256.083984375
,2641,,,,1611.77880859375
,2642,,,,1328.05322265625
,2643,,,,1359.635498046875
,2644,,,,1594.4114990234375
,2645,,,,1710.922607421875
,2646,,,,1255.795166015625
,2647,,,,1368.5523681640625
,2648,,,,1530.81396484375
,2649,,,,1954.52685546875
,2650,,,,1601.0450439453125
,2651,,,,1482.0487060546875
,2652,,,,1792.782958984375
,2653,,,,1835.012939453125
,2654,,,,1361.628173828125
,2655,,,,2490.8095703125
82,10374,,,1621.8865966796875,
82,10374,1672.7015380859375,,,
83,10399,,1811.695068359375,,
83,10449,,1504.263427734375,,
83,10499,,1807.028564453125,,
,2656,,,,1180.556640625
,2657,,,,1913.0345458984375
,2658,,,,1598.8463134765625
,2659,,,,1473.6429443359375
,2660,,,,1959.158203125
,2661,,,,1539.851806640625
,2662,,,,1558.13232421875
,2663,,,,1703.0968017578125
,2664,,,,1818.68701171875
,2665,,,,1664.035400390625
,2666,,,,1829.9185791015625
,2667,,,,1465.681396484375
,2668,,,,1127.7347412109375
,2669,,,,1712.814208984375
,2670,,,,1705.7421875
,2671,,,,1709.8968505859375
,2672,,,,2251.580322265625
,2673,,,,1609.0450439453125
,2674,,,,1324.843505859375
,2675,,,,1354.758544921875
,2676,,,,1588.427001953125
,2677,,,,1708.705810546875
,2678,,,,1251.776611328125
,2679,,,,1365.08984375
,2680,,,,1527.423583984375
,2681,,,,1948.70458984375
,2682,,,,1595.80908203125
,2683,,,,1478.3306884765625
,2684,,,,1786.6663818359375
,2685,,,,1830.8768310546875
,2686,,,,1358.230224609375
,2687,,,,2483.015380859375
83,10499,,,1617.9791259765625,
83,10499,1667.785400390625,,,
84,10549,,1524.644287109375,,
84,10599,,1880.666015625,,
,2688,,,,1180.25634765625
,2689,,,,1913.4439697265625
,2690,,,,1596.7569580078125
,2691,,,,1478.34130859375
,2692,,,,1960.016845703125
,2693,,,,1540.9178466796875
,2694,,,,1561.3023681640625
,2695,,,,1703.6607666015625
,2696,,,,1820.623046875
,2697,,,,1663.635986328125
,2698,,,,1832.182373046875
,2699,,,,1461.550048828125
,2700,,,,1127.695556640625
,2701,,,,1714.063720703125
,2702,,,,1704.58203125
,2703,,,,1707.876708984375
,2704,,,,2255.14697265625
,2705,,,,1610.781982421875
,2706,,,,1324.302734375
,2707,,,,1356.6904296875
,2708,,,,1588.76806640625
,2709,,,,1708.70166015625
,2710,,,,1252.714599609375
,2711,,,,1364.522705078125
,2712,,,,1525.3411865234375
,2713,,,,1953.326416015625
,2714,,,,1597.6387939453125
,2715,,,,1476.6893310546875
,2716,,,,1792.1767578125
,2717,,,,1832.8057861328125
,2718,,,,1352.73486328125
,2719,,,,2499.36865234375
84,10624,,,1618.6910400390625,
84,10624,1669.5255126953125,,,
85,10649,,1552.93310546875,,
85,10699,,1807.95166015625,,
85,10749,,1839.57568359375,,
,2720,,,,1179.871826171875
,2721,,,,1914.646240234375
,2722,,,,1598.37744140625
,2723,,,,1476.29052734375
,2724,,,,1960.58984375
,2725,,,,1542.96728515625
,2726,,,,1560.22314453125
,2727,,,,1704.3427734375
,2728,,,,1820.0880126953125
,2729,,,,1662.89501953125
,2730,,,,1831.65576171875
,2731,,,,1463.068603515625
,2732,,,,1128.306396484375
,2733,,,,1712.800048828125
,2734,,,,1707.99072265625
,2735,,,,1709.15478515625
,2736,,,,2255.9970703125
,2737,,,,1609.90234375
,2738,,,,1323.7373046875
,2739,,,,1352.935791015625
,2740,,,,1590.9482421875
,2741,,,,1710.7662353515625
,2742,,,,1253.310302734375
,2743,,,,1362.2425537109375
,2744,,,,1529.03564453125
,2745,,,,1950.152099609375
,2746,,,,1596.4033203125
,2747,,,,1481.466796875
,2748,,,,1790.13671875
,2749,,,,1833.6712646484375
,2750,,,,1356.65234375
,2751,,,,2483.88671875
85,10749,,,1618.93115234375,
85,10749,1666.8621826171875,,,
86,10799,,1951.114013671875,,
86,10849,,1658.41943359375,,
,2752,,,,1178.212646484375
,2753,,,,1909.54638671875
,2754,,,,1593.661376953125
,2755,,,,1471.878173828125
,2756,,,,1952.9761962890625
,2757,,,,1537.963134765625
,2758,,,,1554.861083984375
,2759,,,,1700.173583984375
,2760,,,,1816.846923828125
,2761,,,,1659.755859375
,2762,,,,1826.623046875
,2763,,,,1460.8148193359375
,2764,,,,1120.924072265625
,2765,,,,1709.9365234375
,2766,,,,1703.024658203125
,2767,,,,1705.209228515625
,2768,,,,2246.567138671875
,2769,,,,1603.6787109375
,2770,,,,1322.466552734375
,2771,,,,1351.16650390625
,2772,,,,1579.5770263671875
,2773,,,,1705.532470703125
,2774,,,,1248.0556640625
,2775,,,,1358.844970703125
,2776,,,,1522.15087890625
,2777,,,,1947.594482421875
,2778,,,,1591.2657470703125
,2779,,,,1474.39697265625
,2780,,,,1783.974609375
,2781,,,,1826.4681396484375
,2782,,,,1353.0380859375
,2783,,,,2474.96142578125
86,10874,,,1613.94970703125,
86,10874,1664.3692626953125,,,
87,10899,,1568.824951171875,,
87,10949,,1755.4556884765625,,
87,10999,,1738.3466796875,,
,2784,,,,1176.614501953125
,2785,,,,1907.509521484375
,2786,,,,1594.22412109375
,2787,,,,1472.556640625
,2788,,,,1955.8746337890625
,2789,,,,1539.638916015625
,2790,,,,1556.472900390625
,2791,,,,1700.113037109375
,2792,,,,1816.9931640625
,2793,,,,1660.9658203125
,2794,,,,1826.196044921875
,2795,,,,1463.33154296875
,2796,,,,1127.1051025390625
,2797,,,,1711.009521484375
,2798,,,,1705.7669677734375
,2799,,,,1706.953369140625
,2800,,,,2246.975341796875
,2801,,,,1607.7099609375
,2802,,,,1322.8197021484375
,2803,,,,1351.712890625
,2804,,,,1587.267333984375
,2805,,,,1707.373291015625
,2806,,,,1247.9208984375
,2807,,,,1361.80615234375
,2808,,,,1523.681884765625
,2809,,,,1944.699462890625
,2810,,,,1594.9541015625
,2811,,,,1477.406494140625
,2812,,,,1783.521240234375
,2813,,,,1827.947265625
,2814,,,,1354.7138671875
,2815,,,,2477.427978515625
87,10999,,,1615.398193359375,
87,10999,1664.0511474609375,,,
88,11049,,2003.255859375,,
88,11099,,1274.108642578125,,
,2816,,,,1177.965576171875
,2817,,,,1909.62109375
,2818,,,,1594.514404296875
,2819,,,,1475.072021484375
,2820,,,,1956.191650390625
,2821,,,,1540.37109375
,2822,,,,1557.685546875
,2823,,,,1700.1712646484375
,2824,,,,1818.0294189453125
,2825,,,,1658.84033203125
,2826,,,,1828.27783203125
,2827,,,,1459.8909912109375
,2828,,,,1125.0799560546875
,2829,,,,1710.880615234375
,2830,,,,1704.03076171875
,2831,,,,1706.9847412109375
,2832,,,,2250.52587890625
,2833,,,,1609.641845703125
,2834,,,,1324.217041015625
,2835,,,,1351.0849609375
,2836,,,,1584.79345703125
,2837,,,,1707.336181640625
,2838,,,,1249.48193359375
,2839,,,,1358.553466796875
,2840,,,,1523.5592041015625
,2841,,,,1949.96728515625
,2842,,,,1596.8079833984375
,2843,,,,1476.5087890625
,2844,,,,1786.638916015625
,2845,,,,1831.06494140625
,2846,,,,1353.304443359375
,2847,,,,2490.677490234375
88,11124,,,1615.992431640625,
88,11124,1664.3599853515625,,,
89,11149,,2023.4609375,,
89,11199,,1212.14990234375,,
89,11249,,1787.835205078125,,
,2848,,,,1177.54248046875
,2849,,,,1909.949462890625
,2850,,,,1598.271484375
,2851,,,,1473.351318359375
,2852,,,,1956.279296875
,2853,,,,1540.034423828125
,2854,,,,1556.3707275390625
,2855,,,,1701.96435546875
,2856,,,,1817.6708984375
,2857,,,,1660.6376953125
,2858,,,,1829.81884765625
,2859,,,,1461.927978515625
,2860,,,,1126.3258056640625
,2861,,,,1709.408935546875
,2862,,,,1707.7203369140625
,2863,,,,1710.31884765625
,2864,,,,2250.41796875
,2865,,,,1610.5382080078125
,2866,,,,1323.7852783203125
,2867,,,,1347.6754150390625
,2868,,,,1584.94384765625
,2869,,,,1709.2176513671875
,2870,,,,1251.676025390625
,2871,,,,1360.3177490234375
,2872,,,,1527.3184814453125
,2873,,,,1946.3585205078125
,2874,,,,1596.10888671875
,2875,,,,1483.0970458984375
,2876,,,,1786.8082275390625
,2877,,,,1833.5927734375
,2878,,,,1357.1842041015625
,2879,,,,2471.0869140625
89,11249,,,1616.7811279296875,
89,11249,1661.4912109375,,,
90,11299,,1936.229736328125,,
90,11349,,1852.7899169921875,,
,2880,,,,1176.489013671875
,2881,,,,1908.5928955078125
,2882,,,,1594.87841796875
,2883,,,,1471.2176513671875
,2884,,,,1953.5828857421875
,2885,,,,1536.267333984375
,2886,,,,1552.577880859375
,2887,,,,1698.794677734375
,2888,,,,1814.31689453125
,2889,,,,1657.4365234375
,2890,,,,1826.8878173828125
,2891,,,,1459.388916015625
,2892,,,,1122.911865234375
,2893,,,,1705.2939453125
,2894,,,,1703.369873046875
,2895,,,,1708.6513671875
,2896,,,,2246.349853515625
,2897,,,,1605.631103515625
,2898,,,,1320.426513671875
,2899,,,,1347.1162109375
,2900,,,,1576.83935546875
,2901,,,,1707.953369140625
,2902,,,,1247.66064453125
,2903,,,,1359.1953125
,2904,,,,1523.821533203125
,2905,,,,1943.3927001953125
,2906,,,,1592.6126708984375
,2907,,,,1476.1417236328125
,2908,,,,1782.706787109375
,2909,,,,1828.85693359375
,2910,,,,1353.33251953125
,2911,,,,2473.66650390625
90,11374,,,1613.4754638671875,
90,11374,1664.9677734375,,,
91,11399,,1552.309326171875,,
91,11449,,1581.6025390625,,
91,11499,,1557.1890869140625,,
,2912,,,,1174.275634765625
,2913,,,,1901.9110107421875
,2914,,,,1589.5567626953125
,2915,,,,1470.519775390625
,2916,,,,1950.2880859375
,2917,,,,1531.903564453125
,2918,,,,1551.3382568359375
,2919,,,,1694.388916015625
,2920,,,,1813.29833984375
,2921,,,,1656.0726318359375
,2922,,,,1823.1390380859375
,2923,,,,1455.62744140625
,2924,,,,1120.8287353515625
,2925,,,,1702.12109375
,2926,,,,1697.74755859375
,2927,,,,1702.717529296875
,2928,,,,2242.27734375
,2929,,,,1600.6710205078125
,2930,,,,1318.607666015625
,2931,,,,1350.133056640625
,2932,,,,1577.848388671875
,2933,,,,1702.197265625
,2934,,,,1245.644287109375
,2935,,,,1358.34375
,2936,,,,1518.5035400390625
,2937,,,,1942.5347900390625
,2938,,,,1587.853759765625
,2939,,,,1468.384033203125
,2940,,,,1780.7276611328125
,2941,,,,1822.7822265625
,2942,,,,1348.3271484375
,2943,,,,2478.88232421875
91,11499,,,1610.249267578125,
91,11499,1658.903076171875,,,
92,11549,,1593.5648193359375,,
92,11599,,1852.05810546875,,
,2944,,,,1175.149658203125
,2945,,,,1908.1844482421875
,2946,,,,1594.357666015625
,2947,,,,1467.6624755859375
,2948,,,,1951.128173828125
,2949,,,,1535.163818359375
,2950,,,,1551.77587890625
,2951,,,,1697.221923828125
,2952,,,,1812.35693359375
,2953,,,,1657.378173828125
,2954,,,,1822.8919677734375
,2955,,,,1458.024658203125
,2956,,,,1120.2177734375
,2957,,,,1706.248779296875
,2958,,,,1702.0380859375
,2959,,,,1703.629638671875
,2960,,,,2244.779296875
,2961,,,,1606.849853515625
,2962,,,,1319.757080078125
,2963,,,,1343.8616943359375
,2964,,,,1579.56884765625
,2965,,,,1707.464111328125
,2966,,,,1249.760986328125
,2967,,,,1356.635009765625
,2968,,,,1519.337890625
,2969,,,,1941.4962158203125
,2970,,,,1592.65625
,2971,,,,1476.0550537109375
,2972,,,,1783.652587890625
,2973,,,,1827.581298828125
,2974,,,,1355.6083984375
,2975,,,,2466.24072265625
92,11624,,,1612.32177734375,
92,11624,1661.934326171875,,,
93,11649,,1393.39111328125,,
93,11699,,1935.9312744140625,,
93,11749,,1508.71044921875,,
,2976,,,,1177.14794921875
,2977,,,,1904.7275390625
,2978,,,,1595.0595703125
,2979,,,,1471.22412109375
,2980,,,,1952.9932861328125
,2981,,,,1535.79638671875
,2982,,,,1553.6029052734375
,2983,,,,1699.92041015625
,2984,,,,1815.984375
,2985,,,,1657.76611328125
,2986,,,,1826.1717529296875
,2987,,,,1459.927978515625
,2988,,,,1122.578369140625
,2989,,,,1706.752685546875
,2990,,,,1703.786376953125
,2991,,,,1707.65478515625
,2992,,,,2247.0595703125
,2993,,,,1606.1922607421875
,2994,,,,1320.98388671875
,2995,,,,1347.9974365234375
,2996,,,,1579.831787109375
,2997,,,,1706.870849609375
,2998,,,,1249.648193359375
,2999,,,,1357.3060302734375
,3000,,,,1521.99267578125
,3001,,,,1945.5645751953125
,3002,,,,1591.65625
,3003,,,,1474.93359375
,3004,,,,1783.23486328125
,3005,,,,1831.03955078125
,3006,,,,1350.033447265625
,3007,,,,2475.87255859375
93,11749,,,1613.5810546875,
93,11749,1659.2288818359375,,,
94,11799,,1715.142578125,,
94,11849,,1786.6695556640625,,
,3008,,,,1170.98193359375
,3009,,,,1897.98828125
,3010,,,,1588.40673828125
,3011,,,,1467.561767578125
,3012,,,,1946.115966796875
,3013,,,,1527.85888671875
,3014,,,,1547.402587890625
,3015,,,,1693.600830078125
,3016,,,,1810.1112060546875
,3017,,,,1654.9609375
,3018,,,,1821.0985107421875
,3019,,,,1452.744873046875
,3020,,,,1117.353759765625
,3021,,,,1699.5552978515625
,3022,,,,1695.414306640625
,3023,,,,1699.5743408203125
,3024,,,,2239.5869140625
,3025,,,,1596.1739501953125
,3026,,,,1316.119384765625
,3027,,,,1345.55615234375
,3028,,,,1574.3087158203125
,3029,,,,1700.1298828125
,3030,,,,1244.4593505859375
,3031,,,,1352.200439453125
,3032,,,,1515.5333251953125
,3033,,,,1940.3392333984375
,3034,,,,1583.122802734375
,3035,,,,1466.6641845703125
,3036,,,,1779.265380859375
,3037,,,,1819.8017578125
,3038,,,,1346.595458984375
,3039,,,,2469.008056640625
94,11874,,,1607.2908935546875,
94,11874,1660.4500732421875,,,
95,11899,,1640.525634765625,,
95,11949,,1880.641845703125,,
95,11999,,1664.2259521484375,,
,3040,,,,1168.7349853515625
,3041,,,,1898.1650390625
,3042,,,,1590.517822265625
,3043,,,,1465.465576171875
,3044,,,,1944.9014892578125
,3045,,,,1530.4776611328125
,3046,,,,1547.35009765625
,3047,,,,1693.2314453125
,3048,,,,1810.588134765625
,3049,,,,1654.8367919921875
,3050,,,,1820.815185546875
,3051,,,,1455.7608642578125
,3052,,,,1118.83447265625
,3053,,,,1700.8133544921875
,3054,,,,1698.752197265625
,3055,,,,1701.515869140625
,3056,,,,2239.993896484375
,3057,,,,1599.1329345703125
,3058,,,,1316.586181640625
,3059,,,,1344.215576171875
,3060,,,,1577.4033203125
,3061,,,,1700.5
,3062,,,,1244.189208984375
,3063,,,,1351.506103515625
,3064,,,,1517.041015625
,3065,,,,1940.2412109375
,3066,,,,1586.8695068359375
,3067,,,,1468.817626953125
,3068,,,,1778.211669921875
,3069,,,,1823.4810791015625
,3070,,,,1348.6064453125
,3071,,,,2461.70849609375
95,11999,,,1608.0953369140625,
95,11999,1656.724609375,,,
96,12049,,1418.90966796875,,
96,12099,,1439.499267578125,,
,3072,,,,1171.7823486328125
,3073,,,,1897.772216796875
,3074,,,,1587.337890625
,3075,,,,1466.2060546875
,3076,,,,1946.78759765625
,3077,,,,1527.6805419921875
,3078,,,,1547.9832763671875
,3079,,,,1690.981689453125
,3080,,,,1807.804931640625
,3081,,,,1651.905029296875
,3082,,,,1818.9097900390625
,3083,,,,1452.974853515625
,3084,,,,1119.980712890625
,3085,,,,1698.147705078125
,3086,,,,1695.198974609375
,3087,,,,1697.5885009765625
,3088,,,,2237.32373046875
,3089,,,,1598.303955078125
,3090,,,,1312.968505859375
,3091,,,,1345.248046875
,3092,,,,1577.85107421875
,3093,,,,1700.314208984375
,3094,,,,1244.6480712890625
,3095,,,,1352.8951416015625
,3096,,,,1512.288818359375
,3097,,,,1939.74951171875
,3098,,,,1582.53857421875
,3099,,,,1465.840576171875
,3100,,,,1779.6776123046875
,3101,,,,1818.01025390625
,3102,,,,1349.766357421875
,3103,,,,2473.7568359375
96,12124,,,1606.8768310546875,
96,12124,1656.941650390625,,,
97,12149,,1840.0206298828125,,
97,12199,,1739.587158203125,,
97,12249,,1290.285400390625,,
,3104,,,,1171.28271484375
,3105,,,,1898.85888671875
,3106,,,,1583.7646484375
,3107,,,,1465.7685546875
,3108,,,,1946.9383544921875
,3109,,,,1526.877685546875
,3110,,,,1546.82373046875
,3111,,,,1691.295166015625
,3112,,,,1807.44873046875
,3113,,,,1650.16748046875
,3114,,,,1819.405029296875
,3115,,,,1451.7392578125
,3116,,,,1116.9373779296875
,3117,,,,1695.9849853515625
,3118,,,,1695.3040771484375
,3119,,,,1696.23681640625
,3120,,,,2237.423095703125
,3121,,,,1595.6341552734375
,3122,,,,1312.6566162109375
,3123,,,,1343.27001953125
,3124,,,,1576.989501953125
,3125,,,,1699.121337890625
,3126,,,,1242.4747314453125
,3127,,,,1350.5859375
,3128,,,,1512.957275390625
,3129,,,,1937.3665771484375
,3130,,,,1581.565673828125
,3131,,,,1467.3758544921875
,3132,,,,1776.8154296875
,3133,,,,1817.6453857421875
,3134,,,,1346.679443359375
,3135,,,,2474.6064453125
97,12249,,,1605.82568359375,
97,12249,1654.01904296875,,,
98,12299,,2182.90625,,
98,12349,,1599.454833984375,,
,3136,,,,1173.4609375
,3137,,,,1898.718994140625
,3138,,,,1589.3304443359375
,3139,,,,1470.529296875
,3140,,,,1948.06591796875
,3141,,,,1532.17919921875
,3142,,,,1548.9736328125
,3143,,,,1693.262451171875
,3144,,,,1811.1552734375
,3145,,,,1653.5882568359375
,3146,,,,1820.620361328125
,3147,,,,1454.20166015625
,3148,,,,1121.324462890625
,3149,,,,1701.785888671875
,3150,,,,1699.58203125
,3151,,,,1702.4024658203125
,3152,,,,2240.58837890625
,3153,,,,1600.48828125
,3154,,,,1315.169677734375
,3155,,,,1346.2655029296875
,3156,,,,1580.130859375
,3157,,,,1701.562255859375
,3158,,,,1249.221435546875
,3159,,,,1352.982421875
,3160,,,,1514.8701171875
,3161,,,,1942.516845703125
,3162,,,,1586.6142578125
,3163,,,,1471.1881103515625
,3164,,,,1782.5809326171875
,3165,,,,1823.8095703125
,3166,,,,1349.2646484375
,3167,,,,2471.4033203125
98,12374,,,1609.4169921875,
98,12374,1655.1783447265625,,,
99,12399,,1765.89404296875,,
99,12449,,2046.9625244140625,,
99,12499,,1619.2406005859375,,
,3168,,,,1171.0958251953125
,3169,,,,1899.0191650390625
,3170,,,,1587.66796875
,3171,,,,1468.151611328125
,3172,,,,1944.08544921875
,3173,,,,1531.5216064453125
,3174,,,,1547.4085693359375
,3175,,,,1692.2054443359375
,3176,,,,1809.545654296875
,3177,,,,1652.7386474609375
,3178,,,,1818.7159423828125
,3179,,,,1451.972412109375
,3180,,,,1117.108642578125
,3181,,,,1700.5301513671875
,3182,,,,1700.168212890625
,3183,,,,1701.451904296875
,3184,,,,2238.22265625
,3185,,,,1599.2777099609375
,3186,,,,1314.9285888671875
,3187,,,,1344.563232421875
,3188,,,,1577.03955078125
,3189,,,,1699.2872314453125
,3190,,,,1246.52392578125
,3191,,,,1351.0426025390625
,3192,,,,1514.840576171875
,3193,,,,1940.2227783203125
,3194,,,,1585.255859375
,3195,,,,1470.1473388671875
,3196,,,,1779.74365234375
,3197,,,,1823.3778076171875
,3198,,,,1346.30224609375
,3199,,,,2471.29833984375
99,12499,,,1607.74365234375,
99,12499,1652.6802978515625,,,
