epoch,step,train_loss_epoch,train_loss_step,val_loss_epoch,val_loss_step
0,49,,308.906005859375,,
0,99,,267.3602294921875,,
0,149,,178.76480102539062,,
0,199,,243.00880432128906,,
,0,,,,253.15757751464844
,1,,,,243.58343505859375
,2,,,,230.92117309570312
,3,,,,233.12774658203125
,4,,,,268.21185302734375
,5,,,,221.82131958007812
,6,,,,242.89537048339844
,7,,,,283.0220642089844
,8,,,,220.46218872070312
,9,,,,236.45602416992188
,10,,,,200.5906982421875
,11,,,,196.492431640625
,12,,,,237.2079315185547
,13,,,,249.8837432861328
,14,,,,187.2010498046875
,15,,,,231.98292541503906
,16,,,,212.85409545898438
,17,,,,264.3281555175781
,18,,,,242.27357482910156
,19,,,,223.7899627685547
,20,,,,269.4429931640625
,21,,,,213.5592498779297
,22,,,,254.5731964111328
,23,,,,220.4217071533203
,24,,,,275.9252624511719
,25,,,,216.74176025390625
,26,,,,277.9833068847656
,27,,,,221.9169921875
,28,,,,296.024169921875
,29,,,,237.29705810546875
,30,,,,219.40634155273438
,31,,,,205.12327575683594
,32,,,,245.98060607910156
,33,,,,232.310546875
,34,,,,233.09425354003906
,35,,,,256.8505554199219
,36,,,,220.90122985839844
,37,,,,272.5889892578125
,38,,,,210.39964294433594
,39,,,,212.07199096679688
,40,,,,234.49124145507812
,41,,,,232.257568359375
,42,,,,253.00782775878906
,43,,,,245.0536651611328
,44,,,,209.6658172607422
,45,,,,246.12342834472656
,46,,,,231.90277099609375
,47,,,,199.998779296875
,48,,,,200.2128448486328
,49,,,,275.033935546875
,50,,,,246.3222198486328
,51,,,,270.2751159667969
,52,,,,226.61915588378906
,53,,,,202.0711212158203
,54,,,,165.3267364501953
,55,,,,201.3678741455078
,56,,,,271.11199951171875
,57,,,,222.3656768798828
,58,,,,208.0449981689453
,59,,,,193.97808837890625
,60,,,,232.97799682617188
,61,,,,191.2259979248047
0,244,,,233.3095245361328,
0,244,257.9665222167969,,,
1,249,,273.09307861328125,,
1,299,,230.57373046875,,
1,349,,208.97894287109375,,
1,399,,207.02407836914062,,
1,449,,158.46609497070312,,
,62,,,,192.44601440429688
,63,,,,182.06983947753906
,64,,,,173.49887084960938
,65,,,,174.4361114501953
,66,,,,200.9881134033203
,67,,,,166.53070068359375
,68,,,,183.31536865234375
,69,,,,211.5000762939453
,70,,,,164.647216796875
,71,,,,177.38558959960938
,72,,,,151.27877807617188
,73,,,,146.79429626464844
,74,,,,177.14117431640625
,75,,,,187.58273315429688
,76,,,,140.4512939453125
,77,,,,172.6121826171875
,78,,,,160.01007080078125
,79,,,,198.87493896484375
,80,,,,181.25543212890625
,81,,,,168.5078125
,82,,,,203.1050567626953
,83,,,,158.40118408203125
,84,,,,190.06585693359375
,85,,,,165.2440185546875
,86,,,,208.1169891357422
,87,,,,162.23377990722656
,88,,,,206.8407745361328
,89,,,,167.6999969482422
,90,,,,221.14666748046875
,91,,,,178.8010711669922
,92,,,,165.2890167236328
,93,,,,154.11203002929688
,94,,,,185.04335021972656
,95,,,,173.2598419189453
,96,,,,174.80853271484375
,97,,,,193.02210998535156
,98,,,,164.6729278564453
,99,,,,203.82374572753906
,100,,,,157.98619079589844
,101,,,,159.77366638183594
,102,,,,174.32131958007812
,103,,,,172.93116760253906
,104,,,,189.67616271972656
,105,,,,185.78843688964844
,106,,,,159.02432250976562
,107,,,,185.7991485595703
,108,,,,173.43556213378906
,109,,,,148.25062561035156
,110,,,,149.6747283935547
,111,,,,205.57655334472656
,112,,,,185.91322326660156
,113,,,,203.5834503173828
,114,,,,169.0537109375
,115,,,,151.3743133544922
,116,,,,123.60956573486328
,117,,,,150.2396697998047
,118,,,,201.8251495361328
,119,,,,166.9599609375
,120,,,,153.83297729492188
,121,,,,144.86544799804688
,122,,,,175.1781463623047
,123,,,,140.0136260986328
1,489,,,174.88619995117188,
1,489,204.06224060058594,,,
2,499,,169.16148376464844,,
2,549,,156.5956573486328,,
2,599,,164.34814453125,,
2,649,,132.50250244140625,,
2,699,,127.54669952392578,,
,124,,,,150.07725524902344
,125,,,,139.85394287109375
,126,,,,133.29608154296875
,127,,,,134.18370056152344
,128,,,,154.3235626220703
,129,,,,128.61973571777344
,130,,,,141.7142791748047
,131,,,,161.97732543945312
,132,,,,125.67710876464844
,133,,,,136.38401794433594
,134,,,,117.09382629394531
,135,,,,112.2779541015625
,136,,,,135.5290069580078
,137,,,,144.6087646484375
,138,,,,108.08136749267578
,139,,,,131.12339782714844
,140,,,,123.39015197753906
,141,,,,153.6806182861328
,142,,,,138.8532257080078
,143,,,,130.2633514404297
,144,,,,157.2138214111328
,145,,,,120.47745513916016
,146,,,,145.95545959472656
,147,,,,126.97817993164062
,148,,,,161.05397033691406
,149,,,,124.85884857177734
,150,,,,157.16978454589844
,151,,,,130.20677185058594
,152,,,,169.43780517578125
,153,,,,138.12786865234375
,154,,,,127.61736297607422
,155,,,,118.49868774414062
,156,,,,142.8392791748047
,157,,,,132.98948669433594
,158,,,,134.6236114501953
,159,,,,148.63116455078125
,160,,,,126.15628814697266
,161,,,,156.66477966308594
,162,,,,121.64671325683594
,163,,,,123.3871841430664
,164,,,,133.10728454589844
,165,,,,131.81674194335938
,166,,,,146.16342163085938
,167,,,,144.53660583496094
,168,,,,123.8481216430664
,169,,,,143.86907958984375
,170,,,,133.44432067871094
,171,,,,112.5814208984375
,172,,,,114.49374389648438
,173,,,,157.6463165283203
,174,,,,144.1077880859375
,175,,,,157.53787231445312
,176,,,,129.48199462890625
,177,,,,116.18962860107422
,178,,,,95.0360336303711
,179,,,,114.6856918334961
,180,,,,153.75833129882812
,181,,,,128.64434814453125
,182,,,,117.00244140625
,183,,,,111.21405792236328
,184,,,,135.31044006347656
,185,,,,105.38118743896484
2,734,,,134.48609924316406,
2,734,153.2847137451172,,,
3,749,,112.67335510253906,,
3,799,,133.42137145996094,,
3,849,,107.66287994384766,,
3,899,,139.44793701171875,,
3,949,,97.12679290771484,,
,186,,,,127.05008697509766
,187,,,,117.54946899414062
,188,,,,111.80661010742188
,189,,,,113.02568054199219
,190,,,,129.4441375732422
,191,,,,108.65673828125
,192,,,,119.18622589111328
,193,,,,135.5899658203125
,194,,,,105.05747985839844
,195,,,,114.49710845947266
,196,,,,98.66009521484375
,197,,,,93.92961883544922
,198,,,,113.51249694824219
,199,,,,121.59822082519531
,200,,,,90.88448333740234
,201,,,,108.87982177734375
,202,,,,103.82272338867188
,203,,,,129.65846252441406
,204,,,,116.27445983886719
,205,,,,109.87968444824219
,206,,,,132.95037841796875
,207,,,,100.30867767333984
,208,,,,122.67891693115234
,209,,,,106.58718872070312
,210,,,,136.04885864257812
,211,,,,105.14871215820312
,212,,,,131.13206481933594
,213,,,,110.10081481933594
,214,,,,142.32870483398438
,215,,,,116.35736083984375
,216,,,,107.58087921142578
,217,,,,99.34542846679688
,218,,,,120.39714813232422
,219,,,,112.23249053955078
,220,,,,113.3171157836914
,221,,,,125.162841796875
,222,,,,105.89710998535156
,223,,,,131.4071502685547
,224,,,,101.90596771240234
,225,,,,103.76564025878906
,226,,,,111.23847198486328
,227,,,,109.91468811035156
,228,,,,122.9571533203125
,229,,,,122.20157623291016
,230,,,,105.08605194091797
,231,,,,121.45320892333984
,232,,,,112.50667572021484
,233,,,,93.6973876953125
,234,,,,95.8951187133789
,235,,,,132.6185760498047
,236,,,,122.00921630859375
,237,,,,133.1786651611328
,238,,,,108.50371551513672
,239,,,,97.13312530517578
,240,,,,79.87455749511719
,241,,,,95.66072082519531
,242,,,,128.11203002929688
,243,,,,108.5365219116211
,244,,,,98.08978271484375
,245,,,,93.34793853759766
,246,,,,114.09677124023438
,247,,,,87.31846618652344
3,979,,,113.01813507080078,
3,979,122.54528045654297,,,
4,999,,114.0521240234375,,
4,1049,,123.30855560302734,,
4,1099,,85.0716323852539,,
4,1149,,108.20326232910156,,
4,1199,,110.72200775146484,,
,248,,,,116.4451904296875
,249,,,,108.1015625
,250,,,,102.48228454589844
,251,,,,103.98580169677734
,252,,,,118.68981170654297
,253,,,,100.15543365478516
,254,,,,109.3500747680664
,255,,,,124.20037078857422
,256,,,,96.47283172607422
,257,,,,105.12657928466797
,258,,,,90.52320098876953
,259,,,,85.99686431884766
,260,,,,104.25679779052734
,261,,,,111.5849609375
,262,,,,83.5649185180664
,263,,,,99.4200439453125
,264,,,,95.35894012451172
,265,,,,119.44745635986328
,266,,,,106.56279754638672
,267,,,,101.28858947753906
,268,,,,122.61668395996094
,269,,,,91.79226684570312
,270,,,,112.73107147216797
,271,,,,97.80715942382812
,272,,,,125.31105041503906
,273,,,,96.86326599121094
,274,,,,120.0810546875
,275,,,,101.25701141357422
,276,,,,131.19064331054688
,277,,,,106.9198989868164
,278,,,,98.69676208496094
,279,,,,91.14759826660156
,280,,,,110.53402709960938
,281,,,,103.54349517822266
,282,,,,104.12018585205078
,283,,,,115.38211822509766
,284,,,,97.14318084716797
,285,,,,120.4918212890625
,286,,,,93.2776870727539
,287,,,,95.20113372802734
,288,,,,102.1203384399414
,289,,,,100.67534637451172
,290,,,,112.84544372558594
,291,,,,112.18367004394531
,292,,,,97.01322174072266
,293,,,,111.66804504394531
,294,,,,103.62506866455078
,295,,,,85.89739227294922
,296,,,,87.88162231445312
,297,,,,121.68649291992188
,298,,,,112.47258758544922
,299,,,,122.6279296875
,300,,,,99.54736328125
,301,,,,88.8223648071289
,302,,,,73.3659896850586
,303,,,,87.47130584716797
,304,,,,117.23845672607422
,305,,,,100.06806182861328
,306,,,,90.37669372558594
,307,,,,85.74781036376953
,308,,,,105.24735260009766
,309,,,,79.80622863769531
4,1224,,,103.81071472167969,
4,1224,107.91067504882812,,,
5,1249,,111.32925415039062,,
5,1299,,87.93144989013672,,
5,1349,,80.8021240234375,,
5,1399,,85.7417984008789,,
5,1449,,99.35738372802734,,
,310,,,,111.47675323486328
,311,,,,103.78462982177734
,312,,,,98.3118896484375
,313,,,,99.89508819580078
,314,,,,113.8946762084961
,315,,,,96.30074310302734
,316,,,,104.82125091552734
,317,,,,119.11061096191406
,318,,,,92.54261779785156
,319,,,,100.81968688964844
,320,,,,86.82386779785156
,321,,,,82.47064971923828
,322,,,,100.22569274902344
,323,,,,106.86900329589844
,324,,,,80.2691879272461
,325,,,,95.34015655517578
,326,,,,91.57691192626953
,327,,,,114.92255401611328
,328,,,,102.34407806396484
,329,,,,97.35652160644531
,330,,,,117.90145111083984
,331,,,,88.07344818115234
,332,,,,108.3150863647461
,333,,,,93.86181640625
,334,,,,120.40279388427734
,335,,,,93.16404724121094
,336,,,,115.1253890991211
,337,,,,97.14081573486328
,338,,,,126.15217590332031
,339,,,,102.63118743896484
,340,,,,94.41790771484375
,341,,,,87.43496704101562
,342,,,,106.03282165527344
,343,,,,99.59022521972656
,344,,,,99.94273376464844
,345,,,,110.98744201660156
,346,,,,93.24808502197266
,347,,,,115.58570098876953
,348,,,,89.47138214111328
,349,,,,91.36721801757812
,350,,,,98.07788848876953
,351,,,,96.71047973632812
,352,,,,108.21083068847656
,353,,,,107.421630859375
,354,,,,93.12109375
,355,,,,107.05657958984375
,356,,,,99.60941314697266
,357,,,,82.6160888671875
,358,,,,84.08638763427734
,359,,,,116.56847381591797
,360,,,,108.04385375976562
,361,,,,117.90325164794922
,362,,,,95.52127075195312
,363,,,,85.21585083007812
,364,,,,70.57518005371094
,365,,,,83.82054138183594
,366,,,,112.41737365722656
,367,,,,96.25528717041016
,368,,,,86.96382904052734
,369,,,,82.34719848632812
,370,,,,101.18785858154297
,371,,,,76.69441223144531
5,1469,,,99.65103149414062,
5,1469,101.60881805419922,,,
6,1499,,90.5790023803711,,
6,1549,,94.65384674072266,,
6,1599,,124.4549560546875,,
6,1649,,102.71858978271484,,
6,1699,,90.87056732177734,,
,372,,,,108.66411590576172
,373,,,,101.46578216552734
,374,,,,96.06163787841797
,375,,,,97.66228485107422
,376,,,,111.38288879394531
,377,,,,94.24305725097656
,378,,,,102.28800201416016
,379,,,,116.35245513916016
,380,,,,90.4366226196289
,381,,,,98.50374603271484
,382,,,,84.86970520019531
,383,,,,80.69539642333984
,384,,,,98.10114288330078
,385,,,,104.21720123291016
,386,,,,78.46765899658203
,387,,,,93.2020492553711
,388,,,,89.54095458984375
,389,,,,112.39559936523438
,390,,,,100.18647003173828
,391,,,,95.13634490966797
,392,,,,115.2821273803711
,393,,,,86.17781829833984
,394,,,,106.02417755126953
,395,,,,91.74250030517578
,396,,,,117.6069107055664
,397,,,,91.14146423339844
,398,,,,112.5125961303711
,399,,,,94.77076721191406
,400,,,,123.3752670288086
,401,,,,100.29304504394531
,402,,,,92.08576202392578
,403,,,,85.41494750976562
,404,,,,103.65364074707031
,405,,,,97.39421844482422
,406,,,,97.7231216430664
,407,,,,108.46297454833984
,408,,,,91.2865219116211
,409,,,,112.93712615966797
,410,,,,87.47628784179688
,411,,,,89.28665924072266
,412,,,,95.9700698852539
,413,,,,94.67819213867188
,414,,,,105.63623046875
,415,,,,104.68171691894531
,416,,,,90.86531066894531
,417,,,,104.37016296386719
,418,,,,97.37136840820312
,419,,,,81.060302734375
,420,,,,82.02903747558594
,421,,,,113.79779815673828
,422,,,,105.5634536743164
,423,,,,115.37179565429688
,424,,,,93.3914566040039
,425,,,,83.30960845947266
,426,,,,69.08353424072266
,427,,,,81.91376495361328
,428,,,,109.90780639648438
,429,,,,94.16226959228516
,430,,,,85.15189361572266
,431,,,,80.53949737548828
,432,,,,98.97242736816406
,433,,,,75.2552719116211
6,1714,,,97.40169525146484,
6,1714,98.48787689208984,,,
7,1749,,83.86106872558594,,
7,1799,,92.01751708984375,,
7,1849,,85.13787078857422,,
7,1899,,112.72545623779297,,
7,1949,,72.38294982910156,,
,434,,,,106.97824096679688
,435,,,,100.09013366699219
,436,,,,94.73419952392578
,437,,,,96.3077163696289
,438,,,,109.88397979736328
,439,,,,92.95027160644531
,440,,,,100.72161102294922
,441,,,,114.67134857177734
,442,,,,89.15607452392578
,443,,,,97.1425552368164
,444,,,,83.71568298339844
,445,,,,79.6473388671875
,446,,,,96.8611831665039
,447,,,,102.60610961914062
,448,,,,77.34307098388672
,449,,,,91.96442413330078
,450,,,,88.34278869628906
,451,,,,110.84058380126953
,452,,,,98.87718200683594
,453,,,,93.72074127197266
,454,,,,113.67589569091797
,455,,,,85.10411834716797
,456,,,,104.65374755859375
,457,,,,90.52406311035156
,458,,,,115.86688232421875
,459,,,,89.8846206665039
,460,,,,110.95962524414062
,461,,,,93.28939056396484
,462,,,,121.71792602539062
,463,,,,98.90162658691406
,464,,,,90.71096801757812
,465,,,,84.2237319946289
,466,,,,102.24931335449219
,467,,,,96.13148498535156
,468,,,,96.41333770751953
,469,,,,106.850341796875
,470,,,,90.13736724853516
,471,,,,111.41979217529297
,472,,,,86.36321258544922
,473,,,,88.02777099609375
,474,,,,94.73464965820312
,475,,,,93.4866943359375
,476,,,,104.05350494384766
,477,,,,102.9901351928711
,478,,,,89.44837951660156
,479,,,,102.7748031616211
,480,,,,96.03461456298828
,481,,,,80.19873046875
,482,,,,80.86848449707031
,483,,,,112.13575744628906
,484,,,,104.0453872680664
,485,,,,113.78782653808594
,486,,,,92.1945571899414
,487,,,,82.23540496826172
,488,,,,68.18081665039062
,489,,,,80.88914489746094
,490,,,,108.49282836914062
,491,,,,92.88909912109375
,492,,,,84.02472686767578
,493,,,,79.46865844726562
,494,,,,97.6270523071289
,495,,,,74.42466735839844
7,1959,,,96.05720520019531,
7,1959,96.71222686767578,,,
8,1999,,83.79348754882812,,
8,2049,,85.1104507446289,,
8,2099,,112.37850189208984,,
8,2149,,123.01154327392578,,
8,2199,,103.13819122314453,,
,496,,,,105.77886199951172
,497,,,,99.23896026611328
,498,,,,93.8399887084961
,499,,,,95.42792510986328
,500,,,,108.85946655273438
,501,,,,92.01336669921875
,502,,,,99.63121032714844
,503,,,,113.59679412841797
,504,,,,88.33130645751953
,505,,,,96.24169921875
,506,,,,82.89671325683594
,507,,,,78.9087905883789
,508,,,,95.99152374267578
,509,,,,101.51109313964844
,510,,,,76.53974151611328
,511,,,,91.12654876708984
,512,,,,87.56007385253906
,513,,,,109.70308685302734
,514,,,,98.01127624511719
,515,,,,92.71566009521484
,516,,,,112.58650207519531
,517,,,,84.42843627929688
,518,,,,103.67835998535156
,519,,,,89.69805145263672
,520,,,,114.6572036743164
,521,,,,88.99188995361328
,522,,,,110.00978088378906
,523,,,,92.2072525024414
,524,,,,120.63362884521484
,525,,,,97.96991729736328
,526,,,,89.78094482421875
,527,,,,83.39987182617188
,528,,,,101.32256317138672
,529,,,,95.27305603027344
,530,,,,95.52720642089844
,531,,,,105.74980163574219
,532,,,,89.36824798583984
,533,,,,110.40702819824219
,534,,,,85.57091522216797
,535,,,,87.10564422607422
,536,,,,93.90296936035156
,537,,,,92.71656036376953
,538,,,,102.98079681396484
,539,,,,101.80904388427734
,540,,,,88.46638488769531
,541,,,,101.6913833618164
,542,,,,95.16487121582031
,543,,,,79.6448745727539
,544,,,,80.11698150634766
,545,,,,111.06704711914062
,546,,,,102.94591522216797
,547,,,,112.71665954589844
,548,,,,91.41495513916016
,549,,,,81.5196533203125
,550,,,,67.55693054199219
,551,,,,80.22050476074219
,552,,,,107.53813934326172
,553,,,,91.9742202758789
,554,,,,83.26886749267578
,555,,,,78.7516098022461
,556,,,,96.6681900024414
,557,,,,73.87428283691406
8,2204,,,95.14384460449219,
8,2204,95.5839614868164,,,
9,2249,,85.20430755615234,,
9,2299,,88.16857147216797,,
9,2349,,94.3980941772461,,
9,2399,,101.10923767089844,,
9,2449,,91.5525894165039,,
,558,,,,104.90398406982422
,559,,,,98.6087875366211
,560,,,,93.22279357910156
,561,,,,94.81536865234375
,562,,,,108.16744232177734
,563,,,,91.35265350341797
,564,,,,98.85016632080078
,565,,,,112.84480285644531
,566,,,,87.76931762695312
,567,,,,95.60380554199219
,568,,,,82.28683471679688
,569,,,,78.37239837646484
,570,,,,95.36492156982422
,571,,,,100.74808502197266
,572,,,,75.97146606445312
,573,,,,90.60887145996094
,574,,,,87.01609802246094
,575,,,,108.9240493774414
,576,,,,97.40353393554688
,577,,,,92.01576232910156
,578,,,,111.81945037841797
,579,,,,83.98556518554688
,580,,,,102.97650909423828
,581,,,,89.11399841308594
,582,,,,113.79708862304688
,583,,,,88.37506866455078
,584,,,,109.31475067138672
,585,,,,91.4683609008789
,586,,,,119.88462829589844
,587,,,,97.30560302734375
,588,,,,89.12263488769531
,589,,,,82.81153106689453
,590,,,,100.66043853759766
,591,,,,94.73841857910156
,592,,,,94.87891387939453
,593,,,,104.94175720214844
,594,,,,88.87299346923828
,595,,,,109.68599700927734
,596,,,,85.04593658447266
,597,,,,86.47947692871094
,598,,,,93.36572265625
,599,,,,92.18866729736328
,600,,,,102.25125122070312
,601,,,,101.0069351196289
,602,,,,87.7562026977539
,603,,,,100.97911071777344
,604,,,,94.59839630126953
,605,,,,79.31672668457031
,606,,,,79.59636688232422
,607,,,,110.3512954711914
,608,,,,102.1971664428711
,609,,,,111.9437255859375
,610,,,,90.89478302001953
,611,,,,81.0394058227539
,612,,,,67.1236343383789
,613,,,,79.78663635253906
,614,,,,106.90548706054688
,615,,,,91.38243103027344
,616,,,,82.76712799072266
,617,,,,78.2858657836914
,618,,,,95.96408081054688
,619,,,,73.57070922851562
9,2449,,,94.51229095458984,
9,2449,94.80810546875,,,
10,2499,,108.65949249267578,,
10,2549,,130.3717803955078,,
10,2599,,101.72722625732422,,
10,2649,,109.04085540771484,,
,620,,,,104.26126861572266
,621,,,,98.14634704589844
,622,,,,92.7620620727539
,623,,,,94.33939361572266
,624,,,,107.6591796875
,625,,,,90.84806060791016
,626,,,,98.25162506103516
,627,,,,112.33985900878906
,628,,,,87.30343627929688
,629,,,,95.16114807128906
,630,,,,81.852783203125
,631,,,,77.96401977539062
,632,,,,94.89515686035156
,633,,,,100.21460723876953
,634,,,,75.54859924316406
,635,,,,90.21805572509766
,636,,,,86.62511444091797
,637,,,,108.33888244628906
,638,,,,96.96205139160156
,639,,,,91.4521484375
,640,,,,111.22891998291016
,641,,,,83.6697769165039
,642,,,,102.47909545898438
,643,,,,88.7313232421875
,644,,,,113.14017486572266
,645,,,,87.91238403320312
,646,,,,108.79193115234375
,647,,,,90.90601348876953
,648,,,,119.30570220947266
,649,,,,96.81868743896484
,650,,,,88.60620880126953
,651,,,,82.39220428466797
,652,,,,100.18879699707031
,653,,,,94.28913879394531
,654,,,,94.41460418701172
,655,,,,104.34221649169922
,656,,,,88.50792694091797
,657,,,,109.13211059570312
,658,,,,84.62554168701172
,659,,,,86.02816009521484
,660,,,,92.96304321289062
,661,,,,91.81519317626953
,662,,,,101.7280044555664
,663,,,,100.40776824951172
,664,,,,87.23855590820312
,665,,,,100.45501708984375
,666,,,,94.1834716796875
,667,,,,79.0514144897461
,668,,,,79.22219848632812
,669,,,,109.82533264160156
,670,,,,101.59437561035156
,671,,,,111.36441802978516
,672,,,,90.53458404541016
,673,,,,80.69208526611328
,674,,,,66.8035888671875
,675,,,,79.49642181396484
,676,,,,106.42526245117188
,677,,,,90.91267395019531
,678,,,,82.3771743774414
,679,,,,77.93040466308594
,680,,,,95.40874481201172
,681,,,,73.31301879882812
10,2694,,,94.0417709350586,
10,2694,94.2376480102539,,,
11,2699,,123.64252471923828,,
11,2749,,107.93382263183594,,
11,2799,,105.75045013427734,,
11,2849,,79.42539978027344,,
11,2899,,76.30916595458984,,
,682,,,,103.7840576171875
,683,,,,97.8258285522461
,684,,,,92.45281219482422
,685,,,,94.03697204589844
,686,,,,107.32351684570312
,687,,,,90.43538665771484
,688,,,,97.84683990478516
,689,,,,111.98124694824219
,690,,,,87.0014419555664
,691,,,,94.87940979003906
,692,,,,81.47469329833984
,693,,,,77.60783386230469
,694,,,,94.5509033203125
,695,,,,99.79387664794922
,696,,,,75.21477508544922
,697,,,,89.9296875
,698,,,,86.36785125732422
,699,,,,107.91165161132812
,700,,,,96.5907974243164
,701,,,,91.03949737548828
,702,,,,110.85086059570312
,703,,,,83.42726135253906
,704,,,,102.07057189941406
,705,,,,88.4227294921875
,706,,,,112.69560241699219
,707,,,,87.52630615234375
,708,,,,108.47413635253906
,709,,,,90.52183532714844
,710,,,,118.93710327148438
,711,,,,96.46123504638672
,712,,,,88.21147155761719
,713,,,,82.05006408691406
,714,,,,99.80937194824219
,715,,,,94.0524673461914
,716,,,,94.06439208984375
,717,,,,103.89167785644531
,718,,,,88.2393569946289
,719,,,,108.66818237304688
,720,,,,84.28977966308594
,721,,,,85.63390350341797
,722,,,,92.66976165771484
,723,,,,91.5517349243164
,724,,,,101.32453155517578
,725,,,,99.95945739746094
,726,,,,86.84449768066406
,727,,,,100.15465545654297
,728,,,,93.93448638916016
,729,,,,78.84452819824219
,730,,,,78.91908264160156
,731,,,,109.49163818359375
,732,,,,101.1820297241211
,733,,,,110.94384765625
,734,,,,90.22171783447266
,735,,,,80.4444351196289
,736,,,,66.59074401855469
,737,,,,79.24089813232422
,738,,,,106.05931091308594
,739,,,,90.59364318847656
,740,,,,82.08051300048828
,741,,,,77.68445587158203
,742,,,,94.97032928466797
,743,,,,73.15071868896484
11,2939,,,93.69768524169922,
11,2939,93.8173828125,,,
12,2949,,95.76583862304688,,
12,2999,,98.05121612548828,,
12,3049,,74.10662841796875,,
12,3099,,113.69496154785156,,
12,3149,,90.92334747314453,,
,744,,,,103.39923858642578
,745,,,,97.58070373535156
,746,,,,92.246826171875
,747,,,,93.75282287597656
,748,,,,107.01713562011719
,749,,,,90.15501403808594
,750,,,,97.51416778564453
,751,,,,111.72148132324219
,752,,,,86.72219848632812
,753,,,,94.62706756591797
,754,,,,81.22553253173828
,755,,,,77.34970092773438
,756,,,,94.3067398071289
,757,,,,99.4735336303711
,758,,,,74.96651458740234
,759,,,,89.72811126708984
,760,,,,86.17644500732422
,761,,,,107.55451965332031
,762,,,,96.33708953857422
,763,,,,90.7591552734375
,764,,,,110.53609466552734
,765,,,,83.23336029052734
,766,,,,101.75460815429688
,767,,,,88.20331573486328
,768,,,,112.32503509521484
,769,,,,87.2183837890625
,770,,,,108.15431213378906
,771,,,,90.24565887451172
,772,,,,118.56729888916016
,773,,,,96.1649398803711
,774,,,,87.90318298339844
,775,,,,81.78086853027344
,776,,,,99.56423950195312
,777,,,,93.84913635253906
,778,,,,93.7679443359375
,779,,,,103.51914978027344
,780,,,,88.08033752441406
,781,,,,108.38370513916016
,782,,,,84.07209014892578
,783,,,,85.37242889404297
,784,,,,92.46649169921875
,785,,,,91.35090637207031
,786,,,,101.02835845947266
,787,,,,99.6092300415039
,788,,,,86.57548522949219
,789,,,,99.83882904052734
,790,,,,93.72050476074219
,791,,,,78.71764373779297
,792,,,,78.71051025390625
,793,,,,109.18751525878906
,794,,,,100.9112319946289
,795,,,,110.60820007324219
,796,,,,90.02064514160156
,797,,,,80.26856231689453
,798,,,,66.38961029052734
,799,,,,79.07624053955078
,800,,,,105.79917907714844
,801,,,,90.34152221679688
,802,,,,81.83284759521484
,803,,,,77.50729370117188
,804,,,,94.63725280761719
,805,,,,73.08072662353516
12,3184,,,93.43370056152344,
12,3184,93.487548828125,,,
13,3199,,111.89095306396484,,
13,3249,,115.3144302368164,,
13,3299,,86.10316467285156,,
13,3349,,72.29607391357422,,
13,3399,,98.09741973876953,,
,806,,,,103.08287048339844
,807,,,,97.38472747802734
,808,,,,92.0171890258789
,809,,,,93.59291076660156
,810,,,,106.86380767822266
,811,,,,89.86796569824219
,812,,,,97.28888702392578
,813,,,,111.45518493652344
,814,,,,86.51900482177734
,815,,,,94.45113372802734
,816,,,,80.97054290771484
,817,,,,77.14691925048828
,818,,,,94.0753402709961
,819,,,,99.22999572753906
,820,,,,74.76946258544922
,821,,,,89.54273223876953
,822,,,,85.99644470214844
,823,,,,107.26785278320312
,824,,,,96.09537506103516
,825,,,,90.43865966796875
,826,,,,110.273681640625
,827,,,,83.10498046875
,828,,,,101.45808410644531
,829,,,,88.0524673461914
,830,,,,112.02128601074219
,831,,,,86.9530029296875
,832,,,,108.02278137207031
,833,,,,89.99972534179688
,834,,,,118.37371063232422
,835,,,,95.9356918334961
,836,,,,87.64205169677734
,837,,,,81.57242584228516
,838,,,,99.34037017822266
,839,,,,93.68556213378906
,840,,,,93.60031127929688
,841,,,,103.20932006835938
,842,,,,87.9018325805664
,843,,,,108.07843780517578
,844,,,,83.86085510253906
,845,,,,85.13078308105469
,846,,,,92.32575988769531
,847,,,,91.16756439208984
,848,,,,100.82289123535156
,849,,,,99.30094146728516
,850,,,,86.31456756591797
,851,,,,99.66921997070312
,852,,,,93.51715850830078
,853,,,,78.61607360839844
,854,,,,78.55113220214844
,855,,,,109.01290893554688
,856,,,,100.6451187133789
,857,,,,110.31903839111328
,858,,,,89.79788970947266
,859,,,,80.08670806884766
,860,,,,66.2555160522461
,861,,,,78.9061508178711
,862,,,,105.58196258544922
,863,,,,90.15898132324219
,864,,,,81.69098663330078
,865,,,,77.34642028808594
,866,,,,94.3516616821289
,867,,,,73.11528015136719
13,3429,,,93.2182846069336,
13,3429,93.23095703125,,,
14,3449,,116.23993682861328,,
14,3499,,113.77084350585938,,
14,3549,,96.49678802490234,,
14,3599,,75.23409271240234,,
14,3649,,84.48561096191406,,
,868,,,,102.88945007324219
,869,,,,97.18460845947266
,870,,,,91.86518096923828
,871,,,,93.38202667236328
,872,,,,106.63195037841797
,873,,,,89.70249938964844
,874,,,,97.07499694824219
,875,,,,111.3011474609375
,876,,,,86.38798522949219
,877,,,,94.2924575805664
,878,,,,80.83374786376953
,879,,,,77.01813507080078
,880,,,,93.90360260009766
,881,,,,99.04360961914062
,882,,,,74.61737823486328
,883,,,,89.42271423339844
,884,,,,85.8847427368164
,885,,,,107.05696868896484
,886,,,,95.9172134399414
,887,,,,90.26708984375
,888,,,,110.0667953491211
,889,,,,82.98677825927734
,890,,,,101.30072021484375
,891,,,,87.90568542480469
,892,,,,111.84466552734375
,893,,,,86.76316833496094
,894,,,,107.82142639160156
,895,,,,89.83255004882812
,896,,,,118.13312530517578
,897,,,,95.74153137207031
,898,,,,87.41520690917969
,899,,,,81.38230895996094
,900,,,,99.13627624511719
,901,,,,93.5350112915039
,902,,,,93.43556213378906
,903,,,,102.95726013183594
,904,,,,87.810546875
,905,,,,107.94309997558594
,906,,,,83.69657897949219
,907,,,,84.98723602294922
,908,,,,92.16759490966797
,909,,,,91.01570892333984
,910,,,,100.6312026977539
,911,,,,99.14210510253906
,912,,,,86.10347747802734
,913,,,,99.4648208618164
,914,,,,93.40421295166016
,915,,,,78.4787826538086
,916,,,,78.36310577392578
,917,,,,108.804443359375
,918,,,,100.46685028076172
,919,,,,110.1317367553711
,920,,,,89.66259765625
,921,,,,80.00698852539062
,922,,,,66.14852905273438
,923,,,,78.79033660888672
,924,,,,105.40565490722656
,925,,,,89.97724151611328
,926,,,,81.49840545654297
,927,,,,77.19644927978516
,928,,,,94.11124420166016
,929,,,,72.94623565673828
14,3674,,,93.04832458496094,
14,3674,93.02362823486328,,,
15,3699,,94.07868957519531,,
15,3749,,115.62399291992188,,
15,3799,,103.9908676147461,,
15,3849,,99.89359283447266,,
15,3899,,92.02085876464844,,
,930,,,,102.68537139892578
,931,,,,97.0943374633789
,932,,,,91.7630615234375
,933,,,,93.26238250732422
,934,,,,106.5239028930664
,935,,,,89.5461196899414
,936,,,,96.93294525146484
,937,,,,111.19141387939453
,938,,,,86.23798370361328
,939,,,,94.1776123046875
,940,,,,80.67874145507812
,941,,,,76.88401794433594
,942,,,,93.75408172607422
,943,,,,98.8560562133789
,944,,,,74.47920989990234
,945,,,,89.30460357666016
,946,,,,85.78538513183594
,947,,,,106.85484313964844
,948,,,,95.75749969482422
,949,,,,90.08716583251953
,950,,,,109.90181732177734
,951,,,,82.89382934570312
,952,,,,101.1141357421875
,953,,,,87.80902099609375
,954,,,,111.654541015625
,955,,,,86.60482025146484
,956,,,,107.69710540771484
,957,,,,89.65925598144531
,958,,,,117.9499740600586
,959,,,,95.57318115234375
,960,,,,87.26750946044922
,961,,,,81.2282485961914
,962,,,,98.99952697753906
,963,,,,93.41683197021484
,964,,,,93.31111145019531
,965,,,,102.7601547241211
,966,,,,87.72683715820312
,967,,,,107.74846649169922
,968,,,,83.56781768798828
,969,,,,84.84190368652344
,970,,,,92.0821304321289
,971,,,,90.9005355834961
,972,,,,100.48043060302734
,973,,,,99.00074005126953
,974,,,,85.9251480102539
,975,,,,99.32542419433594
,976,,,,93.30998992919922
,977,,,,78.38593292236328
,978,,,,78.27212524414062
,979,,,,108.67302703857422
,980,,,,100.33159637451172
,981,,,,109.95382690429688
,982,,,,89.54611206054688
,983,,,,79.90465545654297
,984,,,,66.05934143066406
,985,,,,78.67694854736328
,986,,,,105.27761840820312
,987,,,,89.84358978271484
,988,,,,81.36968231201172
,989,,,,77.1229248046875
,990,,,,93.90894317626953
,991,,,,72.90933227539062
15,3919,,,92.9107894897461,
15,3919,92.85260772705078,,,
16,3949,,89.95787811279297,,
16,3999,,79.93262481689453,,
16,4049,,75.45075225830078,,
16,4099,,85.20306396484375,,
16,4149,,86.6094970703125,,
,992,,,,102.49220275878906
,993,,,,96.9833755493164
,994,,,,91.64732360839844
,995,,,,93.16400909423828
,996,,,,106.36628723144531
,997,,,,89.39823913574219
,998,,,,96.8349380493164
,999,,,,111.0379638671875
,1000,,,,86.13931274414062
,1001,,,,94.05388641357422
,1002,,,,80.54147338867188
,1003,,,,76.79261779785156
,1004,,,,93.63636779785156
,1005,,,,98.71900939941406
,1006,,,,74.35991668701172
,1007,,,,89.14899444580078
,1008,,,,85.68008422851562
,1009,,,,106.7005844116211
,1010,,,,95.6268539428711
,1011,,,,89.92548370361328
,1012,,,,109.78105163574219
,1013,,,,82.80580139160156
,1014,,,,100.95491027832031
,1015,,,,87.68775939941406
,1016,,,,111.49658203125
,1017,,,,86.47279357910156
,1018,,,,107.58889770507812
,1019,,,,89.5625991821289
,1020,,,,117.84272003173828
,1021,,,,95.4721450805664
,1022,,,,87.13195037841797
,1023,,,,81.11760711669922
,1024,,,,98.89773559570312
,1025,,,,93.3394546508789
,1026,,,,93.2000732421875
,1027,,,,102.56319427490234
,1028,,,,87.62351989746094
,1029,,,,107.62882232666016
,1030,,,,83.45626068115234
,1031,,,,84.73636627197266
,1032,,,,92.030029296875
,1033,,,,90.78662872314453
,1034,,,,100.37727355957031
,1035,,,,98.8525161743164
,1036,,,,85.79106140136719
,1037,,,,99.22814178466797
,1038,,,,93.20264434814453
,1039,,,,78.33614349365234
,1040,,,,78.21507263183594
,1041,,,,108.54927825927734
,1042,,,,100.19898223876953
,1043,,,,109.7484130859375
,1044,,,,89.45193481445312
,1045,,,,79.79363250732422
,1046,,,,65.97467803955078
,1047,,,,78.60368347167969
,1048,,,,105.17383575439453
,1049,,,,89.7310791015625
,1050,,,,81.30935668945312
,1051,,,,76.99986267089844
,1052,,,,93.77867126464844
,1053,,,,72.87933349609375
16,4164,,,92.79320526123047,
16,4164,92.7182388305664,,,
17,4199,,111.64220428466797,,
17,4249,,119.64928436279297,,
17,4299,,108.44527435302734,,
17,4349,,86.01815032958984,,
17,4399,,85.55252838134766,,
,1054,,,,102.38814544677734
,1055,,,,96.90612030029297
,1056,,,,91.5693359375
,1057,,,,93.06529998779297
,1058,,,,106.25627899169922
,1059,,,,89.30470275878906
,1060,,,,96.7376708984375
,1061,,,,110.97025299072266
,1062,,,,86.04154205322266
,1063,,,,93.97095489501953
,1064,,,,80.45870208740234
,1065,,,,76.68766784667969
,1066,,,,93.52735900878906
,1067,,,,98.5999755859375
,1068,,,,74.2763671875
,1069,,,,89.07018280029297
,1070,,,,85.61934661865234
,1071,,,,106.61612701416016
,1072,,,,95.50286865234375
,1073,,,,89.82292938232422
,1074,,,,109.70172882080078
,1075,,,,82.7333984375
,1076,,,,100.84220123291016
,1077,,,,87.60079956054688
,1078,,,,111.4100570678711
,1079,,,,86.3802719116211
,1080,,,,107.50420379638672
,1081,,,,89.48992156982422
,1082,,,,117.7548599243164
,1083,,,,95.3548812866211
,1084,,,,87.03679656982422
,1085,,,,81.02530670166016
,1086,,,,98.7574691772461
,1087,,,,93.26109313964844
,1088,,,,93.11176300048828
,1089,,,,102.44319915771484
,1090,,,,87.58008575439453
,1091,,,,107.54077911376953
,1092,,,,83.33290100097656
,1093,,,,84.6382827758789
,1094,,,,91.9574203491211
,1095,,,,90.69017028808594
,1096,,,,100.29336547851562
,1097,,,,98.74079895019531
,1098,,,,85.69129943847656
,1099,,,,99.15737915039062
,1100,,,,93.1591796875
,1101,,,,78.2399673461914
,1102,,,,78.10169219970703
,1103,,,,108.4482192993164
,1104,,,,100.14129638671875
,1105,,,,109.63729858398438
,1106,,,,89.36473083496094
,1107,,,,79.73235321044922
,1108,,,,65.90570831298828
,1109,,,,78.50090789794922
,1110,,,,105.04586029052734
,1111,,,,89.6686782836914
,1112,,,,81.21055603027344
,1113,,,,76.94976043701172
,1114,,,,93.67806243896484
,1115,,,,72.78900909423828
17,4409,,,92.70246124267578,
17,4409,92.60150909423828,,,
18,4449,,82.88700866699219,,
18,4499,,99.19514465332031,,
18,4549,,128.39212036132812,,
18,4599,,83.37425231933594,,
18,4649,,89.63162994384766,,
,1116,,,,102.24649810791016
,1117,,,,96.84293365478516
,1118,,,,91.50146484375
,1119,,,,92.98601531982422
,1120,,,,106.16474151611328
,1121,,,,89.20095825195312
,1122,,,,96.68216705322266
,1123,,,,110.89693450927734
,1124,,,,85.96844482421875
,1125,,,,93.92250061035156
,1126,,,,80.36782836914062
,1127,,,,76.66038513183594
,1128,,,,93.44171905517578
,1129,,,,98.52373504638672
,1130,,,,74.16472625732422
,1131,,,,89.00857543945312
,1132,,,,85.57579040527344
,1133,,,,106.48897552490234
,1134,,,,95.43062591552734
,1135,,,,89.67691040039062
,1136,,,,109.55580139160156
,1137,,,,82.70840454101562
,1138,,,,100.75067901611328
,1139,,,,87.5335922241211
,1140,,,,111.32154083251953
,1141,,,,86.29413604736328
,1142,,,,107.44524383544922
,1143,,,,89.36919403076172
,1144,,,,117.66218566894531
,1145,,,,95.27263641357422
,1146,,,,86.93739318847656
,1147,,,,80.93788146972656
,1148,,,,98.69380950927734
,1149,,,,93.20481872558594
,1150,,,,93.06399536132812
,1151,,,,102.28531646728516
,1152,,,,87.51953125
,1153,,,,107.44873046875
,1154,,,,83.30200958251953
,1155,,,,84.57325744628906
,1156,,,,91.9191665649414
,1157,,,,90.63350677490234
,1158,,,,100.21031951904297
,1159,,,,98.64688110351562
,1160,,,,85.5506591796875
,1161,,,,99.07083129882812
,1162,,,,93.07759857177734
,1163,,,,78.21761322021484
,1164,,,,78.07085418701172
,1165,,,,108.37818908691406
,1166,,,,100.00614929199219
,1167,,,,109.49282836914062
,1168,,,,89.29492950439453
,1169,,,,79.67865753173828
,1170,,,,65.87145233154297
,1171,,,,78.45079040527344
,1172,,,,104.99565887451172
,1173,,,,89.5654067993164
,1174,,,,81.13072204589844
,1175,,,,76.86210632324219
,1176,,,,93.53620147705078
,1177,,,,72.8124008178711
18,4654,,,92.62230682373047,
18,4654,92.4991455078125,,,
19,4699,,84.20890808105469,,
19,4749,,102.74368286132812,,
19,4799,,99.19811248779297,,
19,4849,,86.42616271972656,,
19,4899,,66.8079833984375,,
,1178,,,,102.16043853759766
,1179,,,,96.74037170410156
,1180,,,,91.46118927001953
,1181,,,,92.94597625732422
,1182,,,,106.15577697753906
,1183,,,,89.09500122070312
,1184,,,,96.65333557128906
,1185,,,,110.82906341552734
,1186,,,,85.93070220947266
,1187,,,,93.87078857421875
,1188,,,,80.30204772949219
,1189,,,,76.6126937866211
,1190,,,,93.36100006103516
,1191,,,,98.44927215576172
,1192,,,,74.09969329833984
,1193,,,,88.9722671508789
,1194,,,,85.5291976928711
,1195,,,,106.38407897949219
,1196,,,,95.3516845703125
,1197,,,,89.57474517822266
,1198,,,,109.4901123046875
,1199,,,,82.69056701660156
,1200,,,,100.64897918701172
,1201,,,,87.48224639892578
,1202,,,,111.21795654296875
,1203,,,,86.22508239746094
,1204,,,,107.3823013305664
,1205,,,,89.32101440429688
,1206,,,,117.59031677246094
,1207,,,,95.1688232421875
,1208,,,,86.82804870605469
,1209,,,,80.85205841064453
,1210,,,,98.5934066772461
,1211,,,,93.1501235961914
,1212,,,,93.00582885742188
,1213,,,,102.22612762451172
,1214,,,,87.45854949951172
,1215,,,,107.33602905273438
,1216,,,,83.2724609375
,1217,,,,84.53739166259766
,1218,,,,91.88470458984375
,1219,,,,90.58402252197266
,1220,,,,100.12905883789062
,1221,,,,98.58639526367188
,1222,,,,85.43706512451172
,1223,,,,99.00740051269531
,1224,,,,93.02322387695312
,1225,,,,78.1697769165039
,1226,,,,78.01251983642578
,1227,,,,108.31909942626953
,1228,,,,99.90740203857422
,1229,,,,109.39035034179688
,1230,,,,89.21331787109375
,1231,,,,79.64424896240234
,1232,,,,65.85736846923828
,1233,,,,78.37733459472656
,1234,,,,104.91438293457031
,1235,,,,89.51173400878906
,1236,,,,81.03290557861328
,1237,,,,76.80608367919922
,1238,,,,93.44358825683594
,1239,,,,72.79411315917969
19,4899,,,92.55551147460938,
19,4899,92.41529846191406,,,
20,4949,,102.50950622558594,,
20,4999,,71.44991302490234,,
20,5049,,92.31978607177734,,
20,5099,,103.55619812011719,,
,1240,,,,102.08710479736328
,1241,,,,96.72325134277344
,1242,,,,91.38542938232422
,1243,,,,92.90623474121094
,1244,,,,106.07252502441406
,1245,,,,89.00335693359375
,1246,,,,96.58265686035156
,1247,,,,110.81474304199219
,1248,,,,85.82736206054688
,1249,,,,93.81666564941406
,1250,,,,80.22230529785156
,1251,,,,76.53156280517578
,1252,,,,93.29556274414062
,1253,,,,98.36518096923828
,1254,,,,74.03970336914062
,1255,,,,88.87258911132812
,1256,,,,85.47618103027344
,1257,,,,106.38057708740234
,1258,,,,95.22388458251953
,1259,,,,89.51760864257812
,1260,,,,109.42279815673828
,1261,,,,82.62782287597656
,1262,,,,100.53791046142578
,1263,,,,87.4261703491211
,1264,,,,111.16629028320312
,1265,,,,86.1800765991211
,1266,,,,107.3328857421875
,1267,,,,89.26174926757812
,1268,,,,117.55054473876953
,1269,,,,95.09630584716797
,1270,,,,86.7840576171875
,1271,,,,80.79383850097656
,1272,,,,98.52957153320312
,1273,,,,93.11795806884766
,1274,,,,92.92658233642578
,1275,,,,102.1680908203125
,1276,,,,87.43058776855469
,1277,,,,107.29447937011719
,1278,,,,83.19670867919922
,1279,,,,84.45718383789062
,1280,,,,91.85021209716797
,1281,,,,90.52716827392578
,1282,,,,100.10114288330078
,1283,,,,98.47412109375
,1284,,,,85.37779998779297
,1285,,,,98.94391632080078
,1286,,,,93.01580047607422
,1287,,,,78.12918090820312
,1288,,,,77.94445037841797
,1289,,,,108.23904418945312
,1290,,,,99.8617172241211
,1291,,,,109.30693054199219
,1292,,,,89.11280822753906
,1293,,,,79.56871032714844
,1294,,,,65.83769226074219
,1295,,,,78.27407836914062
,1296,,,,104.88343811035156
,1297,,,,89.4945297241211
,1298,,,,81.019775390625
,1299,,,,76.7718505859375
,1300,,,,93.34365844726562
,1301,,,,72.81072235107422
20,5144,,,92.49539184570312,
20,5144,92.34419250488281,,,
21,5149,,78.97286987304688,,
21,5199,,92.5418930053711,,
21,5249,,108.58798217773438,,
21,5299,,89.26936340332031,,
21,5349,,102.94044494628906,,
,1302,,,,102.03726196289062
,1303,,,,96.66641998291016
,1304,,,,91.32405853271484
,1305,,,,92.81398010253906
,1306,,,,105.99261474609375
,1307,,,,88.98578643798828
,1308,,,,96.5123291015625
,1309,,,,110.74595642089844
,1310,,,,85.78359985351562
,1311,,,,93.73221588134766
,1312,,,,80.18338775634766
,1313,,,,76.48258972167969
,1314,,,,93.2225570678711
,1315,,,,98.30540466308594
,1316,,,,73.97289276123047
,1317,,,,88.76252746582031
,1318,,,,85.43296813964844
,1319,,,,106.24934387207031
,1320,,,,95.177734375
,1321,,,,89.43247985839844
,1322,,,,109.33425903320312
,1323,,,,82.59679412841797
,1324,,,,100.5693130493164
,1325,,,,87.34640502929688
,1326,,,,111.07080841064453
,1327,,,,86.10603332519531
,1328,,,,107.24472045898438
,1329,,,,89.21634674072266
,1330,,,,117.4799575805664
,1331,,,,95.04248046875
,1332,,,,86.70757293701172
,1333,,,,80.7319107055664
,1334,,,,98.45206451416016
,1335,,,,93.01026916503906
,1336,,,,92.87105560302734
,1337,,,,102.08541107177734
,1338,,,,87.40861511230469
,1339,,,,107.29820251464844
,1340,,,,83.14977264404297
,1341,,,,84.41512298583984
,1342,,,,91.79998016357422
,1343,,,,90.47947692871094
,1344,,,,100.01183319091797
,1345,,,,98.43563079833984
,1346,,,,85.31204986572266
,1347,,,,98.84497833251953
,1348,,,,92.96543884277344
,1349,,,,78.09224700927734
,1350,,,,77.91294860839844
,1351,,,,108.17097473144531
,1352,,,,99.80435180664062
,1353,,,,109.22112274169922
,1354,,,,89.11089324951172
,1355,,,,79.5438003540039
,1356,,,,65.77157592773438
,1357,,,,78.26261901855469
,1358,,,,104.83329772949219
,1359,,,,89.43732452392578
,1360,,,,80.9233627319336
,1361,,,,76.73992156982422
,1362,,,,93.22925567626953
,1363,,,,72.77945709228516
21,5389,,,92.43536376953125,
21,5389,92.28255462646484,,,
22,5399,,70.8202896118164,,
22,5449,,66.59296417236328,,
22,5499,,95.71883392333984,,
22,5549,,92.00251770019531,,
22,5599,,113.09808349609375,,
,1364,,,,101.9595718383789
,1365,,,,96.60352325439453
,1366,,,,91.34249877929688
,1367,,,,92.79959106445312
,1368,,,,105.99874877929688
,1369,,,,88.93537902832031
,1370,,,,96.5284194946289
,1371,,,,110.73703002929688
,1372,,,,85.76245880126953
,1373,,,,93.72046661376953
,1374,,,,80.1300277709961
,1375,,,,76.45683288574219
,1376,,,,93.18517303466797
,1377,,,,98.28269958496094
,1378,,,,73.94654846191406
,1379,,,,88.81214904785156
,1380,,,,85.44371032714844
,1381,,,,106.22636413574219
,1382,,,,95.13428497314453
,1383,,,,89.33248901367188
,1384,,,,109.26387786865234
,1385,,,,82.60304260253906
,1386,,,,100.46534729003906
,1387,,,,87.34624481201172
,1388,,,,111.05703735351562
,1389,,,,86.08296966552734
,1390,,,,107.26740264892578
,1391,,,,89.14708709716797
,1392,,,,117.40528106689453
,1393,,,,94.9670181274414
,1394,,,,86.65531158447266
,1395,,,,80.71419525146484
,1396,,,,98.38673400878906
,1397,,,,93.0077133178711
,1398,,,,92.85749816894531
,1399,,,,102.02730560302734
,1400,,,,87.39118194580078
,1401,,,,107.20854949951172
,1402,,,,83.11932373046875
,1403,,,,84.38860321044922
,1404,,,,91.80501556396484
,1405,,,,90.48466491699219
,1406,,,,99.9903793334961
,1407,,,,98.39066314697266
,1408,,,,85.21095275878906
,1409,,,,98.80650329589844
,1410,,,,92.9229507446289
,1411,,,,78.05287170410156
,1412,,,,77.90116882324219
,1413,,,,108.12136840820312
,1414,,,,99.7322769165039
,1415,,,,109.1589126586914
,1416,,,,89.07111358642578
,1417,,,,79.53799438476562
,1418,,,,65.78614807128906
,1419,,,,78.20425415039062
,1420,,,,104.78997802734375
,1421,,,,89.38184356689453
,1422,,,,80.87747955322266
,1423,,,,76.71670532226562
,1424,,,,93.16268157958984
,1425,,,,72.76213836669922
22,5634,,,92.40179443359375,
22,5634,92.22289276123047,,,
23,5649,,98.32240295410156,,
23,5699,,88.31361389160156,,
23,5749,,108.9266357421875,,
23,5799,,92.6984634399414,,
23,5849,,90.04841613769531,,
,1426,,,,101.9399185180664
,1427,,,,96.58245086669922
,1428,,,,91.2660903930664
,1429,,,,92.71925354003906
,1430,,,,105.9238052368164
,1431,,,,88.8813247680664
,1432,,,,96.47904205322266
,1433,,,,110.71488952636719
,1434,,,,85.70256042480469
,1435,,,,93.69859313964844
,1436,,,,80.0760498046875
,1437,,,,76.4541015625
,1438,,,,93.13888549804688
,1439,,,,98.21739959716797
,1440,,,,73.88314056396484
,1441,,,,88.76641082763672
,1442,,,,85.39178466796875
,1443,,,,106.17876434326172
,1444,,,,95.0829086303711
,1445,,,,89.30997467041016
,1446,,,,109.20884704589844
,1447,,,,82.60663604736328
,1448,,,,100.46097564697266
,1449,,,,87.263671875
,1450,,,,110.99376678466797
,1451,,,,86.02906799316406
,1452,,,,107.216796875
,1453,,,,89.11772155761719
,1454,,,,117.36763763427734
,1455,,,,94.92157745361328
,1456,,,,86.60355377197266
,1457,,,,80.67321014404297
,1458,,,,98.34355163574219
,1459,,,,92.95113372802734
,1460,,,,92.78759765625
,1461,,,,101.9896469116211
,1462,,,,87.3419418334961
,1463,,,,107.16905212402344
,1464,,,,83.08683776855469
,1465,,,,84.34417724609375
,1466,,,,91.75991821289062
,1467,,,,90.43130493164062
,1468,,,,99.94527435302734
,1469,,,,98.33350372314453
,1470,,,,85.15998840332031
,1471,,,,98.75699615478516
,1472,,,,92.90095520019531
,1473,,,,78.0035171508789
,1474,,,,77.86087036132812
,1475,,,,108.05011749267578
,1476,,,,99.68061065673828
,1477,,,,109.1258773803711
,1478,,,,89.00160217285156
,1479,,,,79.49906921386719
,1480,,,,65.74518585205078
,1481,,,,78.1806869506836
,1482,,,,104.79296875
,1483,,,,89.34175872802734
,1484,,,,80.8125228881836
,1485,,,,76.66564178466797
,1486,,,,93.12417602539062
,1487,,,,72.72351837158203
23,5879,,,92.35675811767578,
23,5879,92.17762756347656,,,
24,5899,,92.6515121459961,,
24,5949,,90.42046356201172,,
24,5999,,95.45535278320312,,
24,6049,,89.86817932128906,,
24,6099,,102.62779235839844,,
,1488,,,,101.87274169921875
,1489,,,,96.5552749633789
,1490,,,,91.24970245361328
,1491,,,,92.74439239501953
,1492,,,,105.92778015136719
,1493,,,,88.81302642822266
,1494,,,,96.45878601074219
,1495,,,,110.69058990478516
,1496,,,,85.68800354003906
,1497,,,,93.64376068115234
,1498,,,,80.03861999511719
,1499,,,,76.3895263671875
,1500,,,,93.1083984375
,1501,,,,98.1591796875
,1502,,,,73.82789611816406
,1503,,,,88.68040466308594
,1504,,,,85.37651824951172
,1505,,,,106.17222595214844
,1506,,,,95.02872467041016
,1507,,,,89.25828552246094
,1508,,,,109.19444274902344
,1509,,,,82.5643310546875
,1510,,,,100.36405944824219
,1511,,,,87.23381042480469
,1512,,,,110.98500061035156
,1513,,,,86.00306701660156
,1514,,,,107.2099380493164
,1515,,,,89.09835815429688
,1516,,,,117.3666000366211
,1517,,,,94.86664581298828
,1518,,,,86.60498809814453
,1519,,,,80.63385772705078
,1520,,,,98.30343627929688
,1521,,,,92.9742202758789
,1522,,,,92.76417541503906
,1523,,,,101.95494842529297
,1524,,,,87.33052825927734
,1525,,,,107.11563110351562
,1526,,,,83.06077575683594
,1527,,,,84.3056640625
,1528,,,,91.74525451660156
,1529,,,,90.38641357421875
,1530,,,,99.92305755615234
,1531,,,,98.28237915039062
,1532,,,,85.09110260009766
,1533,,,,98.74759674072266
,1534,,,,92.86685180664062
,1535,,,,77.97147369384766
,1536,,,,77.83895111083984
,1537,,,,108.02091217041016
,1538,,,,99.6435546875
,1539,,,,109.08427429199219
,1540,,,,88.9576187133789
,1541,,,,79.44774627685547
,1542,,,,65.74540710449219
,1543,,,,78.13854217529297
,1544,,,,104.75374603271484
,1545,,,,89.34251403808594
,1546,,,,80.81076049804688
,1547,,,,76.64409637451172
,1548,,,,93.0341796875
,1549,,,,72.77630615234375
24,6124,,,92.32491302490234,
24,6124,92.13636779785156,,,
25,6149,,101.2852554321289,,
25,6199,,80.0964126586914,,
25,6249,,82.7159194946289,,
25,6299,,64.4961929321289,,
25,6349,,101.12562561035156,,
,1550,,,,101.86551666259766
,1551,,,,96.54374694824219
,1552,,,,91.21300506591797
,1553,,,,92.73126983642578
,1554,,,,105.85191345214844
,1555,,,,88.80818939208984
,1556,,,,96.4305648803711
,1557,,,,110.66044616699219
,1558,,,,85.62059020996094
,1559,,,,93.64501953125
,1560,,,,79.98905944824219
,1561,,,,76.35794067382812
,1562,,,,93.08726501464844
,1563,,,,98.14960479736328
,1564,,,,73.8087158203125
,1565,,,,88.60907745361328
,1566,,,,85.35187530517578
,1567,,,,106.13048553466797
,1568,,,,94.94243621826172
,1569,,,,89.22433471679688
,1570,,,,109.18058013916016
,1571,,,,82.53478240966797
,1572,,,,100.34195709228516
,1573,,,,87.20601654052734
,1574,,,,111.00080108642578
,1575,,,,86.0067138671875
,1576,,,,107.13706970214844
,1577,,,,89.06525421142578
,1578,,,,117.28980255126953
,1579,,,,94.83934020996094
,1580,,,,86.55982971191406
,1581,,,,80.6123046875
,1582,,,,98.2689437866211
,1583,,,,92.9374771118164
,1584,,,,92.7486343383789
,1585,,,,101.90632629394531
,1586,,,,87.32185363769531
,1587,,,,107.16622161865234
,1588,,,,82.9904556274414
,1589,,,,84.27906036376953
,1590,,,,91.75184631347656
,1591,,,,90.34919738769531
,1592,,,,99.92703247070312
,1593,,,,98.26177215576172
,1594,,,,85.0625
,1595,,,,98.73138427734375
,1596,,,,92.89126586914062
,1597,,,,77.9173583984375
,1598,,,,77.8049087524414
,1599,,,,107.99505615234375
,1600,,,,99.64014434814453
,1601,,,,109.02379608154297
,1602,,,,88.9422607421875
,1603,,,,79.43534088134766
,1604,,,,65.73412322998047
,1605,,,,78.08573150634766
,1606,,,,104.71537780761719
,1607,,,,89.30103302001953
,1608,,,,80.80810546875
,1609,,,,76.63157653808594
,1610,,,,92.99964904785156
,1611,,,,72.67987060546875
25,6369,,,92.29725646972656,
25,6369,92.09737396240234,,,
26,6399,,107.91943359375,,
26,6449,,114.62904357910156,,
26,6499,,84.21548461914062,,
26,6549,,76.73944854736328,,
26,6599,,84.59064483642578,,
,1612,,,,101.84146118164062
,1613,,,,96.52544403076172
,1614,,,,91.18321990966797
,1615,,,,92.71708679199219
,1616,,,,105.81832122802734
,1617,,,,88.77184295654297
,1618,,,,96.40513610839844
,1619,,,,110.65876770019531
,1620,,,,85.58470153808594
,1621,,,,93.56669616699219
,1622,,,,79.97164916992188
,1623,,,,76.32966613769531
,1624,,,,93.02344512939453
,1625,,,,98.08014678955078
,1626,,,,73.77487182617188
,1627,,,,88.56836700439453
,1628,,,,85.32984161376953
,1629,,,,106.11042785644531
,1630,,,,94.89198303222656
,1631,,,,89.19064331054688
,1632,,,,109.11554718017578
,1633,,,,82.48429870605469
,1634,,,,100.28369140625
,1635,,,,87.15885925292969
,1636,,,,110.92588806152344
,1637,,,,85.9427490234375
,1638,,,,107.10753631591797
,1639,,,,89.05470275878906
,1640,,,,117.27304077148438
,1641,,,,94.81156158447266
,1642,,,,86.52687072753906
,1643,,,,80.56764221191406
,1644,,,,98.21537017822266
,1645,,,,92.91950225830078
,1646,,,,92.68782043457031
,1647,,,,101.86660766601562
,1648,,,,87.29891204833984
,1649,,,,107.12071990966797
,1650,,,,82.96726989746094
,1651,,,,84.26116180419922
,1652,,,,91.7015609741211
,1653,,,,90.31277465820312
,1654,,,,99.8888931274414
,1655,,,,98.26158142089844
,1656,,,,85.01054382324219
,1657,,,,98.66444396972656
,1658,,,,92.88999938964844
,1659,,,,77.8655776977539
,1660,,,,77.7659912109375
,1661,,,,107.95578002929688
,1662,,,,99.63565826416016
,1663,,,,108.9701919555664
,1664,,,,88.93241882324219
,1665,,,,79.4225845336914
,1666,,,,65.73173522949219
,1667,,,,78.05409240722656
,1668,,,,104.67739868164062
,1669,,,,89.30236053466797
,1670,,,,80.78038024902344
,1671,,,,76.60501098632812
,1672,,,,92.96681213378906
,1673,,,,72.69252014160156
26,6614,,,92.26309204101562,
26,6614,92.06475067138672,,,
27,6649,,85.08364868164062,,
27,6699,,96.0091552734375,,
27,6749,,105.76871490478516,,
27,6799,,122.49420928955078,,
27,6849,,93.52310180664062,,
,1674,,,,101.74466705322266
,1675,,,,96.49536895751953
,1676,,,,91.18748474121094
,1677,,,,92.65579986572266
,1678,,,,105.79762268066406
,1679,,,,88.75328063964844
,1680,,,,96.41995239257812
,1681,,,,110.6270980834961
,1682,,,,85.60259246826172
,1683,,,,93.58128356933594
,1684,,,,79.9268798828125
,1685,,,,76.36547088623047
,1686,,,,93.03924560546875
,1687,,,,98.09442901611328
,1688,,,,73.75666809082031
,1689,,,,88.62228393554688
,1690,,,,85.31204986572266
,1691,,,,106.063232421875
,1692,,,,94.89628601074219
,1693,,,,89.15242004394531
,1694,,,,109.07978057861328
,1695,,,,82.53034973144531
,1696,,,,100.2901382446289
,1697,,,,87.17446899414062
,1698,,,,110.90921783447266
,1699,,,,85.93183135986328
,1700,,,,107.10543060302734
,1701,,,,89.01741790771484
,1702,,,,117.22216796875
,1703,,,,94.79544067382812
,1704,,,,86.4884262084961
,1705,,,,80.58247375488281
,1706,,,,98.18359375
,1707,,,,92.86345672607422
,1708,,,,92.66783142089844
,1709,,,,101.83644104003906
,1710,,,,87.27519226074219
,1711,,,,107.06293487548828
,1712,,,,82.9700698852539
,1713,,,,84.26107025146484
,1714,,,,91.70619201660156
,1715,,,,90.32279205322266
,1716,,,,99.85289001464844
,1717,,,,98.23023223876953
,1718,,,,84.9520492553711
,1719,,,,98.61463928222656
,1720,,,,92.82147979736328
,1721,,,,77.88449096679688
,1722,,,,77.77780151367188
,1723,,,,107.91629791259766
,1724,,,,99.54950714111328
,1725,,,,108.93521118164062
,1726,,,,88.93650817871094
,1727,,,,79.4020004272461
,1728,,,,65.70990753173828
,1729,,,,78.02323150634766
,1730,,,,104.67003631591797
,1731,,,,89.24173736572266
,1732,,,,80.72990417480469
,1733,,,,76.58364868164062
,1734,,,,92.92593383789062
,1735,,,,72.66947937011719
27,6859,,,92.24337768554688,
27,6859,92.03543853759766,,,
28,6899,,104.56884765625,,
28,6949,,109.29468536376953,,
28,6999,,107.54383850097656,,
28,7049,,117.52082061767578,,
28,7099,,78.62916564941406,,
,1736,,,,101.76042938232422
,1737,,,,96.50432586669922
,1738,,,,91.17146301269531
,1739,,,,92.65621185302734
,1740,,,,105.7840576171875
,1741,,,,88.72755432128906
,1742,,,,96.39540100097656
,1743,,,,110.66928100585938
,1744,,,,85.58794403076172
,1745,,,,93.56958770751953
,1746,,,,79.9032974243164
,1747,,,,76.31637573242188
,1748,,,,92.98863220214844
,1749,,,,98.04337310791016
,1750,,,,73.709716796875
,1751,,,,88.57359313964844
,1752,,,,85.29781341552734
,1753,,,,106.06195068359375
,1754,,,,94.79090881347656
,1755,,,,89.13937377929688
,1756,,,,109.0501708984375
,1757,,,,82.48904418945312
,1758,,,,100.22859191894531
,1759,,,,87.13665771484375
,1760,,,,110.91075134277344
,1761,,,,85.90521240234375
,1762,,,,107.0580062866211
,1763,,,,88.97834014892578
,1764,,,,117.18820190429688
,1765,,,,94.79209899902344
,1766,,,,86.46837615966797
,1767,,,,80.52863311767578
,1768,,,,98.1458740234375
,1769,,,,92.90556335449219
,1770,,,,92.65372467041016
,1771,,,,101.80435180664062
,1772,,,,87.26302337646484
,1773,,,,107.09654998779297
,1774,,,,82.91058349609375
,1775,,,,84.20658874511719
,1776,,,,91.69863891601562
,1777,,,,90.30474090576172
,1778,,,,99.82777404785156
,1779,,,,98.22332763671875
,1780,,,,84.9068832397461
,1781,,,,98.6194839477539
,1782,,,,92.86595153808594
,1783,,,,77.8317642211914
,1784,,,,77.71649169921875
,1785,,,,107.89176177978516
,1786,,,,99.56714630126953
,1787,,,,108.93890380859375
,1788,,,,88.913818359375
,1789,,,,79.38488006591797
,1790,,,,65.71968841552734
,1791,,,,77.97683715820312
,1792,,,,104.63263702392578
,1793,,,,89.25670623779297
,1794,,,,80.70906829833984
,1795,,,,76.58390045166016
,1796,,,,92.88526916503906
,1797,,,,72.66927337646484
28,7104,,,92.22212982177734,
28,7104,92.00627136230469,,,
29,7149,,98.26398468017578,,
29,7199,,82.16667175292969,,
29,7249,,94.21900177001953,,
29,7299,,99.28377532958984,,
29,7349,,78.94759368896484,,
,1798,,,,101.74930572509766
,1799,,,,96.43948364257812
,1800,,,,91.16948699951172
,1801,,,,92.61268615722656
,1802,,,,105.75009155273438
,1803,,,,88.73397064208984
,1804,,,,96.37452697753906
,1805,,,,110.64583587646484
,1806,,,,85.56080627441406
,1807,,,,93.55156707763672
,1808,,,,79.84638214111328
,1809,,,,76.31454467773438
,1810,,,,92.97956085205078
,1811,,,,98.01040649414062
,1812,,,,73.72319030761719
,1813,,,,88.60806274414062
,1814,,,,85.3094711303711
,1815,,,,106.01573944091797
,1816,,,,94.80365753173828
,1817,,,,89.1222152709961
,1818,,,,109.04268646240234
,1819,,,,82.5038070678711
,1820,,,,100.27359008789062
,1821,,,,87.12382507324219
,1822,,,,110.88574981689453
,1823,,,,85.9137954711914
,1824,,,,107.08920288085938
,1825,,,,88.9545669555664
,1826,,,,117.1594467163086
,1827,,,,94.74104309082031
,1828,,,,86.41015625
,1829,,,,80.50397491455078
,1830,,,,98.12117004394531
,1831,,,,92.84159851074219
,1832,,,,92.61939239501953
,1833,,,,101.7833480834961
,1834,,,,87.27532958984375
,1835,,,,107.025634765625
,1836,,,,82.93038940429688
,1837,,,,84.23423767089844
,1838,,,,91.68367004394531
,1839,,,,90.3113784790039
,1840,,,,99.80431365966797
,1841,,,,98.1801528930664
,1842,,,,84.83841705322266
,1843,,,,98.580078125
,1844,,,,92.8204574584961
,1845,,,,77.82231903076172
,1846,,,,77.73208618164062
,1847,,,,107.85224151611328
,1848,,,,99.50332641601562
,1849,,,,108.90904998779297
,1850,,,,88.8839111328125
,1851,,,,79.3954086303711
,1852,,,,65.69207000732422
,1853,,,,77.92974853515625
,1854,,,,104.65968322753906
,1855,,,,89.20466613769531
,1856,,,,80.69264221191406
,1857,,,,76.57404327392578
,1858,,,,92.88162231445312
,1859,,,,72.6404037475586
29,7349,,,92.20368957519531,
29,7349,91.98582458496094,,,
30,7399,,90.43872833251953,,
30,7449,,106.04911804199219,,
30,7499,,96.77910614013672,,
30,7549,,116.76351165771484,,
,1860,,,,101.70278930664062
,1861,,,,96.43255615234375
,1862,,,,91.12593841552734
,1863,,,,92.60746765136719
,1864,,,,105.76605224609375
,1865,,,,88.68754577636719
,1866,,,,96.3807144165039
,1867,,,,110.5989990234375
,1868,,,,85.54740905761719
,1869,,,,93.5264663696289
,1870,,,,79.80632019042969
,1871,,,,76.31700134277344
,1872,,,,92.93346405029297
,1873,,,,97.99191284179688
,1874,,,,73.69827270507812
,1875,,,,88.55445098876953
,1876,,,,85.26964569091797
,1877,,,,106.02302551269531
,1878,,,,94.77201843261719
,1879,,,,89.080322265625
,1880,,,,109.0180435180664
,1881,,,,82.4893569946289
,1882,,,,100.2259750366211
,1883,,,,87.12197875976562
,1884,,,,110.84122467041016
,1885,,,,85.89214324951172
,1886,,,,107.08206939697266
,1887,,,,88.91578674316406
,1888,,,,117.15734100341797
,1889,,,,94.72227478027344
,1890,,,,86.41400146484375
,1891,,,,80.52642059326172
,1892,,,,98.0951919555664
,1893,,,,92.81562042236328
,1894,,,,92.60958099365234
,1895,,,,101.75826263427734
,1896,,,,87.23934173583984
,1897,,,,106.97660064697266
,1898,,,,82.92375183105469
,1899,,,,84.18941497802734
,1900,,,,91.67879486083984
,1901,,,,90.28781127929688
,1902,,,,99.7889404296875
,1903,,,,98.12308502197266
,1904,,,,84.80191040039062
,1905,,,,98.55176544189453
,1906,,,,92.79009246826172
,1907,,,,77.81944274902344
,1908,,,,77.72012329101562
,1909,,,,107.82762145996094
,1910,,,,99.4775161743164
,1911,,,,108.90018463134766
,1912,,,,88.84847259521484
,1913,,,,79.35694885253906
,1914,,,,65.68001556396484
,1915,,,,77.91451263427734
,1916,,,,104.63505554199219
,1917,,,,89.19095611572266
,1918,,,,80.67344665527344
,1919,,,,76.54444885253906
,1920,,,,92.8550796508789
,1921,,,,72.67443084716797
30,7594,,,92.18092346191406,
30,7594,91.96121215820312,,,
31,7599,,65.34180450439453,,
31,7649,,109.55673217773438,,
31,7699,,87.9504165649414,,
31,7749,,79.4638442993164,,
31,7799,,82.8803482055664,,
,1922,,,,101.67435455322266
,1923,,,,96.41238403320312
,1924,,,,91.13043975830078
,1925,,,,92.58341217041016
,1926,,,,105.7564926147461
,1927,,,,88.69161987304688
,1928,,,,96.36695098876953
,1929,,,,110.55874633789062
,1930,,,,85.52828216552734
,1931,,,,93.52570343017578
,1932,,,,79.8068618774414
,1933,,,,76.3157958984375
,1934,,,,92.91343688964844
,1935,,,,97.99703979492188
,1936,,,,73.69558715820312
,1937,,,,88.58216857910156
,1938,,,,85.2674331665039
,1939,,,,105.97101593017578
,1940,,,,94.76421356201172
,1941,,,,89.04634857177734
,1942,,,,108.96866607666016
,1943,,,,82.50515747070312
,1944,,,,100.21036529541016
,1945,,,,87.10919952392578
,1946,,,,110.7924575805664
,1947,,,,85.84671783447266
,1948,,,,107.05618286132812
,1949,,,,88.91136169433594
,1950,,,,117.09556579589844
,1951,,,,94.70460510253906
,1952,,,,86.40174865722656
,1953,,,,80.50220489501953
,1954,,,,98.06453704833984
,1955,,,,92.77590942382812
,1956,,,,92.60059356689453
,1957,,,,101.74937438964844
,1958,,,,87.24198150634766
,1959,,,,106.94745635986328
,1960,,,,82.9291763305664
,1961,,,,84.22390747070312
,1962,,,,91.66292572021484
,1963,,,,90.28730010986328
,1964,,,,99.78001403808594
,1965,,,,98.11964416503906
,1966,,,,84.73394012451172
,1967,,,,98.52320861816406
,1968,,,,92.76023864746094
,1969,,,,77.81089782714844
,1970,,,,77.72080993652344
,1971,,,,107.81694793701172
,1972,,,,99.44135284423828
,1973,,,,108.85995483398438
,1974,,,,88.85797882080078
,1975,,,,79.36083984375
,1976,,,,65.66947937011719
,1977,,,,77.9084701538086
,1978,,,,104.6273422241211
,1979,,,,89.15904235839844
,1980,,,,80.6329345703125
,1981,,,,76.52958679199219
,1982,,,,92.84574127197266
,1983,,,,72.67789459228516
31,7839,,,92.16510772705078,
31,7839,91.93900299072266,,,
32,7849,,80.8655776977539,,
32,7899,,109.74272918701172,,
32,7949,,98.0753402709961,,
32,7999,,97.759765625,,
32,8049,,96.84104919433594,,
,1984,,,,101.66271209716797
,1985,,,,96.4087905883789
,1986,,,,91.14390563964844
,1987,,,,92.58507537841797
,1988,,,,105.73548889160156
,1989,,,,88.67886352539062
,1990,,,,96.34375
,1991,,,,110.58747863769531
,1992,,,,85.52561950683594
,1993,,,,93.51569366455078
,1994,,,,79.76909637451172
,1995,,,,76.3014144897461
,1996,,,,92.90626525878906
,1997,,,,97.98709106445312
,1998,,,,73.6813735961914
,1999,,,,88.58448791503906
,2000,,,,85.24187469482422
,2001,,,,105.99507904052734
,2002,,,,94.73225402832031
,2003,,,,89.04014587402344
,2004,,,,108.95960998535156
,2005,,,,82.50871276855469
,2006,,,,100.2035140991211
,2007,,,,87.07513427734375
,2008,,,,110.80744171142578
,2009,,,,85.87310028076172
,2010,,,,107.07302856445312
,2011,,,,88.86680603027344
,2012,,,,117.1194076538086
,2013,,,,94.67700958251953
,2014,,,,86.37570190429688
,2015,,,,80.48494720458984
,2016,,,,98.02490234375
,2017,,,,92.81156158447266
,2018,,,,92.5679702758789
,2019,,,,101.7406234741211
,2020,,,,87.21920776367188
,2021,,,,106.91213989257812
,2022,,,,82.90676879882812
,2023,,,,84.16798400878906
,2024,,,,91.66476440429688
,2025,,,,90.27964782714844
,2026,,,,99.76712036132812
,2027,,,,98.10676574707031
,2028,,,,84.72130584716797
,2029,,,,98.52240753173828
,2030,,,,92.7818374633789
,2031,,,,77.79766082763672
,2032,,,,77.71741485595703
,2033,,,,107.81498718261719
,2034,,,,99.43209075927734
,2035,,,,108.85181427001953
,2036,,,,88.82657623291016
,2037,,,,79.33851623535156
,2038,,,,65.67815399169922
,2039,,,,77.87164306640625
,2040,,,,104.59135437011719
,2041,,,,89.1574478149414
,2042,,,,80.65115356445312
,2043,,,,76.51961517333984
,2044,,,,92.822265625
,2045,,,,72.65145111083984
32,8084,,,92.1549072265625,
32,8084,91.9206314086914,,,
33,8099,,95.1448745727539,,
33,8149,,83.45635223388672,,
33,8199,,94.34391021728516,,
33,8249,,94.09615325927734,,
33,8299,,90.79461669921875,,
,2046,,,,101.66067504882812
,2047,,,,96.42927551269531
,2048,,,,91.13472747802734
,2049,,,,92.58136749267578
,2050,,,,105.67469787597656
,2051,,,,88.6534652709961
,2052,,,,96.32280731201172
,2053,,,,110.5977783203125
,2054,,,,85.48875427246094
,2055,,,,93.52300262451172
,2056,,,,79.76615142822266
,2057,,,,76.24176788330078
,2058,,,,92.90448760986328
,2059,,,,97.92013549804688
,2060,,,,73.65396881103516
,2061,,,,88.50553894042969
,2062,,,,85.24320220947266
,2063,,,,105.97917938232422
,2064,,,,94.69808197021484
,2065,,,,89.03627014160156
,2066,,,,108.97179412841797
,2067,,,,82.48696899414062
,2068,,,,100.16536712646484
,2069,,,,87.0527114868164
,2070,,,,110.77515411376953
,2071,,,,85.86150360107422
,2072,,,,107.00276947021484
,2073,,,,88.87615203857422
,2074,,,,117.11339569091797
,2075,,,,94.69212341308594
,2076,,,,86.40248107910156
,2077,,,,80.47539520263672
,2078,,,,97.99555206298828
,2079,,,,92.78388214111328
,2080,,,,92.54914093017578
,2081,,,,101.7310562133789
,2082,,,,87.22579956054688
,2083,,,,106.98072052001953
,2084,,,,82.8743896484375
,2085,,,,84.1421890258789
,2086,,,,91.63509368896484
,2087,,,,90.21524810791016
,2088,,,,99.76480865478516
,2089,,,,98.08302307128906
,2090,,,,84.70439147949219
,2091,,,,98.5234375
,2092,,,,92.79862976074219
,2093,,,,77.74259185791016
,2094,,,,77.71159362792969
,2095,,,,107.8339614868164
,2096,,,,99.4291000366211
,2097,,,,108.82202911376953
,2098,,,,88.83081817626953
,2099,,,,79.3146743774414
,2100,,,,65.6858901977539
,2101,,,,77.85700225830078
,2102,,,,104.59313201904297
,2103,,,,89.16197204589844
,2104,,,,80.65461730957031
,2105,,,,76.53804779052734
,2106,,,,92.75988006591797
,2107,,,,72.64613342285156
33,8329,,,92.14049530029297,
33,8329,91.89978790283203,,,
34,8349,,101.09358978271484,,
34,8399,,92.02661895751953,,
34,8449,,94.51444244384766,,
34,8499,,86.38797760009766,,
34,8549,,82.74417877197266,,
,2108,,,,101.64964294433594
,2109,,,,96.35447692871094
,2110,,,,91.08792114257812
,2111,,,,92.55008697509766
,2112,,,,105.70390319824219
,2113,,,,88.64437103271484
,2114,,,,96.32183074951172
,2115,,,,110.59620666503906
,2116,,,,85.5233154296875
,2117,,,,93.52229309082031
,2118,,,,79.73483276367188
,2119,,,,76.27041625976562
,2120,,,,92.86214447021484
,2121,,,,97.91547393798828
,2122,,,,73.64388275146484
,2123,,,,88.5199966430664
,2124,,,,85.21829223632812
,2125,,,,105.95337677001953
,2126,,,,94.66577911376953
,2127,,,,89.00968170166016
,2128,,,,108.92210388183594
,2129,,,,82.49563598632812
,2130,,,,100.15898132324219
,2131,,,,87.0562973022461
,2132,,,,110.78453063964844
,2133,,,,85.84974670410156
,2134,,,,107.05667114257812
,2135,,,,88.8935317993164
,2136,,,,117.07108306884766
,2137,,,,94.6756820678711
,2138,,,,86.36339569091797
,2139,,,,80.4455337524414
,2140,,,,97.98868560791016
,2141,,,,92.79080200195312
,2142,,,,92.54621887207031
,2143,,,,101.68946838378906
,2144,,,,87.18878936767578
,2145,,,,106.94347381591797
,2146,,,,82.85275268554688
,2147,,,,84.1475601196289
,2148,,,,91.62918090820312
,2149,,,,90.23211669921875
,2150,,,,99.75321960449219
,2151,,,,98.0812759399414
,2152,,,,84.64556121826172
,2153,,,,98.496826171875
,2154,,,,92.76392364501953
,2155,,,,77.73956298828125
,2156,,,,77.68907928466797
,2157,,,,107.78271484375
,2158,,,,99.3876724243164
,2159,,,,108.82540893554688
,2160,,,,88.80863952636719
,2161,,,,79.30322265625
,2162,,,,65.6666030883789
,2163,,,,77.8270034790039
,2164,,,,104.56668853759766
,2165,,,,89.12410736083984
,2166,,,,80.59901428222656
,2167,,,,76.50752258300781
,2168,,,,92.7655029296875
,2169,,,,72.63340759277344
34,8574,,,92.12459564208984,
34,8574,91.88526916503906,,,
35,8599,,109.48536682128906,,
35,8649,,79.56039428710938,,
35,8699,,94.0733413696289,,
35,8749,,115.98690795898438,,
35,8799,,73.7362289428711,,
,2170,,,,101.62413024902344
,2171,,,,96.36845397949219
,2172,,,,91.08187103271484
,2173,,,,92.55943298339844
,2174,,,,105.6993408203125
,2175,,,,88.6231689453125
,2176,,,,96.31185150146484
,2177,,,,110.55667114257812
,2178,,,,85.46538543701172
,2179,,,,93.48699188232422
,2180,,,,79.72073364257812
,2181,,,,76.22449493408203
,2182,,,,92.85712432861328
,2183,,,,97.87931060791016
,2184,,,,73.62254333496094
,2185,,,,88.5140609741211
,2186,,,,85.2127685546875
,2187,,,,105.91819763183594
,2188,,,,94.6664810180664
,2189,,,,88.97759246826172
,2190,,,,108.89004516601562
,2191,,,,82.47025299072266
,2192,,,,100.14501953125
,2193,,,,87.04710388183594
,2194,,,,110.7178955078125
,2195,,,,85.81926727294922
,2196,,,,107.03582763671875
,2197,,,,88.84993743896484
,2198,,,,117.07395935058594
,2199,,,,94.63359832763672
,2200,,,,86.36249542236328
,2201,,,,80.44841003417969
,2202,,,,97.95292663574219
,2203,,,,92.75444793701172
,2204,,,,92.52505493164062
,2205,,,,101.69925689697266
,2206,,,,87.19051361083984
,2207,,,,106.88424682617188
,2208,,,,82.85208129882812
,2209,,,,84.11722564697266
,2210,,,,91.60603332519531
,2211,,,,90.22409057617188
,2212,,,,99.73978424072266
,2213,,,,98.04415893554688
,2214,,,,84.60220336914062
,2215,,,,98.46663665771484
,2216,,,,92.76960754394531
,2217,,,,77.73041534423828
,2218,,,,77.7000961303711
,2219,,,,107.81028747558594
,2220,,,,99.37200164794922
,2221,,,,108.79328918457031
,2222,,,,88.78349304199219
,2223,,,,79.29347229003906
,2224,,,,65.65947723388672
,2225,,,,77.79801177978516
,2226,,,,104.5843505859375
,2227,,,,89.11827850341797
,2228,,,,80.61905670166016
,2229,,,,76.52008819580078
,2230,,,,92.71611022949219
,2231,,,,72.67613983154297
35,8819,,,92.10723114013672,
35,8819,91.86682891845703,,,
36,8849,,71.48892211914062,,
36,8899,,89.29718780517578,,
36,8949,,90.97286987304688,,
36,8999,,88.78121948242188,,
36,9049,,91.81063079833984,,
,2232,,,,101.62761688232422
,2233,,,,96.34808349609375
,2234,,,,91.08171844482422
,2235,,,,92.56068420410156
,2236,,,,105.63729858398438
,2237,,,,88.62026977539062
,2238,,,,96.30825805664062
,2239,,,,110.53882598876953
,2240,,,,85.44818115234375
,2241,,,,93.45378875732422
,2242,,,,79.7026138305664
,2243,,,,76.2248306274414
,2244,,,,92.83805084228516
,2245,,,,97.8647232055664
,2246,,,,73.62140655517578
,2247,,,,88.46675872802734
,2248,,,,85.20641326904297
,2249,,,,105.92607116699219
,2250,,,,94.60986328125
,2251,,,,88.97918701171875
,2252,,,,108.90705108642578
,2253,,,,82.44175720214844
,2254,,,,100.15510559082031
,2255,,,,87.01808166503906
,2256,,,,110.74185943603516
,2257,,,,85.83598327636719
,2258,,,,106.98517608642578
,2259,,,,88.86174774169922
,2260,,,,117.04117584228516
,2261,,,,94.64250946044922
,2262,,,,86.34870910644531
,2263,,,,80.42688751220703
,2264,,,,97.9448013305664
,2265,,,,92.77030944824219
,2266,,,,92.51090240478516
,2267,,,,101.70613098144531
,2268,,,,87.17881774902344
,2269,,,,106.91726684570312
,2270,,,,82.84100341796875
,2271,,,,84.11349487304688
,2272,,,,91.62229919433594
,2273,,,,90.19309997558594
,2274,,,,99.73277282714844
,2275,,,,98.01496124267578
,2276,,,,84.57621765136719
,2277,,,,98.4727783203125
,2278,,,,92.75173950195312
,2279,,,,77.7073745727539
,2280,,,,77.68050384521484
,2281,,,,107.76193237304688
,2282,,,,99.36042022705078
,2283,,,,108.75933074951172
,2284,,,,88.78396606445312
,2285,,,,79.2720947265625
,2286,,,,65.63333892822266
,2287,,,,77.77388763427734
,2288,,,,104.56108856201172
,2289,,,,89.11136627197266
,2290,,,,80.60814666748047
,2291,,,,76.49131774902344
,2292,,,,92.71513366699219
,2293,,,,72.63387298583984
36,9064,,,92.09475708007812,
36,9064,91.8530044555664,,,
37,9099,,98.43994140625,,
37,9149,,83.88994598388672,,
37,9199,,107.60581970214844,,
37,9249,,96.01700592041016,,
37,9299,,70.9019775390625,,
,2294,,,,101.5986328125
,2295,,,,96.33018493652344
,2296,,,,91.09861755371094
,2297,,,,92.51162719726562
,2298,,,,105.6767349243164
,2299,,,,88.615234375
,2300,,,,96.30845642089844
,2301,,,,110.54998016357422
,2302,,,,85.48526000976562
,2303,,,,93.48394012451172
,2304,,,,79.65013122558594
,2305,,,,76.27388763427734
,2306,,,,92.84989929199219
,2307,,,,97.87847137451172
,2308,,,,73.62968444824219
,2309,,,,88.53376770019531
,2310,,,,85.21926879882812
,2311,,,,105.89038848876953
,2312,,,,94.63539123535156
,2313,,,,88.95306396484375
,2314,,,,108.85507202148438
,2315,,,,82.50022888183594
,2316,,,,100.16941833496094
,2317,,,,87.0291748046875
,2318,,,,110.70903015136719
,2319,,,,85.81610870361328
,2320,,,,107.0047836303711
,2321,,,,88.80789184570312
,2322,,,,117.02787017822266
,2323,,,,94.616943359375
,2324,,,,86.33164978027344
,2325,,,,80.44281005859375
,2326,,,,97.9371337890625
,2327,,,,92.7128677368164
,2328,,,,92.48704528808594
,2329,,,,101.65894317626953
,2330,,,,87.18919372558594
,2331,,,,106.83745574951172
,2332,,,,82.82671356201172
,2333,,,,84.12004089355469
,2334,,,,91.60663604736328
,2335,,,,90.22140502929688
,2336,,,,99.70624542236328
,2337,,,,98.0066909790039
,2338,,,,84.51676940917969
,2339,,,,98.44234466552734
,2340,,,,92.70417022705078
,2341,,,,77.72978973388672
,2342,,,,77.6778564453125
,2343,,,,107.77401733398438
,2344,,,,99.3163833618164
,2345,,,,108.7403793334961
,2346,,,,88.7592544555664
,2347,,,,79.26248931884766
,2348,,,,65.6462173461914
,2349,,,,77.73577117919922
,2350,,,,104.56267547607422
,2351,,,,89.06396484375
,2352,,,,80.57191467285156
,2353,,,,76.4889907836914
,2354,,,,92.67561340332031
,2355,,,,72.62982177734375
37,9309,,,92.0853500366211,
37,9309,91.83599090576172,,,
38,9349,,82.85728454589844,,
38,9399,,108.83890533447266,,
38,9449,,90.05247497558594,,
38,9499,,79.78813934326172,,
38,9549,,87.82119750976562,,
,2356,,,,101.5873794555664
,2357,,,,96.30374908447266
,2358,,,,91.06271362304688
,2359,,,,92.51959991455078
,2360,,,,105.66136169433594
,2361,,,,88.59837341308594
,2362,,,,96.2839126586914
,2363,,,,110.52839660644531
,2364,,,,85.41287231445312
,2365,,,,93.44681549072266
,2366,,,,79.67122650146484
,2367,,,,76.20671081542969
,2368,,,,92.82266998291016
,2369,,,,97.83552551269531
,2370,,,,73.6089859008789
,2371,,,,88.47982025146484
,2372,,,,85.19829559326172
,2373,,,,105.8602294921875
,2374,,,,94.60794830322266
,2375,,,,88.93970489501953
,2376,,,,108.84515380859375
,2377,,,,82.45073699951172
,2378,,,,100.11293029785156
,2379,,,,87.0209732055664
,2380,,,,110.70470428466797
,2381,,,,85.79939270019531
,2382,,,,106.93702697753906
,2383,,,,88.80817413330078
,2384,,,,117.00656127929688
,2385,,,,94.583984375
,2386,,,,86.3168716430664
,2387,,,,80.4385757446289
,2388,,,,97.89764404296875
,2389,,,,92.71438598632812
,2390,,,,92.47189331054688
,2391,,,,101.65081787109375
,2392,,,,87.18219757080078
,2393,,,,106.87873077392578
,2394,,,,82.85035705566406
,2395,,,,84.12663269042969
,2396,,,,91.60281372070312
,2397,,,,90.20000457763672
,2398,,,,99.7001724243164
,2399,,,,97.9844741821289
,2400,,,,84.5030288696289
,2401,,,,98.42118835449219
,2402,,,,92.74849700927734
,2403,,,,77.6961441040039
,2404,,,,77.6696548461914
,2405,,,,107.75919342041016
,2406,,,,99.35210418701172
,2407,,,,108.7376708984375
,2408,,,,88.77700805664062
,2409,,,,79.2653579711914
,2410,,,,65.63581848144531
,2411,,,,77.74523162841797
,2412,,,,104.51136779785156
,2413,,,,89.08675384521484
,2414,,,,80.54952239990234
,2415,,,,76.50279998779297
,2416,,,,92.67644500732422
,2417,,,,72.66497039794922
38,9554,,,92.07071685791016,
38,9554,91.82621765136719,,,
39,9599,,108.99209594726562,,
39,9649,,95.32335662841797,,
39,9699,,83.9848403930664,,
39,9749,,55.497249603271484,,
39,9799,,108.38710021972656,,
,2418,,,,101.57869720458984
,2419,,,,96.29351043701172
,2420,,,,91.0621566772461
,2421,,,,92.52452850341797
,2422,,,,105.65593719482422
,2423,,,,88.60770416259766
,2424,,,,96.27127075195312
,2425,,,,110.53559112548828
,2426,,,,85.41673278808594
,2427,,,,93.47517395019531
,2428,,,,79.65293884277344
,2429,,,,76.19764709472656
,2430,,,,92.82359313964844
,2431,,,,97.8114013671875
,2432,,,,73.61249542236328
,2433,,,,88.49507904052734
,2434,,,,85.19186401367188
,2435,,,,105.88497924804688
,2436,,,,94.58552551269531
,2437,,,,88.94973754882812
,2438,,,,108.86599731445312
,2439,,,,82.45829772949219
,2440,,,,100.1021728515625
,2441,,,,86.99864959716797
,2442,,,,110.70655822753906
,2443,,,,85.82955169677734
,2444,,,,106.97932434082031
,2445,,,,88.77188873291016
,2446,,,,116.99739837646484
,2447,,,,94.59322357177734
,2448,,,,86.31895446777344
,2449,,,,80.41618347167969
,2450,,,,97.8827896118164
,2451,,,,92.7056655883789
,2452,,,,92.49005889892578
,2453,,,,101.63218688964844
,2454,,,,87.17574310302734
,2455,,,,106.85005950927734
,2456,,,,82.8128662109375
,2457,,,,84.10122680664062
,2458,,,,91.58071899414062
,2459,,,,90.18751525878906
,2460,,,,99.71929168701172
,2461,,,,97.95490264892578
,2462,,,,84.4550552368164
,2463,,,,98.44405364990234
,2464,,,,92.71186065673828
,2465,,,,77.67724609375
,2466,,,,77.64510345458984
,2467,,,,107.76351928710938
,2468,,,,99.33905792236328
,2469,,,,108.72241973876953
,2470,,,,88.72176361083984
,2471,,,,79.26776885986328
,2472,,,,65.61595916748047
,2473,,,,77.6969985961914
,2474,,,,104.54732513427734
,2475,,,,89.08558654785156
,2476,,,,80.57408905029297
,2477,,,,76.4866714477539
,2478,,,,92.671875
,2479,,,,72.62950897216797
39,9799,,,92.06446075439453,
39,9799,91.81190490722656,,,
40,9849,,110.23407745361328,,
40,9899,,68.37326049804688,,
40,9949,,85.50540924072266,,
40,9999,,97.48280334472656,,
,2480,,,,101.56473541259766
,2481,,,,96.29755401611328
,2482,,,,91.03607177734375
,2483,,,,92.50621032714844
,2484,,,,105.63265228271484
,2485,,,,88.55738067626953
,2486,,,,96.26942443847656
,2487,,,,110.49947357177734
,2488,,,,85.40798950195312
,2489,,,,93.4139175415039
,2490,,,,79.63692474365234
,2491,,,,76.18146514892578
,2492,,,,92.7905044555664
,2493,,,,97.7916030883789
,2494,,,,73.58255004882812
,2495,,,,88.44088745117188
,2496,,,,85.15251922607422
,2497,,,,105.87362670898438
,2498,,,,94.54503631591797
,2499,,,,88.94892120361328
,2500,,,,108.83919525146484
,2501,,,,82.4195327758789
,2502,,,,100.07794952392578
,2503,,,,86.97380828857422
,2504,,,,110.66874694824219
,2505,,,,85.79203033447266
,2506,,,,106.9471664428711
,2507,,,,88.79792785644531
,2508,,,,116.97523498535156
,2509,,,,94.60425567626953
,2510,,,,86.28253936767578
,2511,,,,80.4110336303711
,2512,,,,97.8842544555664
,2513,,,,92.72762298583984
,2514,,,,92.48439025878906
,2515,,,,101.63150024414062
,2516,,,,87.15135192871094
,2517,,,,106.8363037109375
,2518,,,,82.7916030883789
,2519,,,,84.07268524169922
,2520,,,,91.56745147705078
,2521,,,,90.15646362304688
,2522,,,,99.71046447753906
,2523,,,,97.93961334228516
,2524,,,,84.43904113769531
,2525,,,,98.416259765625
,2526,,,,92.71348571777344
,2527,,,,77.64140319824219
,2528,,,,77.62319946289062
,2529,,,,107.72831726074219
,2530,,,,99.32366943359375
,2531,,,,108.71847534179688
,2532,,,,88.73177337646484
,2533,,,,79.24212646484375
,2534,,,,65.59613037109375
,2535,,,,77.67704772949219
,2536,,,,104.48588562011719
,2537,,,,89.09345245361328
,2538,,,,80.55106353759766
,2539,,,,76.4656753540039
,2540,,,,92.63331604003906
,2541,,,,72.60494995117188
40,10044,,,92.0442886352539,
40,10044,91.7966537475586,,,
41,10049,,93.29730987548828,,
41,10099,,97.28296661376953,,
41,10149,,80.61196899414062,,
41,10199,,100.7149429321289,,
41,10249,,80.59505462646484,,
,2542,,,,101.53353118896484
,2543,,,,96.27349090576172
,2544,,,,91.0529556274414
,2545,,,,92.51016235351562
,2546,,,,105.65459442138672
,2547,,,,88.57422637939453
,2548,,,,96.24978637695312
,2549,,,,110.49551391601562
,2550,,,,85.41620635986328
,2551,,,,93.44634246826172
,2552,,,,79.61493682861328
,2553,,,,76.15723419189453
,2554,,,,92.78172302246094
,2555,,,,97.80724334716797
,2556,,,,73.58258819580078
,2557,,,,88.46736145019531
,2558,,,,85.17610931396484
,2559,,,,105.81414031982422
,2560,,,,94.5452880859375
,2561,,,,88.92937469482422
,2562,,,,108.80915832519531
,2563,,,,82.43597412109375
,2564,,,,100.0791015625
,2565,,,,86.98078155517578
,2566,,,,110.6395263671875
,2567,,,,85.78370666503906
,2568,,,,106.93878936767578
,2569,,,,88.75244140625
,2570,,,,116.94148254394531
,2571,,,,94.56826782226562
,2572,,,,86.2738265991211
,2573,,,,80.40806579589844
,2574,,,,97.84661865234375
,2575,,,,92.67903900146484
,2576,,,,92.47562408447266
,2577,,,,101.61552429199219
,2578,,,,87.16552734375
,2579,,,,106.81723022460938
,2580,,,,82.79170989990234
,2581,,,,84.08413696289062
,2582,,,,91.5777359008789
,2583,,,,90.16581726074219
,2584,,,,99.68199157714844
,2585,,,,97.9378662109375
,2586,,,,84.39331817626953
,2587,,,,98.41153717041016
,2588,,,,92.67822265625
,2589,,,,77.6568374633789
,2590,,,,77.6509017944336
,2591,,,,107.73329162597656
,2592,,,,99.28014373779297
,2593,,,,108.69355010986328
,2594,,,,88.70561981201172
,2595,,,,79.23170471191406
,2596,,,,65.59808349609375
,2597,,,,77.68443298339844
,2598,,,,104.4915771484375
,2599,,,,89.03885650634766
,2600,,,,80.58148193359375
,2601,,,,76.4801025390625
,2602,,,,92.61991882324219
,2603,,,,72.63504028320312
41,10289,,,92.03636932373047,
41,10289,91.78425598144531,,,
42,10299,,87.97943878173828,,
42,10349,,95.64527893066406,,
42,10399,,90.84343719482422,,
42,10449,,94.05152130126953,,
42,10499,,69.98755645751953,,
,2604,,,,101.54454803466797
,2605,,,,96.28568267822266
,2606,,,,91.05176544189453
,2607,,,,92.4930419921875
,2608,,,,105.63858795166016
,2609,,,,88.5704116821289
,2610,,,,96.26367950439453
,2611,,,,110.52316284179688
,2612,,,,85.4281005859375
,2613,,,,93.44630432128906
,2614,,,,79.60267639160156
,2615,,,,76.19940185546875
,2616,,,,92.79859161376953
,2617,,,,97.8106918334961
,2618,,,,73.58096313476562
,2619,,,,88.47425842285156
,2620,,,,85.18190002441406
,2621,,,,105.83709716796875
,2622,,,,94.5351333618164
,2623,,,,88.92286682128906
,2624,,,,108.80384826660156
,2625,,,,82.43673706054688
,2626,,,,100.08037567138672
,2627,,,,86.98336029052734
,2628,,,,110.68363952636719
,2629,,,,85.78642272949219
,2630,,,,106.97806549072266
,2631,,,,88.76960754394531
,2632,,,,116.95475006103516
,2633,,,,94.6048583984375
,2634,,,,86.28809356689453
,2635,,,,80.41207122802734
,2636,,,,97.87602233886719
,2637,,,,92.68730163574219
,2638,,,,92.46781158447266
,2639,,,,101.62074279785156
,2640,,,,87.14944458007812
,2641,,,,106.80856323242188
,2642,,,,82.77225494384766
,2643,,,,84.08002471923828
,2644,,,,91.56019592285156
,2645,,,,90.17068481445312
,2646,,,,99.6945571899414
,2647,,,,97.93988037109375
,2648,,,,84.3737564086914
,2649,,,,98.41924285888672
,2650,,,,92.68058013916016
,2651,,,,77.64405822753906
,2652,,,,77.62191772460938
,2653,,,,107.72811889648438
,2654,,,,99.27456665039062
,2655,,,,108.70757293701172
,2656,,,,88.72570037841797
,2657,,,,79.22774505615234
,2658,,,,65.59133911132812
,2659,,,,77.64617919921875
,2660,,,,104.48619079589844
,2661,,,,89.06014251708984
,2662,,,,80.52455139160156
,2663,,,,76.47759246826172
,2664,,,,92.6151351928711
,2665,,,,72.58586883544922
42,10534,,,92.03846740722656,
42,10534,91.77522277832031,,,
43,10549,,75.56620788574219,,
43,10599,,78.659912109375,,
43,10649,,89.35538482666016,,
43,10699,,105.10579681396484,,
43,10749,,93.39970397949219,,
,2666,,,,101.54566192626953
,2667,,,,96.27714538574219
,2668,,,,91.04164123535156
,2669,,,,92.45235443115234
,2670,,,,105.60682678222656
,2671,,,,88.56678771972656
,2672,,,,96.26370239257812
,2673,,,,110.47669982910156
,2674,,,,85.40218353271484
,2675,,,,93.43341827392578
,2676,,,,79.60774993896484
,2677,,,,76.17793273925781
,2678,,,,92.7884521484375
,2679,,,,97.8079833984375
,2680,,,,73.58720397949219
,2681,,,,88.4203109741211
,2682,,,,85.16216278076172
,2683,,,,105.79385375976562
,2684,,,,94.52550506591797
,2685,,,,88.89923858642578
,2686,,,,108.78900146484375
,2687,,,,82.42093658447266
,2688,,,,100.08042907714844
,2689,,,,86.97992706298828
,2690,,,,110.64798736572266
,2691,,,,85.76485443115234
,2692,,,,106.9228286743164
,2693,,,,88.78436279296875
,2694,,,,116.90436553955078
,2695,,,,94.58322143554688
,2696,,,,86.28773498535156
,2697,,,,80.3871078491211
,2698,,,,97.85932159423828
,2699,,,,92.68489837646484
,2700,,,,92.4576187133789
,2701,,,,101.59056091308594
,2702,,,,87.12726593017578
,2703,,,,106.81570434570312
,2704,,,,82.7896499633789
,2705,,,,84.0850601196289
,2706,,,,91.55388641357422
,2707,,,,90.14091491699219
,2708,,,,99.68601989746094
,2709,,,,97.91444396972656
,2710,,,,84.36614227294922
,2711,,,,98.40152740478516
,2712,,,,92.6719741821289
,2713,,,,77.6198501586914
,2714,,,,77.6264877319336
,2715,,,,107.68746185302734
,2716,,,,99.27788543701172
,2717,,,,108.69490814208984
,2718,,,,88.72148132324219
,2719,,,,79.21443939208984
,2720,,,,65.59148406982422
,2721,,,,77.63750457763672
,2722,,,,104.45515441894531
,2723,,,,89.04718780517578
,2724,,,,80.49248504638672
,2725,,,,76.4609146118164
,2726,,,,92.6043930053711
,2727,,,,72.59403991699219
43,10779,,,92.02320861816406,
43,10779,91.76605987548828,,,
44,10799,,73.33330535888672,,
44,10849,,94.58123779296875,,
44,10899,,119.94562530517578,,
44,10949,,80.80571746826172,,
44,10999,,69.52687072753906,,
,2728,,,,101.52153015136719
,2729,,,,96.22300720214844
,2730,,,,91.0347671508789
,2731,,,,92.45755767822266
,2732,,,,105.60861206054688
,2733,,,,88.57164001464844
,2734,,,,96.25657653808594
,2735,,,,110.49404907226562
,2736,,,,85.3852310180664
,2737,,,,93.4354476928711
,2738,,,,79.6144790649414
,2739,,,,76.16343688964844
,2740,,,,92.76138305664062
,2741,,,,97.79528045654297
,2742,,,,73.57046508789062
,2743,,,,88.42818450927734
,2744,,,,85.15702819824219
,2745,,,,105.80132293701172
,2746,,,,94.4981918334961
,2747,,,,88.87384796142578
,2748,,,,108.75676727294922
,2749,,,,82.41421508789062
,2750,,,,100.0714340209961
,2751,,,,86.98353576660156
,2752,,,,110.62738037109375
,2753,,,,85.75973510742188
,2754,,,,106.92070007324219
,2755,,,,88.77317810058594
,2756,,,,116.87085723876953
,2757,,,,94.57437133789062
,2758,,,,86.2603988647461
,2759,,,,80.35594177246094
,2760,,,,97.85502624511719
,2761,,,,92.66132354736328
,2762,,,,92.46598052978516
,2763,,,,101.57562255859375
,2764,,,,87.11994171142578
,2765,,,,106.83377838134766
,2766,,,,82.76055145263672
,2767,,,,84.08417510986328
,2768,,,,91.54396057128906
,2769,,,,90.14777374267578
,2770,,,,99.66897583007812
,2771,,,,97.9556655883789
,2772,,,,84.2917251586914
,2773,,,,98.39482879638672
,2774,,,,92.6585693359375
,2775,,,,77.60494232177734
,2776,,,,77.61031341552734
,2777,,,,107.67276763916016
,2778,,,,99.24693298339844
,2779,,,,108.68388366699219
,2780,,,,88.7177734375
,2781,,,,79.20942687988281
,2782,,,,65.57623291015625
,2783,,,,77.62382507324219
,2784,,,,104.4552993774414
,2785,,,,89.01351165771484
,2786,,,,80.49274444580078
,2787,,,,76.44847106933594
,2788,,,,92.58597564697266
,2789,,,,72.56985473632812
44,11024,,,92.01193237304688,
44,11024,91.75064849853516,,,
45,11049,,100.1083755493164,,
45,11099,,91.94731903076172,,
45,11149,,98.427734375,,
45,11199,,80.97200012207031,,
45,11249,,106.22352600097656,,
,2790,,,,101.53376770019531
,2791,,,,96.24446105957031
,2792,,,,91.0164566040039
,2793,,,,92.46141052246094
,2794,,,,105.56906127929688
,2795,,,,88.54650115966797
,2796,,,,96.2339859008789
,2797,,,,110.5123291015625
,2798,,,,85.3648452758789
,2799,,,,93.43212890625
,2800,,,,79.59051513671875
,2801,,,,76.16687774658203
,2802,,,,92.77857208251953
,2803,,,,97.7526626586914
,2804,,,,73.55900573730469
,2805,,,,88.40592956542969
,2806,,,,85.15058135986328
,2807,,,,105.81792449951172
,2808,,,,94.48331451416016
,2809,,,,88.91718292236328
,2810,,,,108.79447174072266
,2811,,,,82.3968505859375
,2812,,,,100.05717468261719
,2813,,,,86.96092224121094
,2814,,,,110.64781951904297
,2815,,,,85.77667999267578
,2816,,,,106.90318298339844
,2817,,,,88.75768280029297
,2818,,,,116.89029693603516
,2819,,,,94.56861114501953
,2820,,,,86.26341247558594
,2821,,,,80.36136627197266
,2822,,,,97.84087371826172
,2823,,,,92.6734848022461
,2824,,,,92.45467376708984
,2825,,,,101.59044647216797
,2826,,,,87.11428833007812
,2827,,,,106.81917572021484
,2828,,,,82.71913146972656
,2829,,,,84.0618896484375
,2830,,,,91.52999877929688
,2831,,,,90.12257385253906
,2832,,,,99.68006896972656
,2833,,,,97.90587615966797
,2834,,,,84.29938507080078
,2835,,,,98.39834594726562
,2836,,,,92.67963409423828
,2837,,,,77.58192443847656
,2838,,,,77.61003875732422
,2839,,,,107.68486022949219
,2840,,,,99.27027130126953
,2841,,,,108.68057250976562
,2842,,,,88.70613861083984
,2843,,,,79.19773864746094
,2844,,,,65.57925415039062
,2845,,,,77.60800170898438
,2846,,,,104.44647979736328
,2847,,,,89.01675415039062
,2848,,,,80.49966430664062
,2849,,,,76.43245697021484
,2850,,,,92.56742095947266
,2851,,,,72.54176330566406
45,11269,,,92.00703430175781,
45,11269,91.74187469482422,,,
46,11299,,93.4107437133789,,
46,11349,,81.89413452148438,,
46,11399,,112.22683715820312,,
46,11449,,115.03426361083984,,
46,11499,,72.67302703857422,,
,2852,,,,101.4965591430664
,2853,,,,96.23400115966797
,2854,,,,91.00746154785156
,2855,,,,92.44920349121094
,2856,,,,105.57964324951172
,2857,,,,88.54273986816406
,2858,,,,96.2322998046875
,2859,,,,110.45652770996094
,2860,,,,85.3826904296875
,2861,,,,93.4305419921875
,2862,,,,79.57376861572266
,2863,,,,76.14659118652344
,2864,,,,92.74970245361328
,2865,,,,97.75760650634766
,2866,,,,73.56574249267578
,2867,,,,88.42191314697266
,2868,,,,85.12730407714844
,2869,,,,105.76738739013672
,2870,,,,94.49760437011719
,2871,,,,88.88386535644531
,2872,,,,108.78175354003906
,2873,,,,82.41433715820312
,2874,,,,100.05796813964844
,2875,,,,86.94700622558594
,2876,,,,110.61904907226562
,2877,,,,85.76978302001953
,2878,,,,106.91175842285156
,2879,,,,88.7613296508789
,2880,,,,116.9040756225586
,2881,,,,94.56697082519531
,2882,,,,86.24610137939453
,2883,,,,80.37128448486328
,2884,,,,97.79067993164062
,2885,,,,92.65301513671875
,2886,,,,92.4585952758789
,2887,,,,101.59605407714844
,2888,,,,87.1043472290039
,2889,,,,106.78114318847656
,2890,,,,82.74121856689453
,2891,,,,84.04767608642578
,2892,,,,91.53656005859375
,2893,,,,90.11447143554688
,2894,,,,99.64603424072266
,2895,,,,97.86872863769531
,2896,,,,84.2508316040039
,2897,,,,98.38655853271484
,2898,,,,92.62646484375
,2899,,,,77.5863037109375
,2900,,,,77.61376190185547
,2901,,,,107.67923736572266
,2902,,,,99.23706817626953
,2903,,,,108.6503677368164
,2904,,,,88.68189239501953
,2905,,,,79.1956787109375
,2906,,,,65.56680297851562
,2907,,,,77.59117126464844
,2908,,,,104.42913818359375
,2909,,,,89.02024841308594
,2910,,,,80.49313354492188
,2911,,,,76.4443359375
,2912,,,,92.53629302978516
,2913,,,,72.57477569580078
46,11514,,,91.99565887451172,
46,11514,91.73046875,,,
47,11549,,98.58175659179688,,
47,11599,,89.67072296142578,,
47,11649,,102.85366821289062,,
47,11699,,96.35027313232422,,
47,11749,,96.66539764404297,,
,2914,,,,101.53181457519531
,2915,,,,96.25889587402344
,2916,,,,90.99488830566406
,2917,,,,92.4586410522461
,2918,,,,105.5799560546875
,2919,,,,88.52327728271484
,2920,,,,96.25801849365234
,2921,,,,110.50112915039062
,2922,,,,85.38542938232422
,2923,,,,93.42529296875
,2924,,,,79.57402038574219
,2925,,,,76.16458129882812
,2926,,,,92.77144622802734
,2927,,,,97.76640319824219
,2928,,,,73.54622650146484
,2929,,,,88.41661834716797
,2930,,,,85.13724517822266
,2931,,,,105.78160095214844
,2932,,,,94.46048736572266
,2933,,,,88.88972473144531
,2934,,,,108.766357421875
,2935,,,,82.41200256347656
,2936,,,,100.05654907226562
,2937,,,,86.94778442382812
,2938,,,,110.63829803466797
,2939,,,,85.73770141601562
,2940,,,,106.91265106201172
,2941,,,,88.77263641357422
,2942,,,,116.90949249267578
,2943,,,,94.5517578125
,2944,,,,86.25433349609375
,2945,,,,80.36373138427734
,2946,,,,97.81159973144531
,2947,,,,92.67359924316406
,2948,,,,92.4486083984375
,2949,,,,101.57083129882812
,2950,,,,87.08940887451172
,2951,,,,106.79952239990234
,2952,,,,82.72615051269531
,2953,,,,84.05518341064453
,2954,,,,91.51897430419922
,2955,,,,90.12346649169922
,2956,,,,99.6718521118164
,2957,,,,97.88542938232422
,2958,,,,84.22269439697266
,2959,,,,98.40765380859375
,2960,,,,92.68746185302734
,2961,,,,77.55535125732422
,2962,,,,77.59928894042969
,2963,,,,107.68417358398438
,2964,,,,99.2491226196289
,2965,,,,108.6429672241211
,2966,,,,88.68440246582031
,2967,,,,79.2003402709961
,2968,,,,65.58204650878906
,2969,,,,77.56620788574219
,2970,,,,104.43653869628906
,2971,,,,89.0164794921875
,2972,,,,80.46602630615234
,2973,,,,76.43388366699219
,2974,,,,92.54767608642578
,2975,,,,72.54936981201172
47,11759,,,91.99756622314453,
47,11759,91.72068786621094,,,
48,11799,,98.89826202392578,,
48,11849,,76.89347839355469,,
48,11899,,78.12810516357422,,
48,11949,,104.10802459716797,,
48,11999,,95.73448944091797,,
,2976,,,,101.50621032714844
,2977,,,,96.2227554321289
,2978,,,,91.02372741699219
,2979,,,,92.43736267089844
,2980,,,,105.6132583618164
,2981,,,,88.52165985107422
,2982,,,,96.23981475830078
,2983,,,,110.47099304199219
,2984,,,,85.34146118164062
,2985,,,,93.4263687133789
,2986,,,,79.57222747802734
,2987,,,,76.13607025146484
,2988,,,,92.72750091552734
,2989,,,,97.72469329833984
,2990,,,,73.5451431274414
,2991,,,,88.43318939208984
,2992,,,,85.1444320678711
,2993,,,,105.77030181884766
,2994,,,,94.48810577392578
,2995,,,,88.86726379394531
,2996,,,,108.78255462646484
,2997,,,,82.40353393554688
,2998,,,,100.02835845947266
,2999,,,,86.95240020751953
,3000,,,,110.59741973876953
,3001,,,,85.74247741699219
,3002,,,,106.90656280517578
,3003,,,,88.7293930053711
,3004,,,,116.87200927734375
,3005,,,,94.50465393066406
,3006,,,,86.24530792236328
,3007,,,,80.34591674804688
,3008,,,,97.81260681152344
,3009,,,,92.62632751464844
,3010,,,,92.43028259277344
,3011,,,,101.55864715576172
,3012,,,,87.09589385986328
,3013,,,,106.7525863647461
,3014,,,,82.75261688232422
,3015,,,,84.05851745605469
,3016,,,,91.50328826904297
,3017,,,,90.10948181152344
,3018,,,,99.66407775878906
,3019,,,,97.84394073486328
,3020,,,,84.18247985839844
,3021,,,,98.35508728027344
,3022,,,,92.65572357177734
,3023,,,,77.56265258789062
,3024,,,,77.5773696899414
,3025,,,,107.6673583984375
,3026,,,,99.2435531616211
,3027,,,,108.63726043701172
,3028,,,,88.67341613769531
,3029,,,,79.21794891357422
,3030,,,,65.57282257080078
,3031,,,,77.55526733398438
,3032,,,,104.41726684570312
,3033,,,,89.01806640625
,3034,,,,80.43571472167969
,3035,,,,76.44043731689453
,3036,,,,92.54147338867188
,3037,,,,72.57891082763672
48,12004,,,91.9842529296875,
48,12004,91.71040344238281,,,
49,12049,,82.77250671386719,,
49,12099,,95.7546157836914,,
49,12149,,89.21031188964844,,
49,12199,,121.4482192993164,,
49,12249,,72.7274398803711,,
,3038,,,,101.53009796142578
,3039,,,,96.21329498291016
,3040,,,,91.00638580322266
,3041,,,,92.45111083984375
,3042,,,,105.58086395263672
,3043,,,,88.52884674072266
,3044,,,,96.2343521118164
,3045,,,,110.46576690673828
,3046,,,,85.35718536376953
,3047,,,,93.42168426513672
,3048,,,,79.56745147705078
,3049,,,,76.11739349365234
,3050,,,,92.74344635009766
,3051,,,,97.75393676757812
,3052,,,,73.54686737060547
,3053,,,,88.40839385986328
,3054,,,,85.1458740234375
,3055,,,,105.76567840576172
,3056,,,,94.45912170410156
,3057,,,,88.87234497070312
,3058,,,,108.7570571899414
,3059,,,,82.39859008789062
,3060,,,,100.03752899169922
,3061,,,,86.93862915039062
,3062,,,,110.60223388671875
,3063,,,,85.73845672607422
,3064,,,,106.87950134277344
,3065,,,,88.72412109375
,3066,,,,116.84605407714844
,3067,,,,94.52558135986328
,3068,,,,86.2331314086914
,3069,,,,80.35128021240234
,3070,,,,97.8197250366211
,3071,,,,92.62828826904297
,3072,,,,92.42396545410156
,3073,,,,101.55333709716797
,3074,,,,87.10021209716797
,3075,,,,106.76725006103516
,3076,,,,82.72298431396484
,3077,,,,84.04890441894531
,3078,,,,91.50740814208984
,3079,,,,90.09688568115234
,3080,,,,99.64422607421875
,3081,,,,97.83930206298828
,3082,,,,84.1424560546875
,3083,,,,98.35376739501953
,3084,,,,92.63892364501953
,3085,,,,77.55193328857422
,3086,,,,77.58712005615234
,3087,,,,107.67681121826172
,3088,,,,99.2490005493164
,3089,,,,108.620849609375
,3090,,,,88.67704772949219
,3091,,,,79.20730590820312
,3092,,,,65.56352996826172
,3093,,,,77.55696868896484
,3094,,,,104.43171691894531
,3095,,,,88.98265075683594
,3096,,,,80.45600128173828
,3097,,,,76.43550872802734
,3098,,,,92.52415466308594
,3099,,,,72.58512878417969
49,12249,,,91.97980499267578,
49,12249,91.70172119140625,,,
50,12299,,97.1133804321289,,
50,12349,,84.92755889892578,,
50,12399,,91.51313018798828,,
50,12449,,84.1322250366211,,
,3100,,,,101.52777099609375
,3101,,,,96.21991729736328
,3102,,,,90.99665832519531
,3103,,,,92.4319839477539
,3104,,,,105.59724426269531
,3105,,,,88.53136444091797
,3106,,,,96.20519256591797
,3107,,,,110.44784545898438
,3108,,,,85.33436584472656
,3109,,,,93.43109130859375
,3110,,,,79.56952667236328
,3111,,,,76.12520599365234
,3112,,,,92.73522186279297
,3113,,,,97.73343658447266
,3114,,,,73.53410339355469
,3115,,,,88.35970306396484
,3116,,,,85.12085723876953
,3117,,,,105.768798828125
,3118,,,,94.4501724243164
,3119,,,,88.84972381591797
,3120,,,,108.73441314697266
,3121,,,,82.3769302368164
,3122,,,,100.03218841552734
,3123,,,,86.92585754394531
,3124,,,,110.6102294921875
,3125,,,,85.7066421508789
,3126,,,,106.859375
,3127,,,,88.7223892211914
,3128,,,,116.8624496459961
,3129,,,,94.50527954101562
,3130,,,,86.23682403564453
,3131,,,,80.34809875488281
,3132,,,,97.80425262451172
,3133,,,,92.61577606201172
,3134,,,,92.44039154052734
,3135,,,,101.54022216796875
,3136,,,,87.08097839355469
,3137,,,,106.77191162109375
,3138,,,,82.73198699951172
,3139,,,,84.056640625
,3140,,,,91.48845672607422
,3141,,,,90.07498168945312
,3142,,,,99.640380859375
,3143,,,,97.84101104736328
,3144,,,,84.15325164794922
,3145,,,,98.3536148071289
,3146,,,,92.646484375
,3147,,,,77.52371978759766
,3148,,,,77.57403564453125
,3149,,,,107.65562438964844
,3150,,,,99.22943115234375
,3151,,,,108.64404296875
,3152,,,,88.66962432861328
,3153,,,,79.1935806274414
,3154,,,,65.57019805908203
,3155,,,,77.53115844726562
,3156,,,,104.4205551147461
,3157,,,,88.99945831298828
,3158,,,,80.434326171875
,3159,,,,76.43628692626953
,3160,,,,92.49459838867188
,3161,,,,72.5662612915039
50,12494,,,91.9715347290039,
50,12494,91.69155883789062,,,
51,12499,,101.46761322021484,,
51,12549,,85.37322998046875,,
51,12599,,113.4870376586914,,
51,12649,,89.62728118896484,,
51,12699,,81.48727416992188,,
,3162,,,,101.47823333740234
,3163,,,,96.19867706298828
,3164,,,,90.99922943115234
,3165,,,,92.4029312133789
,3166,,,,105.57408905029297
,3167,,,,88.51573944091797
,3168,,,,96.20462799072266
,3169,,,,110.44540405273438
,3170,,,,85.3608169555664
,3171,,,,93.42581939697266
,3172,,,,79.53700256347656
,3173,,,,76.13945007324219
,3174,,,,92.73667907714844
,3175,,,,97.724365234375
,3176,,,,73.54759216308594
,3177,,,,88.41281127929688
,3178,,,,85.13198852539062
,3179,,,,105.75515747070312
,3180,,,,94.45427703857422
,3181,,,,88.84346771240234
,3182,,,,108.748046875
,3183,,,,82.3846435546875
,3184,,,,100.02452087402344
,3185,,,,86.92529296875
,3186,,,,110.61015319824219
,3187,,,,85.72356414794922
,3188,,,,106.88338470458984
,3189,,,,88.71118927001953
,3190,,,,116.84146118164062
,3191,,,,94.483642578125
,3192,,,,86.23654174804688
,3193,,,,80.3781509399414
,3194,,,,97.77347564697266
,3195,,,,92.59859466552734
,3196,,,,92.38750457763672
,3197,,,,101.52742767333984
,3198,,,,87.07202911376953
,3199,,,,106.72845458984375
,3200,,,,82.7244873046875
,3201,,,,84.05358123779297
,3202,,,,91.49187469482422
,3203,,,,90.10781860351562
,3204,,,,99.63312530517578
,3205,,,,97.82839965820312
,3206,,,,84.09361267089844
,3207,,,,98.35053253173828
,3208,,,,92.62305450439453
,3209,,,,77.53852844238281
,3210,,,,77.5748062133789
,3211,,,,107.61929321289062
,3212,,,,99.19287109375
,3213,,,,108.62161254882812
,3214,,,,88.67876434326172
,3215,,,,79.1784439086914
,3216,,,,65.53630065917969
,3217,,,,77.51129150390625
,3218,,,,104.39960479736328
,3219,,,,88.97935485839844
,3220,,,,80.42113494873047
,3221,,,,76.41357421875
,3222,,,,92.52397155761719
,3223,,,,72.530517578125
51,12739,,,91.96345520019531,
51,12739,91.68394470214844,,,
52,12749,,83.56564331054688,,
52,12799,,86.82205200195312,,
52,12849,,114.04847717285156,,
52,12899,,79.6460189819336,,
52,12949,,82.89250946044922,,
,3224,,,,101.48247528076172
,3225,,,,96.1913070678711
,3226,,,,90.9437484741211
,3227,,,,92.43673706054688
,3228,,,,105.57395935058594
,3229,,,,88.48753356933594
,3230,,,,96.20526885986328
,3231,,,,110.42777252197266
,3232,,,,85.32376861572266
,3233,,,,93.40391540527344
,3234,,,,79.53487396240234
,3235,,,,76.1170654296875
,3236,,,,92.72611999511719
,3237,,,,97.71809387207031
,3238,,,,73.51766204833984
,3239,,,,88.34566497802734
,3240,,,,85.11168670654297
,3241,,,,105.77769470214844
,3242,,,,94.44246673583984
,3243,,,,88.83071899414062
,3244,,,,108.73947143554688
,3245,,,,82.3770523071289
,3246,,,,99.97173309326172
,3247,,,,86.91706848144531
,3248,,,,110.56658172607422
,3249,,,,85.70589447021484
,3250,,,,106.88321685791016
,3251,,,,88.71564483642578
,3252,,,,116.84843444824219
,3253,,,,94.48114776611328
,3254,,,,86.22727966308594
,3255,,,,80.3388442993164
,3256,,,,97.78730010986328
,3257,,,,92.59774017333984
,3258,,,,92.4212646484375
,3259,,,,101.5155258178711
,3260,,,,87.04142761230469
,3261,,,,106.72291564941406
,3262,,,,82.69574737548828
,3263,,,,84.04026794433594
,3264,,,,91.49212646484375
,3265,,,,90.06603240966797
,3266,,,,99.64093780517578
,3267,,,,97.7988052368164
,3268,,,,84.07093811035156
,3269,,,,98.37227630615234
,3270,,,,92.59013366699219
,3271,,,,77.53453826904297
,3272,,,,77.58456420898438
,3273,,,,107.65060424804688
,3274,,,,99.17703247070312
,3275,,,,108.5975341796875
,3276,,,,88.63347625732422
,3277,,,,79.15316009521484
,3278,,,,65.53693389892578
,3279,,,,77.49760437011719
,3280,,,,104.38712310791016
,3281,,,,88.96886444091797
,3282,,,,80.46823120117188
,3283,,,,76.39456176757812
,3284,,,,92.50498962402344
,3285,,,,72.58583068847656
52,12984,,,91.95207977294922,
52,12984,91.67330169677734,,,
53,12999,,124.90343475341797,,
53,13049,,103.00081634521484,,
53,13099,,80.2791748046875,,
53,13149,,102.7958984375,,
53,13199,,92.2861099243164,,
,3286,,,,101.45243072509766
,3287,,,,96.16423797607422
,3288,,,,90.95364379882812
,3289,,,,92.41029357910156
,3290,,,,105.56954956054688
,3291,,,,88.49987030029297
,3292,,,,96.2166976928711
,3293,,,,110.4467544555664
,3294,,,,85.30718231201172
,3295,,,,93.39984893798828
,3296,,,,79.54094696044922
,3297,,,,76.10353088378906
,3298,,,,92.71632385253906
,3299,,,,97.7161865234375
,3300,,,,73.51844787597656
,3301,,,,88.38980102539062
,3302,,,,85.10823822021484
,3303,,,,105.76296997070312
,3304,,,,94.45819854736328
,3305,,,,88.82798767089844
,3306,,,,108.71438598632812
,3307,,,,82.37494659423828
,3308,,,,99.98472595214844
,3309,,,,86.9073257446289
,3310,,,,110.56876373291016
,3311,,,,85.7007827758789
,3312,,,,106.85804748535156
,3313,,,,88.69486236572266
,3314,,,,116.79586029052734
,3315,,,,94.44933319091797
,3316,,,,86.22196960449219
,3317,,,,80.3431396484375
,3318,,,,97.75416564941406
,3319,,,,92.60145568847656
,3320,,,,92.39104461669922
,3321,,,,101.49675750732422
,3322,,,,87.04151916503906
,3323,,,,106.71981048583984
,3324,,,,82.70208740234375
,3325,,,,84.02435302734375
,3326,,,,91.47883605957031
,3327,,,,90.0545654296875
,3328,,,,99.6407241821289
,3329,,,,97.80525970458984
,3330,,,,84.05264282226562
,3331,,,,98.3411636352539
,3332,,,,92.59014129638672
,3333,,,,77.5215072631836
,3334,,,,77.56908416748047
,3335,,,,107.63142395019531
,3336,,,,99.20669555664062
,3337,,,,108.58744812011719
,3338,,,,88.65696716308594
,3339,,,,79.16007995605469
,3340,,,,65.52904510498047
,3341,,,,77.49694061279297
,3342,,,,104.3891372680664
,3343,,,,88.95087432861328
,3344,,,,80.42974090576172
,3345,,,,76.39591217041016
,3346,,,,92.49054718017578
,3347,,,,72.54619598388672
53,13229,,,91.94497680664062,
53,13229,91.6651611328125,,,
54,13249,,69.78607177734375,,
54,13299,,69.61676788330078,,
54,13349,,95.51908111572266,,
54,13399,,102.09664154052734,,
54,13449,,78.76687622070312,,
,3348,,,,101.4627914428711
,3349,,,,96.15692901611328
,3350,,,,90.9411392211914
,3351,,,,92.4058609008789
,3352,,,,105.56461334228516
,3353,,,,88.47219848632812
,3354,,,,96.19456481933594
,3355,,,,110.41934967041016
,3356,,,,85.31761169433594
,3357,,,,93.38114166259766
,3358,,,,79.54497528076172
,3359,,,,76.09446716308594
,3360,,,,92.68959045410156
,3361,,,,97.68946075439453
,3362,,,,73.5069808959961
,3363,,,,88.36268615722656
,3364,,,,85.10530853271484
,3365,,,,105.72415924072266
,3366,,,,94.45386505126953
,3367,,,,88.82130432128906
,3368,,,,108.70096588134766
,3369,,,,82.37134552001953
,3370,,,,99.96460723876953
,3371,,,,86.88208770751953
,3372,,,,110.54720306396484
,3373,,,,85.68618774414062
,3374,,,,106.85731506347656
,3375,,,,88.68702697753906
,3376,,,,116.78459930419922
,3377,,,,94.46453857421875
,3378,,,,86.22474670410156
,3379,,,,80.32793426513672
,3380,,,,97.75533294677734
,3381,,,,92.60408020019531
,3382,,,,92.38362121582031
,3383,,,,101.50713348388672
,3384,,,,87.04173278808594
,3385,,,,106.71810150146484
,3386,,,,82.69890594482422
,3387,,,,84.03272247314453
,3388,,,,91.46505737304688
,3389,,,,90.06841278076172
,3390,,,,99.59355926513672
,3391,,,,97.81462860107422
,3392,,,,84.0260238647461
,3393,,,,98.3221206665039
,3394,,,,92.58363342285156
,3395,,,,77.5141372680664
,3396,,,,77.57968139648438
,3397,,,,107.58671569824219
,3398,,,,99.18321990966797
,3399,,,,108.60237884521484
,3400,,,,88.63560485839844
,3401,,,,79.16263580322266
,3402,,,,65.52674865722656
,3403,,,,77.50446319580078
,3404,,,,104.39269256591797
,3405,,,,88.96739959716797
,3406,,,,80.41529083251953
,3407,,,,76.39302825927734
,3408,,,,92.453125
,3409,,,,72.55593872070312
54,13474,,,91.93607330322266,
54,13474,91.65715026855469,,,
55,13499,,78.3528823852539,,
55,13549,,101.2850341796875,,
55,13599,,84.89561462402344,,
55,13649,,73.86785125732422,,
55,13699,,110.16095733642578,,
,3410,,,,101.49003601074219
,3411,,,,96.16167449951172
,3412,,,,90.9544677734375
,3413,,,,92.3914794921875
,3414,,,,105.54472351074219
,3415,,,,88.51691436767578
,3416,,,,96.19004821777344
,3417,,,,110.43666076660156
,3418,,,,85.29024505615234
,3419,,,,93.37898254394531
,3420,,,,79.53569793701172
,3421,,,,76.09269714355469
,3422,,,,92.70453643798828
,3423,,,,97.71218872070312
,3424,,,,73.51605224609375
,3425,,,,88.37672424316406
,3426,,,,85.0987319946289
,3427,,,,105.73233795166016
,3428,,,,94.42938995361328
,3429,,,,88.82852935791016
,3430,,,,108.71437072753906
,3431,,,,82.36077880859375
,3432,,,,99.98501586914062
,3433,,,,86.88090515136719
,3434,,,,110.56403350830078
,3435,,,,85.69210815429688
,3436,,,,106.81892395019531
,3437,,,,88.68268585205078
,3438,,,,116.783203125
,3439,,,,94.46273040771484
,3440,,,,86.22732543945312
,3441,,,,80.29997253417969
,3442,,,,97.76825714111328
,3443,,,,92.58189392089844
,3444,,,,92.38268280029297
,3445,,,,101.49916076660156
,3446,,,,87.05815887451172
,3447,,,,106.7309341430664
,3448,,,,82.68130493164062
,3449,,,,84.02130889892578
,3450,,,,91.47626495361328
,3451,,,,90.06365966796875
,3452,,,,99.61915588378906
,3453,,,,97.77983093261719
,3454,,,,84.00355529785156
,3455,,,,98.32147979736328
,3456,,,,92.59491729736328
,3457,,,,77.49468231201172
,3458,,,,77.55409240722656
,3459,,,,107.60083770751953
,3460,,,,99.21931457519531
,3461,,,,108.59542846679688
,3462,,,,88.62971496582031
,3463,,,,79.15946960449219
,3464,,,,65.51769256591797
,3465,,,,77.50532531738281
,3466,,,,104.39081573486328
,3467,,,,88.9496078491211
,3468,,,,80.43207550048828
,3469,,,,76.40872955322266
,3470,,,,92.44754028320312
,3471,,,,72.55841827392578
55,13719,,,91.93611145019531,
55,13719,91.64946746826172,,,
56,13749,,83.68360137939453,,
56,13799,,76.47087860107422,,
56,13849,,94.85160827636719,,
56,13899,,79.8798599243164,,
56,13949,,97.26998138427734,,
,3472,,,,101.4676284790039
,3473,,,,96.17689514160156
,3474,,,,90.93370056152344
,3475,,,,92.38545989990234
,3476,,,,105.53266143798828
,3477,,,,88.49254608154297
,3478,,,,96.17949676513672
,3479,,,,110.4155044555664
,3480,,,,85.2640609741211
,3481,,,,93.3795394897461
,3482,,,,79.50987243652344
,3483,,,,76.08853149414062
,3484,,,,92.68927764892578
,3485,,,,97.7086181640625
,3486,,,,73.4999771118164
,3487,,,,88.33908081054688
,3488,,,,85.10201263427734
,3489,,,,105.73040771484375
,3490,,,,94.44026184082031
,3491,,,,88.79196166992188
,3492,,,,108.71202087402344
,3493,,,,82.34124755859375
,3494,,,,99.98078918457031
,3495,,,,86.88414001464844
,3496,,,,110.55699157714844
,3497,,,,85.67570495605469
,3498,,,,106.81747436523438
,3499,,,,88.68143463134766
,3500,,,,116.77394104003906
,3501,,,,94.45816040039062
,3502,,,,86.22408294677734
,3503,,,,80.31712341308594
,3504,,,,97.75447082519531
,3505,,,,92.57579803466797
,3506,,,,92.38481140136719
,3507,,,,101.4817886352539
,3508,,,,87.02336120605469
,3509,,,,106.75021362304688
,3510,,,,82.6739273071289
,3511,,,,84.0083999633789
,3512,,,,91.45781707763672
,3513,,,,90.03937530517578
,3514,,,,99.61058044433594
,3515,,,,97.77371215820312
,3516,,,,83.96569061279297
,3517,,,,98.33399963378906
,3518,,,,92.58132934570312
,3519,,,,77.47610473632812
,3520,,,,77.5584487915039
,3521,,,,107.6162109375
,3522,,,,99.2125015258789
,3523,,,,108.56732177734375
,3524,,,,88.6480941772461
,3525,,,,79.149658203125
,3526,,,,65.50927734375
,3527,,,,77.4806900024414
,3528,,,,104.36109161376953
,3529,,,,88.96271514892578
,3530,,,,80.43034362792969
,3531,,,,76.37177276611328
,3532,,,,92.451416015625
,3533,,,,72.5249252319336
56,13964,,,91.926513671875,
56,13964,91.64016723632812,,,
57,13999,,80.20516204833984,,
57,14049,,95.60517120361328,,
57,14099,,78.13961029052734,,
57,14149,,82.2874755859375,,
57,14199,,93.42459106445312,,
,3534,,,,101.46233367919922
,3535,,,,96.17217254638672
,3536,,,,90.92164611816406
,3537,,,,92.41280364990234
,3538,,,,105.55784606933594
,3539,,,,88.47726440429688
,3540,,,,96.18611907958984
,3541,,,,110.42829895019531
,3542,,,,85.30022430419922
,3543,,,,93.36663818359375
,3544,,,,79.49163818359375
,3545,,,,76.07759857177734
,3546,,,,92.67494201660156
,3547,,,,97.6976089477539
,3548,,,,73.49285125732422
,3549,,,,88.31858825683594
,3550,,,,85.0861587524414
,3551,,,,105.74181365966797
,3552,,,,94.42652130126953
,3553,,,,88.7756118774414
,3554,,,,108.6962890625
,3555,,,,82.35028839111328
,3556,,,,99.93517303466797
,3557,,,,86.8729476928711
,3558,,,,110.5496826171875
,3559,,,,85.66507720947266
,3560,,,,106.83992004394531
,3561,,,,88.6552505493164
,3562,,,,116.78013610839844
,3563,,,,94.46036529541016
,3564,,,,86.20651245117188
,3565,,,,80.30438995361328
,3566,,,,97.7574462890625
,3567,,,,92.58218383789062
,3568,,,,92.37921905517578
,3569,,,,101.48147583007812
,3570,,,,87.05343627929688
,3571,,,,106.71090698242188
,3572,,,,82.66432189941406
,3573,,,,83.99114990234375
,3574,,,,91.44532012939453
,3575,,,,90.04349517822266
,3576,,,,99.60257720947266
,3577,,,,97.76006317138672
,3578,,,,83.93528747558594
,3579,,,,98.33338928222656
,3580,,,,92.57733154296875
,3581,,,,77.47992706298828
,3582,,,,77.52600860595703
,3583,,,,107.59222412109375
,3584,,,,99.19618225097656
,3585,,,,108.57649993896484
,3586,,,,88.61273193359375
,3587,,,,79.15492248535156
,3588,,,,65.53004455566406
,3589,,,,77.44712829589844
,3590,,,,104.36983489990234
,3591,,,,88.9571304321289
,3592,,,,80.4180679321289
,3593,,,,76.37753295898438
,3594,,,,92.4344711303711
,3595,,,,72.54766845703125
57,14209,,,91.92028045654297,
57,14209,91.63166046142578,,,
58,14249,,91.38783264160156,,
58,14299,,62.67915725708008,,
58,14349,,89.26643371582031,,
58,14399,,108.6689453125,,
58,14449,,100.529541015625,,
,3596,,,,101.44036102294922
,3597,,,,96.1124496459961
,3598,,,,90.92813873291016
,3599,,,,92.36009216308594
,3600,,,,105.56748962402344
,3601,,,,88.49481201171875
,3602,,,,96.18585968017578
,3603,,,,110.38056182861328
,3604,,,,85.27278900146484
,3605,,,,93.33611297607422
,3606,,,,79.53660583496094
,3607,,,,76.08687591552734
,3608,,,,92.6728286743164
,3609,,,,97.66177368164062
,3610,,,,73.48998260498047
,3611,,,,88.32938385009766
,3612,,,,85.07837677001953
,3613,,,,105.70563507080078
,3614,,,,94.4361801147461
,3615,,,,88.75630950927734
,3616,,,,108.66301727294922
,3617,,,,82.35387420654297
,3618,,,,99.95220184326172
,3619,,,,86.87504577636719
,3620,,,,110.501953125
,3621,,,,85.65547943115234
,3622,,,,106.8050537109375
,3623,,,,88.66957092285156
,3624,,,,116.72949981689453
,3625,,,,94.41973114013672
,3626,,,,86.19723510742188
,3627,,,,80.27676391601562
,3628,,,,97.74201202392578
,3629,,,,92.54559326171875
,3630,,,,92.3826904296875
,3631,,,,101.47594451904297
,3632,,,,87.02116394042969
,3633,,,,106.7065200805664
,3634,,,,82.6903305053711
,3635,,,,84.02589416503906
,3636,,,,91.43706512451172
,3637,,,,90.0299301147461
,3638,,,,99.57709503173828
,3639,,,,97.76806640625
,3640,,,,83.9326171875
,3641,,,,98.27176666259766
,3642,,,,92.55783081054688
,3643,,,,77.4884262084961
,3644,,,,77.53263854980469
,3645,,,,107.55744171142578
,3646,,,,99.18311309814453
,3647,,,,108.58415985107422
,3648,,,,88.63167572021484
,3649,,,,79.1642074584961
,3650,,,,65.52198028564453
,3651,,,,77.4884033203125
,3652,,,,104.36963653564453
,3653,,,,88.94584655761719
,3654,,,,80.37967681884766
,3655,,,,76.35954284667969
,3656,,,,92.41620635986328
,3657,,,,72.53435516357422
58,14454,,,91.90953063964844,
58,14454,91.62357330322266,,,
59,14499,,75.48776245117188,,
59,14549,,68.74234008789062,,
59,14599,,81.4049301147461,,
59,14649,,76.0259780883789,,
59,14699,,97.05011749267578,,
,3658,,,,101.41091918945312
,3659,,,,96.12588500976562
,3660,,,,90.92230224609375
,3661,,,,92.36878967285156
,3662,,,,105.52706909179688
,3663,,,,88.48284912109375
,3664,,,,96.16847229003906
,3665,,,,110.38834381103516
,3666,,,,85.31537628173828
,3667,,,,93.37769317626953
,3668,,,,79.50163269042969
,3669,,,,76.0790023803711
,3670,,,,92.6763916015625
,3671,,,,97.66519927978516
,3672,,,,73.48860168457031
,3673,,,,88.34514617919922
,3674,,,,85.06224060058594
,3675,,,,105.69695281982422
,3676,,,,94.40462493896484
,3677,,,,88.7728500366211
,3678,,,,108.68896484375
,3679,,,,82.36671447753906
,3680,,,,99.98661804199219
,3681,,,,86.8598403930664
,3682,,,,110.52794647216797
,3683,,,,85.68107604980469
,3684,,,,106.80623626708984
,3685,,,,88.63115692138672
,3686,,,,116.77958679199219
,3687,,,,94.43692016601562
,3688,,,,86.1810302734375
,3689,,,,80.30145263671875
,3690,,,,97.69827270507812
,3691,,,,92.53536224365234
,3692,,,,92.35810089111328
,3693,,,,101.4852523803711
,3694,,,,87.0180435180664
,3695,,,,106.72079467773438
,3696,,,,82.66777801513672
,3697,,,,83.98828125
,3698,,,,91.43761444091797
,3699,,,,90.04717254638672
,3700,,,,99.57203674316406
,3701,,,,97.74557495117188
,3702,,,,83.88525390625
,3703,,,,98.2701416015625
,3704,,,,92.5634536743164
,3705,,,,77.46986389160156
,3706,,,,77.53829956054688
,3707,,,,107.58647918701172
,3708,,,,99.16867065429688
,3709,,,,108.57894134521484
,3710,,,,88.60519409179688
,3711,,,,79.14283752441406
,3712,,,,65.54183197021484
,3713,,,,77.45746612548828
,3714,,,,104.3285140991211
,3715,,,,88.93827819824219
,3716,,,,80.42483520507812
,3717,,,,76.35491180419922
,3718,,,,92.41240692138672
,3719,,,,72.50047302246094
59,14699,,,91.90695190429688,
59,14699,91.61988067626953,,,
60,14749,,106.99325561523438,,
60,14799,,92.2310562133789,,
60,14849,,85.48269653320312,,
60,14899,,84.67823791503906,,
,3720,,,,101.41976165771484
,3721,,,,96.13101959228516
,3722,,,,90.88316345214844
,3723,,,,92.38720703125
,3724,,,,105.53063201904297
,3725,,,,88.46259307861328
,3726,,,,96.16790008544922
,3727,,,,110.38421630859375
,3728,,,,85.27347564697266
,3729,,,,93.35077667236328
,3730,,,,79.48148345947266
,3731,,,,76.07495880126953
,3732,,,,92.67034149169922
,3733,,,,97.6561279296875
,3734,,,,73.48471069335938
,3735,,,,88.3095703125
,3736,,,,85.06441497802734
,3737,,,,105.71781158447266
,3738,,,,94.41532897949219
,3739,,,,88.78462982177734
,3740,,,,108.6808090209961
,3741,,,,82.33805847167969
,3742,,,,99.93608856201172
,3743,,,,86.84197235107422
,3744,,,,110.49308013916016
,3745,,,,85.67898559570312
,3746,,,,106.80584716796875
,3747,,,,88.65911102294922
,3748,,,,116.76158142089844
,3749,,,,94.4290771484375
,3750,,,,86.20146942138672
,3751,,,,80.27427673339844
,3752,,,,97.70895385742188
,3753,,,,92.59257507324219
,3754,,,,92.3680419921875
,3755,,,,101.4704360961914
,3756,,,,87.00711059570312
,3757,,,,106.70087432861328
,3758,,,,82.6400375366211
,3759,,,,83.98592376708984
,3760,,,,91.43000793457031
,3761,,,,90.00162506103516
,3762,,,,99.5911865234375
,3763,,,,97.70933532714844
,3764,,,,83.8968734741211
,3765,,,,98.31724548339844
,3766,,,,92.55249786376953
,3767,,,,77.46453857421875
,3768,,,,77.52339172363281
,3769,,,,107.58977508544922
,3770,,,,99.18321990966797
,3771,,,,108.52921295166016
,3772,,,,88.60931396484375
,3773,,,,79.12177276611328
,3774,,,,65.5115966796875
,3775,,,,77.47200775146484
,3776,,,,104.33672332763672
,3777,,,,88.94525909423828
,3778,,,,80.44727325439453
,3779,,,,76.34428405761719
,3780,,,,92.42296600341797
,3781,,,,72.53363037109375
60,14944,,,91.90145111083984,
60,14944,91.61238098144531,,,
61,14949,,76.01178741455078,,
61,14999,,67.09866333007812,,
61,15049,,86.2513427734375,,
61,15099,,86.62775421142578,,
61,15149,,67.68269348144531,,
,3782,,,,101.396728515625
,3783,,,,96.13874816894531
,3784,,,,90.88227081298828
,3785,,,,92.35505676269531
,3786,,,,105.51678466796875
,3787,,,,88.44503021240234
,3788,,,,96.15480041503906
,3789,,,,110.35700225830078
,3790,,,,85.26298522949219
,3791,,,,93.3266372680664
,3792,,,,79.46971130371094
,3793,,,,76.08033752441406
,3794,,,,92.64285278320312
,3795,,,,97.64676666259766
,3796,,,,73.47088623046875
,3797,,,,88.31423950195312
,3798,,,,85.04570770263672
,3799,,,,105.68095397949219
,3800,,,,94.4168930053711
,3801,,,,88.75597381591797
,3802,,,,108.66162109375
,3803,,,,82.34022521972656
,3804,,,,99.96131896972656
,3805,,,,86.83086395263672
,3806,,,,110.4642333984375
,3807,,,,85.65245819091797
,3808,,,,106.79999542236328
,3809,,,,88.63197326660156
,3810,,,,116.77056121826172
,3811,,,,94.39059448242188
,3812,,,,86.18586730957031
,3813,,,,80.28604125976562
,3814,,,,97.70842742919922
,3815,,,,92.51921844482422
,3816,,,,92.3531265258789
,3817,,,,101.46904754638672
,3818,,,,86.9970474243164
,3819,,,,106.66730499267578
,3820,,,,82.67259216308594
,3821,,,,83.99665832519531
,3822,,,,91.41515350341797
,3823,,,,90.00005340576172
,3824,,,,99.56497955322266
,3825,,,,97.70152282714844
,3826,,,,83.86890411376953
,3827,,,,98.27651977539062
,3828,,,,92.52921295166016
,3829,,,,77.46613311767578
,3830,,,,77.51904296875
,3831,,,,107.55430603027344
,3832,,,,99.13317108154297
,3833,,,,108.52568054199219
,3834,,,,88.59056091308594
,3835,,,,79.1270751953125
,3836,,,,65.50276184082031
,3837,,,,77.45426940917969
,3838,,,,104.34286499023438
,3839,,,,88.91920471191406
,3840,,,,80.40169525146484
,3841,,,,76.34093475341797
,3842,,,,92.38530731201172
,3843,,,,72.5469970703125
61,15189,,,91.88700866699219,
61,15189,91.6045913696289,,,
62,15199,,102.92446899414062,,
62,15249,,108.85187530517578,,
62,15299,,89.03004455566406,,
62,15349,,118.53125762939453,,
62,15399,,103.72405242919922,,
,3844,,,,101.40003967285156
,3845,,,,96.11101531982422
,3846,,,,90.8973388671875
,3847,,,,92.38094329833984
,3848,,,,105.55016326904297
,3849,,,,88.4515609741211
,3850,,,,96.18019104003906
,3851,,,,110.38317108154297
,3852,,,,85.28034210205078
,3853,,,,93.36754608154297
,3854,,,,79.44505310058594
,3855,,,,76.08126831054688
,3856,,,,92.66889190673828
,3857,,,,97.6859130859375
,3858,,,,73.47063446044922
,3859,,,,88.36333465576172
,3860,,,,85.05953216552734
,3861,,,,105.71261596679688
,3862,,,,94.41634368896484
,3863,,,,88.74693298339844
,3864,,,,108.66975402832031
,3865,,,,82.35948944091797
,3866,,,,99.93106842041016
,3867,,,,86.8722152709961
,3868,,,,110.50513458251953
,3869,,,,85.65989685058594
,3870,,,,106.84327697753906
,3871,,,,88.61363220214844
,3872,,,,116.7621078491211
,3873,,,,94.40347290039062
,3874,,,,86.17369842529297
,3875,,,,80.28651428222656
,3876,,,,97.70919036865234
,3877,,,,92.54176330566406
,3878,,,,92.38145446777344
,3879,,,,101.45636749267578
,3880,,,,86.97933197021484
,3881,,,,106.638671875
,3882,,,,82.64421081542969
,3883,,,,83.9926528930664
,3884,,,,91.43628692626953
,3885,,,,90.0120849609375
,3886,,,,99.5729751586914
,3887,,,,97.70951080322266
,3888,,,,83.81490325927734
,3889,,,,98.29071807861328
,3890,,,,92.5202407836914
,3891,,,,77.46414184570312
,3892,,,,77.51903533935547
,3893,,,,107.57852172851562
,3894,,,,99.11785125732422
,3895,,,,108.55281066894531
,3896,,,,88.56321716308594
,3897,,,,79.12877655029297
,3898,,,,65.51421356201172
,3899,,,,77.41790008544922
,3900,,,,104.32083892822266
,3901,,,,88.89704895019531
,3902,,,,80.40328979492188
,3903,,,,76.32659149169922
,3904,,,,92.40447998046875
,3905,,,,72.53484344482422
62,15434,,,91.89192962646484,
62,15434,91.59896087646484,,,
63,15449,,90.14786529541016,,
63,15499,,117.72441101074219,,
63,15549,,84.2143325805664,,
63,15599,,80.93601989746094,,
63,15649,,95.29810333251953,,
,3906,,,,101.41770935058594
,3907,,,,96.08230590820312
,3908,,,,90.91148376464844
,3909,,,,92.33490753173828
,3910,,,,105.52334594726562
,3911,,,,88.46672058105469
,3912,,,,96.17009735107422
,3913,,,,110.36310577392578
,3914,,,,85.29347229003906
,3915,,,,93.35794067382812
,3916,,,,79.46104431152344
,3917,,,,76.08052062988281
,3918,,,,92.65531158447266
,3919,,,,97.65938568115234
,3920,,,,73.472900390625
,3921,,,,88.3405532836914
,3922,,,,85.0516357421875
,3923,,,,105.64498138427734
,3924,,,,94.41204833984375
,3925,,,,88.7449722290039
,3926,,,,108.65235137939453
,3927,,,,82.37921905517578
,3928,,,,99.96659851074219
,3929,,,,86.85477447509766
,3930,,,,110.48316192626953
,3931,,,,85.66102600097656
,3932,,,,106.80107879638672
,3933,,,,88.62974548339844
,3934,,,,116.74705505371094
,3935,,,,94.40182495117188
,3936,,,,86.15049743652344
,3937,,,,80.2874984741211
,3938,,,,97.675048828125
,3939,,,,92.49010467529297
,3940,,,,92.35478210449219
,3941,,,,101.48675537109375
,3942,,,,86.99037170410156
,3943,,,,106.66427612304688
,3944,,,,82.64771270751953
,3945,,,,83.98755645751953
,3946,,,,91.41822052001953
,3947,,,,90.0047378540039
,3948,,,,99.55364990234375
,3949,,,,97.71968841552734
,3950,,,,83.81864929199219
,3951,,,,98.28032684326172
,3952,,,,92.52882385253906
,3953,,,,77.45623016357422
,3954,,,,77.53866577148438
,3955,,,,107.55438995361328
,3956,,,,99.11334991455078
,3957,,,,108.54405212402344
,3958,,,,88.56297302246094
,3959,,,,79.1239013671875
,3960,,,,65.51778411865234
,3961,,,,77.43978118896484
,3962,,,,104.28812408447266
,3963,,,,88.88175201416016
,3964,,,,80.3858871459961
,3965,,,,76.34494018554688
,3966,,,,92.38377380371094
,3967,,,,72.49072265625
63,15679,,,91.88479614257812,
63,15679,91.59325408935547,,,
64,15699,,76.4808120727539,,
64,15749,,85.62699127197266,,
64,15799,,71.27589416503906,,
64,15849,,116.48849487304688,,
64,15899,,90.79920959472656,,
,3968,,,,101.37380981445312
,3969,,,,96.13121032714844
,3970,,,,90.87916564941406
,3971,,,,92.35250854492188
,3972,,,,105.51669311523438
,3973,,,,88.42898559570312
,3974,,,,96.15928649902344
,3975,,,,110.34111022949219
,3976,,,,85.30815887451172
,3977,,,,93.35073852539062
,3978,,,,79.42753601074219
,3979,,,,76.07154846191406
,3980,,,,92.6943130493164
,3981,,,,97.66194915771484
,3982,,,,73.47650146484375
,3983,,,,88.31044006347656
,3984,,,,85.0204849243164
,3985,,,,105.66470336914062
,3986,,,,94.40079498291016
,3987,,,,88.77392578125
,3988,,,,108.66416931152344
,3989,,,,82.34407806396484
,3990,,,,99.92271423339844
,3991,,,,86.82673645019531
,3992,,,,110.48863983154297
,3993,,,,85.64872741699219
,3994,,,,106.84345245361328
,3995,,,,88.63932800292969
,3996,,,,116.78939056396484
,3997,,,,94.43314361572266
,3998,,,,86.16709899902344
,3999,,,,80.28023529052734
,4000,,,,97.66997528076172
,4001,,,,92.55752563476562
,4002,,,,92.34681701660156
,4003,,,,101.4627914428711
,4004,,,,86.98384857177734
,4005,,,,106.63506317138672
,4006,,,,82.62458801269531
,4007,,,,83.93533325195312
,4008,,,,91.41624450683594
,4009,,,,89.98834991455078
,4010,,,,99.5590591430664
,4011,,,,97.65196228027344
,4012,,,,83.81114959716797
,4013,,,,98.2913818359375
,4014,,,,92.53755950927734
,4015,,,,77.45941925048828
,4016,,,,77.53937530517578
,4017,,,,107.5853271484375
,4018,,,,99.14341735839844
,4019,,,,108.51874542236328
,4020,,,,88.55949401855469
,4021,,,,79.11426544189453
,4022,,,,65.48538208007812
,4023,,,,77.44857025146484
,4024,,,,104.29261779785156
,4025,,,,88.92243957519531
,4026,,,,80.41047668457031
,4027,,,,76.33539581298828
,4028,,,,92.40696716308594
,4029,,,,72.53243255615234
64,15924,,,91.8828353881836,
64,15924,91.5829849243164,,,
65,15949,,106.68286895751953,,
65,15999,,94.46109008789062,,
65,16049,,94.74982452392578,,
65,16099,,74.28105163574219,,
65,16149,,77.87459564208984,,
,4030,,,,101.40933990478516
,4031,,,,96.11373138427734
,4032,,,,90.86619567871094
,4033,,,,92.37284851074219
,4034,,,,105.5255355834961
,4035,,,,88.4260025024414
,4036,,,,96.16068267822266
,4037,,,,110.36812591552734
,4038,,,,85.25638580322266
,4039,,,,93.36392974853516
,4040,,,,79.4455795288086
,4041,,,,76.05656433105469
,4042,,,,92.64578247070312
,4043,,,,97.69367218017578
,4044,,,,73.46678924560547
,4045,,,,88.30018615722656
,4046,,,,85.03227233886719
,4047,,,,105.69354248046875
,4048,,,,94.35916137695312
,4049,,,,88.73505401611328
,4050,,,,108.6576156616211
,4051,,,,82.336669921875
,4052,,,,99.90607452392578
,4053,,,,86.8398208618164
,4054,,,,110.51234436035156
,4055,,,,85.61884307861328
,4056,,,,106.80775451660156
,4057,,,,88.62886810302734
,4058,,,,116.76136779785156
,4059,,,,94.41322326660156
,4060,,,,86.16255950927734
,4061,,,,80.26072692871094
,4062,,,,97.68972778320312
,4063,,,,92.54179382324219
,4064,,,,92.35720825195312
,4065,,,,101.46697235107422
,4066,,,,86.99009704589844
,4067,,,,106.67062377929688
,4068,,,,82.62882995605469
,4069,,,,83.96210479736328
,4070,,,,91.38365173339844
,4071,,,,89.98944854736328
,4072,,,,99.54999542236328
,4073,,,,97.693359375
,4074,,,,83.8006362915039
,4075,,,,98.3035659790039
,4076,,,,92.53170013427734
,4077,,,,77.42330169677734
,4078,,,,77.49930572509766
,4079,,,,107.59475708007812
,4080,,,,99.13773345947266
,4081,,,,108.51956176757812
,4082,,,,88.5441665649414
,4083,,,,79.12492370605469
,4084,,,,65.4967041015625
,4085,,,,77.40956115722656
,4086,,,,104.28134155273438
,4087,,,,88.91838836669922
,4088,,,,80.39329528808594
,4089,,,,76.3351821899414
,4090,,,,92.4008560180664
,4091,,,,72.49803924560547
65,16169,,,91.87864685058594,
65,16169,91.57743072509766,,,
66,16199,,120.40372467041016,,
66,16249,,116.34648132324219,,
66,16299,,60.65301513671875,,
66,16349,,108.27244567871094,,
66,16399,,92.63057708740234,,
,4092,,,,101.412109375
,4093,,,,96.09274291992188
,4094,,,,90.87294006347656
,4095,,,,92.34122467041016
,4096,,,,105.51433563232422
,4097,,,,88.4462661743164
,4098,,,,96.15225219726562
,4099,,,,110.33657836914062
,4100,,,,85.26294708251953
,4101,,,,93.34156799316406
,4102,,,,79.43001556396484
,4103,,,,76.06502532958984
,4104,,,,92.66460418701172
,4105,,,,97.63259887695312
,4106,,,,73.47453308105469
,4107,,,,88.27013397216797
,4108,,,,85.02254486083984
,4109,,,,105.66043090820312
,4110,,,,94.37679290771484
,4111,,,,88.72378540039062
,4112,,,,108.6514892578125
,4113,,,,82.33589935302734
,4114,,,,99.91429138183594
,4115,,,,86.83638763427734
,4116,,,,110.45572662353516
,4117,,,,85.61381530761719
,4118,,,,106.79911804199219
,4119,,,,88.62030029296875
,4120,,,,116.7650375366211
,4121,,,,94.3655776977539
,4122,,,,86.14678192138672
,4123,,,,80.24947357177734
,4124,,,,97.68795776367188
,4125,,,,92.50662231445312
,4126,,,,92.34898376464844
,4127,,,,101.4471664428711
,4128,,,,86.96509552001953
,4129,,,,106.65120697021484
,4130,,,,82.61280822753906
,4131,,,,83.94709014892578
,4132,,,,91.40510559082031
,4133,,,,89.97422790527344
,4134,,,,99.54115295410156
,4135,,,,97.65074920654297
,4136,,,,83.78675842285156
,4137,,,,98.25564575195312
,4138,,,,92.50514221191406
,4139,,,,77.43482208251953
,4140,,,,77.51087951660156
,4141,,,,107.55909729003906
,4142,,,,99.1215591430664
,4143,,,,108.51927185058594
,4144,,,,88.5499267578125
,4145,,,,79.0880126953125
,4146,,,,65.49099731445312
,4147,,,,77.42000579833984
,4148,,,,104.28746795654297
,4149,,,,88.9111099243164
,4150,,,,80.38528442382812
,4151,,,,76.32559204101562
,4152,,,,92.40228271484375
,4153,,,,72.544921875
66,16414,,,91.86742401123047,
66,16414,91.57320404052734,,,
67,16449,,111.42827606201172,,
67,16499,,110.28738403320312,,
67,16549,,87.52690887451172,,
67,16599,,94.3775863647461,,
67,16649,,80.14401245117188,,
,4154,,,,101.41224670410156
,4155,,,,96.05131530761719
,4156,,,,90.88591766357422
,4157,,,,92.3193130493164
,4158,,,,105.48029327392578
,4159,,,,88.46888732910156
,4160,,,,96.1092529296875
,4161,,,,110.36904907226562
,4162,,,,85.24302673339844
,4163,,,,93.34292602539062
,4164,,,,79.44855499267578
,4165,,,,76.04659271240234
,4166,,,,92.64704895019531
,4167,,,,97.64549255371094
,4168,,,,73.45921325683594
,4169,,,,88.335693359375
,4170,,,,85.05256652832031
,4171,,,,105.66415405273438
,4172,,,,94.36935424804688
,4173,,,,88.72626495361328
,4174,,,,108.63941192626953
,4175,,,,82.34097290039062
,4176,,,,99.93901824951172
,4177,,,,86.82056427001953
,4178,,,,110.46942901611328
,4179,,,,85.6259765625
,4180,,,,106.76705932617188
,4181,,,,88.60647583007812
,4182,,,,116.7103500366211
,4183,,,,94.36744689941406
,4184,,,,86.13812255859375
,4185,,,,80.24003601074219
,4186,,,,97.679443359375
,4187,,,,92.48915100097656
,4188,,,,92.3185043334961
,4189,,,,101.44483947753906
,4190,,,,87.00308227539062
,4191,,,,106.63605499267578
,4192,,,,82.6230239868164
,4193,,,,83.96492004394531
,4194,,,,91.38606262207031
,4195,,,,89.98948669433594
,4196,,,,99.5409927368164
,4197,,,,97.67742919921875
,4198,,,,83.77137756347656
,4199,,,,98.2215347290039
,4200,,,,92.52535247802734
,4201,,,,77.40377807617188
,4202,,,,77.50439453125
,4203,,,,107.52027130126953
,4204,,,,99.11378479003906
,4205,,,,108.52816772460938
,4206,,,,88.55671691894531
,4207,,,,79.11656188964844
,4208,,,,65.4999771118164
,4209,,,,77.39684295654297
,4210,,,,104.29214477539062
,4211,,,,88.884033203125
,4212,,,,80.35091400146484
,4213,,,,76.3237075805664
,4214,,,,92.37483978271484
,4215,,,,72.44405364990234
67,16659,,,91.86283874511719,
67,16659,91.56707763671875,,,
68,16699,,88.44851684570312,,
68,16749,,103.78294372558594,,
68,16799,,81.69721221923828,,
68,16849,,111.78463745117188,,
68,16899,,101.44712829589844,,
,4216,,,,101.35345458984375
,4217,,,,96.04632568359375
,4218,,,,90.89183044433594
,4219,,,,92.32352447509766
,4220,,,,105.51363372802734
,4221,,,,88.45892333984375
,4222,,,,96.1370849609375
,4223,,,,110.33818054199219
,4224,,,,85.27117156982422
,4225,,,,93.32217407226562
,4226,,,,79.4241943359375
,4227,,,,76.07557678222656
,4228,,,,92.6424331665039
,4229,,,,97.64081573486328
,4230,,,,73.4659423828125
,4231,,,,88.32917785644531
,4232,,,,85.04518127441406
,4233,,,,105.61209106445312
,4234,,,,94.38941192626953
,4235,,,,88.73188018798828
,4236,,,,108.64371490478516
,4237,,,,82.34835815429688
,4238,,,,99.93004608154297
,4239,,,,86.83417510986328
,4240,,,,110.44002532958984
,4241,,,,85.61798858642578
,4242,,,,106.78253936767578
,4243,,,,88.59123229980469
,4244,,,,116.70814514160156
,4245,,,,94.35777282714844
,4246,,,,86.13324737548828
,4247,,,,80.25554656982422
,4248,,,,97.67306518554688
,4249,,,,92.45777130126953
,4250,,,,92.31236267089844
,4251,,,,101.40767669677734
,4252,,,,86.97464752197266
,4253,,,,106.59889221191406
,4254,,,,82.65122985839844
,4255,,,,83.96623229980469
,4256,,,,91.38935089111328
,4257,,,,89.99593353271484
,4258,,,,99.51377868652344
,4259,,,,97.67417907714844
,4260,,,,83.76970672607422
,4261,,,,98.22560119628906
,4262,,,,92.4941177368164
,4263,,,,77.43521881103516
,4264,,,,77.50967407226562
,4265,,,,107.49652099609375
,4266,,,,99.09517669677734
,4267,,,,108.52035522460938
,4268,,,,88.5669937133789
,4269,,,,79.11519622802734
,4270,,,,65.48391723632812
,4271,,,,77.42560577392578
,4272,,,,104.29265594482422
,4273,,,,88.87085723876953
,4274,,,,80.3473892211914
,4275,,,,76.31361389160156
,4276,,,,92.37117004394531
,4277,,,,72.44499206542969
68,16904,,,91.85832214355469,
68,16904,91.56272888183594,,,
69,16949,,87.56289672851562,,
69,16999,,91.05984497070312,,
69,17049,,116.61328887939453,,
69,17099,,85.89562225341797,,
69,17149,,102.4452896118164,,
,4278,,,,101.37078094482422
,4279,,,,96.04277038574219
,4280,,,,90.87728118896484
,4281,,,,92.33220672607422
,4282,,,,105.50484466552734
,4283,,,,88.43634796142578
,4284,,,,96.14839935302734
,4285,,,,110.34765625
,4286,,,,85.25355529785156
,4287,,,,93.3458251953125
,4288,,,,79.402587890625
,4289,,,,76.0463638305664
,4290,,,,92.64817810058594
,4291,,,,97.6244888305664
,4292,,,,73.45553588867188
,4293,,,,88.31562042236328
,4294,,,,85.03321838378906
,4295,,,,105.64307403564453
,4296,,,,94.3638687133789
,4297,,,,88.7278823852539
,4298,,,,108.65595245361328
,4299,,,,82.3333740234375
,4300,,,,99.91947174072266
,4301,,,,86.82955169677734
,4302,,,,110.45335388183594
,4303,,,,85.60842895507812
,4304,,,,106.77095794677734
,4305,,,,88.59877014160156
,4306,,,,116.70183563232422
,4307,,,,94.37642669677734
,4308,,,,86.13693237304688
,4309,,,,80.23173522949219
,4310,,,,97.64419555664062
,4311,,,,92.47952270507812
,4312,,,,92.30615234375
,4313,,,,101.43048858642578
,4314,,,,86.96952819824219
,4315,,,,106.64216613769531
,4316,,,,82.6366195678711
,4317,,,,83.94424438476562
,4318,,,,91.3621826171875
,4319,,,,89.98653411865234
,4320,,,,99.52044677734375
,4321,,,,97.6702651977539
,4322,,,,83.73197937011719
,4323,,,,98.24519348144531
,4324,,,,92.49588012695312
,4325,,,,77.41597747802734
,4326,,,,77.4888916015625
,4327,,,,107.49574279785156
,4328,,,,99.10993957519531
,4329,,,,108.52640533447266
,4330,,,,88.55235290527344
,4331,,,,79.09944915771484
,4332,,,,65.47500610351562
,4333,,,,77.39250183105469
,4334,,,,104.2738265991211
,4335,,,,88.87699127197266
,4336,,,,80.34939575195312
,4337,,,,76.31473541259766
,4338,,,,92.34952545166016
,4339,,,,72.47466278076172
69,17149,,,91.85386657714844,
69,17149,91.5537338256836,,,
70,17199,,97.49552154541016,,
70,17249,,76.6667251586914,,
70,17299,,82.83940887451172,,
70,17349,,107.5023193359375,,
,4340,,,,101.38004302978516
,4341,,,,96.04747772216797
,4342,,,,90.8739242553711
,4343,,,,92.31316375732422
,4344,,,,105.52001953125
,4345,,,,88.44998931884766
,4346,,,,96.12612915039062
,4347,,,,110.34007263183594
,4348,,,,85.22981262207031
,4349,,,,93.32125091552734
,4350,,,,79.42454528808594
,4351,,,,76.05326843261719
,4352,,,,92.6011734008789
,4353,,,,97.64866638183594
,4354,,,,73.45552825927734
,4355,,,,88.29566192626953
,4356,,,,85.02657318115234
,4357,,,,105.62384796142578
,4358,,,,94.3680648803711
,4359,,,,88.69242858886719
,4360,,,,108.60782623291016
,4361,,,,82.3072280883789
,4362,,,,99.92697143554688
,4363,,,,86.82465362548828
,4364,,,,110.44700622558594
,4365,,,,85.5926742553711
,4366,,,,106.74906921386719
,4367,,,,88.59239959716797
,4368,,,,116.69618225097656
,4369,,,,94.35224151611328
,4370,,,,86.12654113769531
,4371,,,,80.2437973022461
,4372,,,,97.6613540649414
,4373,,,,92.4531021118164
,4374,,,,92.31097412109375
,4375,,,,101.40738677978516
,4376,,,,86.98997497558594
,4377,,,,106.61869049072266
,4378,,,,82.65912628173828
,4379,,,,83.9579849243164
,4380,,,,91.38326263427734
,4381,,,,89.9959945678711
,4382,,,,99.51874542236328
,4383,,,,97.6386489868164
,4384,,,,83.7477035522461
,4385,,,,98.23638153076172
,4386,,,,92.48986053466797
,4387,,,,77.42271423339844
,4388,,,,77.4890365600586
,4389,,,,107.47308349609375
,4390,,,,99.11726379394531
,4391,,,,108.50074768066406
,4392,,,,88.56246185302734
,4393,,,,79.12736511230469
,4394,,,,65.48556518554688
,4395,,,,77.42152404785156
,4396,,,,104.27286529541016
,4397,,,,88.87600708007812
,4398,,,,80.31169128417969
,4399,,,,76.32482147216797
,4400,,,,92.38087463378906
,4401,,,,72.47586059570312
70,17394,,,91.85009002685547,
70,17394,91.547119140625,,,
71,17399,,93.59561920166016,,
71,17449,,108.71987915039062,,
71,17499,,93.66529083251953,,
71,17549,,96.84219360351562,,
71,17599,,87.14928436279297,,
,4402,,,,101.38243103027344
,4403,,,,96.06898498535156
,4404,,,,90.83426666259766
,4405,,,,92.33650207519531
,4406,,,,105.46407318115234
,4407,,,,88.41957092285156
,4408,,,,96.11458587646484
,4409,,,,110.32698822021484
,4410,,,,85.23497772216797
,4411,,,,93.26873016357422
,4412,,,,79.43357849121094
,4413,,,,76.018310546875
,4414,,,,92.60478973388672
,4415,,,,97.63296508789062
,4416,,,,73.44026184082031
,4417,,,,88.22561645507812
,4418,,,,85.00160217285156
,4419,,,,105.64948272705078
,4420,,,,94.3172836303711
,4421,,,,88.72802734375
,4422,,,,108.6312484741211
,4423,,,,82.29573059082031
,4424,,,,99.87287139892578
,4425,,,,86.78419494628906
,4426,,,,110.44844818115234
,4427,,,,85.58760833740234
,4428,,,,106.75055694580078
,4429,,,,88.63211822509766
,4430,,,,116.72150421142578
,4431,,,,94.37039184570312
,4432,,,,86.1341552734375
,4433,,,,80.20631408691406
,4434,,,,97.62709045410156
,4435,,,,92.50453186035156
,4436,,,,92.31617736816406
,4437,,,,101.42532348632812
,4438,,,,86.9546890258789
,4439,,,,106.64073944091797
,4440,,,,82.62012481689453
,4441,,,,83.93240356445312
,4442,,,,91.36119079589844
,4443,,,,89.92461395263672
,4444,,,,99.53067779541016
,4445,,,,97.6416015625
,4446,,,,83.7486343383789
,4447,,,,98.2660903930664
,4448,,,,92.50499725341797
,4449,,,,77.37869262695312
,4450,,,,77.48265075683594
,4451,,,,107.51712799072266
,4452,,,,99.12884521484375
,4453,,,,108.4998779296875
,4454,,,,88.54264831542969
,4455,,,,79.09333038330078
,4456,,,,65.48045349121094
,4457,,,,77.38753509521484
,4458,,,,104.24856567382812
,4459,,,,88.90353393554688
,4460,,,,80.353271484375
,4461,,,,76.31430053710938
,4462,,,,92.34854888916016
,4463,,,,72.49623107910156
71,17639,,,91.84236145019531,
71,17639,91.54519653320312,,,
72,17649,,100.26095581054688,,
72,17699,,96.36726379394531,,
72,17749,,89.76183319091797,,
72,17799,,88.2587661743164,,
72,17849,,76.1087646484375,,
,4464,,,,101.36064910888672
,4465,,,,96.0440444946289
,4466,,,,90.85374450683594
,4467,,,,92.35201263427734
,4468,,,,105.52784729003906
,4469,,,,88.4256362915039
,4470,,,,96.13895416259766
,4471,,,,110.31295776367188
,4472,,,,85.23573303222656
,4473,,,,93.31498718261719
,4474,,,,79.42083740234375
,4475,,,,76.0289306640625
,4476,,,,92.61139678955078
,4477,,,,97.6563949584961
,4478,,,,73.45709991455078
,4479,,,,88.2924575805664
,4480,,,,85.03776550292969
,4481,,,,105.6449966430664
,4482,,,,94.35415649414062
,4483,,,,88.68356323242188
,4484,,,,108.65099334716797
,4485,,,,82.32300567626953
,4486,,,,99.86298370361328
,4487,,,,86.83123016357422
,4488,,,,110.43290710449219
,4489,,,,85.59110260009766
,4490,,,,106.77163696289062
,4491,,,,88.58409881591797
,4492,,,,116.70170593261719
,4493,,,,94.31776428222656
,4494,,,,86.1446304321289
,4495,,,,80.23350524902344
,4496,,,,97.64728546142578
,4497,,,,92.46038818359375
,4498,,,,92.34169006347656
,4499,,,,101.43537139892578
,4500,,,,86.96669006347656
,4501,,,,106.58296966552734
,4502,,,,82.65753936767578
,4503,,,,83.96598815917969
,4504,,,,91.39036560058594
,4505,,,,89.98619842529297
,4506,,,,99.5096435546875
,4507,,,,97.6314468383789
,4508,,,,83.7161636352539
,4509,,,,98.2443618774414
,4510,,,,92.45526885986328
,4511,,,,77.42495727539062
,4512,,,,77.5033950805664
,4513,,,,107.50655364990234
,4514,,,,99.08120727539062
,4515,,,,108.50726318359375
,4516,,,,88.52407836914062
,4517,,,,79.10008239746094
,4518,,,,65.48445129394531
,4519,,,,77.38236999511719
,4520,,,,104.26915740966797
,4521,,,,88.87393951416016
,4522,,,,80.35853576660156
,4523,,,,76.2921371459961
,4524,,,,92.37843322753906
,4525,,,,72.55540466308594
72,17884,,,91.84683227539062,
72,17884,91.53705596923828,,,
73,17899,,85.79063415527344,,
73,17949,,94.41374969482422,,
73,17999,,76.69513702392578,,
73,18049,,93.66421508789062,,
73,18099,,74.082275390625,,
,4526,,,,101.3428955078125
,4527,,,,96.03852081298828
,4528,,,,90.86295318603516
,4529,,,,92.32070922851562
,4530,,,,105.4676742553711
,4531,,,,88.44629669189453
,4532,,,,96.11071014404297
,4533,,,,110.33590698242188
,4534,,,,85.21185302734375
,4535,,,,93.27665710449219
,4536,,,,79.42967224121094
,4537,,,,76.03177642822266
,4538,,,,92.623046875
,4539,,,,97.62969207763672
,4540,,,,73.44393157958984
,4541,,,,88.25917053222656
,4542,,,,85.01525115966797
,4543,,,,105.61094665527344
,4544,,,,94.35511779785156
,4545,,,,88.70277404785156
,4546,,,,108.62385559082031
,4547,,,,82.2889404296875
,4548,,,,99.8953628540039
,4549,,,,86.77336883544922
,4550,,,,110.44729614257812
,4551,,,,85.57694244384766
,4552,,,,106.69764709472656
,4553,,,,88.60115814208984
,4554,,,,116.67498779296875
,4555,,,,94.35932159423828
,4556,,,,86.1130142211914
,4557,,,,80.19928741455078
,4558,,,,97.65724182128906
,4559,,,,92.45503997802734
,4560,,,,92.296875
,4561,,,,101.40587615966797
,4562,,,,86.95767211914062
,4563,,,,106.64089965820312
,4564,,,,82.623046875
,4565,,,,83.95944213867188
,4566,,,,91.35431671142578
,4567,,,,89.94902801513672
,4568,,,,99.51311492919922
,4569,,,,97.66275787353516
,4570,,,,83.71300506591797
,4571,,,,98.210205078125
,4572,,,,92.49319458007812
,4573,,,,77.37273406982422
,4574,,,,77.4724349975586
,4575,,,,107.47152709960938
,4576,,,,99.12106323242188
,4577,,,,108.49891662597656
,4578,,,,88.57401275634766
,4579,,,,79.09703826904297
,4580,,,,65.46731567382812
,4581,,,,77.38997650146484
,4582,,,,104.23661804199219
,4583,,,,88.86790466308594
,4584,,,,80.3443374633789
,4585,,,,76.31024932861328
,4586,,,,92.33887481689453
,4587,,,,72.4801254272461
73,18129,,,91.83586120605469,
73,18129,91.5329360961914,,,
74,18149,,85.02732849121094,,
74,18199,,101.21849060058594,,
74,18249,,121.16913604736328,,
74,18299,,76.01939392089844,,
74,18349,,87.59986877441406,,
,4588,,,,101.35012817382812
,4589,,,,96.05503845214844
,4590,,,,90.81619262695312
,4591,,,,92.330322265625
,4592,,,,105.47054290771484
,4593,,,,88.39849090576172
,4594,,,,96.08897399902344
,4595,,,,110.2960433959961
,4596,,,,85.20179748535156
,4597,,,,93.29447174072266
,4598,,,,79.40985870361328
,4599,,,,76.0213851928711
,4600,,,,92.57510375976562
,4601,,,,97.62220764160156
,4602,,,,73.4255142211914
,4603,,,,88.21935272216797
,4604,,,,85.00196075439453
,4605,,,,105.60083770751953
,4606,,,,94.3299560546875
,4607,,,,88.69884490966797
,4608,,,,108.62982177734375
,4609,,,,82.28258514404297
,4610,,,,99.8570556640625
,4611,,,,86.76931762695312
,4612,,,,110.43568420410156
,4613,,,,85.57181549072266
,4614,,,,106.7470474243164
,4615,,,,88.61088562011719
,4616,,,,116.70341491699219
,4617,,,,94.34207153320312
,4618,,,,86.130615234375
,4619,,,,80.19086456298828
,4620,,,,97.6332778930664
,4621,,,,92.48350524902344
,4622,,,,92.3311538696289
,4623,,,,101.42083740234375
,4624,,,,86.93946838378906
,4625,,,,106.62934112548828
,4626,,,,82.58946990966797
,4627,,,,83.9141616821289
,4628,,,,91.35226440429688
,4629,,,,89.92689514160156
,4630,,,,99.49197387695312
,4631,,,,97.63431549072266
,4632,,,,83.72488403320312
,4633,,,,98.2479248046875
,4634,,,,92.48734283447266
,4635,,,,77.3624267578125
,4636,,,,77.47626495361328
,4637,,,,107.49626922607422
,4638,,,,99.09619903564453
,4639,,,,108.48552703857422
,4640,,,,88.53053283691406
,4641,,,,79.06993865966797
,4642,,,,65.4666748046875
,4643,,,,77.38672637939453
,4644,,,,104.20668029785156
,4645,,,,88.8774185180664
,4646,,,,80.35045623779297
,4647,,,,76.2833251953125
,4648,,,,92.33015441894531
,4649,,,,72.49524688720703
74,18374,,,91.82744598388672,
74,18374,91.52902221679688,,,
75,18399,,77.20598602294922,,
75,18449,,84.48583984375,,
75,18499,,65.39413452148438,,
75,18549,,74.39421081542969,,
75,18599,,80.67102813720703,,
,4650,,,,101.35128784179688
,4651,,,,96.02031707763672
,4652,,,,90.80651092529297
,4653,,,,92.3406982421875
,4654,,,,105.44869995117188
,4655,,,,88.41480255126953
,4656,,,,96.09422302246094
,4657,,,,110.29133605957031
,4658,,,,85.20931243896484
,4659,,,,93.28056335449219
,4660,,,,79.41017150878906
,4661,,,,76.00643157958984
,4662,,,,92.58552551269531
,4663,,,,97.6178207397461
,4664,,,,73.41864776611328
,4665,,,,88.19168853759766
,4666,,,,84.99147033691406
,4667,,,,105.62866973876953
,4668,,,,94.32270050048828
,4669,,,,88.6976318359375
,4670,,,,108.6248779296875
,4671,,,,82.28931427001953
,4672,,,,99.85665893554688
,4673,,,,86.75454711914062
,4674,,,,110.43709564208984
,4675,,,,85.58866119384766
,4676,,,,106.72454071044922
,4677,,,,88.60009765625
,4678,,,,116.67768096923828
,4679,,,,94.34488677978516
,4680,,,,86.14679718017578
,4681,,,,80.19622802734375
,4682,,,,97.61530303955078
,4683,,,,92.47545623779297
,4684,,,,92.31163787841797
,4685,,,,101.4071273803711
,4686,,,,86.9498291015625
,4687,,,,106.60704803466797
,4688,,,,82.58671569824219
,4689,,,,83.93189239501953
,4690,,,,91.34708404541016
,4691,,,,89.90937042236328
,4692,,,,99.51048278808594
,4693,,,,97.6253890991211
,4694,,,,83.7027359008789
,4695,,,,98.25952911376953
,4696,,,,92.47785186767578
,4697,,,,77.35616302490234
,4698,,,,77.47234344482422
,4699,,,,107.50362396240234
,4700,,,,99.09068298339844
,4701,,,,108.4752426147461
,4702,,,,88.52704620361328
,4703,,,,79.0679702758789
,4704,,,,65.47319030761719
,4705,,,,77.37118530273438
,4706,,,,104.20997619628906
,4707,,,,88.8742446899414
,4708,,,,80.3775405883789
,4709,,,,76.27662658691406
,4710,,,,92.31509399414062
,4711,,,,72.49214935302734
75,18619,,,91.82374572753906,
75,18619,91.5234146118164,,,
76,18649,,74.60540771484375,,
76,18699,,97.5176773071289,,
76,18749,,115.59122467041016,,
76,18799,,98.84571838378906,,
76,18849,,126.4889144897461,,
,4712,,,,101.3690185546875
,4713,,,,96.01353454589844
,4714,,,,90.82169342041016
,4715,,,,92.32728576660156
,4716,,,,105.46224212646484
,4717,,,,88.40937042236328
,4718,,,,96.07456970214844
,4719,,,,110.32266235351562
,4720,,,,85.20919799804688
,4721,,,,93.28911590576172
,4722,,,,79.40508270263672
,4723,,,,76.00859069824219
,4724,,,,92.61660766601562
,4725,,,,97.60823059082031
,4726,,,,73.43119049072266
,4727,,,,88.22936248779297
,4728,,,,85.00021362304688
,4729,,,,105.61949920654297
,4730,,,,94.32988739013672
,4731,,,,88.6690444946289
,4732,,,,108.59974670410156
,4733,,,,82.2900161743164
,4734,,,,99.84742736816406
,4735,,,,86.75789642333984
,4736,,,,110.42198181152344
,4737,,,,85.54859161376953
,4738,,,,106.71829986572266
,4739,,,,88.59255981445312
,4740,,,,116.67900085449219
,4741,,,,94.3437271118164
,4742,,,,86.1156234741211
,4743,,,,80.1915283203125
,4744,,,,97.6236343383789
,4745,,,,92.46377563476562
,4746,,,,92.3033676147461
,4747,,,,101.39083099365234
,4748,,,,86.9609375
,4749,,,,106.62169647216797
,4750,,,,82.6058349609375
,4751,,,,83.92916107177734
,4752,,,,91.32360076904297
,4753,,,,89.91968536376953
,4754,,,,99.49405670166016
,4755,,,,97.61500549316406
,4756,,,,83.70711517333984
,4757,,,,98.23011779785156
,4758,,,,92.47093200683594
,4759,,,,77.37162780761719
,4760,,,,77.46733093261719
,4761,,,,107.46316528320312
,4762,,,,99.10134887695312
,4763,,,,108.49810028076172
,4764,,,,88.51467895507812
,4765,,,,79.08445739746094
,4766,,,,65.45547485351562
,4767,,,,77.37507629394531
,4768,,,,104.2330551147461
,4769,,,,88.87262725830078
,4770,,,,80.32658386230469
,4771,,,,76.29231262207031
,4772,,,,92.3212661743164
,4773,,,,72.48502349853516
76,18864,,,91.8218002319336,
76,18864,91.5167007446289,,,
77,18899,,83.42668151855469,,
77,18949,,94.96961975097656,,
77,18999,,107.34114837646484,,
77,19049,,72.15129852294922,,
77,19099,,88.9661865234375,,
,4774,,,,101.38310241699219
,4775,,,,96.04331970214844
,4776,,,,90.78400421142578
,4777,,,,92.34329986572266
,4778,,,,105.42806243896484
,4779,,,,88.41307067871094
,4780,,,,96.06216430664062
,4781,,,,110.30657196044922
,4782,,,,85.18775177001953
,4783,,,,93.2525863647461
,4784,,,,79.40615844726562
,4785,,,,75.98002624511719
,4786,,,,92.58029174804688
,4787,,,,97.61329650878906
,4788,,,,73.42170715332031
,4789,,,,88.18486022949219
,4790,,,,84.97722625732422
,4791,,,,105.64366912841797
,4792,,,,94.26738739013672
,4793,,,,88.69012451171875
,4794,,,,108.6261215209961
,4795,,,,82.26783752441406
,4796,,,,99.8563003540039
,4797,,,,86.72610473632812
,4798,,,,110.42446899414062
,4799,,,,85.57685089111328
,4800,,,,106.72059631347656
,4801,,,,88.60183715820312
,4802,,,,116.69600677490234
,4803,,,,94.3591079711914
,4804,,,,86.1241683959961
,4805,,,,80.18970489501953
,4806,,,,97.60649871826172
,4807,,,,92.49380493164062
,4808,,,,92.2996826171875
,4809,,,,101.43384552001953
,4810,,,,86.94134521484375
,4811,,,,106.65719604492188
,4812,,,,82.56063079833984
,4813,,,,83.89390563964844
,4814,,,,91.33425903320312
,4815,,,,89.90978240966797
,4816,,,,99.51458740234375
,4817,,,,97.62116241455078
,4818,,,,83.70783233642578
,4819,,,,98.25102233886719
,4820,,,,92.52794647216797
,4821,,,,77.32465362548828
,4822,,,,77.45497131347656
,4823,,,,107.51297760009766
,4824,,,,99.116943359375
,4825,,,,108.48329162597656
,4826,,,,88.53498840332031
,4827,,,,79.05437469482422
,4828,,,,65.47112274169922
,4829,,,,77.3529052734375
,4830,,,,104.18679809570312
,4831,,,,88.89691925048828
,4832,,,,80.37796020507812
,4833,,,,76.29096221923828
,4834,,,,92.332275390625
,4835,,,,72.48052215576172
77,19109,,,91.82054901123047,
77,19109,91.512939453125,,,
78,19149,,85.50871276855469,,
78,19199,,75.46568298339844,,
78,19249,,74.83403778076172,,
78,19299,,95.26142120361328,,
78,19349,,73.2861099243164,,
,4836,,,,101.36572265625
,4837,,,,96.0361099243164
,4838,,,,90.83186340332031
,4839,,,,92.33462524414062
,4840,,,,105.48751831054688
,4841,,,,88.39105224609375
,4842,,,,96.11614227294922
,4843,,,,110.3203125
,4844,,,,85.2137222290039
,4845,,,,93.32733917236328
,4846,,,,79.3787841796875
,4847,,,,76.02605438232422
,4848,,,,92.61347198486328
,4849,,,,97.62957000732422
,4850,,,,73.41131591796875
,4851,,,,88.24327850341797
,4852,,,,85.00719451904297
,4853,,,,105.60995483398438
,4854,,,,94.33161926269531
,4855,,,,88.65584564208984
,4856,,,,108.62308502197266
,4857,,,,82.3057632446289
,4858,,,,99.8412857055664
,4859,,,,86.78416442871094
,4860,,,,110.46998596191406
,4861,,,,85.58493041992188
,4862,,,,106.76099395751953
,4863,,,,88.5892333984375
,4864,,,,116.68160247802734
,4865,,,,94.35042572021484
,4866,,,,86.12902069091797
,4867,,,,80.19110107421875
,4868,,,,97.62029266357422
,4869,,,,92.45829772949219
,4870,,,,92.32499694824219
,4871,,,,101.39435577392578
,4872,,,,86.93728637695312
,4873,,,,106.59793853759766
,4874,,,,82.6168212890625
,4875,,,,83.92351531982422
,4876,,,,91.3416519165039
,4877,,,,89.93329620361328
,4878,,,,99.50439453125
,4879,,,,97.62200927734375
,4880,,,,83.66445922851562
,4881,,,,98.26008605957031
,4882,,,,92.46642303466797
,4883,,,,77.3485107421875
,4884,,,,77.4666519165039
,4885,,,,107.49456787109375
,4886,,,,99.06746673583984
,4887,,,,108.48184967041016
,4888,,,,88.52702331542969
,4889,,,,79.07936096191406
,4890,,,,65.46647644042969
,4891,,,,77.35469818115234
,4892,,,,104.23567199707031
,4893,,,,88.84810638427734
,4894,,,,80.31564331054688
,4895,,,,76.28683471679688
,4896,,,,92.32369232177734
,4897,,,,72.4697036743164
78,19354,,,91.82574462890625,
78,19354,91.50918579101562,,,
79,19399,,87.27833557128906,,
79,19449,,86.00071716308594,,
79,19499,,97.71292877197266,,
79,19549,,94.26127624511719,,
79,19599,,90.73392486572266,,
,4898,,,,101.36539459228516
,4899,,,,96.01490020751953
,4900,,,,90.78404235839844
,4901,,,,92.32073211669922
,4902,,,,105.44322204589844
,4903,,,,88.41175842285156
,4904,,,,96.08168029785156
,4905,,,,110.30923461914062
,4906,,,,85.1874771118164
,4907,,,,93.26626586914062
,4908,,,,79.39273071289062
,4909,,,,75.99766540527344
,4910,,,,92.59585571289062
,4911,,,,97.60689544677734
,4912,,,,73.40511322021484
,4913,,,,88.19807434082031
,4914,,,,84.9701919555664
,4915,,,,105.60671997070312
,4916,,,,94.28923797607422
,4917,,,,88.6912612915039
,4918,,,,108.59371185302734
,4919,,,,82.28450775146484
,4920,,,,99.8441390991211
,4921,,,,86.75782775878906
,4922,,,,110.44685363769531
,4923,,,,85.56282806396484
,4924,,,,106.70884704589844
,4925,,,,88.59745025634766
,4926,,,,116.6668930053711
,4927,,,,94.3433837890625
,4928,,,,86.12947082519531
,4929,,,,80.17989349365234
,4930,,,,97.59780883789062
,4931,,,,92.49675750732422
,4932,,,,92.29988098144531
,4933,,,,101.39208984375
,4934,,,,86.94976043701172
,4935,,,,106.60702514648438
,4936,,,,82.5684585571289
,4937,,,,83.89593505859375
,4938,,,,91.32349395751953
,4939,,,,89.91111755371094
,4940,,,,99.49079895019531
,4941,,,,97.5914535522461
,4942,,,,83.6973648071289
,4943,,,,98.19839477539062
,4944,,,,92.46788787841797
,4945,,,,77.3329086303711
,4946,,,,77.46558380126953
,4947,,,,107.47418975830078
,4948,,,,99.07823181152344
,4949,,,,108.46273803710938
,4950,,,,88.51744842529297
,4951,,,,79.06254577636719
,4952,,,,65.46536254882812
,4953,,,,77.37162780761719
,4954,,,,104.20704650878906
,4955,,,,88.86314392089844
,4956,,,,80.3534927368164
,4957,,,,76.28643035888672
,4958,,,,92.30349731445312
,4959,,,,72.49098205566406
79,19599,,,91.81246185302734,
79,19599,91.50419616699219,,,
80,19649,,112.21067810058594,,
80,19699,,93.45823669433594,,
80,19749,,80.01393127441406,,
80,19799,,94.40188598632812,,
,4960,,,,101.30899047851562
,4961,,,,96.02774810791016
,4962,,,,90.79499816894531
,4963,,,,92.2935562133789
,4964,,,,105.45614624023438
,4965,,,,88.392333984375
,4966,,,,96.05770111083984
,4967,,,,110.30597686767578
,4968,,,,85.20243835449219
,4969,,,,93.29215240478516
,4970,,,,79.37836456298828
,4971,,,,76.00789642333984
,4972,,,,92.57878875732422
,4973,,,,97.61221313476562
,4974,,,,73.40641021728516
,4975,,,,88.24514770507812
,4976,,,,84.97654724121094
,4977,,,,105.57788848876953
,4978,,,,94.31053161621094
,4979,,,,88.67886352539062
,4980,,,,108.59072875976562
,4981,,,,82.29085540771484
,4982,,,,99.868408203125
,4983,,,,86.74128723144531
,4984,,,,110.43576049804688
,4985,,,,85.56922912597656
,4986,,,,106.70584106445312
,4987,,,,88.5599365234375
,4988,,,,116.67937469482422
,4989,,,,94.32091522216797
,4990,,,,86.12132263183594
,4991,,,,80.18263244628906
,4992,,,,97.60282897949219
,4993,,,,92.43761444091797
,4994,,,,92.27339935302734
,4995,,,,101.3577880859375
,4996,,,,86.9332504272461
,4997,,,,106.57736206054688
,4998,,,,82.5819320678711
,4999,,,,83.88634490966797
,5000,,,,91.32014465332031
,5001,,,,89.92788696289062
,5002,,,,99.45211029052734
,5003,,,,97.58618927001953
,5004,,,,83.68333435058594
,5005,,,,98.21245574951172
,5006,,,,92.45864868164062
,5007,,,,77.33322143554688
,5008,,,,77.46354675292969
,5009,,,,107.46282958984375
,5010,,,,99.0771255493164
,5011,,,,108.45500946044922
,5012,,,,88.49701690673828
,5013,,,,79.06854248046875
,5014,,,,65.45745849609375
,5015,,,,77.38206481933594
,5016,,,,104.1971664428711
,5017,,,,88.84110260009766
,5018,,,,80.33917999267578
,5019,,,,76.2772445678711
,5020,,,,92.33536529541016
,5021,,,,72.45658874511719
80,19844,,,91.80682373046875,
80,19844,91.4984359741211,,,
81,19849,,89.3141860961914,,
81,19899,,101.34923553466797,,
81,19949,,120.23005676269531,,
81,19999,,97.29570007324219,,
81,20049,,74.28417205810547,,
,5022,,,,101.31689453125
,5023,,,,96.0268325805664
,5024,,,,90.77936553955078
,5025,,,,92.32384490966797
,5026,,,,105.45445251464844
,5027,,,,88.37760925292969
,5028,,,,96.07122802734375
,5029,,,,110.29077911376953
,5030,,,,85.19235229492188
,5031,,,,93.26321411132812
,5032,,,,79.39466857910156
,5033,,,,75.98604583740234
,5034,,,,92.5833740234375
,5035,,,,97.590576171875
,5036,,,,73.39946746826172
,5037,,,,88.19915771484375
,5038,,,,84.9642562866211
,5039,,,,105.57039642333984
,5040,,,,94.29509735107422
,5041,,,,88.65724182128906
,5042,,,,108.57164001464844
,5043,,,,82.2643814086914
,5044,,,,99.84491729736328
,5045,,,,86.7406997680664
,5046,,,,110.3966293334961
,5047,,,,85.52952575683594
,5048,,,,106.71067810058594
,5049,,,,88.5489273071289
,5050,,,,116.67565155029297
,5051,,,,94.31062316894531
,5052,,,,86.1278305053711
,5053,,,,80.17219543457031
,5054,,,,97.59575653076172
,5055,,,,92.4447021484375
,5056,,,,92.28462982177734
,5057,,,,101.37353515625
,5058,,,,86.92190551757812
,5059,,,,106.5826644897461
,5060,,,,82.59059143066406
,5061,,,,83.90499877929688
,5062,,,,91.29936981201172
,5063,,,,89.90383911132812
,5064,,,,99.4650650024414
,5065,,,,97.5658187866211
,5066,,,,83.68363952636719
,5067,,,,98.21930694580078
,5068,,,,92.45767974853516
,5069,,,,77.32952117919922
,5070,,,,77.46489715576172
,5071,,,,107.47886657714844
,5072,,,,99.06352233886719
,5073,,,,108.45536041259766
,5074,,,,88.4776382446289
,5075,,,,79.06847381591797
,5076,,,,65.4760971069336
,5077,,,,77.36241149902344
,5078,,,,104.22933197021484
,5079,,,,88.86865234375
,5080,,,,80.3393325805664
,5081,,,,76.2925033569336
,5082,,,,92.28398132324219
,5083,,,,72.50114440917969
81,20089,,,91.80152130126953,
81,20089,91.49392700195312,,,
82,20099,,68.07416534423828,,
82,20149,,72.7452392578125,,
82,20199,,100.76761627197266,,
82,20249,,99.68470764160156,,
82,20299,,98.31131744384766,,
,5084,,,,101.35111236572266
,5085,,,,95.97588348388672
,5086,,,,90.80714416503906
,5087,,,,92.30875396728516
,5088,,,,105.46025085449219
,5089,,,,88.40290832519531
,5090,,,,96.09932708740234
,5091,,,,110.28253936767578
,5092,,,,85.19696807861328
,5093,,,,93.29505920410156
,5094,,,,79.38026428222656
,5095,,,,75.99641418457031
,5096,,,,92.61628723144531
,5097,,,,97.60909271240234
,5098,,,,73.435546875
,5099,,,,88.26593780517578
,5100,,,,84.98601531982422
,5101,,,,105.57666015625
,5102,,,,94.3148193359375
,5103,,,,88.65806579589844
,5104,,,,108.60001373291016
,5105,,,,82.3006591796875
,5106,,,,99.85888671875
,5107,,,,86.74498748779297
,5108,,,,110.43477630615234
,5109,,,,85.58206176757812
,5110,,,,106.72123718261719
,5111,,,,88.57096862792969
,5112,,,,116.62794494628906
,5113,,,,94.30367279052734
,5114,,,,86.11528778076172
,5115,,,,80.1697769165039
,5116,,,,97.5849609375
,5117,,,,92.42900085449219
,5118,,,,92.28276824951172
,5119,,,,101.3963851928711
,5120,,,,86.9404067993164
,5121,,,,106.55187225341797
,5122,,,,82.60016632080078
,5123,,,,83.90179443359375
,5124,,,,91.32868957519531
,5125,,,,89.93765258789062
,5126,,,,99.46475219726562
,5127,,,,97.58086395263672
,5128,,,,83.65402221679688
,5129,,,,98.21585845947266
,5130,,,,92.43859100341797
,5131,,,,77.33642578125
,5132,,,,77.47869110107422
,5133,,,,107.42893981933594
,5134,,,,99.0541763305664
,5135,,,,108.46534729003906
,5136,,,,88.49468231201172
,5137,,,,79.0699462890625
,5138,,,,65.45510864257812
,5139,,,,77.35617065429688
,5140,,,,104.23555755615234
,5141,,,,88.84349060058594
,5142,,,,80.31076049804688
,5143,,,,76.2956314086914
,5144,,,,92.29888153076172
,5145,,,,72.43000030517578
82,20334,,,91.80722045898438,
82,20334,91.49072265625,,,
83,20349,,117.50880432128906,,
83,20399,,79.20549774169922,,
83,20449,,75.93309783935547,,
83,20499,,83.80192565917969,,
83,20549,,106.49365997314453,,
,5146,,,,101.33660125732422
,5147,,,,95.99185180664062
,5148,,,,90.78681182861328
,5149,,,,92.30634307861328
,5150,,,,105.41822814941406
,5151,,,,88.38800811767578
,5152,,,,96.05423736572266
,5153,,,,110.28458404541016
,5154,,,,85.1730728149414
,5155,,,,93.22736358642578
,5156,,,,79.39259338378906
,5157,,,,75.98475646972656
,5158,,,,92.58067321777344
,5159,,,,97.59986877441406
,5160,,,,73.4192886352539
,5161,,,,88.17044830322266
,5162,,,,84.95429229736328
,5163,,,,105.61157989501953
,5164,,,,94.28907775878906
,5165,,,,88.68558502197266
,5166,,,,108.58368682861328
,5167,,,,82.25433349609375
,5168,,,,99.84048461914062
,5169,,,,86.74105072021484
,5170,,,,110.42951202392578
,5171,,,,85.57659912109375
,5172,,,,106.69593811035156
,5173,,,,88.5937271118164
,5174,,,,116.6765365600586
,5175,,,,94.303955078125
,5176,,,,86.10285949707031
,5177,,,,80.16459655761719
,5178,,,,97.58003997802734
,5179,,,,92.45987701416016
,5180,,,,92.29193115234375
,5181,,,,101.39205169677734
,5182,,,,86.91752624511719
,5183,,,,106.62044525146484
,5184,,,,82.55691528320312
,5185,,,,83.8763656616211
,5186,,,,91.31681060791016
,5187,,,,89.9097900390625
,5188,,,,99.47159576416016
,5189,,,,97.5843505859375
,5190,,,,83.66468811035156
,5191,,,,98.21422576904297
,5192,,,,92.4579086303711
,5193,,,,77.32463836669922
,5194,,,,77.45277404785156
,5195,,,,107.46704864501953
,5196,,,,99.06556701660156
,5197,,,,108.46144104003906
,5198,,,,88.4852523803711
,5199,,,,79.04601287841797
,5200,,,,65.46041870117188
,5201,,,,77.3543701171875
,5202,,,,104.1576156616211
,5203,,,,88.85305786132812
,5204,,,,80.35243225097656
,5205,,,,76.25111389160156
,5206,,,,92.2933349609375
,5207,,,,72.45841979980469
83,20579,,,91.79882049560547,
83,20579,91.48548889160156,,,
84,20599,,86.3602523803711,,
84,20649,,104.02845764160156,,
84,20699,,90.9940414428711,,
84,20749,,81.55770111083984,,
84,20799,,80.2320556640625,,
,5208,,,,101.32781219482422
,5209,,,,96.01790618896484
,5210,,,,90.80660247802734
,5211,,,,92.3150405883789
,5212,,,,105.43879699707031
,5213,,,,88.3758544921875
,5214,,,,96.04817962646484
,5215,,,,110.28974151611328
,5216,,,,85.1939697265625
,5217,,,,93.25631713867188
,5218,,,,79.34754943847656
,5219,,,,75.98811340332031
,5220,,,,92.59992218017578
,5221,,,,97.59324645996094
,5222,,,,73.41292572021484
,5223,,,,88.19772338867188
,5224,,,,84.96025848388672
,5225,,,,105.59236145019531
,5226,,,,94.30064392089844
,5227,,,,88.65794372558594
,5228,,,,108.5794906616211
,5229,,,,82.29060363769531
,5230,,,,99.83053588867188
,5231,,,,86.74769592285156
,5232,,,,110.42677307128906
,5233,,,,85.5636978149414
,5234,,,,106.73395538330078
,5235,,,,88.56697082519531
,5236,,,,116.68193054199219
,5237,,,,94.28560638427734
,5238,,,,86.0951156616211
,5239,,,,80.16902160644531
,5240,,,,97.60575103759766
,5241,,,,92.44056701660156
,5242,,,,92.28768157958984
,5243,,,,101.40274810791016
,5244,,,,86.94503021240234
,5245,,,,106.55029296875
,5246,,,,82.549072265625
,5247,,,,83.87783813476562
,5248,,,,91.32111358642578
,5249,,,,89.92845153808594
,5250,,,,99.47112274169922
,5251,,,,97.53694915771484
,5252,,,,83.65911102294922
,5253,,,,98.2035903930664
,5254,,,,92.44583892822266
,5255,,,,77.33712005615234
,5256,,,,77.47224426269531
,5257,,,,107.44413757324219
,5258,,,,99.03700256347656
,5259,,,,108.4442138671875
,5260,,,,88.45561981201172
,5261,,,,79.0406723022461
,5262,,,,65.45616912841797
,5263,,,,77.35307312011719
,5264,,,,104.22626495361328
,5265,,,,88.83663940429688
,5266,,,,80.33402252197266
,5267,,,,76.26319122314453
,5268,,,,92.28031158447266
,5269,,,,72.47859954833984
84,20824,,,91.79789733886719,
84,20824,91.48188781738281,,,
85,20849,,79.0403823852539,,
85,20899,,108.93534851074219,,
85,20949,,108.06404113769531,,
85,20999,,120.88277435302734,,
85,21049,,92.80963897705078,,
,5270,,,,101.35142517089844
,5271,,,,96.00035095214844
,5272,,,,90.77947998046875
,5273,,,,92.30309295654297
,5274,,,,105.45269012451172
,5275,,,,88.37155151367188
,5276,,,,96.0419921875
,5277,,,,110.28440856933594
,5278,,,,85.20207977294922
,5279,,,,93.2681655883789
,5280,,,,79.365478515625
,5281,,,,75.97681427001953
,5282,,,,92.57730102539062
,5283,,,,97.60128784179688
,5284,,,,73.4053955078125
,5285,,,,88.19011688232422
,5286,,,,84.97464752197266
,5287,,,,105.59972381591797
,5288,,,,94.29927825927734
,5289,,,,88.6512451171875
,5290,,,,108.5814437866211
,5291,,,,82.28585815429688
,5292,,,,99.84257507324219
,5293,,,,86.7526626586914
,5294,,,,110.43719482421875
,5295,,,,85.56714630126953
,5296,,,,106.70394134521484
,5297,,,,88.56265258789062
,5298,,,,116.63453674316406
,5299,,,,94.2955322265625
,5300,,,,86.09484100341797
,5301,,,,80.13957214355469
,5302,,,,97.57107543945312
,5303,,,,92.43836975097656
,5304,,,,92.28414154052734
,5305,,,,101.35096740722656
,5306,,,,86.93046569824219
,5307,,,,106.56419372558594
,5308,,,,82.52716827392578
,5309,,,,83.88526916503906
,5310,,,,91.29915618896484
,5311,,,,89.91836547851562
,5312,,,,99.45345306396484
,5313,,,,97.56502532958984
,5314,,,,83.63639831542969
,5315,,,,98.20846557617188
,5316,,,,92.47251892089844
,5317,,,,77.30577087402344
,5318,,,,77.43956756591797
,5319,,,,107.4511489868164
,5320,,,,99.05703735351562
,5321,,,,108.45846557617188
,5322,,,,88.4718246459961
,5323,,,,79.05027770996094
,5324,,,,65.44164276123047
,5325,,,,77.33928680419922
,5326,,,,104.19940948486328
,5327,,,,88.83769226074219
,5328,,,,80.3127212524414
,5329,,,,76.258056640625
,5330,,,,92.26817321777344
,5331,,,,72.42256927490234
85,21069,,,91.79267120361328,
85,21069,91.48063659667969,,,
86,21099,,102.38105010986328,,
86,21149,,103.42669677734375,,
86,21199,,78.08649444580078,,
86,21249,,96.12015533447266,,
86,21299,,95.40886688232422,,
,5332,,,,101.37599182128906
,5333,,,,96.03205871582031
,5334,,,,90.75804138183594
,5335,,,,92.31464385986328
,5336,,,,105.39237976074219
,5337,,,,88.37034606933594
,5338,,,,96.04141235351562
,5339,,,,110.285888671875
,5340,,,,85.17034912109375
,5341,,,,93.2523422241211
,5342,,,,79.35197448730469
,5343,,,,75.9794692993164
,5344,,,,92.55110168457031
,5345,,,,97.57611846923828
,5346,,,,73.41700744628906
,5347,,,,88.14080047607422
,5348,,,,84.96593475341797
,5349,,,,105.62944030761719
,5350,,,,94.29503631591797
,5351,,,,88.68607330322266
,5352,,,,108.59986877441406
,5353,,,,82.23515319824219
,5354,,,,99.81309509277344
,5355,,,,86.73216247558594
,5356,,,,110.41902160644531
,5357,,,,85.58675384521484
,5358,,,,106.69252014160156
,5359,,,,88.5984878540039
,5360,,,,116.66230010986328
,5361,,,,94.32195281982422
,5362,,,,86.10450744628906
,5363,,,,80.14651489257812
,5364,,,,97.59139251708984
,5365,,,,92.44800567626953
,5366,,,,92.29412078857422
,5367,,,,101.3954849243164
,5368,,,,86.93351745605469
,5369,,,,106.61770629882812
,5370,,,,82.52091979980469
,5371,,,,83.85689544677734
,5372,,,,91.3187484741211
,5373,,,,89.88111114501953
,5374,,,,99.47562408447266
,5375,,,,97.56051635742188
,5376,,,,83.6474380493164
,5377,,,,98.2293930053711
,5378,,,,92.47550201416016
,5379,,,,77.29768371582031
,5380,,,,77.44325256347656
,5381,,,,107.4422836303711
,5382,,,,99.0721664428711
,5383,,,,108.46143341064453
,5384,,,,88.48882293701172
,5385,,,,79.02539825439453
,5386,,,,65.45137786865234
,5387,,,,77.3477554321289
,5388,,,,104.18546295166016
,5389,,,,88.86721801757812
,5390,,,,80.32632446289062
,5391,,,,76.24581146240234
,5392,,,,92.30216217041016
,5393,,,,72.43190002441406
86,21314,,,91.7945327758789,
86,21314,91.47505187988281,,,
87,21349,,76.69898223876953,,
87,21399,,80.3936538696289,,
87,21449,,80.59085083007812,,
87,21499,,75.94589233398438,,
87,21549,,68.09085083007812,,
,5394,,,,101.32698822021484
,5395,,,,96.01834106445312
,5396,,,,90.7420883178711
,5397,,,,92.333740234375
,5398,,,,105.43413543701172
,5399,,,,88.35394287109375
,5400,,,,96.0674819946289
,5401,,,,110.25405883789062
,5402,,,,85.16650390625
,5403,,,,93.24642181396484
,5404,,,,79.32847595214844
,5405,,,,75.95896911621094
,5406,,,,92.5477066040039
,5407,,,,97.58001708984375
,5408,,,,73.40145874023438
,5409,,,,88.1722640991211
,5410,,,,84.94738006591797
,5411,,,,105.58773040771484
,5412,,,,94.2938461303711
,5413,,,,88.64700317382812
,5414,,,,108.59664154052734
,5415,,,,82.25554656982422
,5416,,,,99.7914047241211
,5417,,,,86.70096588134766
,5418,,,,110.41429138183594
,5419,,,,85.55769348144531
,5420,,,,106.70468139648438
,5421,,,,88.56499481201172
,5422,,,,116.69189453125
,5423,,,,94.2908935546875
,5424,,,,86.11195373535156
,5425,,,,80.15091705322266
,5426,,,,97.5846939086914
,5427,,,,92.44818115234375
,5428,,,,92.2843246459961
,5429,,,,101.37386322021484
,5430,,,,86.9061508178711
,5431,,,,106.54283142089844
,5432,,,,82.5455093383789
,5433,,,,83.8555679321289
,5434,,,,91.3157730102539
,5435,,,,89.91442108154297
,5436,,,,99.455810546875
,5437,,,,97.53981018066406
,5438,,,,83.64722442626953
,5439,,,,98.23657989501953
,5440,,,,92.45631408691406
,5441,,,,77.32484436035156
,5442,,,,77.44349670410156
,5443,,,,107.47817993164062
,5444,,,,99.05716705322266
,5445,,,,108.43528747558594
,5446,,,,88.4657211303711
,5447,,,,79.0226821899414
,5448,,,,65.47064971923828
,5449,,,,77.35282135009766
,5450,,,,104.19014739990234
,5451,,,,88.86575317382812
,5452,,,,80.36256408691406
,5453,,,,76.24075317382812
,5454,,,,92.30277252197266
,5455,,,,72.47544860839844
87,21559,,,91.78910827636719,
87,21559,91.47023010253906,,,
88,21599,,90.19210815429688,,
88,21649,,80.42182159423828,,
88,21699,,100.60738372802734,,
88,21749,,101.67440032958984,,
88,21799,,104.96665954589844,,
,5456,,,,101.28132629394531
,5457,,,,95.9941177368164
,5458,,,,90.74224090576172
,5459,,,,92.30675506591797
,5460,,,,105.4437255859375
,5461,,,,88.34368896484375
,5462,,,,96.0696792602539
,5463,,,,110.24886322021484
,5464,,,,85.19933319091797
,5465,,,,93.25897979736328
,5466,,,,79.32695770263672
,5467,,,,75.98554229736328
,5468,,,,92.57364654541016
,5469,,,,97.56912994384766
,5470,,,,73.39653015136719
,5471,,,,88.17902374267578
,5472,,,,84.95780181884766
,5473,,,,105.56537628173828
,5474,,,,94.28665924072266
,5475,,,,88.6550064086914
,5476,,,,108.59938049316406
,5477,,,,82.28684997558594
,5478,,,,99.79747772216797
,5479,,,,86.72193145751953
,5480,,,,110.38603210449219
,5481,,,,85.56473541259766
,5482,,,,106.71739959716797
,5483,,,,88.5555419921875
,5484,,,,116.69805145263672
,5485,,,,94.27118682861328
,5486,,,,86.09275817871094
,5487,,,,80.15415954589844
,5488,,,,97.5556411743164
,5489,,,,92.42610168457031
,5490,,,,92.28644561767578
,5491,,,,101.37763214111328
,5492,,,,86.90779876708984
,5493,,,,106.53800201416016
,5494,,,,82.53263854980469
,5495,,,,83.8485336303711
,5496,,,,91.31331634521484
,5497,,,,89.91009521484375
,5498,,,,99.44156646728516
,5499,,,,97.51860809326172
,5500,,,,83.63550567626953
,5501,,,,98.21988677978516
,5502,,,,92.42818450927734
,5503,,,,77.33747863769531
,5504,,,,77.48212432861328
,5505,,,,107.47306060791016
,5506,,,,99.0233154296875
,5507,,,,108.43244171142578
,5508,,,,88.4538345336914
,5509,,,,79.01702117919922
,5510,,,,65.45061492919922
,5511,,,,77.35073852539062
,5512,,,,104.17070770263672
,5513,,,,88.82366943359375
,5514,,,,80.3543701171875
,5515,,,,76.24838256835938
,5516,,,,92.30189514160156
,5517,,,,72.48116302490234
88,21804,,,91.78471374511719,
88,21804,91.46627044677734,,,
89,21849,,83.87984466552734,,
89,21899,,96.64433288574219,,
89,21949,,84.16618347167969,,
89,21999,,84.37259674072266,,
89,22049,,99.17945861816406,,
,5518,,,,101.31159973144531
,5519,,,,95.98246002197266
,5520,,,,90.75206756591797
,5521,,,,92.28572845458984
,5522,,,,105.42031860351562
,5523,,,,88.3536605834961
,5524,,,,96.04702758789062
,5525,,,,110.24251556396484
,5526,,,,85.179931640625
,5527,,,,93.24281311035156
,5528,,,,79.34144592285156
,5529,,,,75.9745101928711
,5530,,,,92.53076934814453
,5531,,,,97.56476593017578
,5532,,,,73.397705078125
,5533,,,,88.15172576904297
,5534,,,,84.95833587646484
,5535,,,,105.5677719116211
,5536,,,,94.2850570678711
,5537,,,,88.6483154296875
,5538,,,,108.55848693847656
,5539,,,,82.2457046508789
,5540,,,,99.7998046875
,5541,,,,86.72488403320312
,5542,,,,110.38568115234375
,5543,,,,85.52323150634766
,5544,,,,106.70488739013672
,5545,,,,88.57344818115234
,5546,,,,116.65680694580078
,5547,,,,94.29581451416016
,5548,,,,86.07758331298828
,5549,,,,80.13276672363281
,5550,,,,97.57000732421875
,5551,,,,92.41758728027344
,5552,,,,92.27388763427734
,5553,,,,101.35689544677734
,5554,,,,86.92097473144531
,5555,,,,106.547607421875
,5556,,,,82.54840850830078
,5557,,,,83.8602066040039
,5558,,,,91.29119110107422
,5559,,,,89.89435577392578
,5560,,,,99.42405700683594
,5561,,,,97.521484375
,5562,,,,83.6669921875
,5563,,,,98.1965103149414
,5564,,,,92.45071411132812
,5565,,,,77.31082916259766
,5566,,,,77.46492767333984
,5567,,,,107.43956756591797
,5568,,,,99.04181671142578
,5569,,,,108.44318389892578
,5570,,,,88.46746826171875
,5571,,,,79.0277328491211
,5572,,,,65.44514465332031
,5573,,,,77.36540222167969
,5574,,,,104.17616271972656
,5575,,,,88.8297348022461
,5576,,,,80.30200958251953
,5577,,,,76.24853515625
,5578,,,,92.28593444824219
,5579,,,,72.43877410888672
89,22049,,,91.77830505371094,
89,22049,91.4645767211914,,,
90,22099,,105.7032470703125,,
90,22149,,108.18326568603516,,
90,22199,,120.05179595947266,,
90,22249,,93.5793228149414,,
,5580,,,,101.28449249267578
,5581,,,,95.98570251464844
,5582,,,,90.7323989868164
,5583,,,,92.29988098144531
,5584,,,,105.43842315673828
,5585,,,,88.33737182617188
,5586,,,,96.02830505371094
,5587,,,,110.25605010986328
,5588,,,,85.17704772949219
,5589,,,,93.22608184814453
,5590,,,,79.33741760253906
,5591,,,,75.96035766601562
,5592,,,,92.55762481689453
,5593,,,,97.54923248291016
,5594,,,,73.40579986572266
,5595,,,,88.15091705322266
,5596,,,,84.91311645507812
,5597,,,,105.5805435180664
,5598,,,,94.27326202392578
,5599,,,,88.64606475830078
,5600,,,,108.55338287353516
,5601,,,,82.25115203857422
,5602,,,,99.78903198242188
,5603,,,,86.71601104736328
,5604,,,,110.3813247680664
,5605,,,,85.5385513305664
,5606,,,,106.69999694824219
,5607,,,,88.55392456054688
,5608,,,,116.65423583984375
,5609,,,,94.2953109741211
,5610,,,,86.11277770996094
,5611,,,,80.1408462524414
,5612,,,,97.55986022949219
,5613,,,,92.41844177246094
,5614,,,,92.2651138305664
,5615,,,,101.33755493164062
,5616,,,,86.89632415771484
,5617,,,,106.51893615722656
,5618,,,,82.54092407226562
,5619,,,,83.84355163574219
,5620,,,,91.28428649902344
,5621,,,,89.89415740966797
,5622,,,,99.43704223632812
,5623,,,,97.51419830322266
,5624,,,,83.64457702636719
,5625,,,,98.18730163574219
,5626,,,,92.44633483886719
,5627,,,,77.3055648803711
,5628,,,,77.44493103027344
,5629,,,,107.40332794189453
,5630,,,,99.0472183227539
,5631,,,,108.42327880859375
,5632,,,,88.46337890625
,5633,,,,79.02397155761719
,5634,,,,65.4327392578125
,5635,,,,77.34651947021484
,5636,,,,104.17259216308594
,5637,,,,88.83063507080078
,5638,,,,80.31549835205078
,5639,,,,76.24168395996094
,5640,,,,92.25454711914062
,5641,,,,72.48046112060547
90,22294,,,91.77214050292969,
90,22294,91.45814514160156,,,
91,22299,,117.49842834472656,,
91,22349,,87.68343353271484,,
91,22399,,89.06656646728516,,
91,22449,,99.79049682617188,,
91,22499,,96.68467712402344,,
,5642,,,,101.29657745361328
,5643,,,,95.96163177490234
,5644,,,,90.79145050048828
,5645,,,,92.23684692382812
,5646,,,,105.42288970947266
,5647,,,,88.37794494628906
,5648,,,,96.04659271240234
,5649,,,,110.26472473144531
,5650,,,,85.18267059326172
,5651,,,,93.24462890625
,5652,,,,79.3365478515625
,5653,,,,75.9836196899414
,5654,,,,92.57325744628906
,5655,,,,97.567626953125
,5656,,,,73.4013671875
,5657,,,,88.21747589111328
,5658,,,,84.94795989990234
,5659,,,,105.55526733398438
,5660,,,,94.3061294555664
,5661,,,,88.64507293701172
,5662,,,,108.5712661743164
,5663,,,,82.27896118164062
,5664,,,,99.81459045410156
,5665,,,,86.74031829833984
,5666,,,,110.37686157226562
,5667,,,,85.51786804199219
,5668,,,,106.66165924072266
,5669,,,,88.55194854736328
,5670,,,,116.61031341552734
,5671,,,,94.26395416259766
,5672,,,,86.05965423583984
,5673,,,,80.14649963378906
,5674,,,,97.5611801147461
,5675,,,,92.3721923828125
,5676,,,,92.24774932861328
,5677,,,,101.33901977539062
,5678,,,,86.9028091430664
,5679,,,,106.54164123535156
,5680,,,,82.5732192993164
,5681,,,,83.88404846191406
,5682,,,,91.28302764892578
,5683,,,,89.91919708251953
,5684,,,,99.43624114990234
,5685,,,,97.55638122558594
,5686,,,,83.61177825927734
,5687,,,,98.15726470947266
,5688,,,,92.42871856689453
,5689,,,,77.32133483886719
,5690,,,,77.44764709472656
,5691,,,,107.3886489868164
,5692,,,,99.0130386352539
,5693,,,,108.42743682861328
,5694,,,,88.49913787841797
,5695,,,,79.05797576904297
,5696,,,,65.43962860107422
,5697,,,,77.3509750366211
,5698,,,,104.17759704589844
,5699,,,,88.79551696777344
,5700,,,,80.25511169433594
,5701,,,,76.23506927490234
,5702,,,,92.24966430664062
,5703,,,,72.40625762939453
91,22539,,,91.77362060546875,
91,22539,91.45500946044922,,,
92,22549,,88.82484436035156,,
92,22599,,73.24083709716797,,
92,22649,,106.70835876464844,,
92,22699,,73.6644058227539,,
92,22749,,93.8382568359375,,
,5704,,,,101.31605529785156
,5705,,,,95.99436950683594
,5706,,,,90.73343658447266
,5707,,,,92.2857437133789
,5708,,,,105.40470123291016
,5709,,,,88.32429504394531
,5710,,,,96.04608154296875
,5711,,,,110.23069763183594
,5712,,,,85.17815399169922
,5713,,,,93.1808090209961
,5714,,,,79.35118103027344
,5715,,,,75.94560241699219
,5716,,,,92.52517700195312
,5717,,,,97.53803253173828
,5718,,,,73.3565673828125
,5719,,,,88.12101745605469
,5720,,,,84.92034912109375
,5721,,,,105.57884216308594
,5722,,,,94.2573013305664
,5723,,,,88.65960693359375
,5724,,,,108.57337951660156
,5725,,,,82.21086120605469
,5726,,,,99.78775024414062
,5727,,,,86.68647003173828
,5728,,,,110.38275146484375
,5729,,,,85.52064514160156
,5730,,,,106.65838623046875
,5731,,,,88.56694793701172
,5732,,,,116.63545989990234
,5733,,,,94.2874755859375
,5734,,,,86.08343505859375
,5735,,,,80.11529541015625
,5736,,,,97.57140350341797
,5737,,,,92.435546875
,5738,,,,92.29627990722656
,5739,,,,101.35066223144531
,5740,,,,86.90131378173828
,5741,,,,106.57810974121094
,5742,,,,82.51521301269531
,5743,,,,83.86021423339844
,5744,,,,91.28398895263672
,5745,,,,89.8584976196289
,5746,,,,99.4312973022461
,5747,,,,97.54755401611328
,5748,,,,83.64533233642578
,5749,,,,98.18287658691406
,5750,,,,92.44842529296875
,5751,,,,77.28044891357422
,5752,,,,77.42903137207031
,5753,,,,107.42365264892578
,5754,,,,99.049072265625
,5755,,,,108.43999481201172
,5756,,,,88.4789047241211
,5757,,,,79.02466583251953
,5758,,,,65.4276123046875
,5759,,,,77.34683227539062
,5760,,,,104.146240234375
,5761,,,,88.83792877197266
,5762,,,,80.32855224609375
,5763,,,,76.2267074584961
,5764,,,,92.23361206054688
,5765,,,,72.44886779785156
92,22784,,,91.76738739013672,
92,22784,91.45201110839844,,,
93,22799,,113.61724090576172,,
93,22849,,99.61833953857422,,
93,22899,,75.85433959960938,,
93,22949,,74.33915710449219,,
93,22999,,85.57960510253906,,
,5766,,,,101.275390625
,5767,,,,96.0103988647461
,5768,,,,90.75428771972656
,5769,,,,92.26790618896484
,5770,,,,105.43772888183594
,5771,,,,88.33551788330078
,5772,,,,96.03804779052734
,5773,,,,110.24384307861328
,5774,,,,85.18203735351562
,5775,,,,93.24539184570312
,5776,,,,79.31982421875
,5777,,,,75.95191192626953
,5778,,,,92.55364227294922
,5779,,,,97.56037139892578
,5780,,,,73.39115905761719
,5781,,,,88.15275573730469
,5782,,,,84.93650817871094
,5783,,,,105.57673645019531
,5784,,,,94.29002380371094
,5785,,,,88.63581085205078
,5786,,,,108.5639419555664
,5787,,,,82.24171447753906
,5788,,,,99.7803726196289
,5789,,,,86.72472381591797
,5790,,,,110.37930297851562
,5791,,,,85.51057434082031
,5792,,,,106.65367126464844
,5793,,,,88.54572296142578
,5794,,,,116.60397338867188
,5795,,,,94.26518249511719
,5796,,,,86.10293579101562
,5797,,,,80.14115142822266
,5798,,,,97.55369567871094
,5799,,,,92.38230895996094
,5800,,,,92.25423431396484
,5801,,,,101.36176300048828
,5802,,,,86.90213012695312
,5803,,,,106.54605865478516
,5804,,,,82.52629089355469
,5805,,,,83.86363983154297
,5806,,,,91.27598571777344
,5807,,,,89.89423370361328
,5808,,,,99.41744995117188
,5809,,,,97.53089904785156
,5810,,,,83.62150573730469
,5811,,,,98.16316986083984
,5812,,,,92.41240692138672
,5813,,,,77.30547332763672
,5814,,,,77.44023895263672
,5815,,,,107.4281997680664
,5816,,,,99.02568817138672
,5817,,,,108.4146957397461
,5818,,,,88.48262786865234
,5819,,,,79.02776336669922
,5820,,,,65.43142700195312
,5821,,,,77.32209014892578
,5822,,,,104.16575622558594
,5823,,,,88.82833862304688
,5824,,,,80.29545593261719
,5825,,,,76.24929809570312
,5826,,,,92.24752044677734
,5827,,,,72.46881103515625
93,23029,,,91.76757049560547,
93,23029,91.45005798339844,,,
94,23049,,75.60075378417969,,
94,23099,,79.03742218017578,,
94,23149,,89.24192810058594,,
94,23199,,122.03697204589844,,
94,23249,,87.5950927734375,,
,5828,,,,101.2782974243164
,5829,,,,95.93434143066406
,5830,,,,90.73654174804688
,5831,,,,92.25837707519531
,5832,,,,105.43946838378906
,5833,,,,88.35747528076172
,5834,,,,96.02615356445312
,5835,,,,110.23130798339844
,5836,,,,85.15579986572266
,5837,,,,93.24554443359375
,5838,,,,79.3231201171875
,5839,,,,75.96902465820312
,5840,,,,92.55634307861328
,5841,,,,97.58235168457031
,5842,,,,73.39508819580078
,5843,,,,88.17689514160156
,5844,,,,84.90970611572266
,5845,,,,105.54716491699219
,5846,,,,94.2630615234375
,5847,,,,88.62144470214844
,5848,,,,108.52899932861328
,5849,,,,82.26831817626953
,5850,,,,99.79719543457031
,5851,,,,86.71587371826172
,5852,,,,110.35314178466797
,5853,,,,85.49900817871094
,5854,,,,106.66968536376953
,5855,,,,88.52560424804688
,5856,,,,116.60443878173828
,5857,,,,94.2557373046875
,5858,,,,86.04978942871094
,5859,,,,80.14835357666016
,5860,,,,97.56446075439453
,5861,,,,92.38787078857422
,5862,,,,92.24715423583984
,5863,,,,101.3486328125
,5864,,,,86.89176940917969
,5865,,,,106.52530670166016
,5866,,,,82.51870727539062
,5867,,,,83.8725357055664
,5868,,,,91.2690200805664
,5869,,,,89.91532897949219
,5870,,,,99.4070816040039
,5871,,,,97.51119232177734
,5872,,,,83.64310455322266
,5873,,,,98.1586685180664
,5874,,,,92.41494750976562
,5875,,,,77.2909164428711
,5876,,,,77.43401336669922
,5877,,,,107.41072082519531
,5878,,,,99.01809692382812
,5879,,,,108.4033203125
,5880,,,,88.4710922241211
,5881,,,,79.0283432006836
,5882,,,,65.41981506347656
,5883,,,,77.35652923583984
,5884,,,,104.18608856201172
,5885,,,,88.81488037109375
,5886,,,,80.29981994628906
,5887,,,,76.22930145263672
,5888,,,,92.28394317626953
,5889,,,,72.45594787597656
94,23274,,,91.76268005371094,
94,23274,91.44366455078125,,,
95,23299,,93.6478271484375,,
95,23349,,82.98721313476562,,
95,23399,,90.52628326416016,,
95,23449,,86.071533203125,,
95,23499,,101.12296295166016,,
,5890,,,,101.29545593261719
,5891,,,,95.92710876464844
,5892,,,,90.78058624267578
,5893,,,,92.25355529785156
,5894,,,,105.44121551513672
,5895,,,,88.35723114013672
,5896,,,,96.03876495361328
,5897,,,,110.2591781616211
,5898,,,,85.155517578125
,5899,,,,93.24042510986328
,5900,,,,79.34092712402344
,5901,,,,75.97523498535156
,5902,,,,92.55418395996094
,5903,,,,97.5689926147461
,5904,,,,73.40689086914062
,5905,,,,88.2006607055664
,5906,,,,84.94953155517578
,5907,,,,105.5782470703125
,5908,,,,94.28630828857422
,5909,,,,88.61412811279297
,5910,,,,108.55012512207031
,5911,,,,82.25569915771484
,5912,,,,99.77837371826172
,5913,,,,86.73372650146484
,5914,,,,110.37003326416016
,5915,,,,85.51220703125
,5916,,,,106.64771270751953
,5917,,,,88.51466369628906
,5918,,,,116.57157897949219
,5919,,,,94.23406982421875
,5920,,,,86.06478118896484
,5921,,,,80.11177062988281
,5922,,,,97.55810546875
,5923,,,,92.3652114868164
,5924,,,,92.23689270019531
,5925,,,,101.33314514160156
,5926,,,,86.91121673583984
,5927,,,,106.53265380859375
,5928,,,,82.55413818359375
,5929,,,,83.88578033447266
,5930,,,,91.25753021240234
,5931,,,,89.90692901611328
,5932,,,,99.42640686035156
,5933,,,,97.54886627197266
,5934,,,,83.62179565429688
,5935,,,,98.13587951660156
,5936,,,,92.39837646484375
,5937,,,,77.29208374023438
,5938,,,,77.42405700683594
,5939,,,,107.41218566894531
,5940,,,,98.99662780761719
,5941,,,,108.42250061035156
,5942,,,,88.47314453125
,5943,,,,79.04843139648438
,5944,,,,65.43538665771484
,5945,,,,77.33824920654297
,5946,,,,104.18670654296875
,5947,,,,88.80735778808594
,5948,,,,80.2607421875
,5949,,,,76.23057556152344
,5950,,,,92.2603530883789
,5951,,,,72.4048080444336
95,23519,,,91.76383972167969,
95,23519,91.44100189208984,,,
96,23549,,91.76103210449219,,
96,23599,,79.24514770507812,,
96,23649,,92.60269165039062,,
96,23699,,83.30314636230469,,
96,23749,,90.82189178466797,,
,5952,,,,101.27937316894531
,5953,,,,95.9208984375
,5954,,,,90.71463012695312
,5955,,,,92.26513671875
,5956,,,,105.42476654052734
,5957,,,,88.34815216064453
,5958,,,,96.01344299316406
,5959,,,,110.23540496826172
,5960,,,,85.13762664794922
,5961,,,,93.21560668945312
,5962,,,,79.33527374267578
,5963,,,,75.95280456542969
,5964,,,,92.5318832397461
,5965,,,,97.547119140625
,5966,,,,73.38760375976562
,5967,,,,88.17543029785156
,5968,,,,84.91140747070312
,5969,,,,105.56351470947266
,5970,,,,94.28209686279297
,5971,,,,88.613525390625
,5972,,,,108.52071380615234
,5973,,,,82.260986328125
,5974,,,,99.770751953125
,5975,,,,86.69646453857422
,5976,,,,110.3519287109375
,5977,,,,85.50636291503906
,5978,,,,106.64244079589844
,5979,,,,88.52210998535156
,5980,,,,116.58731842041016
,5981,,,,94.22591400146484
,5982,,,,86.04373168945312
,5983,,,,80.12176513671875
,5984,,,,97.54792022705078
,5985,,,,92.380859375
,5986,,,,92.24359130859375
,5987,,,,101.31722259521484
,5988,,,,86.88439178466797
,5989,,,,106.52689361572266
,5990,,,,82.5316162109375
,5991,,,,83.85973358154297
,5992,,,,91.26595306396484
,5993,,,,89.87281036376953
,5994,,,,99.4161605834961
,5995,,,,97.5091781616211
,5996,,,,83.61134338378906
,5997,,,,98.1468505859375
,5998,,,,92.3978500366211
,5999,,,,77.29496002197266
,6000,,,,77.42881774902344
,6001,,,,107.45552825927734
,6002,,,,99.00830078125
,6003,,,,108.41700744628906
,6004,,,,88.46224212646484
,6005,,,,79.01972198486328
,6006,,,,65.4240951538086
,6007,,,,77.33661651611328
,6008,,,,104.17274475097656
,6009,,,,88.81806182861328
,6010,,,,80.29254150390625
,6011,,,,76.22180938720703
,6012,,,,92.24037170410156
,6013,,,,72.44949340820312
96,23764,,,91.75389862060547,
96,23764,91.43569946289062,,,
97,23799,,115.75702667236328,,
97,23849,,67.92108154296875,,
97,23899,,94.91630554199219,,
97,23949,,88.95763397216797,,
97,23999,,117.46353149414062,,
,6014,,,,101.32415771484375
,6015,,,,95.9874038696289
,6016,,,,90.69346618652344
,6017,,,,92.28636169433594
,6018,,,,105.39556121826172
,6019,,,,88.3185043334961
,6020,,,,96.00148010253906
,6021,,,,110.24214935302734
,6022,,,,85.14092254638672
,6023,,,,93.21923828125
,6024,,,,79.30947875976562
,6025,,,,75.94172668457031
,6026,,,,92.51969146728516
,6027,,,,97.55742645263672
,6028,,,,73.3801040649414
,6029,,,,88.09605407714844
,6030,,,,84.8978271484375
,6031,,,,105.60198211669922
,6032,,,,94.26183319091797
,6033,,,,88.64868927001953
,6034,,,,108.56361389160156
,6035,,,,82.21975708007812
,6036,,,,99.77494812011719
,6037,,,,86.68733978271484
,6038,,,,110.39610290527344
,6039,,,,85.52571868896484
,6040,,,,106.69953918457031
,6041,,,,88.53572082519531
,6042,,,,116.66239166259766
,6043,,,,94.25714874267578
,6044,,,,86.06315612792969
,6045,,,,80.10401153564453
,6046,,,,97.55425262451172
,6047,,,,92.39771270751953
,6048,,,,92.24864196777344
,6049,,,,101.37531280517578
,6050,,,,86.8935546875
,6051,,,,106.54545593261719
,6052,,,,82.4881820678711
,6053,,,,83.82347106933594
,6054,,,,91.2743148803711
,6055,,,,89.87142181396484
,6056,,,,99.41551208496094
,6057,,,,97.48806762695312
,6058,,,,83.6277847290039
,6059,,,,98.20526123046875
,6060,,,,92.45259857177734
,6061,,,,77.264404296875
,6062,,,,77.43500518798828
,6063,,,,107.42971801757812
,6064,,,,99.02239990234375
,6065,,,,108.41619110107422
,6066,,,,88.43527221679688
,6067,,,,79.00489044189453
,6068,,,,65.43437957763672
,6069,,,,77.31434631347656
,6070,,,,104.15972137451172
,6071,,,,88.82701110839844
,6072,,,,80.30863189697266
,6073,,,,76.23216247558594
,6074,,,,92.26497650146484
,6075,,,,72.4136734008789
97,24009,,,91.7588882446289,
97,24009,91.43222045898438,,,
98,24049,,94.05999755859375,,
98,24099,,75.232666015625,,
98,24149,,104.33567810058594,,
98,24199,,95.08438873291016,,
98,24249,,82.69377136230469,,
,6076,,,,101.27845764160156
,6077,,,,95.93653869628906
,6078,,,,90.71636199951172
,6079,,,,92.28153228759766
,6080,,,,105.39851379394531
,6081,,,,88.33203125
,6082,,,,96.01392364501953
,6083,,,,110.23277282714844
,6084,,,,85.13267517089844
,6085,,,,93.20167541503906
,6086,,,,79.33250427246094
,6087,,,,75.92584991455078
,6088,,,,92.52302551269531
,6089,,,,97.56108856201172
,6090,,,,73.36805725097656
,6091,,,,88.14810180664062
,6092,,,,84.90946197509766
,6093,,,,105.55867004394531
,6094,,,,94.2705078125
,6095,,,,88.62789154052734
,6096,,,,108.54671478271484
,6097,,,,82.2441177368164
,6098,,,,99.74678802490234
,6099,,,,86.70437622070312
,6100,,,,110.35513305664062
,6101,,,,85.52368927001953
,6102,,,,106.66034698486328
,6103,,,,88.52776336669922
,6104,,,,116.6256332397461
,6105,,,,94.24208068847656
,6106,,,,86.055419921875
,6107,,,,80.11080932617188
,6108,,,,97.53794860839844
,6109,,,,92.38749694824219
,6110,,,,92.27335357666016
,6111,,,,101.35309600830078
,6112,,,,86.87838745117188
,6113,,,,106.51744079589844
,6114,,,,82.50408172607422
,6115,,,,83.83077239990234
,6116,,,,91.25811004638672
,6117,,,,89.83345794677734
,6118,,,,99.41436004638672
,6119,,,,97.49324798583984
,6120,,,,83.60457611083984
,6121,,,,98.17903900146484
,6122,,,,92.41270446777344
,6123,,,,77.27423858642578
,6124,,,,77.43157196044922
,6125,,,,107.44789123535156
,6126,,,,99.01011657714844
,6127,,,,108.41240692138672
,6128,,,,88.43667602539062
,6129,,,,79.00212097167969
,6130,,,,65.43405151367188
,6131,,,,77.33263397216797
,6132,,,,104.13812255859375
,6133,,,,88.82003784179688
,6134,,,,80.3055648803711
,6135,,,,76.21148681640625
,6136,,,,92.22269439697266
,6137,,,,72.45388793945312
98,24254,,,91.75128936767578,
98,24254,91.42890167236328,,,
99,24299,,83.62004089355469,,
99,24349,,74.61333465576172,,
99,24399,,101.35105895996094,,
99,24449,,109.05069732666016,,
99,24499,,109.13560485839844,,
,6138,,,,101.27981567382812
,6139,,,,95.92503356933594
,6140,,,,90.71292114257812
,6141,,,,92.2953872680664
,6142,,,,105.40794372558594
,6143,,,,88.33953857421875
,6144,,,,96.00862121582031
,6145,,,,110.22509765625
,6146,,,,85.14212799072266
,6147,,,,93.19287109375
,6148,,,,79.32537841796875
,6149,,,,75.90000915527344
,6150,,,,92.544189453125
,6151,,,,97.55351257324219
,6152,,,,73.37947082519531
,6153,,,,88.11046600341797
,6154,,,,84.89163970947266
,6155,,,,105.56795501708984
,6156,,,,94.2286148071289
,6157,,,,88.62977600097656
,6158,,,,108.54046630859375
,6159,,,,82.2118911743164
,6160,,,,99.74722290039062
,6161,,,,86.67893981933594
,6162,,,,110.35478210449219
,6163,,,,85.5113296508789
,6164,,,,106.64229583740234
,6165,,,,88.51802825927734
,6166,,,,116.63987731933594
,6167,,,,94.2352523803711
,6168,,,,86.05126953125
,6169,,,,80.087158203125
,6170,,,,97.5155029296875
,6171,,,,92.42533111572266
,6172,,,,92.25409698486328
,6173,,,,101.30657958984375
,6174,,,,86.89077758789062
,6175,,,,106.5289535522461
,6176,,,,82.4815673828125
,6177,,,,83.8115234375
,6178,,,,91.2731704711914
,6179,,,,89.86324310302734
,6180,,,,99.42652130126953
,6181,,,,97.47206115722656
,6182,,,,83.62092590332031
,6183,,,,98.16331481933594
,6184,,,,92.41866302490234
,6185,,,,77.27802276611328
,6186,,,,77.42903900146484
,6187,,,,107.43431091308594
,6188,,,,99.04646301269531
,6189,,,,108.41072082519531
,6190,,,,88.43869018554688
,6191,,,,78.99443817138672
,6192,,,,65.41301727294922
,6193,,,,77.34507751464844
,6194,,,,104.15353393554688
,6195,,,,88.82404327392578
,6196,,,,80.34017944335938
,6197,,,,76.2442626953125
,6198,,,,92.25120544433594
,6199,,,,72.43830108642578
99,24499,,,91.74933624267578,
99,24499,91.4242935180664,,,
