epoch,step,train_loss_epoch,train_loss_step,val_loss_epoch,val_loss_step
0,49,,9545.57421875,,
0,99,,11312.15625,,
0,149,,11992.4306640625,,
0,199,,15443.259765625,,
,0,,,,9747.619140625
,1,,,,11086.326171875
,2,,,,13440.4140625
,3,,,,15741.8740234375
,4,,,,11351.248046875
,5,,,,11126.9140625
,6,,,,12135.2900390625
,7,,,,10072.787109375
,8,,,,12972.775390625
,9,,,,14769.0546875
,10,,,,10077.9873046875
,11,,,,9420.939453125
,12,,,,17765.9765625
,13,,,,11741.8515625
,14,,,,12363.095703125
,15,,,,14782.533203125
,16,,,,12339.7265625
,17,,,,16201.7783203125
,18,,,,12312.654296875
,19,,,,14335.6474609375
,20,,,,14328.482421875
,21,,,,12677.810546875
,22,,,,14831.671875
,23,,,,14085.71875
,24,,,,15341.3349609375
,25,,,,14411.498046875
,26,,,,8969.912109375
,27,,,,13360.974609375
,28,,,,11653.669921875
,29,,,,15457.580078125
,30,,,,13671.033203125
,31,,,,12810.7802734375
,32,,,,12155.4580078125
,33,,,,14239.6328125
,34,,,,11674.73828125
,35,,,,12993.349609375
,36,,,,12402.0634765625
,37,,,,8681.591796875
,38,,,,14562.3173828125
,39,,,,13398.56640625
,40,,,,12906.95703125
,41,,,,11990.5322265625
,42,,,,12129.08984375
,43,,,,14429.462890625
,44,,,,9298.75390625
,45,,,,13538.5537109375
,46,,,,10637.259765625
,47,,,,11588.6796875
,48,,,,10392.955078125
,49,,,,16422.791015625
,50,,,,12050.111328125
,51,,,,10724.076171875
,52,,,,15240.7783203125
,53,,,,13619.86328125
,54,,,,13290.6474609375
,55,,,,13348.0
,56,,,,14933.279296875
,57,,,,12717.228515625
,58,,,,15824.529296875
,59,,,,11004.5478515625
,60,,,,13907.94921875
,61,,,,12574.3388671875
0,244,,,12875.814453125,
0,244,12621.9091796875,,,
1,249,,13561.33203125,,
1,299,,10685.6640625,,
1,349,,13728.9755859375,,
1,399,,9958.419921875,,
1,449,,10733.029296875,,
,62,,,,9721.2763671875
,63,,,,11054.65625
,64,,,,13361.25
,65,,,,15686.9130859375
,66,,,,11319.697265625
,67,,,,11096.6640625
,68,,,,12101.25
,69,,,,10047.2021484375
,70,,,,12937.1953125
,71,,,,14722.0576171875
,72,,,,10051.5771484375
,73,,,,9395.349609375
,74,,,,17465.9453125
,75,,,,11709.82421875
,76,,,,12335.150390625
,77,,,,14733.142578125
,78,,,,12304.4150390625
,79,,,,16154.6689453125
,80,,,,12280.3427734375
,81,,,,14289.81640625
,82,,,,14292.548828125
,83,,,,12645.0224609375
,84,,,,14786.625
,85,,,,14045.87890625
,86,,,,15283.6708984375
,87,,,,14365.15234375
,88,,,,8947.6103515625
,89,,,,13321.2626953125
,90,,,,11040.833984375
,91,,,,15414.3466796875
,92,,,,13631.1005859375
,93,,,,12771.525390625
,94,,,,12124.076171875
,95,,,,14214.103515625
,96,,,,11639.7333984375
,97,,,,12953.5419921875
,98,,,,12365.7666015625
,99,,,,8659.228515625
,100,,,,14520.708984375
,101,,,,13356.5263671875
,102,,,,12870.83984375
,103,,,,11959.748046875
,104,,,,12098.15625
,105,,,,14378.736328125
,106,,,,9274.6484375
,107,,,,13502.2333984375
,108,,,,10607.654296875
,109,,,,11557.63671875
,110,,,,10367.0654296875
,111,,,,16490.525390625
,112,,,,12018.2705078125
,113,,,,10694.126953125
,114,,,,15206.6044921875
,115,,,,13581.609375
,116,,,,13244.8583984375
,117,,,,13307.84375
,118,,,,14888.224609375
,119,,,,12532.236328125
,120,,,,15779.39453125
,121,,,,10965.767578125
,122,,,,13867.1396484375
,123,,,,12536.763671875
1,489,,,12824.2294921875,
1,489,12346.439453125,,,
2,499,,12702.091796875,,
2,549,,11130.48828125,,
2,599,,13541.3857421875,,
2,649,,10548.78125,,
2,699,,11111.5498046875,,
,124,,,,9692.810546875
,125,,,,11021.671875
,126,,,,13314.357421875
,127,,,,15629.1953125
,128,,,,11286.505859375
,129,,,,11063.884765625
,130,,,,12066.98046875
,131,,,,10018.9990234375
,132,,,,12897.779296875
,133,,,,14676.080078125
,134,,,,10024.7958984375
,135,,,,9370.0302734375
,136,,,,17412.529296875
,137,,,,11676.623046875
,138,,,,12297.0654296875
,139,,,,14681.5400390625
,140,,,,12268.0888671875
,141,,,,16108.771484375
,142,,,,12245.9765625
,143,,,,14246.5234375
,144,,,,14252.349609375
,145,,,,12611.064453125
,146,,,,14735.904296875
,147,,,,14003.138671875
,148,,,,15233.3486328125
,149,,,,14317.8369140625
,150,,,,8923.77734375
,151,,,,13281.89453125
,152,,,,10949.0595703125
,153,,,,15371.150390625
,154,,,,13593.9921875
,155,,,,12729.8583984375
,156,,,,12089.9970703125
,157,,,,14163.26953125
,158,,,,11603.978515625
,159,,,,12914.470703125
,160,,,,12327.2333984375
,161,,,,8635.208984375
,162,,,,14470.5244140625
,163,,,,13315.2578125
,164,,,,12836.076171875
,165,,,,11927.9453125
,166,,,,12065.9521484375
,167,,,,14334.1689453125
,168,,,,9248.22265625
,169,,,,13460.865234375
,170,,,,10575.34375
,171,,,,11525.515625
,172,,,,10338.4443359375
,173,,,,16432.671875
,174,,,,11984.873046875
,175,,,,10662.548828125
,176,,,,15084.0390625
,177,,,,13541.91015625
,178,,,,13201.98046875
,179,,,,13267.578125
,180,,,,14840.63671875
,181,,,,12494.40625
,182,,,,15732.447265625
,183,,,,10931.75
,184,,,,13826.0419921875
,185,,,,12497.8857421875
2,734,,,12783.1904296875,
2,734,12150.6513671875,,,
3,749,,12546.310546875,,
3,799,,10781.93359375,,
3,849,,11893.2333984375,,
3,899,,8664.923828125,,
3,949,,11767.67578125,,
,186,,,,9664.05078125
,187,,,,10989.64453125
,188,,,,13270.978515625
,189,,,,15572.189453125
,190,,,,11253.1181640625
,191,,,,11030.0859375
,192,,,,12031.5966796875
,193,,,,9991.4541015625
,194,,,,12857.755859375
,195,,,,14628.82421875
,196,,,,9997.21875
,197,,,,9344.20703125
,198,,,,17353.1796875
,199,,,,11642.134765625
,200,,,,12263.5595703125
,201,,,,14629.669921875
,202,,,,12230.8037109375
,203,,,,16061.841796875
,204,,,,12211.6884765625
,205,,,,14203.36328125
,206,,,,14209.91015625
,207,,,,12576.560546875
,208,,,,14685.4599609375
,209,,,,13959.966796875
,210,,,,15182.916015625
,211,,,,14270.83984375
,212,,,,8900.5859375
,213,,,,13241.63671875
,214,,,,10955.59765625
,215,,,,15326.8056640625
,216,,,,13551.9873046875
,217,,,,12689.5546875
,218,,,,12056.7939453125
,219,,,,14122.615234375
,220,,,,11568.9169921875
,221,,,,12875.203125
,222,,,,12291.375
,223,,,,8611.361328125
,224,,,,14426.47265625
,225,,,,13274.734375
,226,,,,12797.6142578125
,227,,,,11896.751953125
,228,,,,12032.52734375
,229,,,,14290.7373046875
,230,,,,9221.3125
,231,,,,13420.7880859375
,232,,,,10545.091796875
,233,,,,11493.09375
,234,,,,10309.01953125
,235,,,,16247.84765625
,236,,,,11952.708984375
,237,,,,10631.0625
,238,,,,15049.5634765625
,239,,,,13501.833984375
,240,,,,13155.76953125
,241,,,,13230.5869140625
,242,,,,14793.27734375
,243,,,,12459.91015625
,244,,,,15685.7880859375
,245,,,,10898.9990234375
,246,,,,13785.73046875
,247,,,,12461.0654296875
3,979,,,12743.357421875,
3,979,12002.6640625,,,
4,999,,10827.8388671875,,
4,1049,,11865.291015625,,
4,1099,,11001.80078125,,
4,1149,,10112.3173828125,,
4,1199,,15015.5009765625,,
,248,,,,9632.4755859375
,249,,,,10953.7958984375
,250,,,,13226.1953125
,251,,,,15512.478515625
,252,,,,11215.4228515625
,253,,,,10994.880859375
,254,,,,11991.97265625
,255,,,,9961.134765625
,256,,,,12814.26171875
,257,,,,14572.486328125
,258,,,,9967.29296875
,259,,,,9315.904296875
,260,,,,17293.5
,261,,,,11604.2001953125
,262,,,,12224.783203125
,263,,,,14573.30859375
,264,,,,12190.6611328125
,265,,,,16012.0703125
,266,,,,12174.740234375
,267,,,,14155.375
,268,,,,14163.517578125
,269,,,,12538.482421875
,270,,,,14630.328125
,271,,,,13913.404296875
,272,,,,15125.6181640625
,273,,,,14218.064453125
,274,,,,8875.560546875
,275,,,,13197.583984375
,276,,,,11033.3671875
,277,,,,15277.443359375
,278,,,,13504.611328125
,279,,,,12643.720703125
,280,,,,12020.548828125
,281,,,,14080.078125
,282,,,,11530.8671875
,283,,,,12829.0947265625
,284,,,,12248.740234375
,285,,,,8583.94140625
,286,,,,14374.4638671875
,287,,,,13230.615234375
,288,,,,12756.0380859375
,289,,,,11862.08984375
,290,,,,11996.765625
,291,,,,14240.88671875
,292,,,,9192.0390625
,293,,,,13377.5703125
,294,,,,10509.525390625
,295,,,,11457.8359375
,296,,,,10277.49609375
,297,,,,16217.064453125
,298,,,,11915.88671875
,299,,,,10596.7119140625
,300,,,,15050.9931640625
,301,,,,13456.951171875
,302,,,,13106.634765625
,303,,,,13188.783203125
,304,,,,14741.7216796875
,305,,,,12422.4697265625
,306,,,,15636.279296875
,307,,,,10861.642578125
,308,,,,13741.0478515625
,309,,,,12421.6416015625
4,1224,,,12704.1259765625,
4,1224,11890.8515625,,,
5,1249,,12289.21875,,
5,1299,,11291.6865234375,,
5,1349,,13265.587890625,,
5,1399,,11140.2431640625,,
5,1449,,9843.5869140625,,
,310,,,,9609.4638671875
,311,,,,10924.3935546875
,312,,,,13186.7529296875
,313,,,,15455.330078125
,314,,,,11185.478515625
,315,,,,10967.4453125
,316,,,,11961.583984375
,317,,,,9937.0087890625
,318,,,,12780.83984375
,319,,,,14523.64453125
,320,,,,9945.28515625
,321,,,,9292.3046875
,322,,,,17237.7421875
,323,,,,11573.451171875
,324,,,,12198.208984375
,325,,,,14517.8828125
,326,,,,12158.1591796875
,327,,,,15964.576171875
,328,,,,12149.119140625
,329,,,,14111.998046875
,330,,,,14125.650390625
,331,,,,12511.765625
,332,,,,14580.83984375
,333,,,,13871.77734375
,334,,,,15075.201171875
,335,,,,14173.0205078125
,336,,,,8857.642578125
,337,,,,13159.158203125
,338,,,,11062.638671875
,339,,,,15236.197265625
,340,,,,13466.93359375
,341,,,,12605.9140625
,342,,,,11991.775390625
,343,,,,14041.6728515625
,344,,,,11500.32421875
,345,,,,12791.525390625
,346,,,,12213.16796875
,347,,,,8564.4287109375
,348,,,,14331.95703125
,349,,,,13190.5380859375
,350,,,,12720.296875
,351,,,,11836.7646484375
,352,,,,11970.5361328125
,353,,,,14203.2607421875
,354,,,,9170.34765625
,355,,,,13340.892578125
,356,,,,10482.201171875
,357,,,,11431.09375
,358,,,,10252.7021484375
,359,,,,16147.50390625
,360,,,,11888.4033203125
,361,,,,10567.13671875
,362,,,,15038.845703125
,363,,,,13420.8369140625
,364,,,,13059.3037109375
,365,,,,13148.93359375
,366,,,,14694.685546875
,367,,,,12385.4140625
,368,,,,15594.072265625
,369,,,,10832.60546875
,370,,,,13704.81640625
,371,,,,12389.9873046875
5,1469,,,12669.87109375,
5,1469,11809.4296875,,,
6,1499,,11627.251953125,,
6,1549,,12539.49609375,,
6,1599,,11960.8154296875,,
6,1649,,13138.87109375,,
6,1699,,12424.048828125,,
,372,,,,9576.642578125
,373,,,,10882.8232421875
,374,,,,13135.8115234375
,375,,,,15381.6083984375
,376,,,,11144.04296875
,377,,,,10926.328125
,378,,,,11915.8447265625
,379,,,,9901.09765625
,380,,,,12730.958984375
,381,,,,14465.3857421875
,382,,,,9911.3828125
,383,,,,9260.84375
,384,,,,17162.412109375
,385,,,,11530.0830078125
,386,,,,12154.583984375
,387,,,,14449.361328125
,388,,,,12113.83203125
,389,,,,15908.421875
,390,,,,12103.904296875
,391,,,,14054.7861328125
,392,,,,14072.0517578125
,393,,,,12464.763671875
,394,,,,14518.0498046875
,395,,,,13815.4140625
,396,,,,15014.681640625
,397,,,,14114.0341796875
,398,,,,8824.9765625
,399,,,,13108.771484375
,400,,,,10866.1201171875
,401,,,,15181.09765625
,402,,,,13410.517578125
,403,,,,12553.65625
,404,,,,11950.55078125
,405,,,,13994.9052734375
,406,,,,11453.541015625
,407,,,,12742.0419921875
,408,,,,12168.56640625
,409,,,,8530.45703125
,410,,,,14272.1748046875
,411,,,,13136.314453125
,412,,,,12675.6015625
,413,,,,11799.65625
,414,,,,11930.5419921875
,415,,,,14147.625
,416,,,,9135.419921875
,417,,,,13291.330078125
,418,,,,10441.40234375
,419,,,,11390.986328125
,420,,,,10215.7841796875
,421,,,,16192.36328125
,422,,,,11845.302734375
,423,,,,10527.546875
,424,,,,14882.330078125
,425,,,,13370.4326171875
,426,,,,13000.94921875
,427,,,,13102.4150390625
,428,,,,14637.9599609375
,429,,,,12333.7255859375
,430,,,,15533.6630859375
,431,,,,10793.392578125
,432,,,,13650.0078125
,433,,,,12343.7216796875
6,1714,,,12618.708984375,
6,1714,11714.32421875,,,
7,1749,,12624.205078125,,
7,1799,,12990.849609375,,
7,1849,,11888.494140625,,
7,1899,,13297.4716796875,,
7,1949,,10799.2001953125,,
,434,,,,9538.177734375
,435,,,,10839.232421875
,436,,,,13083.421875
,437,,,,15306.859375
,438,,,,11098.880859375
,439,,,,10883.380859375
,440,,,,11869.8564453125
,441,,,,9865.390625
,442,,,,12676.994140625
,443,,,,14396.814453125
,444,,,,9874.783203125
,445,,,,9226.7353515625
,446,,,,17091.44140625
,447,,,,11483.6083984375
,448,,,,12111.2763671875
,449,,,,14378.392578125
,450,,,,12066.6103515625
,451,,,,15843.6044921875
,452,,,,12062.265625
,453,,,,13995.072265625
,454,,,,14020.09765625
,455,,,,12420.7529296875
,456,,,,14451.875
,457,,,,13758.55859375
,458,,,,14946.599609375
,459,,,,14049.7890625
,460,,,,8797.2421875
,461,,,,13056.111328125
,462,,,,10740.1943359375
,463,,,,15124.103515625
,464,,,,13357.755859375
,465,,,,12498.8125
,466,,,,11907.7109375
,467,,,,13936.103515625
,468,,,,11406.974609375
,469,,,,12689.498046875
,470,,,,12115.583984375
,471,,,,8498.28125
,472,,,,14212.86328125
,473,,,,13082.8671875
,474,,,,12621.9326171875
,475,,,,11756.48046875
,476,,,,11886.5361328125
,477,,,,14092.7421875
,478,,,,9100.75
,479,,,,13235.369140625
,480,,,,10398.8818359375
,481,,,,11348.083984375
,482,,,,10177.98046875
,483,,,,15996.08984375
,484,,,,11800.18359375
,485,,,,10489.2578125
,486,,,,14829.4892578125
,487,,,,13312.4609375
,488,,,,12938.583984375
,489,,,,13049.115234375
,490,,,,14572.94921875
,491,,,,12288.978515625
,492,,,,15473.86328125
,493,,,,10749.8408203125
,494,,,,13595.390625
,495,,,,12295.96484375
7,1959,,,12564.275390625,
7,1959,11643.001953125,,,
8,1999,,12809.5849609375,,
8,2049,,12967.5205078125,,
8,2099,,16309.0888671875,,
8,2149,,10092.1689453125,,
8,2199,,15059.880859375,,
,496,,,,9512.103515625
,497,,,,10809.59765625
,498,,,,13039.7734375
,499,,,,15240.8203125
,500,,,,11063.69921875
,501,,,,10849.6474609375
,502,,,,11838.12109375
,503,,,,9841.1640625
,504,,,,12643.5673828125
,505,,,,14339.1865234375
,506,,,,9852.048828125
,507,,,,9205.7158203125
,508,,,,17032.42578125
,509,,,,11453.177734375
,510,,,,12081.7080078125
,511,,,,14317.18359375
,512,,,,12027.392578125
,513,,,,15791.978515625
,514,,,,12035.0009765625
,515,,,,13948.640625
,516,,,,13980.9677734375
,517,,,,12392.33203125
,518,,,,14400.2890625
,519,,,,13716.228515625
,520,,,,14890.19921875
,521,,,,13993.7802734375
,522,,,,8782.197265625
,523,,,,13011.2666015625
,524,,,,10684.26953125
,525,,,,15077.177734375
,526,,,,13312.787109375
,527,,,,12451.388671875
,528,,,,11878.611328125
,529,,,,13898.431640625
,530,,,,11371.224609375
,531,,,,12649.439453125
,532,,,,12079.294921875
,533,,,,8480.666015625
,534,,,,14161.79296875
,535,,,,13037.703125
,536,,,,12581.037109375
,537,,,,11731.169921875
,538,,,,11858.892578125
,539,,,,14046.4697265625
,540,,,,9080.7421875
,541,,,,13191.396484375
,542,,,,10370.482421875
,543,,,,11320.67578125
,544,,,,10151.322265625
,545,,,,15998.8251953125
,546,,,,11770.423828125
,547,,,,10459.841796875
,548,,,,14774.962890625
,549,,,,13268.630859375
,550,,,,12884.15625
,551,,,,13014.07421875
,552,,,,14516.802734375
,553,,,,12257.9921875
,554,,,,15428.515625
,555,,,,10715.9560546875
,556,,,,13554.2607421875
,557,,,,12273.94921875
8,2204,,,12526.1357421875,
8,2204,11585.1201171875,,,
9,2249,,14731.263671875,,
9,2299,,10326.55859375,,
9,2349,,9869.548828125,,
9,2399,,11229.9765625,,
9,2449,,9764.0341796875,,
,558,,,,9467.109375
,559,,,,10755.376953125
,560,,,,12968.013671875
,561,,,,15150.3525390625
,562,,,,11009.8125
,563,,,,10796.2392578125
,564,,,,11774.3955078125
,565,,,,9794.169921875
,566,,,,12579.478515625
,567,,,,14258.119140625
,568,,,,9804.1943359375
,569,,,,9162.888671875
,570,,,,16943.587890625
,571,,,,11392.978515625
,572,,,,12021.8876953125
,573,,,,14230.810546875
,574,,,,11969.0654296875
,575,,,,15713.5712890625
,576,,,,11980.6796875
,577,,,,13876.177734375
,578,,,,13913.8203125
,579,,,,12333.2158203125
,580,,,,14318.56640625
,581,,,,13646.552734375
,582,,,,14801.3271484375
,583,,,,13919.095703125
,584,,,,8740.953125
,585,,,,12947.3955078125
,586,,,,10628.0732421875
,587,,,,15004.482421875
,588,,,,13247.853515625
,589,,,,12389.265625
,590,,,,11824.3828125
,591,,,,13834.4833984375
,592,,,,11311.78125
,593,,,,12582.2314453125
,594,,,,12017.359375
,595,,,,8439.93359375
,596,,,,14085.49609375
,597,,,,12976.8212890625
,598,,,,12514.609375
,599,,,,11678.8232421875
,600,,,,11802.486328125
,601,,,,13971.994140625
,602,,,,9041.1171875
,603,,,,13125.01953125
,604,,,,10314.978515625
,605,,,,11264.8203125
,606,,,,10102.9267578125
,607,,,,15884.8828125
,608,,,,11716.99609375
,609,,,,10410.814453125
,610,,,,14710.572265625
,611,,,,13199.9609375
,612,,,,12808.015625
,613,,,,12941.75
,614,,,,14448.740234375
,615,,,,12192.4765625
,616,,,,15351.630859375
,617,,,,10663.49609375
,618,,,,13480.5068359375
,619,,,,12211.869140625
9,2449,,,12462.0302734375,
9,2449,11527.1494140625,,,
10,2499,,12602.5703125,,
10,2549,,13741.623046875,,
10,2599,,9662.59765625,,
10,2649,,12928.771484375,,
,620,,,,9426.072265625
,621,,,,10700.5556640625
,622,,,,12904.4453125
,623,,,,15050.9423828125
,624,,,,10956.294921875
,625,,,,10745.662109375
,626,,,,11716.623046875
,627,,,,9751.1171875
,628,,,,12509.7578125
,629,,,,14167.748046875
,630,,,,9761.5791015625
,631,,,,9124.19140625
,632,,,,16854.783203125
,633,,,,11337.84375
,634,,,,11969.3818359375
,635,,,,14140.36328125
,636,,,,11907.73828125
,637,,,,15640.5634765625
,638,,,,11926.4384765625
,639,,,,13804.8203125
,640,,,,13848.76953125
,641,,,,12281.212890625
,642,,,,14239.7197265625
,643,,,,13574.166015625
,644,,,,14714.8017578125
,645,,,,13835.4814453125
,646,,,,8699.6689453125
,647,,,,12883.19921875
,648,,,,10580.408203125
,649,,,,14936.650390625
,650,,,,13183.96875
,651,,,,12325.1640625
,652,,,,11770.59765625
,653,,,,13766.9384765625
,654,,,,11251.9345703125
,655,,,,12521.748046875
,656,,,,11958.935546875
,657,,,,8401.439453125
,658,,,,14004.2158203125
,659,,,,12906.69140625
,660,,,,12447.275390625
,661,,,,11630.6748046875
,662,,,,11755.216796875
,663,,,,13902.3974609375
,664,,,,8997.6884765625
,665,,,,13056.873046875
,666,,,,10262.271484375
,667,,,,11213.6787109375
,668,,,,10058.009765625
,669,,,,15854.3740234375
,670,,,,11661.53515625
,671,,,,10360.298828125
,672,,,,14669.033203125
,673,,,,13131.6064453125
,674,,,,12726.279296875
,675,,,,12881.2578125
,676,,,,14375.033203125
,677,,,,12130.962890625
,678,,,,15277.783203125
,679,,,,10611.701171875
,680,,,,13415.744140625
,681,,,,12157.6806640625
10,2694,,,12400.8056640625,
10,2694,11474.205078125,,,
11,2699,,13505.888671875,,
11,2749,,9532.751953125,,
11,2799,,9393.0693359375,,
11,2849,,10779.013671875,,
11,2899,,12135.3798828125,,
,682,,,,9382.525390625
,683,,,,10652.373046875
,684,,,,12834.314453125
,685,,,,14954.3564453125
,686,,,,10903.796875
,687,,,,10691.6083984375
,688,,,,11656.625
,689,,,,9710.5703125
,690,,,,12449.0537109375
,691,,,,14084.8525390625
,692,,,,9716.171875
,693,,,,9090.1416015625
,694,,,,16753.8671875
,695,,,,11283.21875
,696,,,,11916.453125
,697,,,,14052.033203125
,698,,,,11850.48046875
,699,,,,15564.5732421875
,700,,,,11873.1015625
,701,,,,13740.474609375
,702,,,,13781.70703125
,703,,,,12230.072265625
,704,,,,14162.5546875
,705,,,,13505.7578125
,706,,,,14624.4033203125
,707,,,,13755.240234375
,708,,,,8665.169921875
,709,,,,12819.71484375
,710,,,,10529.880859375
,711,,,,14867.625
,712,,,,13117.005859375
,713,,,,12257.2890625
,714,,,,11720.548828125
,715,,,,13701.66015625
,716,,,,11189.6357421875
,717,,,,12459.703125
,718,,,,11901.09375
,719,,,,8362.2939453125
,720,,,,13923.96484375
,721,,,,12832.091796875
,722,,,,12384.80078125
,723,,,,11580.09765625
,724,,,,11706.181640625
,725,,,,13838.0244140625
,726,,,,8958.69140625
,727,,,,12994.4208984375
,728,,,,10215.310546875
,729,,,,11162.65625
,730,,,,10012.3203125
,731,,,,15715.2724609375
,732,,,,11610.8046875
,733,,,,10318.7470703125
,734,,,,14564.701171875
,735,,,,13065.50390625
,736,,,,12647.7861328125
,737,,,,12812.8935546875
,738,,,,14295.79296875
,739,,,,12066.5517578125
,740,,,,15202.283203125
,741,,,,10554.576171875
,742,,,,13352.22265625
,743,,,,12101.279296875
11,2939,,,12337.310546875,
11,2939,11426.7412109375,,,
12,2949,,14649.8203125,,
12,2999,,10326.595703125,,
12,3049,,9384.927734375,,
12,3099,,10685.251953125,,
12,3149,,11660.794921875,,
,744,,,,9339.01953125
,745,,,,10592.958984375
,746,,,,12752.4375
,747,,,,14858.10546875
,748,,,,10839.087890625
,749,,,,10632.693359375
,750,,,,11603.642578125
,751,,,,9657.03515625
,752,,,,12381.537109375
,753,,,,13987.4111328125
,754,,,,9678.8154296875
,755,,,,9040.83203125
,756,,,,16661.49609375
,757,,,,11222.994140625
,758,,,,11860.1533203125
,759,,,,13942.4921875
,760,,,,11783.7900390625
,761,,,,15478.1923828125
,762,,,,11820.376953125
,763,,,,13657.72265625
,764,,,,13720.822265625
,765,,,,12180.5673828125
,766,,,,14070.751953125
,767,,,,13430.26171875
,768,,,,14532.5048828125
,769,,,,13666.94140625
,770,,,,8634.7509765625
,771,,,,12733.97265625
,772,,,,10472.955078125
,773,,,,14785.6220703125
,774,,,,13043.05859375
,775,,,,12177.78515625
,776,,,,11666.0625
,777,,,,13632.8896484375
,778,,,,11126.759765625
,779,,,,12390.56640625
,780,,,,11837.14453125
,781,,,,8317.94140625
,782,,,,13859.025390625
,783,,,,12765.5703125
,784,,,,12304.3564453125
,785,,,,11535.4619140625
,786,,,,11646.51953125
,787,,,,13755.146484375
,788,,,,8915.3447265625
,789,,,,12912.451171875
,790,,,,10159.994140625
,791,,,,11104.5078125
,792,,,,9965.974609375
,793,,,,15592.525390625
,794,,,,11544.630859375
,795,,,,10262.833984375
,796,,,,14446.5830078125
,797,,,,12987.498046875
,798,,,,12553.0283203125
,799,,,,12765.484375
,800,,,,14204.1181640625
,801,,,,12007.98828125
,802,,,,15126.05078125
,803,,,,10496.970703125
,804,,,,13285.673828125
,805,,,,12052.677734375
12,3184,,,12268.2412109375,
12,3184,11371.787109375,,,
13,3199,,8797.8076171875,,
13,3249,,11959.94140625,,
13,3299,,14630.427734375,,
13,3349,,10809.828125,,
13,3399,,8300.4423828125,,
,806,,,,9290.119140625
,807,,,,10529.3369140625
,808,,,,12667.1142578125
,809,,,,14725.42578125
,810,,,,10780.4267578125
,811,,,,10571.55078125
,812,,,,11520.0634765625
,813,,,,9612.951171875
,814,,,,12304.8251953125
,815,,,,13891.3642578125
,816,,,,9624.3046875
,817,,,,9002.103515625
,818,,,,16535.8515625
,819,,,,11149.2890625
,820,,,,11795.0625
,821,,,,13827.5537109375
,822,,,,11721.9453125
,823,,,,15379.5126953125
,824,,,,11749.865234375
,825,,,,13563.173828125
,826,,,,13637.958984375
,827,,,,12104.9853515625
,828,,,,13963.732421875
,829,,,,13342.662109375
,830,,,,14420.2880859375
,831,,,,13579.5107421875
,832,,,,8585.7734375
,833,,,,12665.07421875
,834,,,,10421.609375
,835,,,,14696.8203125
,836,,,,12966.53515625
,837,,,,12103.7587890625
,838,,,,11616.431640625
,839,,,,13563.9912109375
,840,,,,11054.80859375
,841,,,,12305.4248046875
,842,,,,11765.10546875
,843,,,,8279.4345703125
,844,,,,13753.791015625
,845,,,,12677.7431640625
,846,,,,12233.244140625
,847,,,,11471.486328125
,848,,,,11577.544921875
,849,,,,13670.2119140625
,850,,,,8874.16796875
,851,,,,12835.849609375
,852,,,,10096.099609375
,853,,,,11043.58984375
,854,,,,9908.0673828125
,855,,,,15514.8525390625
,856,,,,11487.65625
,857,,,,10210.9375
,858,,,,14352.115234375
,859,,,,12905.37109375
,860,,,,12454.298828125
,861,,,,12696.29296875
,862,,,,14122.0107421875
,863,,,,11930.05078125
,864,,,,15030.078125
,865,,,,10434.37109375
,866,,,,13185.2421875
,867,,,,11981.32421875
13,3429,,,12192.3720703125,
13,3429,11318.9462890625,,,
14,3449,,13196.95703125,,
14,3499,,12116.587890625,,
14,3549,,13470.4736328125,,
14,3599,,11575.306640625,,
14,3649,,9176.048828125,,
,868,,,,9241.765625
,869,,,,10465.6669921875
,870,,,,12585.345703125
,871,,,,14596.021484375
,872,,,,10715.228515625
,873,,,,10509.7939453125
,874,,,,11449.0390625
,875,,,,9557.802734375
,876,,,,12216.1005859375
,877,,,,13779.82421875
,878,,,,9577.5927734375
,879,,,,8963.8203125
,880,,,,16425.61328125
,881,,,,11089.56640625
,882,,,,11735.779296875
,883,,,,13705.6962890625
,884,,,,11652.599609375
,885,,,,15288.7666015625
,886,,,,11694.876953125
,887,,,,13468.548828125
,888,,,,13556.9130859375
,889,,,,12038.109375
,890,,,,13864.548828125
,891,,,,13260.365234375
,892,,,,14316.8818359375
,893,,,,13487.98046875
,894,,,,8540.46484375
,895,,,,12577.8994140625
,896,,,,10370.8232421875
,897,,,,14622.166015625
,898,,,,12885.80859375
,899,,,,12024.736328125
,900,,,,11549.62109375
,901,,,,13496.513671875
,902,,,,10987.71484375
,903,,,,12231.5986328125
,904,,,,11693.125
,905,,,,8228.4541015625
,906,,,,13657.51171875
,907,,,,12596.2744140625
,908,,,,12153.572265625
,909,,,,11413.51953125
,910,,,,11506.26171875
,911,,,,13583.26953125
,912,,,,8823.8125
,913,,,,12761.05078125
,914,,,,10035.38671875
,915,,,,10983.2265625
,916,,,,9852.55859375
,917,,,,15381.76171875
,918,,,,11423.35546875
,919,,,,10152.205078125
,920,,,,14230.6328125
,921,,,,12816.4921875
,922,,,,12352.2431640625
,923,,,,12621.8662109375
,924,,,,14019.3984375
,925,,,,11853.63671875
,926,,,,14930.28515625
,927,,,,10384.796875
,928,,,,13112.7822265625
,929,,,,11912.416015625
14,3674,,,12115.6494140625,
14,3674,11289.2255859375,,,
15,3699,,10769.6328125,,
15,3749,,9959.44140625,,
15,3799,,10035.275390625,,
15,3849,,10101.6640625,,
15,3899,,9713.0107421875,,
,930,,,,9192.5625
,931,,,,10407.4697265625
,932,,,,12508.8203125
,933,,,,14475.38671875
,934,,,,10645.51171875
,935,,,,10449.087890625
,936,,,,11380.341796875
,937,,,,9509.244140625
,938,,,,12151.283203125
,939,,,,13674.50390625
,940,,,,9534.3994140625
,941,,,,8928.5986328125
,942,,,,16311.236328125
,943,,,,11022.1728515625
,944,,,,11677.24609375
,945,,,,13594.271484375
,946,,,,11574.9609375
,947,,,,15206.595703125
,948,,,,11644.5625
,949,,,,13390.068359375
,950,,,,13475.765625
,951,,,,11991.509765625
,952,,,,13773.556640625
,953,,,,13172.046875
,954,,,,14213.474609375
,955,,,,13379.3134765625
,956,,,,8507.84375
,957,,,,12511.94140625
,958,,,,10300.93359375
,959,,,,14534.50390625
,960,,,,12808.591796875
,961,,,,11934.544921875
,962,,,,11491.376953125
,963,,,,13416.62890625
,964,,,,10915.2001953125
,965,,,,12179.0048828125
,966,,,,11632.294921875
,967,,,,8200.31640625
,968,,,,13560.6572265625
,969,,,,12509.5478515625
,970,,,,12079.423828125
,971,,,,11364.75
,972,,,,11464.912109375
,973,,,,13500.0576171875
,974,,,,8776.28125
,975,,,,12672.158203125
,976,,,,9975.7734375
,977,,,,10928.580078125
,978,,,,9803.29296875
,979,,,,15286.32421875
,980,,,,11358.271484375
,981,,,,10103.5146484375
,982,,,,14150.3955078125
,983,,,,12732.671875
,984,,,,12259.25390625
,985,,,,12559.1181640625
,986,,,,13932.61328125
,987,,,,11776.8681640625
,988,,,,14851.6533203125
,989,,,,10315.26171875
,990,,,,13037.7509765625
,991,,,,11863.66796875
15,3919,,,12043.8818359375,
15,3919,11240.4169921875,,,
16,3949,,9499.189453125,,
16,3999,,12449.5478515625,,
16,4049,,12899.7001953125,,
16,4099,,8763.92578125,,
16,4149,,10331.595703125,,
,992,,,,9137.0166015625
,993,,,,10340.11328125
,994,,,,12404.5048828125
,995,,,,14345.4189453125
,996,,,,10569.458984375
,997,,,,10374.650390625
,998,,,,11297.1181640625
,999,,,,9455.77734375
,1000,,,,12074.220703125
,1001,,,,13562.2001953125
,1002,,,,9472.19921875
,1003,,,,8865.44140625
,1004,,,,16179.984375
,1005,,,,10935.189453125
,1006,,,,11606.498046875
,1007,,,,13455.90625
,1008,,,,11479.69921875
,1009,,,,15088.154296875
,1010,,,,11584.9345703125
,1011,,,,13288.9921875
,1012,,,,13399.705078125
,1013,,,,11923.578125
,1014,,,,13640.888671875
,1015,,,,13057.29296875
,1016,,,,14067.44921875
,1017,,,,13270.2734375
,1018,,,,8474.03125
,1019,,,,12421.556640625
,1020,,,,10246.37890625
,1021,,,,14420.205078125
,1022,,,,12729.1953125
,1023,,,,11842.8017578125
,1024,,,,11429.134765625
,1025,,,,13317.0283203125
,1026,,,,10833.7578125
,1027,,,,12080.921875
,1028,,,,11541.466796875
,1029,,,,8158.82763671875
,1030,,,,13460.76953125
,1031,,,,12423.2548828125
,1032,,,,11985.2041015625
,1033,,,,11296.5625
,1034,,,,11384.3896484375
,1035,,,,13378.1943359375
,1036,,,,8722.5126953125
,1037,,,,12582.92578125
,1038,,,,9920.3359375
,1039,,,,10856.037109375
,1040,,,,9747.171875
,1041,,,,15168.9921875
,1042,,,,11292.2939453125
,1043,,,,10027.9580078125
,1044,,,,14024.0498046875
,1045,,,,12634.755859375
,1046,,,,12148.2265625
,1047,,,,12474.5517578125
,1048,,,,13815.81640625
,1049,,,,11697.521484375
,1050,,,,14749.5888671875
,1051,,,,10242.1240234375
,1052,,,,12950.912109375
,1053,,,,11792.884765625
16,4164,,,11956.072265625,
16,4164,11212.1728515625,,,
17,4199,,10061.771484375,,
17,4249,,7971.35693359375,,
17,4299,,11060.30859375,,
17,4349,,9553.99609375,,
17,4399,,10681.93359375,,
,1054,,,,9078.763671875
,1055,,,,10264.12109375
,1056,,,,12291.623046875
,1057,,,,14187.939453125
,1058,,,,10485.9296875
,1059,,,,10302.7373046875
,1060,,,,11201.103515625
,1061,,,,9391.765625
,1062,,,,11970.10546875
,1063,,,,13427.73046875
,1064,,,,9411.50390625
,1065,,,,8816.529296875
,1066,,,,16032.302734375
,1067,,,,10851.3662109375
,1068,,,,11501.2890625
,1069,,,,13304.0546875
,1070,,,,11394.421875
,1071,,,,14970.8642578125
,1072,,,,11492.8349609375
,1073,,,,13168.94921875
,1074,,,,13285.697265625
,1075,,,,11825.8544921875
,1076,,,,13510.044921875
,1077,,,,12955.50390625
,1078,,,,13926.751953125
,1079,,,,13145.01171875
,1080,,,,8410.9765625
,1081,,,,12310.9833984375
,1082,,,,10179.234375
,1083,,,,14316.3662109375
,1084,,,,12614.283203125
,1085,,,,11731.31640625
,1086,,,,11363.3603515625
,1087,,,,13241.5625
,1088,,,,10740.2314453125
,1089,,,,11976.720703125
,1090,,,,11456.767578125
,1091,,,,8103.5927734375
,1092,,,,13325.7509765625
,1093,,,,12308.72265625
,1094,,,,11882.4892578125
,1095,,,,11222.8125
,1096,,,,11298.986328125
,1097,,,,13271.302734375
,1098,,,,8679.0849609375
,1099,,,,12484.892578125
,1100,,,,9821.9912109375
,1101,,,,10777.5830078125
,1102,,,,9682.10546875
,1103,,,,15047.068359375
,1104,,,,11211.046875
,1105,,,,9966.98828125
,1106,,,,13910.33203125
,1107,,,,12522.09375
,1108,,,,12017.318359375
,1109,,,,12378.302734375
,1110,,,,13681.775390625
,1111,,,,11591.4697265625
,1112,,,,14637.203125
,1113,,,,10151.0361328125
,1114,,,,12822.9765625
,1115,,,,11700.173828125
17,4409,,,11857.36328125,
17,4409,11167.248046875,,,
18,4449,,11997.205078125,,
18,4499,,9251.18359375,,
18,4549,,10335.2451171875,,
18,4599,,10052.5986328125,,
18,4649,,10958.15625,,
,1116,,,,9009.3642578125
,1117,,,,10170.9541015625
,1118,,,,12161.26953125
,1119,,,,14035.236328125
,1120,,,,10397.923828125
,1121,,,,10209.884765625
,1122,,,,11098.3798828125
,1123,,,,9314.494140625
,1124,,,,11851.7958984375
,1125,,,,13275.62109375
,1126,,,,9340.044921875
,1127,,,,8747.3017578125
,1128,,,,15870.734375
,1129,,,,10755.7314453125
,1130,,,,11416.5859375
,1131,,,,13129.9658203125
,1132,,,,11270.5556640625
,1133,,,,14834.31640625
,1134,,,,11402.208984375
,1135,,,,13043.7734375
,1136,,,,13173.021484375
,1137,,,,11738.19140625
,1138,,,,13372.6279296875
,1139,,,,12827.953125
,1140,,,,13781.140625
,1141,,,,13015.5087890625
,1142,,,,8346.7919921875
,1143,,,,12185.6748046875
,1144,,,,10104.7587890625
,1145,,,,14202.111328125
,1146,,,,12512.32421875
,1147,,,,11620.3828125
,1148,,,,11262.58203125
,1149,,,,13123.728515625
,1150,,,,10641.986328125
,1151,,,,11866.9580078125
,1152,,,,11364.2666015625
,1153,,,,8029.05078125
,1154,,,,13200.783203125
,1155,,,,12198.669921875
,1156,,,,11768.38671875
,1157,,,,11133.2177734375
,1158,,,,11210.3974609375
,1159,,,,13145.4716796875
,1160,,,,8604.6591796875
,1161,,,,12366.2265625
,1162,,,,9730.99609375
,1163,,,,10692.36328125
,1164,,,,9614.810546875
,1165,,,,14885.3359375
,1166,,,,11115.65625
,1167,,,,9862.705078125
,1168,,,,13761.8505859375
,1169,,,,12411.43359375
,1170,,,,11895.259765625
,1171,,,,12287.322265625
,1172,,,,13552.08984375
,1173,,,,11490.294921875
,1174,,,,14502.044921875
,1175,,,,10076.3720703125
,1176,,,,12728.85546875
,1177,,,,11605.3017578125
18,4654,,,11749.328125,
18,4654,11122.2822265625,,,
19,4699,,12238.7236328125,,
19,4749,,14247.6943359375,,
19,4799,,12977.3427734375,,
19,4849,,12461.818359375,,
19,4899,,10238.4033203125,,
,1178,,,,8912.87890625
,1179,,,,10072.5576171875
,1180,,,,12047.50390625
,1181,,,,13884.2607421875
,1182,,,,10290.6962890625
,1183,,,,10118.5751953125
,1184,,,,11014.353515625
,1185,,,,9242.2021484375
,1186,,,,11731.9794921875
,1187,,,,13117.7158203125
,1188,,,,9283.6416015625
,1189,,,,8676.208984375
,1190,,,,15707.5185546875
,1191,,,,10661.3388671875
,1192,,,,11308.830078125
,1193,,,,12973.744140625
,1194,,,,11158.44140625
,1195,,,,14689.28125
,1196,,,,11320.3271484375
,1197,,,,12939.474609375
,1198,,,,13070.83984375
,1199,,,,11663.1455078125
,1200,,,,13234.5478515625
,1201,,,,12700.046875
,1202,,,,13630.361328125
,1203,,,,12857.1435546875
,1204,,,,8307.17578125
,1205,,,,12071.00390625
,1206,,,,10016.1005859375
,1207,,,,14061.7236328125
,1208,,,,12385.109375
,1209,,,,11482.169921875
,1210,,,,11169.927734375
,1211,,,,12993.623046875
,1212,,,,10530.7880859375
,1213,,,,11764.0390625
,1214,,,,11272.73828125
,1215,,,,7969.49169921875
,1216,,,,13084.578125
,1217,,,,12092.08203125
,1218,,,,11652.1279296875
,1219,,,,11043.66796875
,1220,,,,11113.833984375
,1221,,,,13032.27734375
,1222,,,,8529.939453125
,1223,,,,12227.7919921875
,1224,,,,9643.95703125
,1225,,,,10604.783203125
,1226,,,,9539.255859375
,1227,,,,14734.9658203125
,1228,,,,11000.4921875
,1229,,,,9775.859375
,1230,,,,13623.9345703125
,1231,,,,12270.162109375
,1232,,,,11730.619140625
,1233,,,,12162.44921875
,1234,,,,13390.111328125
,1235,,,,11390.423828125
,1236,,,,14379.5166015625
,1237,,,,9971.25390625
,1238,,,,12628.0791015625
,1239,,,,11534.6982421875
19,4899,,,11638.21484375,
19,4899,11095.0087890625,,,
20,4949,,10406.6328125,,
20,4999,,12212.501953125,,
20,5049,,12550.2080078125,,
20,5099,,10502.74609375,,
,1240,,,,8867.2275390625
,1241,,,,10020.0751953125
,1242,,,,11971.099609375
,1243,,,,13710.439453125
,1244,,,,10238.78515625
,1245,,,,10063.53125
,1246,,,,10912.5791015625
,1247,,,,9202.2607421875
,1248,,,,11639.76953125
,1249,,,,13011.1943359375
,1250,,,,9225.849609375
,1251,,,,8662.384765625
,1252,,,,15589.015625
,1253,,,,10587.3046875
,1254,,,,11249.8056640625
,1255,,,,12859.810546875
,1256,,,,11066.5810546875
,1257,,,,14627.029296875
,1258,,,,11251.6689453125
,1259,,,,12853.7548828125
,1260,,,,12962.84765625
,1261,,,,11570.56640625
,1262,,,,13139.48046875
,1263,,,,12619.072265625
,1264,,,,13508.6953125
,1265,,,,12765.4384765625
,1266,,,,8235.94921875
,1267,,,,12013.6953125
,1268,,,,9951.44140625
,1269,,,,13995.248046875
,1270,,,,12315.455078125
,1271,,,,11420.62890625
,1272,,,,11101.48046875
,1273,,,,12918.369140625
,1274,,,,10440.8671875
,1275,,,,11682.5478515625
,1276,,,,11212.939453125
,1277,,,,7925.205078125
,1278,,,,12962.5419921875
,1279,,,,11988.568359375
,1280,,,,11587.2490234375
,1281,,,,10965.40234375
,1282,,,,11063.8720703125
,1283,,,,12932.671875
,1284,,,,8478.8857421875
,1285,,,,12158.302734375
,1286,,,,9581.400390625
,1287,,,,10539.9345703125
,1288,,,,9474.12109375
,1289,,,,14671.3359375
,1290,,,,10942.623046875
,1291,,,,9737.375
,1292,,,,13569.99609375
,1293,,,,12198.6513671875
,1294,,,,11632.5
,1295,,,,12074.462890625
,1296,,,,13312.263671875
,1297,,,,11295.31640625
,1298,,,,14267.263671875
,1299,,,,9915.220703125
,1300,,,,12537.1708984375
,1301,,,,11410.669921875
20,5144,,,11561.37890625,
20,5144,11054.6328125,,,
21,5149,,9498.982421875,,
21,5199,,11760.126953125,,
21,5249,,11621.89453125,,
21,5299,,11046.85546875,,
21,5349,,15587.7373046875,,
,1302,,,,8828.3876953125
,1303,,,,9939.111328125
,1304,,,,11846.4912109375
,1305,,,,13566.794921875
,1306,,,,10151.814453125
,1307,,,,9974.046875
,1308,,,,10828.759765625
,1309,,,,9131.296875
,1310,,,,11549.5654296875
,1311,,,,12873.73828125
,1312,,,,9164.6962890625
,1313,,,,8595.26953125
,1314,,,,15456.998046875
,1315,,,,10501.70703125
,1316,,,,11159.49609375
,1317,,,,12689.314453125
,1318,,,,10980.685546875
,1319,,,,14507.83203125
,1320,,,,11170.46484375
,1321,,,,12727.3095703125
,1322,,,,12865.5361328125
,1323,,,,11490.95703125
,1324,,,,13007.396484375
,1325,,,,12526.189453125
,1326,,,,13384.599609375
,1327,,,,12644.052734375
,1328,,,,8182.4619140625
,1329,,,,11903.337890625
,1330,,,,9882.85546875
,1331,,,,13879.451171875
,1332,,,,12205.537109375
,1333,,,,11317.26953125
,1334,,,,11041.9609375
,1335,,,,12846.04296875
,1336,,,,10354.419921875
,1337,,,,11592.390625
,1338,,,,11112.6162109375
,1339,,,,7879.71142578125
,1340,,,,12846.759765625
,1341,,,,11879.2041015625
,1342,,,,11470.9296875
,1343,,,,10892.423828125
,1344,,,,10983.0068359375
,1345,,,,12818.3388671875
,1346,,,,8419.224609375
,1347,,,,12064.970703125
,1348,,,,9500.4375
,1349,,,,10452.197265625
,1350,,,,9404.7890625
,1351,,,,14514.619140625
,1352,,,,10863.8935546875
,1353,,,,9674.41796875
,1354,,,,13431.6796875
,1355,,,,12072.037109375
,1356,,,,11508.619140625
,1357,,,,11994.9072265625
,1358,,,,13175.8564453125
,1359,,,,11203.572265625
,1360,,,,14159.18359375
,1361,,,,9814.1669921875
,1362,,,,12425.638671875
,1363,,,,11331.1416015625
21,5389,,,11463.9755859375,
21,5389,11030.8212890625,,,
22,5399,,9217.724609375,,
22,5449,,10530.6591796875,,
22,5499,,10590.361328125,,
22,5549,,13191.546875,,
22,5599,,11976.1748046875,,
,1364,,,,8776.767578125
,1365,,,,9874.630859375
,1366,,,,11769.30078125
,1367,,,,13439.8759765625
,1368,,,,10095.314453125
,1369,,,,9899.19921875
,1370,,,,10747.3935546875
,1371,,,,9089.1953125
,1372,,,,11468.548828125
,1373,,,,12764.69140625
,1374,,,,9121.1328125
,1375,,,,8559.744140625
,1376,,,,15353.759765625
,1377,,,,10438.10546875
,1378,,,,11108.7890625
,1379,,,,12566.9814453125
,1380,,,,10891.138671875
,1381,,,,14413.060546875
,1382,,,,11108.30859375
,1383,,,,12657.712890625
,1384,,,,12780.162109375
,1385,,,,11445.109375
,1386,,,,12903.357421875
,1387,,,,12425.052734375
,1388,,,,13274.1591796875
,1389,,,,12530.2890625
,1390,,,,8138.35107421875
,1391,,,,11826.3671875
,1392,,,,9838.083984375
,1393,,,,13814.41796875
,1394,,,,12145.162109375
,1395,,,,11233.681640625
,1396,,,,10979.470703125
,1397,,,,12730.990234375
,1398,,,,10277.2080078125
,1399,,,,11520.322265625
,1400,,,,11068.3291015625
,1401,,,,7833.74658203125
,1402,,,,12749.552734375
,1403,,,,11788.40625
,1404,,,,11394.1376953125
,1405,,,,10837.5693359375
,1406,,,,10943.44140625
,1407,,,,12736.060546875
,1408,,,,8370.1142578125
,1409,,,,11985.0712890625
,1410,,,,9449.13671875
,1411,,,,10405.494140625
,1412,,,,9354.40625
,1413,,,,14405.130859375
,1414,,,,10793.423828125
,1415,,,,9602.033203125
,1416,,,,13356.2626953125
,1417,,,,12005.912109375
,1418,,,,11412.474609375
,1419,,,,11913.837890625
,1420,,,,13074.681640625
,1421,,,,11124.701171875
,1422,,,,14060.7998046875
,1423,,,,9753.8115234375
,1424,,,,12362.9873046875
,1425,,,,11271.720703125
22,5634,,,11389.5361328125,
22,5634,10999.2939453125,,,
23,5649,,10774.126953125,,
23,5699,,12165.8173828125,,
23,5749,,11178.6044921875,,
23,5799,,11730.96875,,
23,5849,,13216.2744140625,,
,1426,,,,8662.6083984375
,1427,,,,9760.099609375
,1428,,,,11641.044921875
,1429,,,,13267.55859375
,1430,,,,9969.427734375
,1431,,,,9814.142578125
,1432,,,,10625.59765625
,1433,,,,8981.76171875
,1434,,,,11341.3310546875
,1435,,,,12613.453125
,1436,,,,9027.9541015625
,1437,,,,8448.2392578125
,1438,,,,15200.841796875
,1439,,,,10296.82421875
,1440,,,,10997.244140625
,1441,,,,12405.765625
,1442,,,,10766.0546875
,1443,,,,14242.69921875
,1444,,,,11011.615234375
,1445,,,,12510.0400390625
,1446,,,,12671.3046875
,1447,,,,11322.4326171875
,1448,,,,12723.9814453125
,1449,,,,12283.2021484375
,1450,,,,13077.142578125
,1451,,,,12387.36328125
,1452,,,,8087.7861328125
,1453,,,,11681.59375
,1454,,,,9744.3876953125
,1455,,,,13657.55078125
,1456,,,,12021.486328125
,1457,,,,11124.275390625
,1458,,,,10869.224609375
,1459,,,,12618.048828125
,1460,,,,10167.8515625
,1461,,,,11378.017578125
,1462,,,,10922.625
,1463,,,,7770.27490234375
,1464,,,,12637.197265625
,1465,,,,11680.296875
,1466,,,,11268.2548828125
,1467,,,,10713.5703125
,1468,,,,10794.072265625
,1469,,,,12589.0791015625
,1470,,,,8294.873046875
,1471,,,,11847.2998046875
,1472,,,,9339.8837890625
,1473,,,,10274.490234375
,1474,,,,9245.451171875
,1475,,,,14268.134765625
,1476,,,,10677.9521484375
,1477,,,,9510.322265625
,1478,,,,13158.0576171875
,1479,,,,11837.732421875
,1480,,,,11240.798828125
,1481,,,,11793.9150390625
,1482,,,,12932.4765625
,1483,,,,11009.59375
,1484,,,,13913.2421875
,1485,,,,9671.7841796875
,1486,,,,12216.6494140625
,1487,,,,11163.2197265625
23,5879,,,11262.07421875,
23,5879,10953.6865234375,,,
24,5899,,10876.2578125,,
24,5949,,13015.478515625,,
24,5999,,11001.080078125,,
24,6049,,11096.5791015625,,
24,6099,,12023.056640625,,
,1488,,,,8655.619140625
,1489,,,,9741.904296875
,1490,,,,11599.6171875
,1491,,,,13205.28125
,1492,,,,9940.890625
,1493,,,,9766.7548828125
,1494,,,,10608.0322265625
,1495,,,,8969.0361328125
,1496,,,,11324.427734375
,1497,,,,12542.40625
,1498,,,,9016.974609375
,1499,,,,8448.6474609375
,1500,,,,15151.0390625
,1501,,,,10284.7822265625
,1502,,,,10994.625
,1503,,,,12306.201171875
,1504,,,,10726.537109375
,1505,,,,14215.203125
,1506,,,,11010.7236328125
,1507,,,,12467.953125
,1508,,,,12635.978515625
,1509,,,,11332.0615234375
,1510,,,,12684.6142578125
,1511,,,,12257.365234375
,1512,,,,13045.53125
,1513,,,,12343.8203125
,1514,,,,8068.27783203125
,1515,,,,11639.56640625
,1516,,,,9727.95703125
,1517,,,,13600.8232421875
,1518,,,,11988.0087890625
,1519,,,,11071.00390625
,1520,,,,10859.873046875
,1521,,,,12602.814453125
,1522,,,,10129.712890625
,1523,,,,11373.177734375
,1524,,,,10925.341796875
,1525,,,,7752.27099609375
,1526,,,,12586.0205078125
,1527,,,,11617.46875
,1528,,,,11216.5146484375
,1529,,,,10710.923828125
,1530,,,,10787.234375
,1531,,,,12542.8984375
,1532,,,,8278.6796875
,1533,,,,11810.2666015625
,1534,,,,9307.93359375
,1535,,,,10265.6640625
,1536,,,,9234.37890625
,1537,,,,14222.875
,1538,,,,10652.48046875
,1539,,,,9490.0703125
,1540,,,,13094.462890625
,1541,,,,11796.224609375
,1542,,,,11198.7822265625
,1543,,,,11774.013671875
,1544,,,,12870.044921875
,1545,,,,10970.537109375
,1546,,,,13882.255859375
,1547,,,,9622.359375
,1548,,,,12203.37890625
,1549,,,,11166.9404296875
24,6124,,,11231.7431640625,
24,6124,10930.3828125,,,
25,6149,,9686.7119140625,,
25,6199,,8353.166015625,,
25,6249,,12264.615234375,,
25,6299,,11980.658203125,,
25,6349,,10246.298828125,,
,1550,,,,8610.923828125
,1551,,,,9699.0341796875
,1552,,,,11514.974609375
,1553,,,,13117.84375
,1554,,,,9869.5634765625
,1555,,,,9711.8828125
,1556,,,,10515.8349609375
,1557,,,,8944.525390625
,1558,,,,11264.984375
,1559,,,,12471.5478515625
,1560,,,,8976.927734375
,1561,,,,8432.4267578125
,1562,,,,15049.6025390625
,1563,,,,10243.6337890625
,1564,,,,10894.923828125
,1565,,,,12238.263671875
,1566,,,,10649.9296875
,1567,,,,14102.1533203125
,1568,,,,10945.7880859375
,1569,,,,12419.869140625
,1570,,,,12540.22265625
,1571,,,,11247.8447265625
,1572,,,,12621.291015625
,1573,,,,12208.783203125
,1574,,,,12977.9580078125
,1575,,,,12253.25
,1576,,,,8009.7666015625
,1577,,,,11612.1923828125
,1578,,,,9671.880859375
,1579,,,,13511.20703125
,1580,,,,11923.08984375
,1581,,,,10978.826171875
,1582,,,,10802.283203125
,1583,,,,12533.23828125
,1584,,,,10065.119140625
,1585,,,,11303.46484375
,1586,,,,10886.611328125
,1587,,,,7748.20458984375
,1588,,,,12491.6875
,1589,,,,11534.015625
,1590,,,,11155.640625
,1591,,,,10627.1875
,1592,,,,10749.861328125
,1593,,,,12497.4765625
,1594,,,,8242.01953125
,1595,,,,11727.5234375
,1596,,,,9221.482421875
,1597,,,,10216.1953125
,1598,,,,9193.8046875
,1599,,,,14164.4521484375
,1600,,,,10592.8896484375
,1601,,,,9442.3037109375
,1602,,,,13049.9677734375
,1603,,,,11729.7421875
,1604,,,,11114.935546875
,1605,,,,11691.546875
,1606,,,,12796.5537109375
,1607,,,,10887.1845703125
,1608,,,,13784.2158203125
,1609,,,,9532.865234375
,1610,,,,12062.8779296875
,1611,,,,11094.8544921875
25,6369,,,11164.935546875,
25,6369,10895.669921875,,,
26,6399,,12466.228515625,,
26,6449,,12909.7880859375,,
26,6499,,11218.9140625,,
26,6549,,11454.486328125,,
26,6599,,10241.234375,,
,1612,,,,8473.7880859375
,1613,,,,9555.7724609375
,1614,,,,11395.283203125
,1615,,,,12940.869140625
,1616,,,,9727.435546875
,1617,,,,9603.58984375
,1618,,,,10390.646484375
,1619,,,,8816.53125
,1620,,,,11089.9326171875
,1621,,,,12281.89453125
,1622,,,,8877.0029296875
,1623,,,,8318.5830078125
,1624,,,,14865.361328125
,1625,,,,10063.7509765625
,1626,,,,10740.755859375
,1627,,,,12055.3056640625
,1628,,,,10526.35546875
,1629,,,,13967.158203125
,1630,,,,10816.2060546875
,1631,,,,12248.0673828125
,1632,,,,12436.810546875
,1633,,,,11116.1669921875
,1634,,,,12413.2529296875
,1635,,,,11987.869140625
,1636,,,,12769.2666015625
,1637,,,,12094.037109375
,1638,,,,7942.1748046875
,1639,,,,11436.6962890625
,1640,,,,9572.3857421875
,1641,,,,13372.3603515625
,1642,,,,11776.1298828125
,1643,,,,10872.984375
,1644,,,,10664.4560546875
,1645,,,,12360.265625
,1646,,,,9927.73046875
,1647,,,,11151.888671875
,1648,,,,10737.1513671875
,1649,,,,7628.7255859375
,1650,,,,12347.67578125
,1651,,,,11414.5966796875
,1652,,,,10990.3125
,1653,,,,10506.72265625
,1654,,,,10601.51953125
,1655,,,,12264.2421875
,1656,,,,8111.80029296875
,1657,,,,11585.796875
,1658,,,,9132.0673828125
,1659,,,,10093.5
,1660,,,,9087.2666015625
,1661,,,,13958.1806640625
,1662,,,,10452.01953125
,1663,,,,9287.36328125
,1664,,,,12883.169921875
,1665,,,,11549.38671875
,1666,,,,10951.1328125
,1667,,,,11550.595703125
,1668,,,,12610.7275390625
,1669,,,,10790.599609375
,1670,,,,13634.30859375
,1671,,,,9445.83203125
,1672,,,,11938.314453125
,1673,,,,10997.4912109375
26,6614,,,11019.623046875,
26,6614,10869.904296875,,,
27,6649,,10619.83984375,,
27,6699,,9649.7119140625,,
27,6749,,8280.53515625,,
27,6799,,11460.595703125,,
27,6849,,9652.5537109375,,
,1674,,,,8489.9814453125
,1675,,,,9562.0712890625
,1676,,,,11368.826171875
,1677,,,,12897.083984375
,1678,,,,9729.158203125
,1679,,,,9595.525390625
,1680,,,,10371.2880859375
,1681,,,,8817.001953125
,1682,,,,11075.73046875
,1683,,,,12255.1162109375
,1684,,,,8876.671875
,1685,,,,8335.0595703125
,1686,,,,14826.16796875
,1687,,,,10096.5537109375
,1688,,,,10742.689453125
,1689,,,,12032.15234375
,1690,,,,10510.8798828125
,1691,,,,13925.478515625
,1692,,,,10790.1806640625
,1693,,,,12210.453125
,1694,,,,12407.3798828125
,1695,,,,11092.30859375
,1696,,,,12404.388671875
,1697,,,,12032.033203125
,1698,,,,12766.3720703125
,1699,,,,12072.751953125
,1700,,,,7908.728515625
,1701,,,,11414.650390625
,1702,,,,9555.138671875
,1703,,,,13345.1044921875
,1704,,,,11778.8095703125
,1705,,,,10835.6904296875
,1706,,,,10676.3037109375
,1707,,,,12385.51953125
,1708,,,,9906.3466796875
,1709,,,,11135.7861328125
,1710,,,,10736.6201171875
,1711,,,,7608.82470703125
,1712,,,,12302.689453125
,1713,,,,11370.892578125
,1714,,,,10967.404296875
,1715,,,,10518.09375
,1716,,,,10588.060546875
,1717,,,,12266.0390625
,1718,,,,8118.2158203125
,1719,,,,11588.765625
,1720,,,,9088.5361328125
,1721,,,,10088.4345703125
,1722,,,,9089.193359375
,1723,,,,13922.0390625
,1724,,,,10444.166015625
,1725,,,,9288.298828125
,1726,,,,12845.21484375
,1727,,,,11555.578125
,1728,,,,10915.333984375
,1729,,,,11519.087890625
,1730,,,,12574.619140625
,1731,,,,10740.033203125
,1732,,,,13599.6953125
,1733,,,,9414.359375
,1734,,,,11895.05859375
,1735,,,,10978.0107421875
27,6859,,,11004.3427734375,
27,6859,10833.3994140625,,,
28,6899,,8905.31640625,,
28,6949,,9690.544921875,,
28,6999,,11993.6650390625,,
28,7049,,11601.63671875,,
28,7099,,9642.9306640625,,
,1736,,,,8461.94921875
,1737,,,,9559.796875
,1738,,,,11296.890625
,1739,,,,12886.1015625
,1740,,,,9674.4189453125
,1741,,,,9533.48046875
,1742,,,,10356.19140625
,1743,,,,8747.818359375
,1744,,,,11045.1962890625
,1745,,,,12204.8828125
,1746,,,,8823.640625
,1747,,,,8244.802734375
,1748,,,,14794.5234375
,1749,,,,10006.16015625
,1750,,,,10736.18359375
,1751,,,,11940.380859375
,1752,,,,10419.0263671875
,1753,,,,13853.5234375
,1754,,,,10780.6875
,1755,,,,12167.591796875
,1756,,,,12417.80859375
,1757,,,,11111.779296875
,1758,,,,12338.923828125
,1759,,,,11896.578125
,1760,,,,12674.591796875
,1761,,,,12033.966796875
,1762,,,,7974.958984375
,1763,,,,11369.978515625
,1764,,,,9506.0908203125
,1765,,,,13258.97265625
,1766,,,,11746.263671875
,1767,,,,10827.673828125
,1768,,,,10637.56640625
,1769,,,,12277.255859375
,1770,,,,9866.734375
,1771,,,,11082.3759765625
,1772,,,,10687.6484375
,1773,,,,7601.71630859375
,1774,,,,12305.2392578125
,1775,,,,11350.40234375
,1776,,,,10902.9013671875
,1777,,,,10513.4091796875
,1778,,,,10538.365234375
,1779,,,,12193.248046875
,1780,,,,8064.21142578125
,1781,,,,11533.068359375
,1782,,,,9124.6591796875
,1783,,,,10049.28125
,1784,,,,9044.8427734375
,1785,,,,13845.767578125
,1786,,,,10415.21875
,1787,,,,9242.35546875
,1788,,,,12720.7919921875
,1789,,,,11485.052734375
,1790,,,,10877.107421875
,1791,,,,11519.373046875
,1792,,,,12499.6494140625
,1793,,,,10720.3525390625
,1794,,,,13570.2666015625
,1795,,,,9399.6005859375
,1796,,,,11915.640625
,1797,,,,11031.82421875
28,7104,,,10962.134765625,
28,7104,10815.4658203125,,,
29,7149,,9047.970703125,,
29,7199,,12117.701171875,,
29,7249,,11302.052734375,,
29,7299,,11031.1953125,,
29,7349,,11531.55078125,,
,1798,,,,8420.826171875
,1799,,,,9493.6875
,1800,,,,11249.435546875
,1801,,,,12786.693359375
,1802,,,,9648.1923828125
,1803,,,,9508.5595703125
,1804,,,,10289.34375
,1805,,,,8732.796875
,1806,,,,10972.77734375
,1807,,,,12126.4765625
,1808,,,,8822.197265625
,1809,,,,8241.451171875
,1810,,,,14720.3916015625
,1811,,,,9998.484375
,1812,,,,10702.6484375
,1813,,,,11879.435546875
,1814,,,,10383.439453125
,1815,,,,13834.529296875
,1816,,,,10733.5166015625
,1817,,,,12096.791015625
,1818,,,,12337.8916015625
,1819,,,,11040.8486328125
,1820,,,,12257.50390625
,1821,,,,11888.1748046875
,1822,,,,12641.2470703125
,1823,,,,11970.87109375
,1824,,,,7924.619140625
,1825,,,,11315.5263671875
,1826,,,,9492.31640625
,1827,,,,13219.751953125
,1828,,,,11698.603515625
,1829,,,,10774.189453125
,1830,,,,10587.1904296875
,1831,,,,12274.8564453125
,1832,,,,9836.2099609375
,1833,,,,11054.7548828125
,1834,,,,10646.025390625
,1835,,,,7568.01953125
,1836,,,,12254.91015625
,1837,,,,11303.37109375
,1838,,,,10869.615234375
,1839,,,,10468.96484375
,1840,,,,10517.44140625
,1841,,,,12144.861328125
,1842,,,,8046.966796875
,1843,,,,11492.2705078125
,1844,,,,9049.98828125
,1845,,,,10015.82421875
,1846,,,,9018.37109375
,1847,,,,13780.4873046875
,1848,,,,10372.771484375
,1849,,,,9204.0361328125
,1850,,,,12718.326171875
,1851,,,,11456.8369140625
,1852,,,,10833.123046875
,1853,,,,11460.326171875
,1854,,,,12449.38671875
,1855,,,,10680.96484375
,1856,,,,13500.4267578125
,1857,,,,9352.6982421875
,1858,,,,11841.482421875
,1859,,,,10918.953125
29,7349,,,10918.095703125,
29,7349,10788.470703125,,,
30,7399,,10569.412109375,,
30,7449,,10695.642578125,,
30,7499,,11718.4453125,,
30,7549,,14789.498046875,,
,1860,,,,8340.8037109375
,1861,,,,9431.857421875
,1862,,,,11174.3583984375
,1863,,,,12697.970703125
,1864,,,,9534.0595703125
,1865,,,,9440.84765625
,1866,,,,10203.923828125
,1867,,,,8654.0458984375
,1868,,,,10854.275390625
,1869,,,,12021.65234375
,1870,,,,8754.0283203125
,1871,,,,8199.087890625
,1872,,,,14571.3349609375
,1873,,,,9914.5185546875
,1874,,,,10564.646484375
,1875,,,,11777.822265625
,1876,,,,10283.6494140625
,1877,,,,13729.8427734375
,1878,,,,10618.52734375
,1879,,,,12027.875
,1880,,,,12218.384765625
,1881,,,,10930.0419921875
,1882,,,,12173.482421875
,1883,,,,11822.728515625
,1884,,,,12561.197265625
,1885,,,,11827.0888671875
,1886,,,,7834.6416015625
,1887,,,,11240.1640625
,1888,,,,9399.400390625
,1889,,,,13130.06640625
,1890,,,,11582.138671875
,1891,,,,10651.8427734375
,1892,,,,10500.84375
,1893,,,,12152.025390625
,1894,,,,9732.8046875
,1895,,,,10954.3544921875
,1896,,,,10582.78125
,1897,,,,7512.85595703125
,1898,,,,12139.8671875
,1899,,,,11181.75
,1900,,,,10767.609375
,1901,,,,10359.263671875
,1902,,,,10436.83984375
,1903,,,,12047.712890625
,1904,,,,7976.8232421875
,1905,,,,11371.65234375
,1906,,,,8923.8505859375
,1907,,,,9917.880859375
,1908,,,,8943.119140625
,1909,,,,13677.9921875
,1910,,,,10241.0078125
,1911,,,,9131.37890625
,1912,,,,12638.009765625
,1913,,,,11353.0341796875
,1914,,,,10720.78125
,1915,,,,11304.7578125
,1916,,,,12311.787109375
,1917,,,,10561.12890625
,1918,,,,13396.3994140625
,1919,,,,9247.078125
,1920,,,,11700.494140625
,1921,,,,10845.5126953125
30,7594,,,10818.984375,
30,7594,10756.4111328125,,,
31,7599,,9715.978515625,,
31,7649,,9813.47265625,,
31,7699,,12619.154296875,,
31,7749,,8930.322265625,,
31,7799,,9332.078125,,
,1922,,,,8312.5068359375
,1923,,,,9397.171875
,1924,,,,11162.716796875
,1925,,,,12653.5380859375
,1926,,,,9538.8662109375
,1927,,,,9433.513671875
,1928,,,,10190.12109375
,1929,,,,8644.3203125
,1930,,,,10834.05078125
,1931,,,,11996.04296875
,1932,,,,8753.111328125
,1933,,,,8174.736328125
,1934,,,,14537.111328125
,1935,,,,9887.650390625
,1936,,,,10562.2333984375
,1937,,,,11758.5908203125
,1938,,,,10276.162109375
,1939,,,,13683.689453125
,1940,,,,10601.484375
,1941,,,,12008.9345703125
,1942,,,,12214.4208984375
,1943,,,,10911.015625
,1944,,,,12145.9931640625
,1945,,,,11801.2607421875
,1946,,,,12525.5966796875
,1947,,,,11820.8046875
,1948,,,,7817.7001953125
,1949,,,,11200.76171875
,1950,,,,9391.376953125
,1951,,,,13091.54296875
,1952,,,,11574.0
,1953,,,,10631.2578125
,1954,,,,10478.501953125
,1955,,,,12143.595703125
,1956,,,,9722.826171875
,1957,,,,10939.259765625
,1958,,,,10559.5830078125
,1959,,,,7461.3173828125
,1960,,,,12101.736328125
,1961,,,,11159.294921875
,1962,,,,10767.87109375
,1963,,,,10358.6318359375
,1964,,,,10414.376953125
,1965,,,,12019.267578125
,1966,,,,7975.2060546875
,1967,,,,11334.333984375
,1968,,,,8915.0712890625
,1969,,,,9901.5615234375
,1970,,,,8924.0673828125
,1971,,,,13668.978515625
,1972,,,,10208.607421875
,1973,,,,9116.26953125
,1974,,,,12595.4990234375
,1975,,,,11345.9638671875
,1976,,,,10680.4765625
,1977,,,,11281.19140625
,1978,,,,12301.1796875
,1979,,,,10542.263671875
,1980,,,,13362.375
,1981,,,,9237.0361328125
,1982,,,,11661.947265625
,1983,,,,10858.0068359375
31,7839,,,10798.74609375,
31,7839,10725.3251953125,,,
32,7849,,11198.0859375,,
32,7899,,10562.3564453125,,
32,7949,,11678.564453125,,
32,7999,,11589.146484375,,
32,8049,,11772.701171875,,
,1984,,,,8263.4521484375
,1985,,,,9339.287109375
,1986,,,,11106.630859375
,1987,,,,12602.158203125
,1988,,,,9492.8173828125
,1989,,,,9386.6328125
,1990,,,,10152.796875
,1991,,,,8583.205078125
,1992,,,,10789.744140625
,1993,,,,11933.673828125
,1994,,,,8709.4453125
,1995,,,,8105.8486328125
,1996,,,,14488.6904296875
,1997,,,,9822.984375
,1998,,,,10546.2978515625
,1999,,,,11652.3505859375
,2000,,,,10218.376953125
,2001,,,,13624.6484375
,2002,,,,10565.1025390625
,2003,,,,11933.375
,2004,,,,12182.2265625
,2005,,,,10869.939453125
,2006,,,,12068.330078125
,2007,,,,11718.7041015625
,2008,,,,12446.1162109375
,2009,,,,11782.5126953125
,2010,,,,7815.02587890625
,2011,,,,11130.962890625
,2012,,,,9351.224609375
,2013,,,,13016.0537109375
,2014,,,,11526.5009765625
,2015,,,,10579.8154296875
,2016,,,,10438.685546875
,2017,,,,12107.216796875
,2018,,,,9687.8193359375
,2019,,,,10849.6494140625
,2020,,,,10483.1171875
,2021,,,,7417.06396484375
,2022,,,,12083.07421875
,2023,,,,11123.14453125
,2024,,,,10679.779296875
,2025,,,,10301.146484375
,2026,,,,10344.2978515625
,2027,,,,11936.2421875
,2028,,,,7927.0751953125
,2029,,,,11317.12109375
,2030,,,,8875.9287109375
,2031,,,,9859.74609375
,2032,,,,8879.80078125
,2033,,,,13572.7109375
,2034,,,,10169.828125
,2035,,,,9072.169921875
,2036,,,,12474.4931640625
,2037,,,,11255.1650390625
,2038,,,,10627.30859375
,2039,,,,11255.7333984375
,2040,,,,12215.4296875
,2041,,,,10506.2880859375
,2042,,,,13305.365234375
,2043,,,,9202.53515625
,2044,,,,11634.6708984375
,2045,,,,10807.640625
32,8084,,,10744.615234375,
32,8084,10700.5517578125,,,
33,8099,,9325.7685546875,,
33,8149,,11438.7158203125,,
33,8199,,12923.009765625,,
33,8249,,8629.0615234375,,
33,8299,,7934.509765625,,
,2046,,,,8267.310546875
,2047,,,,9347.521484375
,2048,,,,11084.595703125
,2049,,,,12592.48828125
,2050,,,,9466.5556640625
,2051,,,,9373.62890625
,2052,,,,10122.337890625
,2053,,,,8581.552734375
,2054,,,,10767.0419921875
,2055,,,,11936.4296875
,2056,,,,8689.0009765625
,2057,,,,8125.13134765625
,2058,,,,14464.0
,2059,,,,9822.296875
,2060,,,,10538.234375
,2061,,,,11616.5068359375
,2062,,,,10183.5908203125
,2063,,,,13605.787109375
,2064,,,,10560.1982421875
,2065,,,,11938.26953125
,2066,,,,12140.80859375
,2067,,,,10850.357421875
,2068,,,,12086.044921875
,2069,,,,11732.3427734375
,2070,,,,12436.673828125
,2071,,,,11741.712890625
,2072,,,,7798.01416015625
,2073,,,,11154.873046875
,2074,,,,9319.369140625
,2075,,,,13000.4404296875
,2076,,,,11517.0107421875
,2077,,,,10537.888671875
,2078,,,,10420.841796875
,2079,,,,12053.099609375
,2080,,,,9642.919921875
,2081,,,,10850.919921875
,2082,,,,10493.505859375
,2083,,,,7443.15185546875
,2084,,,,12059.9453125
,2085,,,,11084.08984375
,2086,,,,10666.08984375
,2087,,,,10272.03125
,2088,,,,10338.052734375
,2089,,,,11942.765625
,2090,,,,7905.171875
,2091,,,,11280.2099609375
,2092,,,,8842.8955078125
,2093,,,,9849.83203125
,2094,,,,8867.71875
,2095,,,,13580.4833984375
,2096,,,,10171.41796875
,2097,,,,9100.9716796875
,2098,,,,12474.322265625
,2099,,,,11249.439453125
,2100,,,,10626.3212890625
,2101,,,,11220.2177734375
,2102,,,,12189.21484375
,2103,,,,10455.55859375
,2104,,,,13266.814453125
,2105,,,,9162.02734375
,2106,,,,11601.134765625
,2107,,,,10778.0224609375
33,8329,,,10729.830078125,
33,8329,10678.5185546875,,,
34,8349,,10094.794921875,,
34,8399,,12219.015625,,
34,8449,,10803.33203125,,
34,8499,,9349.5810546875,,
34,8549,,11735.51953125,,
,2108,,,,8208.025390625
,2109,,,,9253.90625
,2110,,,,10977.83984375
,2111,,,,12471.611328125
,2112,,,,9394.107421875
,2113,,,,9280.23828125
,2114,,,,10020.26171875
,2115,,,,8482.4892578125
,2116,,,,10660.94921875
,2117,,,,11809.63671875
,2118,,,,8610.166015625
,2119,,,,8032.54345703125
,2120,,,,14381.3564453125
,2121,,,,9722.966796875
,2122,,,,10441.0166015625
,2123,,,,11500.73828125
,2124,,,,10108.642578125
,2125,,,,13521.826171875
,2126,,,,10466.48046875
,2127,,,,11795.068359375
,2128,,,,12045.638671875
,2129,,,,10738.037109375
,2130,,,,11935.537109375
,2131,,,,11613.115234375
,2132,,,,12317.86328125
,2133,,,,11675.431640625
,2134,,,,7700.5
,2135,,,,11021.75390625
,2136,,,,9271.1455078125
,2137,,,,12912.453125
,2138,,,,11437.0029296875
,2139,,,,10486.47265625
,2140,,,,10327.544921875
,2141,,,,11995.685546875
,2142,,,,9568.73828125
,2143,,,,10747.95703125
,2144,,,,10381.6103515625
,2145,,,,7348.8876953125
,2146,,,,11965.255859375
,2147,,,,11004.599609375
,2148,,,,10557.77734375
,2149,,,,10187.0478515625
,2150,,,,10217.1865234375
,2151,,,,11810.033203125
,2152,,,,7806.595703125
,2153,,,,11196.814453125
,2154,,,,8768.6533203125
,2155,,,,9751.6865234375
,2156,,,,8791.49609375
,2157,,,,13471.04296875
,2158,,,,10093.1181640625
,2159,,,,8977.67578125
,2160,,,,12356.1142578125
,2161,,,,11166.498046875
,2162,,,,10541.234375
,2163,,,,11164.560546875
,2164,,,,12126.95703125
,2165,,,,10353.4580078125
,2166,,,,13132.416015625
,2167,,,,9114.919921875
,2168,,,,11519.619140625
,2169,,,,10686.4052734375
34,8574,,,10635.2666015625,
34,8574,10650.83203125,,,
35,8599,,10629.3486328125,,
35,8649,,13282.68359375,,
35,8699,,12040.927734375,,
35,8749,,8671.88671875,,
35,8799,,10736.19140625,,
,2170,,,,8148.7880859375
,2171,,,,9214.5302734375
,2172,,,,10934.193359375
,2173,,,,12437.1484375
,2174,,,,9343.94921875
,2175,,,,9233.775390625
,2176,,,,10001.1357421875
,2177,,,,8426.0419921875
,2178,,,,10640.6005859375
,2179,,,,11761.06640625
,2180,,,,8586.494140625
,2181,,,,7976.3623046875
,2182,,,,14303.0947265625
,2183,,,,9681.00390625
,2184,,,,10403.58203125
,2185,,,,11466.060546875
,2186,,,,10052.4521484375
,2187,,,,13441.015625
,2188,,,,10430.5224609375
,2189,,,,11785.552734375
,2190,,,,12028.482421875
,2191,,,,10716.40234375
,2192,,,,11904.8203125
,2193,,,,11548.34375
,2194,,,,12264.814453125
,2195,,,,11597.0908203125
,2196,,,,7696.80517578125
,2197,,,,10987.01171875
,2198,,,,9223.0068359375
,2199,,,,12837.6630859375
,2200,,,,11374.529296875
,2201,,,,10429.841796875
,2202,,,,10276.8046875
,2203,,,,11906.9130859375
,2204,,,,9536.51171875
,2205,,,,10700.33203125
,2206,,,,10339.35546875
,2207,,,,7335.0
,2208,,,,11944.3369140625
,2209,,,,10985.662109375
,2210,,,,10514.80859375
,2211,,,,10160.4990234375
,2212,,,,10180.5732421875
,2213,,,,11762.5234375
,2214,,,,7764.2314453125
,2215,,,,11171.0078125
,2216,,,,8724.373046875
,2217,,,,9711.3408203125
,2218,,,,8759.892578125
,2219,,,,13414.806640625
,2220,,,,10046.3486328125
,2221,,,,8935.1650390625
,2222,,,,12285.49609375
,2223,,,,11093.111328125
,2224,,,,10485.6640625
,2225,,,,11109.24609375
,2226,,,,12025.64453125
,2227,,,,10328.330078125
,2228,,,,13105.1484375
,2229,,,,9066.11328125
,2230,,,,11499.509765625
,2231,,,,10677.64453125
35,8819,,,10591.2109375,
35,8819,10628.048828125,,,
36,8849,,10337.6396484375,,
36,8899,,10801.2568359375,,
36,8949,,10189.3125,,
36,8999,,9577.5751953125,,
36,9049,,10634.3115234375,,
,2232,,,,8177.0595703125
,2233,,,,9242.275390625
,2234,,,,10973.291015625
,2235,,,,12447.73046875
,2236,,,,9364.8525390625
,2237,,,,9246.583984375
,2238,,,,10018.00390625
,2239,,,,8455.8681640625
,2240,,,,10652.92578125
,2241,,,,11786.2587890625
,2242,,,,8608.033203125
,2243,,,,8014.21630859375
,2244,,,,14304.689453125
,2245,,,,9711.197265625
,2246,,,,10411.4326171875
,2247,,,,11485.140625
,2248,,,,10089.072265625
,2249,,,,13463.9853515625
,2250,,,,10439.9638671875
,2251,,,,11811.3427734375
,2252,,,,12054.998046875
,2253,,,,10742.9072265625
,2254,,,,11920.4921875
,2255,,,,11568.646484375
,2256,,,,12284.2421875
,2257,,,,11630.361328125
,2258,,,,7708.712890625
,2259,,,,11014.962890625
,2260,,,,9244.572265625
,2261,,,,12858.435546875
,2262,,,,11415.763671875
,2263,,,,10460.5712890625
,2264,,,,10302.8984375
,2265,,,,11927.48046875
,2266,,,,9547.7333984375
,2267,,,,10736.46875
,2268,,,,10387.611328125
,2269,,,,7369.93896484375
,2270,,,,11916.90234375
,2271,,,,10978.35546875
,2272,,,,10520.349609375
,2273,,,,10179.244140625
,2274,,,,10217.80859375
,2275,,,,11753.412109375
,2276,,,,7799.36572265625
,2277,,,,11184.111328125
,2278,,,,8768.66015625
,2279,,,,9729.666015625
,2280,,,,8776.59375
,2281,,,,13444.8203125
,2282,,,,10050.34375
,2283,,,,8951.341796875
,2284,,,,12306.923828125
,2285,,,,11135.8720703125
,2286,,,,10500.9619140625
,2287,,,,11117.541015625
,2288,,,,12056.0234375
,2289,,,,10341.771484375
,2290,,,,13138.484375
,2291,,,,9077.291015625
,2292,,,,11478.5322265625
,2293,,,,10727.0341796875
36,9064,,,10611.97265625,
36,9064,10606.064453125,,,
37,9099,,9365.142578125,,
37,9149,,14692.755859375,,
37,9199,,11030.626953125,,
37,9249,,9390.3115234375,,
37,9299,,11315.8857421875,,
,2294,,,,8142.4033203125
,2295,,,,9209.0078125
,2296,,,,10871.7412109375
,2297,,,,12374.671875
,2298,,,,9309.859375
,2299,,,,9180.5576171875
,2300,,,,9928.5546875
,2301,,,,8357.38671875
,2302,,,,10577.4833984375
,2303,,,,11729.13671875
,2304,,,,8527.7607421875
,2305,,,,7912.9365234375
,2306,,,,14240.037109375
,2307,,,,9625.080078125
,2308,,,,10334.546875
,2309,,,,11389.154296875
,2310,,,,10033.466796875
,2311,,,,13370.1953125
,2312,,,,10362.5673828125
,2313,,,,11693.06640625
,2314,,,,11989.5849609375
,2315,,,,10638.373046875
,2316,,,,11801.185546875
,2317,,,,11462.3056640625
,2318,,,,12202.7041015625
,2319,,,,11592.69140625
,2320,,,,7653.2802734375
,2321,,,,10941.9560546875
,2322,,,,9187.1650390625
,2323,,,,12771.6943359375
,2324,,,,11332.9619140625
,2325,,,,10426.85546875
,2326,,,,10249.2939453125
,2327,,,,11911.80859375
,2328,,,,9492.0263671875
,2329,,,,10626.146484375
,2330,,,,10276.8564453125
,2331,,,,7292.3740234375
,2332,,,,11855.595703125
,2333,,,,10904.3359375
,2334,,,,10443.44140625
,2335,,,,10073.7431640625
,2336,,,,10094.076171875
,2337,,,,11662.5078125
,2338,,,,7714.83203125
,2339,,,,11154.1064453125
,2340,,,,8710.25390625
,2341,,,,9652.49609375
,2342,,,,8688.8837890625
,2343,,,,13359.3642578125
,2344,,,,10012.3564453125
,2345,,,,8903.5166015625
,2346,,,,12197.9619140625
,2347,,,,11069.578125
,2348,,,,10465.87890625
,2349,,,,11060.423828125
,2350,,,,11988.88671875
,2351,,,,10274.357421875
,2352,,,,13019.5634765625
,2353,,,,9023.291015625
,2354,,,,11396.4619140625
,2355,,,,10651.416015625
37,9309,,,10537.208984375,
37,9309,10576.7392578125,,,
38,9349,,10620.44921875,,
38,9399,,12268.498046875,,
38,9449,,9221.185546875,,
38,9499,,11740.20703125,,
38,9549,,9162.171875,,
,2356,,,,8150.826171875
,2357,,,,9206.22265625
,2358,,,,10904.21484375
,2359,,,,12402.3935546875
,2360,,,,9325.912109375
,2361,,,,9201.275390625
,2362,,,,9973.662109375
,2363,,,,8424.865234375
,2364,,,,10605.79296875
,2365,,,,11741.5390625
,2366,,,,8591.802734375
,2367,,,,7981.0185546875
,2368,,,,14253.2158203125
,2369,,,,9722.990234375
,2370,,,,10367.646484375
,2371,,,,11462.3916015625
,2372,,,,10012.35546875
,2373,,,,13439.78515625
,2374,,,,10410.1240234375
,2375,,,,11747.828125
,2376,,,,11993.998046875
,2377,,,,10702.17578125
,2378,,,,11890.39453125
,2379,,,,11545.1962890625
,2380,,,,12273.587890625
,2381,,,,11567.013671875
,2382,,,,7649.759765625
,2383,,,,10985.1650390625
,2384,,,,9193.4814453125
,2385,,,,12826.12109375
,2386,,,,11342.6240234375
,2387,,,,10390.7734375
,2388,,,,10255.9306640625
,2389,,,,11874.0546875
,2390,,,,9514.7822265625
,2391,,,,10696.705078125
,2392,,,,10366.7236328125
,2393,,,,7325.58154296875
,2394,,,,11891.29296875
,2395,,,,10926.2939453125
,2396,,,,10481.3740234375
,2397,,,,10114.2109375
,2398,,,,10202.462890625
,2399,,,,11756.322265625
,2400,,,,7751.9326171875
,2401,,,,11133.533203125
,2402,,,,8679.484375
,2403,,,,9714.236328125
,2404,,,,8760.3408203125
,2405,,,,13378.0859375
,2406,,,,10004.4189453125
,2407,,,,8930.3720703125
,2408,,,,12319.7333984375
,2409,,,,11106.984375
,2410,,,,10450.513671875
,2411,,,,11035.748046875
,2412,,,,11995.22265625
,2413,,,,10300.5185546875
,2414,,,,13089.076171875
,2415,,,,9004.767578125
,2416,,,,11438.7109375
,2417,,,,10660.310546875
38,9554,,,10570.5771484375,
38,9554,10559.60546875,,,
39,9599,,10078.3466796875,,
39,9649,,11650.693359375,,
39,9699,,9521.0458984375,,
39,9749,,8721.30078125,,
39,9799,,11676.4814453125,,
,2418,,,,8135.923828125
,2419,,,,9189.296875
,2420,,,,10904.65234375
,2421,,,,12374.03125
,2422,,,,9338.919921875
,2423,,,,9194.65625
,2424,,,,9971.568359375
,2425,,,,8395.3671875
,2426,,,,10608.7607421875
,2427,,,,11726.947265625
,2428,,,,8563.751953125
,2429,,,,7955.3671875
,2430,,,,14245.70703125
,2431,,,,9671.60546875
,2432,,,,10379.39453125
,2433,,,,11433.0810546875
,2434,,,,9992.0546875
,2435,,,,13410.990234375
,2436,,,,10407.9677734375
,2437,,,,11720.830078125
,2438,,,,11998.2841796875
,2439,,,,10669.529296875
,2440,,,,11858.48828125
,2441,,,,11507.845703125
,2442,,,,12203.814453125
,2443,,,,11601.1435546875
,2444,,,,7660.7646484375
,2445,,,,10947.3203125
,2446,,,,9191.1904296875
,2447,,,,12791.29296875
,2448,,,,11348.7265625
,2449,,,,10399.5439453125
,2450,,,,10213.9072265625
,2451,,,,11890.490234375
,2452,,,,9482.2001953125
,2453,,,,10699.7001953125
,2454,,,,10332.3330078125
,2455,,,,7307.06982421875
,2456,,,,11888.83203125
,2457,,,,10912.505859375
,2458,,,,10463.32421875
,2459,,,,10125.84765625
,2460,,,,10168.849609375
,2461,,,,11705.404296875
,2462,,,,7730.916015625
,2463,,,,11131.4189453125
,2464,,,,8707.8671875
,2465,,,,9685.68359375
,2466,,,,8726.53125
,2467,,,,13364.716796875
,2468,,,,9995.2939453125
,2469,,,,8898.56640625
,2470,,,,12258.349609375
,2471,,,,11083.0390625
,2472,,,,10441.1796875
,2473,,,,11074.626953125
,2474,,,,12001.9052734375
,2475,,,,10292.01953125
,2476,,,,13050.3828125
,2477,,,,9042.3447265625
,2478,,,,11434.9072265625
,2479,,,,10673.970703125
39,9799,,,10556.3076171875,
39,9799,10534.927734375,,,
40,9849,,9666.126953125,,
40,9899,,7465.67236328125,,
40,9949,,10047.3837890625,,
40,9999,,10039.3740234375,,
,2480,,,,8080.0048828125
,2481,,,,9135.365234375
,2482,,,,10857.78125
,2483,,,,12311.560546875
,2484,,,,9273.4501953125
,2485,,,,9153.203125
,2486,,,,9893.642578125
,2487,,,,8353.296875
,2488,,,,10524.9677734375
,2489,,,,11661.234375
,2490,,,,8500.73046875
,2491,,,,7929.599609375
,2492,,,,14139.05859375
,2493,,,,9611.392578125
,2494,,,,10293.61328125
,2495,,,,11383.3955078125
,2496,,,,9958.1904296875
,2497,,,,13340.5400390625
,2498,,,,10325.7646484375
,2499,,,,11682.734375
,2500,,,,11900.7783203125
,2501,,,,10585.427734375
,2502,,,,11792.9482421875
,2503,,,,11464.6328125
,2504,,,,12147.2265625
,2505,,,,11502.49609375
,2506,,,,7597.8154296875
,2507,,,,10870.9677734375
,2508,,,,9128.8359375
,2509,,,,12735.23828125
,2510,,,,11238.947265625
,2511,,,,10337.197265625
,2512,,,,10163.984375
,2513,,,,11804.0029296875
,2514,,,,9412.81640625
,2515,,,,10586.23828125
,2516,,,,10264.0810546875
,2517,,,,7246.9921875
,2518,,,,11817.875
,2519,,,,10851.8017578125
,2520,,,,10410.16796875
,2521,,,,10021.220703125
,2522,,,,10098.537109375
,2523,,,,11642.0380859375
,2524,,,,7676.0205078125
,2525,,,,11054.4296875
,2526,,,,8613.109375
,2527,,,,9626.4384765625
,2528,,,,8673.166015625
,2529,,,,13287.3095703125
,2530,,,,9930.1376953125
,2531,,,,8836.822265625
,2532,,,,12205.0859375
,2533,,,,11001.470703125
,2534,,,,10357.5703125
,2535,,,,10945.404296875
,2536,,,,11875.4462890625
,2537,,,,10209.48046875
,2538,,,,12954.9697265625
,2539,,,,8977.62890625
,2540,,,,11370.1904296875
,2541,,,,10629.404296875
40,10044,,,10486.1943359375,
40,10044,10510.03515625,,,
41,10049,,11424.173828125,,
41,10099,,9696.482421875,,
41,10149,,10417.37109375,,
41,10199,,11094.4130859375,,
41,10249,,10929.1005859375,,
,2542,,,,8136.43798828125
,2543,,,,9206.08984375
,2544,,,,10832.2294921875
,2545,,,,12336.2578125
,2546,,,,9301.720703125
,2547,,,,9136.8740234375
,2548,,,,9892.5859375
,2549,,,,8381.1494140625
,2550,,,,10566.4990234375
,2551,,,,11725.666015625
,2552,,,,8489.83203125
,2553,,,,7920.3525390625
,2554,,,,14199.298828125
,2555,,,,9614.095703125
,2556,,,,10342.82421875
,2557,,,,11375.306640625
,2558,,,,9991.6689453125
,2559,,,,13308.6357421875
,2560,,,,10365.96875
,2561,,,,11668.482421875
,2562,,,,11958.703125
,2563,,,,10599.439453125
,2564,,,,11777.001953125
,2565,,,,11478.9248046875
,2566,,,,12153.30859375
,2567,,,,11579.103515625
,2568,,,,7641.876953125
,2569,,,,10909.65625
,2570,,,,9172.791015625
,2571,,,,12730.8857421875
,2572,,,,11314.1767578125
,2573,,,,10399.919921875
,2574,,,,10202.0546875
,2575,,,,11863.8623046875
,2576,,,,9448.865234375
,2577,,,,10594.8046875
,2578,,,,10275.3779296875
,2579,,,,7265.89892578125
,2580,,,,11842.998046875
,2581,,,,10868.412109375
,2582,,,,10410.1787109375
,2583,,,,10043.3203125
,2584,,,,10093.794921875
,2585,,,,11623.1396484375
,2586,,,,7688.2470703125
,2587,,,,11107.5380859375
,2588,,,,8677.1875
,2589,,,,9657.28125
,2590,,,,8680.041015625
,2591,,,,13333.982421875
,2592,,,,9987.5390625
,2593,,,,8871.390625
,2594,,,,12183.642578125
,2595,,,,11050.0556640625
,2596,,,,10435.90234375
,2597,,,,11024.404296875
,2598,,,,11916.21484375
,2599,,,,10252.7265625
,2600,,,,12974.9921875
,2601,,,,8998.80859375
,2602,,,,11375.958984375
,2603,,,,10624.18359375
41,10289,,,10512.796875,
41,10289,10492.251953125,,,
42,10299,,11838.87109375,,
42,10349,,9521.3359375,,
42,10399,,7492.564453125,,
42,10449,,13203.7646484375,,
42,10499,,12685.076171875,,
,2604,,,,8106.85693359375
,2605,,,,9190.095703125
,2606,,,,10872.16015625
,2607,,,,12328.21484375
,2608,,,,9246.671875
,2609,,,,9164.546875
,2610,,,,9911.548828125
,2611,,,,8378.5859375
,2612,,,,10557.615234375
,2613,,,,11699.587890625
,2614,,,,8529.578125
,2615,,,,7946.3466796875
,2616,,,,14189.2333984375
,2617,,,,9621.6416015625
,2618,,,,10291.9296875
,2619,,,,11376.10546875
,2620,,,,9975.8193359375
,2621,,,,13340.177734375
,2622,,,,10346.064453125
,2623,,,,11686.677734375
,2624,,,,11937.162109375
,2625,,,,10610.94140625
,2626,,,,11787.47265625
,2627,,,,11476.49609375
,2628,,,,12144.78125
,2629,,,,11548.9931640625
,2630,,,,7643.46826171875
,2631,,,,10888.900390625
,2632,,,,9172.3017578125
,2633,,,,12727.80859375
,2634,,,,11289.8984375
,2635,,,,10354.3291015625
,2636,,,,10185.5419921875
,2637,,,,11837.0947265625
,2638,,,,9446.2734375
,2639,,,,10632.857421875
,2640,,,,10299.09375
,2641,,,,7276.5185546875
,2642,,,,11833.73828125
,2643,,,,10851.7958984375
,2644,,,,10398.388671875
,2645,,,,10048.107421875
,2646,,,,10146.37890625
,2647,,,,11628.2646484375
,2648,,,,7706.9443359375
,2649,,,,11077.865234375
,2650,,,,8668.6484375
,2651,,,,9663.03515625
,2652,,,,8683.77734375
,2653,,,,13324.38671875
,2654,,,,9929.3212890625
,2655,,,,8851.3779296875
,2656,,,,12234.80078125
,2657,,,,11024.775390625
,2658,,,,10379.6708984375
,2659,,,,11002.626953125
,2660,,,,11910.19921875
,2661,,,,10267.203125
,2662,,,,12993.8916015625
,2663,,,,8985.9697265625
,2664,,,,11378.8076171875
,2665,,,,10627.419921875
42,10534,,,10508.7763671875,
42,10534,10466.9033203125,,,
43,10549,,10844.802734375,,
43,10599,,10504.525390625,,
43,10649,,8974.474609375,,
43,10699,,9554.0859375,,
43,10749,,12174.8818359375,,
,2666,,,,8073.2412109375
,2667,,,,9144.009765625
,2668,,,,10818.30859375
,2669,,,,12294.06640625
,2670,,,,9213.689453125
,2671,,,,9136.162109375
,2672,,,,9866.2958984375
,2673,,,,8343.0810546875
,2674,,,,10518.8515625
,2675,,,,11653.638671875
,2676,,,,8491.70703125
,2677,,,,7888.83154296875
,2678,,,,14145.96875
,2679,,,,9573.44921875
,2680,,,,10286.2412109375
,2681,,,,11318.203125
,2682,,,,9917.244140625
,2683,,,,13281.369140625
,2684,,,,10328.318359375
,2685,,,,11659.908203125
,2686,,,,11914.869140625
,2687,,,,10580.439453125
,2688,,,,11743.91015625
,2689,,,,11421.9365234375
,2690,,,,12089.8671875
,2691,,,,11512.7021484375
,2692,,,,7630.685546875
,2693,,,,10838.4990234375
,2694,,,,9130.30078125
,2695,,,,12679.5322265625
,2696,,,,11247.697265625
,2697,,,,10323.005859375
,2698,,,,10154.669921875
,2699,,,,11801.5810546875
,2700,,,,9401.13671875
,2701,,,,10580.0068359375
,2702,,,,10240.7470703125
,2703,,,,7247.14501953125
,2704,,,,11803.3759765625
,2705,,,,10831.95703125
,2706,,,,10365.251953125
,2707,,,,10017.2578125
,2708,,,,10094.67578125
,2709,,,,11598.53515625
,2710,,,,7684.41357421875
,2711,,,,11034.93359375
,2712,,,,8634.216796875
,2713,,,,9613.697265625
,2714,,,,8654.662109375
,2715,,,,13279.00390625
,2716,,,,9899.1826171875
,2717,,,,8828.3232421875
,2718,,,,12155.9375
,2719,,,,10976.443359375
,2720,,,,10332.2626953125
,2721,,,,10962.595703125
,2722,,,,11861.1083984375
,2723,,,,10220.6962890625
,2724,,,,12945.8798828125
,2725,,,,8963.7548828125
,2726,,,,11355.935546875
,2727,,,,10594.826171875
43,10779,,,10469.390625,
43,10779,10453.7265625,,,
44,10799,,7781.92724609375,,
44,10849,,10148.201171875,,
44,10899,,11960.806640625,,
44,10949,,10729.30859375,,
44,10999,,10366.1064453125,,
,2728,,,,8039.0673828125
,2729,,,,9087.8642578125
,2730,,,,10707.0400390625
,2731,,,,12219.57421875
,2732,,,,9197.5751953125
,2733,,,,9064.787109375
,2734,,,,9764.517578125
,2735,,,,8289.9697265625
,2736,,,,10455.015625
,2737,,,,11557.951171875
,2738,,,,8413.064453125
,2739,,,,7825.6455078125
,2740,,,,14090.138671875
,2741,,,,9544.466796875
,2742,,,,10245.697265625
,2743,,,,11244.17578125
,2744,,,,9858.609375
,2745,,,,13246.0703125
,2746,,,,10268.890625
,2747,,,,11550.04296875
,2748,,,,11800.958984375
,2749,,,,10487.5390625
,2750,,,,11665.267578125
,2751,,,,11389.81640625
,2752,,,,12050.873046875
,2753,,,,11454.34375
,2754,,,,7530.30419921875
,2755,,,,10790.072265625
,2756,,,,9067.658203125
,2757,,,,12627.4970703125
,2758,,,,11202.826171875
,2759,,,,10274.8095703125
,2760,,,,10074.3828125
,2761,,,,11718.23828125
,2762,,,,9342.4736328125
,2763,,,,10486.33984375
,2764,,,,10149.5419921875
,2765,,,,7178.2451171875
,2766,,,,11753.158203125
,2767,,,,10759.1923828125
,2768,,,,10318.2509765625
,2769,,,,9909.6015625
,2770,,,,10029.7041015625
,2771,,,,11570.8896484375
,2772,,,,7598.98095703125
,2773,,,,10978.1328125
,2774,,,,8554.1787109375
,2775,,,,9546.490234375
,2776,,,,8591.912109375
,2777,,,,13205.4814453125
,2778,,,,9863.087890625
,2779,,,,8768.3232421875
,2780,,,,12129.59375
,2781,,,,10936.890625
,2782,,,,10315.171875
,2783,,,,10894.421875
,2784,,,,11828.365234375
,2785,,,,10130.8916015625
,2786,,,,12838.033203125
,2787,,,,8911.28515625
,2788,,,,11295.9072265625
,2789,,,,10470.9375
44,11024,,,10404.9794921875,
44,11024,10423.3544921875,,,
45,11049,,10132.0068359375,,
45,11099,,10342.9453125,,
45,11149,,7763.29931640625,,
45,11199,,9979.2294921875,,
45,11249,,10116.3642578125,,
,2790,,,,8019.408203125
,2791,,,,9068.7255859375
,2792,,,,10744.6328125
,2793,,,,12208.7548828125
,2794,,,,9164.7646484375
,2795,,,,9062.509765625
,2796,,,,9806.3994140625
,2797,,,,8248.490234375
,2798,,,,10424.615234375
,2799,,,,11560.658203125
,2800,,,,8420.8701171875
,2801,,,,7812.11669921875
,2802,,,,14015.31640625
,2803,,,,9502.3642578125
,2804,,,,10196.66796875
,2805,,,,11252.0654296875
,2806,,,,9855.89453125
,2807,,,,13215.3251953125
,2808,,,,10229.794921875
,2809,,,,11562.810546875
,2810,,,,11837.9814453125
,2811,,,,10505.80078125
,2812,,,,11637.86328125
,2813,,,,11356.1611328125
,2814,,,,12031.232421875
,2815,,,,11419.056640625
,2816,,,,7540.20703125
,2817,,,,10755.791015625
,2818,,,,9058.45703125
,2819,,,,12604.623046875
,2820,,,,11149.560546875
,2821,,,,10257.25390625
,2822,,,,10080.6953125
,2823,,,,11729.453125
,2824,,,,9315.298828125
,2825,,,,10485.5126953125
,2826,,,,10158.0048828125
,2827,,,,7162.6005859375
,2828,,,,11713.34375
,2829,,,,10732.810546875
,2830,,,,10288.3876953125
,2831,,,,9937.400390625
,2832,,,,10000.8173828125
,2833,,,,11506.73046875
,2834,,,,7614.3505859375
,2835,,,,10956.90625
,2836,,,,8587.66796875
,2837,,,,9542.314453125
,2838,,,,8578.89453125
,2839,,,,13165.931640625
,2840,,,,9819.158203125
,2841,,,,8749.126953125
,2842,,,,12056.017578125
,2843,,,,10906.26171875
,2844,,,,10280.779296875
,2845,,,,10875.2861328125
,2846,,,,11775.486328125
,2847,,,,10132.462890625
,2848,,,,12835.4140625
,2849,,,,8893.03125
,2850,,,,11291.779296875
,2851,,,,10551.9248046875
45,11269,,,10389.076171875,
45,11269,10397.458984375,,,
46,11299,,12088.03125,,
46,11349,,7252.9765625,,
46,11399,,10302.0693359375,,
46,11449,,9028.4404296875,,
46,11499,,11983.625,,
,2852,,,,8021.92822265625
,2853,,,,9072.873046875
,2854,,,,10770.740234375
,2855,,,,12210.01171875
,2856,,,,9179.79296875
,2857,,,,9098.4072265625
,2858,,,,9822.009765625
,2859,,,,8265.37890625
,2860,,,,10457.201171875
,2861,,,,11558.2705078125
,2862,,,,8445.369140625
,2863,,,,7831.927734375
,2864,,,,14064.046875
,2865,,,,9525.0009765625
,2866,,,,10233.669921875
,2867,,,,11274.4814453125
,2868,,,,9859.9375
,2869,,,,13228.4677734375
,2870,,,,10258.2900390625
,2871,,,,11583.4453125
,2872,,,,11856.1123046875
,2873,,,,10529.087890625
,2874,,,,11677.142578125
,2875,,,,11392.89453125
,2876,,,,12032.0810546875
,2877,,,,11433.8427734375
,2878,,,,7569.70556640625
,2879,,,,10785.6875
,2880,,,,9055.095703125
,2881,,,,12624.921875
,2882,,,,11168.3671875
,2883,,,,10261.4755859375
,2884,,,,10094.3935546875
,2885,,,,11742.431640625
,2886,,,,9346.4169921875
,2887,,,,10526.609375
,2888,,,,10172.4296875
,2889,,,,7192.53076171875
,2890,,,,11752.49609375
,2891,,,,10760.220703125
,2892,,,,10334.833984375
,2893,,,,9964.640625
,2894,,,,10062.94921875
,2895,,,,11557.15625
,2896,,,,7636.1923828125
,2897,,,,10979.0107421875
,2898,,,,8580.70703125
,2899,,,,9552.6064453125
,2900,,,,8594.5390625
,2901,,,,13205.2060546875
,2902,,,,9827.46875
,2903,,,,8786.1943359375
,2904,,,,12101.666015625
,2905,,,,10920.1689453125
,2906,,,,10273.9013671875
,2907,,,,10876.505859375
,2908,,,,11789.279296875
,2909,,,,10156.8134765625
,2910,,,,12860.953125
,2911,,,,8907.703125
,2912,,,,11289.8857421875
,2913,,,,10555.1943359375
46,11514,,,10410.25,
46,11514,10386.9140625,,,
47,11549,,13021.8232421875,,
47,11599,,7586.79150390625,,
47,11649,,14205.4326171875,,
47,11699,,8453.294921875,,
47,11749,,9936.498046875,,
,2914,,,,7970.53125
,2915,,,,9021.83203125
,2916,,,,10725.71484375
,2917,,,,12175.83203125
,2918,,,,9113.779296875
,2919,,,,9055.22265625
,2920,,,,9770.4296875
,2921,,,,8221.7294921875
,2922,,,,10404.51171875
,2923,,,,11495.931640625
,2924,,,,8396.71484375
,2925,,,,7792.0595703125
,2926,,,,13989.6943359375
,2927,,,,9482.669921875
,2928,,,,10164.8349609375
,2929,,,,11217.8046875
,2930,,,,9823.431640625
,2931,,,,13150.62890625
,2932,,,,10189.541015625
,2933,,,,11528.939453125
,2934,,,,11794.099609375
,2935,,,,10468.048828125
,2936,,,,11618.978515625
,2937,,,,11347.3330078125
,2938,,,,11978.630859375
,2939,,,,11342.115234375
,2940,,,,7518.45703125
,2941,,,,10715.861328125
,2942,,,,9011.10546875
,2943,,,,12555.2900390625
,2944,,,,11095.40234375
,2945,,,,10192.9892578125
,2946,,,,10055.287109375
,2947,,,,11649.552734375
,2948,,,,9290.728515625
,2949,,,,10451.16015625
,2950,,,,10114.921875
,2951,,,,7151.42431640625
,2952,,,,11698.0244140625
,2953,,,,10720.9541015625
,2954,,,,10262.91015625
,2955,,,,9874.58984375
,2956,,,,9998.990234375
,2957,,,,11507.9521484375
,2958,,,,7578.04248046875
,2959,,,,10932.6416015625
,2960,,,,8502.7890625
,2961,,,,9503.044921875
,2962,,,,8559.599609375
,2963,,,,13123.671875
,2964,,,,9770.83984375
,2965,,,,8701.19140625
,2966,,,,12046.2685546875
,2967,,,,10856.181640625
,2968,,,,10185.5234375
,2969,,,,10803.546875
,2970,,,,11695.162109375
,2971,,,,10112.5146484375
,2972,,,,12793.015625
,2973,,,,8842.3359375
,2974,,,,11251.123046875
,2975,,,,10518.306640625
47,11759,,,10350.83203125,
47,11759,10360.6259765625,,,
48,11799,,10436.48046875,,
48,11849,,10177.3369140625,,
48,11899,,11848.16796875,,
48,11949,,11451.4501953125,,
48,11999,,10840.82421875,,
,2976,,,,7935.50341796875
,2977,,,,9009.462890625
,2978,,,,10646.900390625
,2979,,,,12167.380859375
,2980,,,,9057.7763671875
,2981,,,,8987.837890625
,2982,,,,9728.20703125
,2983,,,,8175.7021484375
,2984,,,,10361.955078125
,2985,,,,11491.3203125
,2986,,,,8339.4658203125
,2987,,,,7733.2294921875
,2988,,,,13963.982421875
,2989,,,,9442.693359375
,2990,,,,10116.4716796875
,2991,,,,11158.3427734375
,2992,,,,9782.0546875
,2993,,,,13050.68359375
,2994,,,,10143.083984375
,2995,,,,11481.78515625
,2996,,,,11785.2294921875
,2997,,,,10419.80078125
,2998,,,,11559.443359375
,2999,,,,11313.2939453125
,3000,,,,11912.0244140625
,3001,,,,11307.595703125
,3002,,,,7512.29541015625
,3003,,,,10664.162109375
,3004,,,,8996.982421875
,3005,,,,12493.2265625
,3006,,,,11066.677734375
,3007,,,,10142.0693359375
,3008,,,,10000.6162109375
,3009,,,,11605.7568359375
,3010,,,,9245.486328125
,3011,,,,10379.73046875
,3012,,,,10084.9375
,3013,,,,7114.54345703125
,3014,,,,11678.0927734375
,3015,,,,10692.658203125
,3016,,,,10207.4970703125
,3017,,,,9828.32421875
,3018,,,,9928.017578125
,3019,,,,11472.4267578125
,3020,,,,7550.30859375
,3021,,,,10881.7392578125
,3022,,,,8460.0380859375
,3023,,,,9460.6015625
,3024,,,,8509.2001953125
,3025,,,,13091.892578125
,3026,,,,9729.1767578125
,3027,,,,8676.6171875
,3028,,,,11948.9375
,3029,,,,10804.73828125
,3030,,,,10147.650390625
,3031,,,,10758.078125
,3032,,,,11641.2939453125
,3033,,,,10068.197265625
,3034,,,,12739.767578125
,3035,,,,8797.544921875
,3036,,,,11215.650390625
,3037,,,,10482.5986328125
48,12004,,,10306.6318359375,
48,12004,10343.62109375,,,
49,12049,,8952.0390625,,
49,12099,,12669.7314453125,,
49,12149,,10060.7392578125,,
49,12199,,11419.396484375,,
49,12249,,11433.6162109375,,
,3038,,,,7931.595703125
,3039,,,,8991.1953125
,3040,,,,10622.5634765625
,3041,,,,12144.33203125
,3042,,,,9058.015625
,3043,,,,8960.3994140625
,3044,,,,9727.634765625
,3045,,,,8137.43212890625
,3046,,,,10355.203125
,3047,,,,11481.01171875
,3048,,,,8341.3515625
,3049,,,,7712.615234375
,3050,,,,13944.796875
,3051,,,,9426.107421875
,3052,,,,10095.890625
,3053,,,,11126.3984375
,3054,,,,9753.607421875
,3055,,,,13059.314453125
,3056,,,,10142.724609375
,3057,,,,11431.4521484375
,3058,,,,11741.6162109375
,3059,,,,10418.4638671875
,3060,,,,11544.8427734375
,3061,,,,11273.5859375
,3062,,,,11900.0859375
,3063,,,,11310.208984375
,3064,,,,7502.02783203125
,3065,,,,10657.9052734375
,3066,,,,8970.1552734375
,3067,,,,12470.5498046875
,3068,,,,11069.994140625
,3069,,,,10140.623046875
,3070,,,,9985.3720703125
,3071,,,,11617.443359375
,3072,,,,9228.4638671875
,3073,,,,10376.79296875
,3074,,,,10071.46484375
,3075,,,,7105.2548828125
,3076,,,,11671.4150390625
,3077,,,,10667.81640625
,3078,,,,10183.7333984375
,3079,,,,9831.4609375
,3080,,,,9924.0859375
,3081,,,,11427.220703125
,3082,,,,7511.86328125
,3083,,,,10866.83984375
,3084,,,,8459.162109375
,3085,,,,9447.26171875
,3086,,,,8502.18359375
,3087,,,,13044.916015625
,3088,,,,9726.787109375
,3089,,,,8652.611328125
,3090,,,,11945.46484375
,3091,,,,10805.880859375
,3092,,,,10166.6103515625
,3093,,,,10782.19140625
,3094,,,,11637.2890625
,3095,,,,10080.515625
,3096,,,,12745.470703125
,3097,,,,8780.0166015625
,3098,,,,11208.009765625
,3099,,,,10447.556640625
49,12249,,,10293.9482421875,
49,12249,10331.974609375,,,
50,12299,,10066.4580078125,,
50,12349,,8312.58203125,,
50,12399,,10057.2265625,,
50,12449,,8138.6552734375,,
,3100,,,,7913.244140625
,3101,,,,8983.8720703125
,3102,,,,10601.091796875
,3103,,,,12130.70703125
,3104,,,,9062.16015625
,3105,,,,8931.1318359375
,3106,,,,9705.201171875
,3107,,,,8145.666015625
,3108,,,,10351.046875
,3109,,,,11460.705078125
,3110,,,,8324.4404296875
,3111,,,,7711.02490234375
,3112,,,,13933.630859375
,3113,,,,9425.810546875
,3114,,,,10087.83984375
,3115,,,,11110.892578125
,3116,,,,9733.9287109375
,3117,,,,13067.59375
,3118,,,,10140.91015625
,3119,,,,11395.638671875
,3120,,,,11730.447265625
,3121,,,,10391.9541015625
,3122,,,,11522.7197265625
,3123,,,,11281.69921875
,3124,,,,11896.365234375
,3125,,,,11302.40234375
,3126,,,,7489.56591796875
,3127,,,,10644.416015625
,3128,,,,8970.5029296875
,3129,,,,12444.1357421875
,3130,,,,11072.3408203125
,3131,,,,10135.0400390625
,3132,,,,9960.42578125
,3133,,,,11599.8486328125
,3134,,,,9243.7958984375
,3135,,,,10380.6318359375
,3136,,,,10080.03125
,3137,,,,7108.33984375
,3138,,,,11670.421875
,3139,,,,10656.796875
,3140,,,,10172.59375
,3141,,,,9820.33984375
,3142,,,,9924.6484375
,3143,,,,11421.8486328125
,3144,,,,7486.9580078125
,3145,,,,10854.6083984375
,3146,,,,8444.8212890625
,3147,,,,9439.2080078125
,3148,,,,8500.3349609375
,3149,,,,13021.599609375
,3150,,,,9720.43359375
,3151,,,,8645.05859375
,3152,,,,11943.630859375
,3153,,,,10789.431640625
,3154,,,,10154.87109375
,3155,,,,10767.3427734375
,3156,,,,11645.9619140625
,3157,,,,10078.23046875
,3158,,,,12722.17578125
,3159,,,,8779.580078125
,3160,,,,11189.2578125
,3161,,,,10412.6220703125
50,12494,,,10284.4140625,
50,12494,10312.01953125,,,
51,12499,,11250.458984375,,
51,12549,,11564.7265625,,
51,12599,,11525.19921875,,
51,12649,,12403.6171875,,
51,12699,,9919.392578125,,
,3162,,,,7895.677734375
,3163,,,,8986.5595703125
,3164,,,,10626.5546875
,3165,,,,12110.40234375
,3166,,,,9077.2294921875
,3167,,,,8976.525390625
,3168,,,,9702.5810546875
,3169,,,,8153.9658203125
,3170,,,,10360.5986328125
,3171,,,,11445.89453125
,3172,,,,8347.3408203125
,3173,,,,7736.39013671875
,3174,,,,13944.5
,3175,,,,9431.87890625
,3176,,,,10099.7685546875
,3177,,,,11117.83984375
,3178,,,,9779.4287109375
,3179,,,,13094.6796875
,3180,,,,10140.97265625
,3181,,,,11411.1982421875
,3182,,,,11737.0380859375
,3183,,,,10393.4404296875
,3184,,,,11528.8994140625
,3185,,,,11310.9091796875
,3186,,,,11873.3720703125
,3187,,,,11307.923828125
,3188,,,,7490.28662109375
,3189,,,,10654.39453125
,3190,,,,8983.5263671875
,3191,,,,12451.0849609375
,3192,,,,11083.7998046875
,3193,,,,10156.0966796875
,3194,,,,9970.79296875
,3195,,,,11628.71875
,3196,,,,9253.08984375
,3197,,,,10391.35546875
,3198,,,,10068.611328125
,3199,,,,7139.00244140625
,3200,,,,11675.6796875
,3201,,,,10658.51171875
,3202,,,,10205.330078125
,3203,,,,9841.619140625
,3204,,,,9963.251953125
,3205,,,,11455.1142578125
,3206,,,,7525.955078125
,3207,,,,10869.490234375
,3208,,,,8452.51171875
,3209,,,,9432.2822265625
,3210,,,,8484.0
,3211,,,,13049.43359375
,3212,,,,9711.6328125
,3213,,,,8650.751953125
,3214,,,,11977.4296875
,3215,,,,10791.2099609375
,3216,,,,10140.17578125
,3217,,,,10758.404296875
,3218,,,,11665.71484375
,3219,,,,10073.076171875
,3220,,,,12728.517578125
,3221,,,,8793.900390625
,3222,,,,11176.609375
,3223,,,,10415.5263671875
51,12739,,,10294.5791015625,
51,12739,10290.154296875,,,
52,12749,,10833.2119140625,,
52,12799,,11711.474609375,,
52,12849,,10710.919921875,,
52,12899,,9429.927734375,,
52,12949,,11525.7626953125,,
,3224,,,,7911.4013671875
,3225,,,,8972.705078125
,3226,,,,10590.5546875
,3227,,,,12086.173828125
,3228,,,,9051.158203125
,3229,,,,8921.80078125
,3230,,,,9660.6787109375
,3231,,,,8133.7666015625
,3232,,,,10270.7578125
,3233,,,,11407.9931640625
,3234,,,,8297.38671875
,3235,,,,7711.25146484375
,3236,,,,13859.69921875
,3237,,,,9404.462890625
,3238,,,,10044.4921875
,3239,,,,11079.087890625
,3240,,,,9731.1181640625
,3241,,,,13040.72265625
,3242,,,,10087.77734375
,3243,,,,11377.44921875
,3244,,,,11684.41015625
,3245,,,,10356.728515625
,3246,,,,11483.630859375
,3247,,,,11273.3310546875
,3248,,,,11859.673828125
,3249,,,,11256.15234375
,3250,,,,7428.5419921875
,3251,,,,10641.30859375
,3252,,,,8966.052734375
,3253,,,,12428.4287109375
,3254,,,,11033.271484375
,3255,,,,10152.9169921875
,3256,,,,9936.04296875
,3257,,,,11559.04296875
,3258,,,,9219.58984375
,3259,,,,10334.796875
,3260,,,,10039.23046875
,3261,,,,7090.0458984375
,3262,,,,11603.029296875
,3263,,,,10597.1484375
,3264,,,,10159.4140625
,3265,,,,9773.275390625
,3266,,,,9884.759765625
,3267,,,,11379.330078125
,3268,,,,7485.77734375
,3269,,,,10807.49609375
,3270,,,,8428.794921875
,3271,,,,9412.50390625
,3272,,,,8474.302734375
,3273,,,,12993.517578125
,3274,,,,9692.0673828125
,3275,,,,8620.326171875
,3276,,,,11949.451171875
,3277,,,,10781.1806640625
,3278,,,,10135.447265625
,3279,,,,10723.2783203125
,3280,,,,11618.025390625
,3281,,,,10005.4794921875
,3282,,,,12676.6787109375
,3283,,,,8757.693359375
,3284,,,,11147.1875
,3285,,,,10375.447265625
52,12984,,,10254.3642578125,
52,12984,10275.255859375,,,
53,12999,,10766.451171875,,
53,13049,,8541.947265625,,
53,13099,,10324.451171875,,
53,13149,,10446.220703125,,
53,13199,,11282.9697265625,,
,3286,,,,7810.47802734375
,3287,,,,8877.58203125
,3288,,,,10525.79296875
,3289,,,,11989.255859375
,3290,,,,8926.548828125
,3291,,,,8851.3896484375
,3292,,,,9589.0810546875
,3293,,,,8031.8056640625
,3294,,,,10181.1259765625
,3295,,,,11306.5380859375
,3296,,,,8240.7587890625
,3297,,,,7615.7392578125
,3298,,,,13748.15625
,3299,,,,9286.21875
,3300,,,,9921.11328125
,3301,,,,11019.40234375
,3302,,,,9650.28515625
,3303,,,,12980.115234375
,3304,,,,9972.533203125
,3305,,,,11296.759765625
,3306,,,,11595.015625
,3307,,,,10260.904296875
,3308,,,,11390.130859375
,3309,,,,11125.4892578125
,3310,,,,11768.208984375
,3311,,,,11142.544921875
,3312,,,,7362.7900390625
,3313,,,,10536.1591796875
,3314,,,,8876.767578125
,3315,,,,12326.55078125
,3316,,,,10917.765625
,3317,,,,10042.1962890625
,3318,,,,9858.33984375
,3319,,,,11441.4638671875
,3320,,,,9131.08984375
,3321,,,,10235.8701171875
,3322,,,,9959.6572265625
,3323,,,,7021.259765625
,3324,,,,11521.423828125
,3325,,,,10524.9951171875
,3326,,,,10071.20703125
,3327,,,,9676.955078125
,3328,,,,9830.0703125
,3329,,,,11288.90625
,3330,,,,7398.4775390625
,3331,,,,10734.509765625
,3332,,,,8339.2529296875
,3333,,,,9315.583984375
,3334,,,,8400.603515625
,3335,,,,12895.8642578125
,3336,,,,9587.9951171875
,3337,,,,8513.798828125
,3338,,,,11856.1640625
,3339,,,,10667.44921875
,3340,,,,10039.775390625
,3341,,,,10613.197265625
,3342,,,,11510.904296875
,3343,,,,9927.884765625
,3344,,,,12577.1494140625
,3345,,,,8664.1484375
,3346,,,,11066.7265625
,3347,,,,10335.947265625
53,13229,,,10161.8681640625,
53,13229,10255.77734375,,,
54,13249,,9261.8779296875,,
54,13299,,10534.5478515625,,
54,13349,,10017.603515625,,
54,13399,,13485.03515625,,
54,13449,,11957.697265625,,
,3348,,,,7852.45849609375
,3349,,,,8904.42578125
,3350,,,,10528.345703125
,3351,,,,12005.3193359375
,3352,,,,8973.9921875
,3353,,,,8858.923828125
,3354,,,,9610.37109375
,3355,,,,8059.48046875
,3356,,,,10217.591796875
,3357,,,,11322.3955078125
,3358,,,,8238.171875
,3359,,,,7641.1630859375
,3360,,,,13794.8466796875
,3361,,,,9296.5146484375
,3362,,,,9974.537109375
,3363,,,,11034.6875
,3364,,,,9659.6171875
,3365,,,,12986.95703125
,3366,,,,10022.603515625
,3367,,,,11321.693359375
,3368,,,,11624.0224609375
,3369,,,,10296.501953125
,3370,,,,11411.484375
,3371,,,,11155.7099609375
,3372,,,,11797.751953125
,3373,,,,11209.6484375
,3374,,,,7382.806640625
,3375,,,,10571.796875
,3376,,,,8899.85546875
,3377,,,,12344.7880859375
,3378,,,,10980.3828125
,3379,,,,10079.845703125
,3380,,,,9858.326171875
,3381,,,,11487.359375
,3382,,,,9153.794921875
,3383,,,,10275.2890625
,3384,,,,9986.1962890625
,3385,,,,7042.376953125
,3386,,,,11539.087890625
,3387,,,,10536.48828125
,3388,,,,10094.076171875
,3389,,,,9705.310546875
,3390,,,,9857.404296875
,3391,,,,11309.630859375
,3392,,,,7405.2392578125
,3393,,,,10753.505859375
,3394,,,,8371.7763671875
,3395,,,,9325.9970703125
,3396,,,,8408.033203125
,3397,,,,12949.0751953125
,3398,,,,9621.595703125
,3399,,,,8545.943359375
,3400,,,,11880.865234375
,3401,,,,10700.44921875
,3402,,,,10085.3779296875
,3403,,,,10664.55078125
,3404,,,,11575.07421875
,3405,,,,9955.986328125
,3406,,,,12596.91796875
,3407,,,,8691.673828125
,3408,,,,11078.99609375
,3409,,,,10338.3486328125
54,13474,,,10189.3046875,
54,13474,10224.353515625,,,
55,13499,,11131.96875,,
55,13549,,12879.4462890625,,
55,13599,,10106.841796875,,
55,13649,,10305.974609375,,
55,13699,,8160.0810546875,,
,3410,,,,7797.52490234375
,3411,,,,8859.79296875
,3412,,,,10463.07421875
,3413,,,,11971.96484375
,3414,,,,8911.916015625
,3415,,,,8792.8671875
,3416,,,,9585.67578125
,3417,,,,8003.96435546875
,3418,,,,10155.388671875
,3419,,,,11278.8125
,3420,,,,8188.4423828125
,3421,,,,7599.14013671875
,3422,,,,13732.9384765625
,3423,,,,9269.87890625
,3424,,,,9910.7109375
,3425,,,,10969.814453125
,3426,,,,9593.7666015625
,3427,,,,12906.568359375
,3428,,,,9971.33984375
,3429,,,,11273.556640625
,3430,,,,11573.5927734375
,3431,,,,10252.40234375
,3432,,,,11356.8671875
,3433,,,,11104.2109375
,3434,,,,11734.5869140625
,3435,,,,11154.8125
,3436,,,,7354.5107421875
,3437,,,,10498.703125
,3438,,,,8853.4423828125
,3439,,,,12266.6162109375
,3440,,,,10917.0390625
,3441,,,,10020.583984375
,3442,,,,9796.912109375
,3443,,,,11405.15234375
,3444,,,,9079.076171875
,3445,,,,10206.0537109375
,3446,,,,9931.8642578125
,3447,,,,6984.8359375
,3448,,,,11491.3955078125
,3449,,,,10491.55859375
,3450,,,,10019.271484375
,3451,,,,9637.8447265625
,3452,,,,9777.654296875
,3453,,,,11248.552734375
,3454,,,,7343.029296875
,3455,,,,10673.73046875
,3456,,,,8323.900390625
,3457,,,,9278.1171875
,3458,,,,8362.708984375
,3459,,,,12866.0791015625
,3460,,,,9578.361328125
,3461,,,,8472.4921875
,3462,,,,11811.828125
,3463,,,,10643.068359375
,3464,,,,10008.79296875
,3465,,,,10627.4619140625
,3466,,,,11491.5654296875
,3467,,,,9926.37890625
,3468,,,,12521.189453125
,3469,,,,8659.998046875
,3470,,,,11035.8203125
,3471,,,,10302.09765625
55,13719,,,10132.072265625,
55,13719,10219.5234375,,,
56,13749,,11193.4267578125,,
56,13799,,11293.861328125,,
56,13849,,12019.208984375,,
56,13899,,10376.923828125,,
56,13949,,9971.4375,,
,3472,,,,7811.58203125
,3473,,,,8878.294921875
,3474,,,,10493.322265625
,3475,,,,11985.31640625
,3476,,,,8939.5498046875
,3477,,,,8820.505859375
,3478,,,,9605.05859375
,3479,,,,8043.29541015625
,3480,,,,10188.7744140625
,3481,,,,11298.666015625
,3482,,,,8204.251953125
,3483,,,,7630.39453125
,3484,,,,13754.10546875
,3485,,,,9293.166015625
,3486,,,,9950.48046875
,3487,,,,10992.4765625
,3488,,,,9632.9794921875
,3489,,,,12915.275390625
,3490,,,,10009.357421875
,3491,,,,11307.8583984375
,3492,,,,11610.490234375
,3493,,,,10284.2353515625
,3494,,,,11381.580078125
,3495,,,,11151.451171875
,3496,,,,11746.42578125
,3497,,,,11156.0078125
,3498,,,,7376.2880859375
,3499,,,,10519.0126953125
,3500,,,,8869.91796875
,3501,,,,12285.8642578125
,3502,,,,10923.673828125
,3503,,,,10037.3125
,3504,,,,9825.2421875
,3505,,,,11430.8984375
,3506,,,,9098.0048828125
,3507,,,,10229.427734375
,3508,,,,9951.0146484375
,3509,,,,7012.6845703125
,3510,,,,11524.75390625
,3511,,,,10523.615234375
,3512,,,,10062.720703125
,3513,,,,9674.9443359375
,3514,,,,9803.87109375
,3515,,,,11283.6728515625
,3516,,,,7390.146484375
,3517,,,,10702.2890625
,3518,,,,8334.0234375
,3519,,,,9299.482421875
,3520,,,,8386.927734375
,3521,,,,12882.091796875
,3522,,,,9600.2958984375
,3523,,,,8517.884765625
,3524,,,,11822.50390625
,3525,,,,10662.2939453125
,3526,,,,10011.279296875
,3527,,,,10626.265625
,3528,,,,11501.90625
,3529,,,,9941.3017578125
,3530,,,,12542.6396484375
,3531,,,,8680.787109375
,3532,,,,11062.5107421875
,3533,,,,10317.66796875
56,13964,,,10156.0302734375,
56,13964,10199.4599609375,,,
57,13999,,8743.166015625,,
57,14049,,10278.953125,,
57,14099,,10409.947265625,,
57,14149,,14063.6953125,,
57,14199,,11290.0234375,,
,3534,,,,7824.39306640625
,3535,,,,8880.646484375
,3536,,,,10502.2978515625
,3537,,,,11978.6396484375
,3538,,,,8946.681640625
,3539,,,,8834.5693359375
,3540,,,,9609.0625
,3541,,,,8052.89599609375
,3542,,,,10183.9296875
,3543,,,,11292.833984375
,3544,,,,8209.822265625
,3545,,,,7622.7060546875
,3546,,,,13757.3388671875
,3547,,,,9308.3984375
,3548,,,,9970.2353515625
,3549,,,,11013.27734375
,3550,,,,9632.705078125
,3551,,,,12937.255859375
,3552,,,,10007.640625
,3553,,,,11300.4794921875
,3554,,,,11607.45703125
,3555,,,,10291.1533203125
,3556,,,,11407.7255859375
,3557,,,,11174.62890625
,3558,,,,11760.341796875
,3559,,,,11163.5263671875
,3560,,,,7367.263671875
,3561,,,,10517.00390625
,3562,,,,8864.79296875
,3563,,,,12306.32421875
,3564,,,,10931.740234375
,3565,,,,10042.623046875
,3566,,,,9822.5107421875
,3567,,,,11443.0751953125
,3568,,,,9117.076171875
,3569,,,,10248.3779296875
,3570,,,,9959.619140625
,3571,,,,7024.1748046875
,3572,,,,11529.255859375
,3573,,,,10530.2705078125
,3574,,,,10095.7041015625
,3575,,,,9667.0205078125
,3576,,,,9826.4833984375
,3577,,,,11307.490234375
,3578,,,,7404.59423828125
,3579,,,,10717.7705078125
,3580,,,,8351.548828125
,3581,,,,9316.638671875
,3582,,,,8394.9990234375
,3583,,,,12896.1201171875
,3584,,,,9611.45703125
,3585,,,,8533.685546875
,3586,,,,11849.068359375
,3587,,,,10707.3046875
,3588,,,,10034.7099609375
,3589,,,,10622.8251953125
,3590,,,,11534.681640625
,3591,,,,9912.453125
,3592,,,,12557.73046875
,3593,,,,8689.2568359375
,3594,,,,11065.255859375
,3595,,,,10318.29296875
57,14209,,,10165.654296875,
57,14209,10181.51953125,,,
58,14249,,9161.123046875,,
58,14299,,10005.1962890625,,
58,14349,,10824.81640625,,
58,14399,,11591.345703125,,
58,14449,,9087.740234375,,
,3596,,,,7797.326171875
,3597,,,,8865.408203125
,3598,,,,10467.86328125
,3599,,,,11974.015625
,3600,,,,8916.064453125
,3601,,,,8802.3046875
,3602,,,,9593.4609375
,3603,,,,8016.8955078125
,3604,,,,10172.30859375
,3605,,,,11274.236328125
,3606,,,,8207.0947265625
,3607,,,,7603.4736328125
,3608,,,,13758.5703125
,3609,,,,9292.119140625
,3610,,,,9931.34765625
,3611,,,,10971.7734375
,3612,,,,9600.763671875
,3613,,,,12901.2255859375
,3614,,,,9982.619140625
,3615,,,,11252.736328125
,3616,,,,11574.095703125
,3617,,,,10265.689453125
,3618,,,,11365.37109375
,3619,,,,11126.294921875
,3620,,,,11755.484375
,3621,,,,11135.2373046875
,3622,,,,7375.884765625
,3623,,,,10485.5791015625
,3624,,,,8844.8740234375
,3625,,,,12265.037109375
,3626,,,,10908.2421875
,3627,,,,9981.828125
,3628,,,,9812.8857421875
,3629,,,,11423.95703125
,3630,,,,9113.013671875
,3631,,,,10216.927734375
,3632,,,,9953.6181640625
,3633,,,,7009.64501953125
,3634,,,,11532.85546875
,3635,,,,10493.837890625
,3636,,,,10037.650390625
,3637,,,,9647.51953125
,3638,,,,9811.779296875
,3639,,,,11265.224609375
,3640,,,,7378.0380859375
,3641,,,,10718.8212890625
,3642,,,,8307.087890625
,3643,,,,9301.72265625
,3644,,,,8378.6396484375
,3645,,,,12847.732421875
,3646,,,,9571.59765625
,3647,,,,8484.3427734375
,3648,,,,11843.74609375
,3649,,,,10648.548828125
,3650,,,,10021.34765625
,3651,,,,10607.3955078125
,3652,,,,11468.55078125
,3653,,,,9925.6796875
,3654,,,,12559.689453125
,3655,,,,8636.36328125
,3656,,,,11051.0
,3657,,,,10291.107421875
58,14454,,,10140.4501953125,
58,14454,10167.23828125,,,
59,14499,,9085.859375,,
59,14549,,11506.47265625,,
59,14599,,8587.0205078125,,
59,14649,,8905.736328125,,
59,14699,,13140.6298828125,,
,3658,,,,7841.203125
,3659,,,,8903.197265625
,3660,,,,10461.529296875
,3661,,,,11967.109375
,3662,,,,8948.392578125
,3663,,,,8814.931640625
,3664,,,,9577.533203125
,3665,,,,8003.87548828125
,3666,,,,10187.083984375
,3667,,,,11287.69140625
,3668,,,,8189.94140625
,3669,,,,7584.56298828125
,3670,,,,13752.056640625
,3671,,,,9280.908203125
,3672,,,,9959.337890625
,3673,,,,10984.4306640625
,3674,,,,9638.7861328125
,3675,,,,12857.263671875
,3676,,,,9975.0791015625
,3677,,,,11247.296875
,3678,,,,11625.7705078125
,3679,,,,10265.748046875
,3680,,,,11343.146484375
,3681,,,,11106.94140625
,3682,,,,11741.66015625
,3683,,,,11170.333984375
,3684,,,,7401.28125
,3685,,,,10523.546875
,3686,,,,8870.099609375
,3687,,,,12257.98828125
,3688,,,,10909.150390625
,3689,,,,10027.0859375
,3690,,,,9850.1728515625
,3691,,,,11442.130859375
,3692,,,,9135.46484375
,3693,,,,10219.423828125
,3694,,,,9924.228515625
,3695,,,,7011.18310546875
,3696,,,,11548.994140625
,3697,,,,10520.412109375
,3698,,,,10057.345703125
,3699,,,,9673.25390625
,3700,,,,9775.41015625
,3701,,,,11258.94921875
,3702,,,,7395.18701171875
,3703,,,,10757.4208984375
,3704,,,,8344.9912109375
,3705,,,,9304.7470703125
,3706,,,,8371.771484375
,3707,,,,12888.9384765625
,3708,,,,9610.685546875
,3709,,,,8524.955078125
,3710,,,,11760.912109375
,3711,,,,10671.9814453125
,3712,,,,10067.056640625
,3713,,,,10625.89453125
,3714,,,,11482.046875
,3715,,,,9927.6904296875
,3716,,,,12540.9453125
,3717,,,,8665.177734375
,3718,,,,11046.546875
,3719,,,,10321.8642578125
59,14699,,,10149.9443359375,
59,14699,10156.6826171875,,,
60,14749,,9265.6015625,,
60,14799,,11586.9609375,,
60,14849,,10970.365234375,,
60,14899,,11018.658203125,,
,3720,,,,7784.7353515625
,3721,,,,8856.8525390625
,3722,,,,10450.0859375
,3723,,,,11939.103515625
,3724,,,,8892.291015625
,3725,,,,8777.0302734375
,3726,,,,9573.66015625
,3727,,,,7974.30712890625
,3728,,,,10139.01171875
,3729,,,,11245.25390625
,3730,,,,8148.7294921875
,3731,,,,7581.1904296875
,3732,,,,13689.990234375
,3733,,,,9242.763671875
,3734,,,,9901.8935546875
,3735,,,,10953.9970703125
,3736,,,,9606.34375
,3737,,,,12815.716796875
,3738,,,,9929.1767578125
,3739,,,,11257.05078125
,3740,,,,11588.416015625
,3741,,,,10223.4970703125
,3742,,,,11323.064453125
,3743,,,,11104.5634765625
,3744,,,,11705.99609375
,3745,,,,11133.1650390625
,3746,,,,7354.68408203125
,3747,,,,10460.4169921875
,3748,,,,8846.740234375
,3749,,,,12223.166015625
,3750,,,,10865.8193359375
,3751,,,,9981.6630859375
,3752,,,,9793.6025390625
,3753,,,,11402.064453125
,3754,,,,9053.7119140625
,3755,,,,10192.6455078125
,3756,,,,9907.6796875
,3757,,,,6965.21044921875
,3758,,,,11478.21875
,3759,,,,10459.7099609375
,3760,,,,9997.177734375
,3761,,,,9626.326171875
,3762,,,,9730.3369140625
,3763,,,,11206.384765625
,3764,,,,7371.7265625
,3765,,,,10664.904296875
,3766,,,,8297.0244140625
,3767,,,,9250.7978515625
,3768,,,,8333.669921875
,3769,,,,12849.03125
,3770,,,,9534.443359375
,3771,,,,8464.55859375
,3772,,,,11718.8359375
,3773,,,,10620.0771484375
,3774,,,,9983.984375
,3775,,,,10577.533203125
,3776,,,,11427.099609375
,3777,,,,9873.9111328125
,3778,,,,12505.8203125
,3779,,,,8647.599609375
,3780,,,,11004.0947265625
,3781,,,,10339.5390625
60,14944,,,10107.53125,
60,14944,10125.4501953125,,,
61,14949,,10183.744140625,,
61,14999,,8269.140625,,
61,15049,,11539.7314453125,,
61,15099,,9879.52734375,,
61,15149,,10437.4033203125,,
,3782,,,,7780.66259765625
,3783,,,,8824.767578125
,3784,,,,10390.0107421875
,3785,,,,11911.3955078125
,3786,,,,8862.470703125
,3787,,,,8730.763671875
,3788,,,,9532.224609375
,3789,,,,7920.69580078125
,3790,,,,10098.1259765625
,3791,,,,11212.28125
,3792,,,,8131.82861328125
,3793,,,,7514.97607421875
,3794,,,,13669.2197265625
,3795,,,,9208.8603515625
,3796,,,,9872.6337890625
,3797,,,,10892.94921875
,3798,,,,9541.2841796875
,3799,,,,12801.6689453125
,3800,,,,9898.974609375
,3801,,,,11174.935546875
,3802,,,,11528.822265625
,3803,,,,10197.4453125
,3804,,,,11271.8154296875
,3805,,,,11036.783203125
,3806,,,,11672.1611328125
,3807,,,,11094.74609375
,3808,,,,7330.92578125
,3809,,,,10423.80078125
,3810,,,,8794.740234375
,3811,,,,12186.462890625
,3812,,,,10821.9033203125
,3813,,,,9935.8203125
,3814,,,,9756.412109375
,3815,,,,11349.2763671875
,3816,,,,9032.623046875
,3817,,,,10140.3193359375
,3818,,,,9874.947265625
,3819,,,,6939.94189453125
,3820,,,,11473.32421875
,3821,,,,10427.40234375
,3822,,,,9952.826171875
,3823,,,,9579.30078125
,3824,,,,9718.5859375
,3825,,,,11168.689453125
,3826,,,,7309.302734375
,3827,,,,10646.78515625
,3828,,,,8267.5302734375
,3829,,,,9232.43359375
,3830,,,,8303.44921875
,3831,,,,12792.677734375
,3832,,,,9514.84765625
,3833,,,,8420.701171875
,3834,,,,11689.439453125
,3835,,,,10600.3203125
,3836,,,,9982.466796875
,3837,,,,10564.2890625
,3838,,,,11391.1298828125
,3839,,,,9865.6171875
,3840,,,,12470.8984375
,3841,,,,8606.609375
,3842,,,,10983.78515625
,3843,,,,10267.576171875
61,15189,,,10071.5576171875,
61,15189,10118.9794921875,,,
62,15199,,12106.796875,,
62,15249,,10688.0244140625,,
62,15299,,10807.6455078125,,
62,15349,,9480.44140625,,
62,15399,,10428.318359375,,
,3844,,,,7771.283203125
,3845,,,,8825.205078125
,3846,,,,10388.853515625
,3847,,,,11911.0263671875
,3848,,,,8846.30078125
,3849,,,,8740.8447265625
,3850,,,,9517.1953125
,3851,,,,7941.72265625
,3852,,,,10093.4931640625
,3853,,,,11194.775390625
,3854,,,,8132.208984375
,3855,,,,7523.443359375
,3856,,,,13639.1484375
,3857,,,,9216.15234375
,3858,,,,9858.91796875
,3859,,,,10873.4482421875
,3860,,,,9549.0869140625
,3861,,,,12793.017578125
,3862,,,,9891.2509765625
,3863,,,,11195.474609375
,3864,,,,11519.89453125
,3865,,,,10201.5263671875
,3866,,,,11291.0390625
,3867,,,,11055.3193359375
,3868,,,,11679.197265625
,3869,,,,11048.763671875
,3870,,,,7318.4853515625
,3871,,,,10420.7822265625
,3872,,,,8786.1904296875
,3873,,,,12186.0947265625
,3874,,,,10791.28125
,3875,,,,9921.9921875
,3876,,,,9770.068359375
,3877,,,,11342.2646484375
,3878,,,,9024.333984375
,3879,,,,10120.84765625
,3880,,,,9871.3076171875
,3881,,,,6946.75341796875
,3882,,,,11448.9375
,3883,,,,10419.283203125
,3884,,,,9950.28125
,3885,,,,9563.2421875
,3886,,,,9734.6796875
,3887,,,,11178.099609375
,3888,,,,7316.802734375
,3889,,,,10633.7890625
,3890,,,,8240.490234375
,3891,,,,9239.78515625
,3892,,,,8305.810546875
,3893,,,,12785.9853515625
,3894,,,,9512.0009765625
,3895,,,,8415.4697265625
,3896,,,,11707.7763671875
,3897,,,,10591.5771484375
,3898,,,,9957.9013671875
,3899,,,,10524.5859375
,3900,,,,11371.9130859375
,3901,,,,9845.046875
,3902,,,,12463.26953125
,3903,,,,8584.4296875
,3904,,,,10983.291015625
,3905,,,,10255.5
62,15434,,,10065.818359375,
62,15434,10094.14453125,,,
63,15449,,8274.568359375,,
63,15499,,11956.224609375,,
63,15549,,9803.865234375,,
63,15599,,9976.8505859375,,
63,15649,,8751.8125,,
,3906,,,,7732.5830078125
,3907,,,,8784.5029296875
,3908,,,,10336.35546875
,3909,,,,11855.7138671875
,3910,,,,8799.3505859375
,3911,,,,8696.4375
,3912,,,,9461.9453125
,3913,,,,7874.6552734375
,3914,,,,10037.763671875
,3915,,,,11136.94921875
,3916,,,,8070.294921875
,3917,,,,7443.7236328125
,3918,,,,13585.2109375
,3919,,,,9146.3212890625
,3920,,,,9798.296875
,3921,,,,10836.87109375
,3922,,,,9489.849609375
,3923,,,,12702.341796875
,3924,,,,9821.8662109375
,3925,,,,11137.16796875
,3926,,,,11484.609375
,3927,,,,10135.3017578125
,3928,,,,11214.3896484375
,3929,,,,10980.33984375
,3930,,,,11613.904296875
,3931,,,,11011.42578125
,3932,,,,7275.998046875
,3933,,,,10372.833984375
,3934,,,,8753.6669921875
,3935,,,,12123.1396484375
,3936,,,,10742.7890625
,3937,,,,9887.4873046875
,3938,,,,9697.4501953125
,3939,,,,11284.146484375
,3940,,,,8980.8134765625
,3941,,,,10062.671875
,3942,,,,9805.9287109375
,3943,,,,6890.654296875
,3944,,,,11421.51953125
,3945,,,,10396.09375
,3946,,,,9929.345703125
,3947,,,,9512.15625
,3948,,,,9662.09375
,3949,,,,11137.734375
,3950,,,,7271.021484375
,3951,,,,10594.40625
,3952,,,,8218.75390625
,3953,,,,9174.126953125
,3954,,,,8243.1357421875
,3955,,,,12742.16015625
,3956,,,,9465.4072265625
,3957,,,,8375.20703125
,3958,,,,11622.4013671875
,3959,,,,10577.595703125
,3960,,,,9925.919921875
,3961,,,,10483.306640625
,3962,,,,11343.037109375
,3963,,,,9784.568359375
,3964,,,,12386.216796875
,3965,,,,8551.9013671875
,3966,,,,10919.7607421875
,3967,,,,10235.18359375
63,15679,,,10013.96875,
63,15679,10089.0,,,
64,15699,,9900.5908203125,,
64,15749,,10318.96875,,
64,15799,,10646.998046875,,
64,15849,,9351.662109375,,
64,15899,,11149.6201171875,,
,3968,,,,7729.673828125
,3969,,,,8781.337890625
,3970,,,,10352.81640625
,3971,,,,11854.8671875
,3972,,,,8794.5126953125
,3973,,,,8715.0185546875
,3974,,,,9476.205078125
,3975,,,,7873.2109375
,3976,,,,10061.4736328125
,3977,,,,11125.37890625
,3978,,,,8095.77490234375
,3979,,,,7476.375
,3980,,,,13583.8525390625
,3981,,,,9136.0849609375
,3982,,,,9808.4619140625
,3983,,,,10841.3193359375
,3984,,,,9516.224609375
,3985,,,,12744.587890625
,3986,,,,9822.43359375
,3987,,,,11148.25390625
,3988,,,,11489.3662109375
,3989,,,,10139.88671875
,3990,,,,11224.83203125
,3991,,,,10969.6630859375
,3992,,,,11609.169921875
,3993,,,,11010.8330078125
,3994,,,,7289.97509765625
,3995,,,,10380.0859375
,3996,,,,8738.833984375
,3997,,,,12121.625
,3998,,,,10747.8828125
,3999,,,,9895.0908203125
,4000,,,,9714.55859375
,4001,,,,11281.052734375
,4002,,,,8986.4853515625
,4003,,,,10083.37890625
,4004,,,,9827.388671875
,4005,,,,6918.36328125
,4006,,,,11408.607421875
,4007,,,,10379.640625
,4008,,,,9899.2861328125
,4009,,,,9520.30078125
,4010,,,,9707.041015625
,4011,,,,11120.90234375
,4012,,,,7270.4404296875
,4013,,,,10605.0234375
,4014,,,,8226.015625
,4015,,,,9181.927734375
,4016,,,,8255.681640625
,4017,,,,12743.5048828125
,4018,,,,9467.6484375
,4019,,,,8383.2265625
,4020,,,,11644.9609375
,4021,,,,10537.763671875
,4022,,,,9929.64453125
,4023,,,,10482.74609375
,4024,,,,11343.44140625
,4025,,,,9789.6787109375
,4026,,,,12402.4140625
,4027,,,,8540.5517578125
,4028,,,,10935.8544921875
,4029,,,,10248.2529296875
64,15924,,,10019.5517578125,
64,15924,10075.34765625,,,
65,15949,,10647.0703125,,
65,15999,,8885.626953125,,
65,16049,,9229.48046875,,
65,16099,,13403.25390625,,
65,16149,,10417.5,,
,4030,,,,7770.2294921875
,4031,,,,8829.93359375
,4032,,,,10343.0302734375
,4033,,,,11874.46484375
,4034,,,,8832.92578125
,4035,,,,8710.341796875
,4036,,,,9466.19921875
,4037,,,,7899.248046875
,4038,,,,10065.2685546875
,4039,,,,11165.5068359375
,4040,,,,8075.03662109375
,4041,,,,7500.1689453125
,4042,,,,13604.7314453125
,4043,,,,9174.7490234375
,4044,,,,9824.0751953125
,4045,,,,10854.57421875
,4046,,,,9517.66796875
,4047,,,,12753.6748046875
,4048,,,,9849.759765625
,4049,,,,11149.048828125
,4050,,,,11505.5947265625
,4051,,,,10126.22265625
,4052,,,,11236.525390625
,4053,,,,11016.265625
,4054,,,,11643.3212890625
,4055,,,,11067.287109375
,4056,,,,7277.1484375
,4057,,,,10394.044921875
,4058,,,,8779.47265625
,4059,,,,12133.1943359375
,4060,,,,10790.84375
,4061,,,,9934.2421875
,4062,,,,9715.037109375
,4063,,,,11321.994140625
,4064,,,,9013.3125
,4065,,,,10111.333984375
,4066,,,,9853.900390625
,4067,,,,6910.52392578125
,4068,,,,11399.189453125
,4069,,,,10375.3056640625
,4070,,,,9918.6162109375
,4071,,,,9519.80078125
,4072,,,,9679.5546875
,4073,,,,11141.3974609375
,4074,,,,7294.5673828125
,4075,,,,10613.25390625
,4076,,,,8244.908203125
,4077,,,,9193.6474609375
,4078,,,,8267.7158203125
,4079,,,,12779.201171875
,4080,,,,9500.7802734375
,4081,,,,8412.4580078125
,4082,,,,11679.021484375
,4083,,,,10578.173828125
,4084,,,,9976.26171875
,4085,,,,10507.908203125
,4086,,,,11404.69140625
,4087,,,,9784.1513671875
,4088,,,,12394.7109375
,4089,,,,8572.6787109375
,4090,,,,10943.45703125
,4091,,,,10224.5341796875
65,16169,,,10037.921875,
65,16169,10056.791015625,,,
66,16199,,9792.6875,,
66,16249,,8980.9130859375,,
66,16299,,11737.40234375,,
66,16349,,10207.62109375,,
66,16399,,9542.599609375,,
,4092,,,,7737.11767578125
,4093,,,,8772.8818359375
,4094,,,,10312.251953125
,4095,,,,11825.837890625
,4096,,,,8810.37890625
,4097,,,,8689.927734375
,4098,,,,9422.9033203125
,4099,,,,7875.76611328125
,4100,,,,10065.8076171875
,4101,,,,11115.724609375
,4102,,,,8062.3857421875
,4103,,,,7471.0966796875
,4104,,,,13595.978515625
,4105,,,,9141.7548828125
,4106,,,,9828.015625
,4107,,,,10824.2412109375
,4108,,,,9493.5078125
,4109,,,,12748.107421875
,4110,,,,9836.0986328125
,4111,,,,11108.53125
,4112,,,,11443.333984375
,4113,,,,10112.912109375
,4114,,,,11213.029296875
,4115,,,,10979.28125
,4116,,,,11606.283203125
,4117,,,,11028.96484375
,4118,,,,7249.0126953125
,4119,,,,10372.6220703125
,4120,,,,8735.63671875
,4121,,,,12089.8232421875
,4122,,,,10748.423828125
,4123,,,,9908.37890625
,4124,,,,9685.53125
,4125,,,,11286.111328125
,4126,,,,8966.2265625
,4127,,,,10089.951171875
,4128,,,,9792.9853515625
,4129,,,,6896.3427734375
,4130,,,,11401.873046875
,4131,,,,10361.71875
,4132,,,,9905.04296875
,4133,,,,9482.828125
,4134,,,,9682.3828125
,4135,,,,11162.287109375
,4136,,,,7253.4013671875
,4137,,,,10596.28515625
,4138,,,,8213.6259765625
,4139,,,,9166.240234375
,4140,,,,8235.673828125
,4141,,,,12736.828125
,4142,,,,9477.2568359375
,4143,,,,8362.388671875
,4144,,,,11671.533203125
,4145,,,,10538.5263671875
,4146,,,,9947.1494140625
,4147,,,,10469.8642578125
,4148,,,,11374.583984375
,4149,,,,9772.0556640625
,4150,,,,12337.96484375
,4151,,,,8550.66015625
,4152,,,,10927.2333984375
,4153,,,,10185.0380859375
66,16414,,,10009.98046875,
66,16414,10039.2333984375,,,
67,16449,,10197.63671875,,
67,16499,,10996.552734375,,
67,16549,,9291.201171875,,
67,16599,,11418.80859375,,
67,16649,,9974.505859375,,
,4154,,,,7688.09375
,4155,,,,8729.48828125
,4156,,,,10282.216796875
,4157,,,,11805.8564453125
,4158,,,,8742.0244140625
,4159,,,,8656.830078125
,4160,,,,9402.02734375
,4161,,,,7837.5595703125
,4162,,,,10020.119140625
,4163,,,,11065.0078125
,4164,,,,8054.0078125
,4165,,,,7446.509765625
,4166,,,,13530.943359375
,4167,,,,9121.009765625
,4168,,,,9764.337890625
,4169,,,,10779.25390625
,4170,,,,9464.7890625
,4171,,,,12715.259765625
,4172,,,,9785.689453125
,4173,,,,11058.6513671875
,4174,,,,11390.390625
,4175,,,,10074.2587890625
,4176,,,,11163.587890625
,4177,,,,10941.0830078125
,4178,,,,11564.732421875
,4179,,,,10968.58984375
,4180,,,,7225.7626953125
,4181,,,,10294.39453125
,4182,,,,8724.755859375
,4183,,,,12047.2568359375
,4184,,,,10695.587890625
,4185,,,,9838.3876953125
,4186,,,,9654.2451171875
,4187,,,,11236.0849609375
,4188,,,,8949.884765625
,4189,,,,10044.19921875
,4190,,,,9777.7119140625
,4191,,,,6859.1015625
,4192,,,,11363.0390625
,4193,,,,10326.1484375
,4194,,,,9846.1396484375
,4195,,,,9451.6884765625
,4196,,,,9643.4033203125
,4197,,,,11115.9609375
,4198,,,,7228.4111328125
,4199,,,,10548.52734375
,4200,,,,8151.6865234375
,4201,,,,9112.7080078125
,4202,,,,8219.078125
,4203,,,,12657.5419921875
,4204,,,,9400.6455078125
,4205,,,,8305.38671875
,4206,,,,11625.6005859375
,4207,,,,10470.490234375
,4208,,,,9852.115234375
,4209,,,,10420.998046875
,4210,,,,11300.4677734375
,4211,,,,9751.8984375
,4212,,,,12307.9453125
,4213,,,,8504.02734375
,4214,,,,10880.96875
,4215,,,,10162.255859375
67,16659,,,9966.0234375,
67,16659,10026.5712890625,,,
68,16699,,10194.017578125,,
68,16749,,10179.6611328125,,
68,16799,,9587.728515625,,
68,16849,,9824.37890625,,
68,16899,,9331.26171875,,
,4216,,,,7663.185546875
,4217,,,,8737.3935546875
,4218,,,,10279.318359375
,4219,,,,11796.1748046875
,4220,,,,8724.802734375
,4221,,,,8659.935546875
,4222,,,,9393.37109375
,4223,,,,7833.4677734375
,4224,,,,10011.5400390625
,4225,,,,11066.115234375
,4226,,,,8036.0673828125
,4227,,,,7430.63916015625
,4228,,,,13526.0341796875
,4229,,,,9109.8681640625
,4230,,,,9745.28125
,4231,,,,10759.498046875
,4232,,,,9449.0263671875
,4233,,,,12679.4921875
,4234,,,,9775.74609375
,4235,,,,11083.26171875
,4236,,,,11401.5517578125
,4237,,,,10064.666015625
,4238,,,,11150.734375
,4239,,,,10919.1025390625
,4240,,,,11529.1357421875
,4241,,,,10971.8837890625
,4242,,,,7237.490234375
,4243,,,,10307.5087890625
,4244,,,,8715.517578125
,4245,,,,12033.7998046875
,4246,,,,10692.0517578125
,4247,,,,9839.302734375
,4248,,,,9631.7802734375
,4249,,,,11219.6953125
,4250,,,,8915.5791015625
,4251,,,,10031.2275390625
,4252,,,,9765.8037109375
,4253,,,,6866.4599609375
,4254,,,,11359.75390625
,4255,,,,10315.7763671875
,4256,,,,9834.1533203125
,4257,,,,9450.572265625
,4258,,,,9640.6884765625
,4259,,,,11087.521484375
,4260,,,,7221.505859375
,4261,,,,10550.068359375
,4262,,,,8158.166015625
,4263,,,,9098.6796875
,4264,,,,8207.279296875
,4265,,,,12665.2265625
,4266,,,,9403.1171875
,4267,,,,8311.087890625
,4268,,,,11599.0732421875
,4269,,,,10451.791015625
,4270,,,,9843.6123046875
,4271,,,,10408.27734375
,4272,,,,11283.828125
,4273,,,,9751.3515625
,4274,,,,12296.0341796875
,4275,,,,8502.947265625
,4276,,,,10861.8837890625
,4277,,,,10153.498046875
68,16904,,,9957.3583984375,
68,16904,10019.443359375,,,
69,16949,,8605.2890625,,
69,16999,,8777.5087890625,,
69,17049,,9142.9990234375,,
69,17099,,10879.2216796875,,
69,17149,,9078.5400390625,,
,4278,,,,7661.86181640625
,4279,,,,8747.2890625
,4280,,,,10275.3203125
,4281,,,,11791.4990234375
,4282,,,,8744.2802734375
,4283,,,,8652.794921875
,4284,,,,9396.79296875
,4285,,,,7830.7685546875
,4286,,,,10005.50390625
,4287,,,,11063.125
,4288,,,,8024.224609375
,4289,,,,7429.6337890625
,4290,,,,13520.849609375
,4291,,,,9103.5654296875
,4292,,,,9744.416015625
,4293,,,,10747.447265625
,4294,,,,9451.3623046875
,4295,,,,12658.896484375
,4296,,,,9781.296875
,4297,,,,11083.86328125
,4298,,,,11408.2646484375
,4299,,,,10060.232421875
,4300,,,,11146.8935546875
,4301,,,,10936.708984375
,4302,,,,11529.482421875
,4303,,,,10985.7578125
,4304,,,,7230.806640625
,4305,,,,10302.298828125
,4306,,,,8710.94140625
,4307,,,,12035.46875
,4308,,,,10691.4443359375
,4309,,,,9842.6748046875
,4310,,,,9637.154296875
,4311,,,,11224.166015625
,4312,,,,8908.6630859375
,4313,,,,10022.185546875
,4314,,,,9762.759765625
,4315,,,,6858.95849609375
,4316,,,,11344.3271484375
,4317,,,,10306.177734375
,4318,,,,9840.841796875
,4319,,,,9439.3046875
,4320,,,,9626.9052734375
,4321,,,,11089.4541015625
,4322,,,,7224.701171875
,4323,,,,10536.662109375
,4324,,,,8165.626953125
,4325,,,,9102.435546875
,4326,,,,8193.4296875
,4327,,,,12660.318359375
,4328,,,,9410.1513671875
,4329,,,,8330.876953125
,4330,,,,11593.6767578125
,4331,,,,10458.8046875
,4332,,,,9844.5078125
,4333,,,,10404.0830078125
,4334,,,,11289.2763671875
,4335,,,,9740.33203125
,4336,,,,12290.416015625
,4337,,,,8506.2314453125
,4338,,,,10861.1328125
,4339,,,,10161.828125
69,17149,,,9955.97265625,
69,17149,10003.8623046875,,,
70,17199,,8791.919921875,,
70,17249,,10271.5927734375,,
70,17299,,11299.146484375,,
70,17349,,7826.328125,,
,4340,,,,7710.71044921875
,4341,,,,8780.1982421875
,4342,,,,10317.32421875
,4343,,,,11817.89453125
,4344,,,,8782.0625
,4345,,,,8671.046875
,4346,,,,9451.287109375
,4347,,,,7869.439453125
,4348,,,,10060.53125
,4349,,,,11121.0087890625
,4350,,,,8064.5263671875
,4351,,,,7470.0927734375
,4352,,,,13562.84765625
,4353,,,,9143.615234375
,4354,,,,9802.802734375
,4355,,,,10807.109375
,4356,,,,9469.90234375
,4357,,,,12687.755859375
,4358,,,,9823.9326171875
,4359,,,,11136.755859375
,4360,,,,11461.091796875
,4361,,,,10124.66796875
,4362,,,,11216.96875
,4363,,,,10970.7451171875
,4364,,,,11587.240234375
,4365,,,,11023.115234375
,4366,,,,7275.19482421875
,4367,,,,10362.83203125
,4368,,,,8724.171875
,4369,,,,12061.8515625
,4370,,,,10724.5927734375
,4371,,,,9880.18359375
,4372,,,,9668.2919921875
,4373,,,,11250.0625
,4374,,,,8932.23828125
,4375,,,,10081.7841796875
,4376,,,,9808.9443359375
,4377,,,,6911.7138671875
,4378,,,,11385.51953125
,4379,,,,10340.71875
,4380,,,,9877.1826171875
,4381,,,,9490.3779296875
,4382,,,,9695.36328125
,4383,,,,11102.962890625
,4384,,,,7257.6845703125
,4385,,,,10563.541015625
,4386,,,,8204.08984375
,4387,,,,9149.0048828125
,4388,,,,8225.376953125
,4389,,,,12707.884765625
,4390,,,,9455.46875
,4391,,,,8373.9990234375
,4392,,,,11644.375
,4393,,,,10513.6357421875
,4394,,,,9885.5341796875
,4395,,,,10446.3701171875
,4396,,,,11335.001953125
,4397,,,,9781.287109375
,4398,,,,12353.34765625
,4399,,,,8521.1943359375
,4400,,,,10911.626953125
,4401,,,,10194.126953125
70,17394,,,9998.0498046875,
70,17394,9983.6455078125,,,
71,17399,,10191.4296875,,
71,17449,,12469.2861328125,,
71,17499,,8544.4189453125,,
71,17549,,7868.2412109375,,
71,17599,,10885.671875,,
,4402,,,,7672.4677734375
,4403,,,,8716.1513671875
,4404,,,,10270.87109375
,4405,,,,11777.13671875
,4406,,,,8751.23046875
,4407,,,,8636.8447265625
,4408,,,,9403.486328125
,4409,,,,7823.85986328125
,4410,,,,9995.23828125
,4411,,,,11049.564453125
,4412,,,,8031.64208984375
,4413,,,,7418.45703125
,4414,,,,13492.845703125
,4415,,,,9114.818359375
,4416,,,,9775.275390625
,4417,,,,10758.263671875
,4418,,,,9424.0830078125
,4419,,,,12653.69140625
,4420,,,,9772.8203125
,4421,,,,11050.203125
,4422,,,,11381.423828125
,4423,,,,10080.6630859375
,4424,,,,11166.818359375
,4425,,,,10935.8994140625
,4426,,,,11546.818359375
,4427,,,,10966.53515625
,4428,,,,7216.91796875
,4429,,,,10283.609375
,4430,,,,8691.4296875
,4431,,,,12024.986328125
,4432,,,,10680.4365234375
,4433,,,,9826.169921875
,4434,,,,9602.236328125
,4435,,,,11213.73828125
,4436,,,,8915.73046875
,4437,,,,10032.818359375
,4438,,,,9759.4931640625
,4439,,,,6857.26318359375
,4440,,,,11356.806640625
,4441,,,,10289.6181640625
,4442,,,,9832.080078125
,4443,,,,9435.0986328125
,4444,,,,9662.12109375
,4445,,,,11074.556640625
,4446,,,,7214.06884765625
,4447,,,,10504.78125
,4448,,,,8149.8876953125
,4449,,,,9110.7490234375
,4450,,,,8196.564453125
,4451,,,,12623.708984375
,4452,,,,9414.2099609375
,4453,,,,8291.4130859375
,4454,,,,11625.087890625
,4455,,,,10487.4521484375
,4456,,,,9849.3486328125
,4457,,,,10406.2783203125
,4458,,,,11296.369140625
,4459,,,,9740.12890625
,4460,,,,12288.5849609375
,4461,,,,8485.01953125
,4462,,,,10880.2900390625
,4463,,,,10143.953125
71,17639,,,9951.283203125,
71,17639,9966.80078125,,,
72,17649,,12659.220703125,,
72,17699,,9544.8681640625,,
72,17749,,9309.3203125,,
72,17799,,10303.310546875,,
72,17849,,8416.123046875,,
,4464,,,,7632.65087890625
,4465,,,,8684.6884765625
,4466,,,,10245.51953125
,4467,,,,11737.388671875
,4468,,,,8703.615234375
,4469,,,,8601.25390625
,4470,,,,9354.0380859375
,4471,,,,7789.92529296875
,4472,,,,9969.796875
,4473,,,,11005.51171875
,4474,,,,7996.6611328125
,4475,,,,7366.5537109375
,4476,,,,13464.984375
,4477,,,,9063.4150390625
,4478,,,,9714.92578125
,4479,,,,10718.251953125
,4480,,,,9388.419921875
,4481,,,,12589.8828125
,4482,,,,9722.42578125
,4483,,,,11009.099609375
,4484,,,,11361.080078125
,4485,,,,10030.845703125
,4486,,,,11100.74609375
,4487,,,,10877.453125
,4488,,,,11496.1953125
,4489,,,,10930.38671875
,4490,,,,7207.037109375
,4491,,,,10248.3212890625
,4492,,,,8676.572265625
,4493,,,,11970.103515625
,4494,,,,10634.7265625
,4495,,,,9793.810546875
,4496,,,,9575.474609375
,4497,,,,11165.3759765625
,4498,,,,8882.6728515625
,4499,,,,9981.265625
,4500,,,,9720.3798828125
,4501,,,,6821.9658203125
,4502,,,,11336.0947265625
,4503,,,,10272.677734375
,4504,,,,9798.02734375
,4505,,,,9409.44921875
,4506,,,,9618.630859375
,4507,,,,11027.837890625
,4508,,,,7183.68701171875
,4509,,,,10483.771484375
,4510,,,,8128.93994140625
,4511,,,,9076.544921875
,4512,,,,8157.87109375
,4513,,,,12599.4384765625
,4514,,,,9368.6572265625
,4515,,,,8262.603515625
,4516,,,,11560.4091796875
,4517,,,,10438.06640625
,4518,,,,9799.5302734375
,4519,,,,10375.794921875
,4520,,,,11258.7353515625
,4521,,,,9716.5634765625
,4522,,,,12236.3408203125
,4523,,,,8462.755859375
,4524,,,,10837.294921875
,4525,,,,10119.955078125
72,17884,,,9912.9248046875,
72,17884,9956.662109375,,,
73,17899,,7448.3974609375,,
73,17949,,7836.53515625,,
73,17999,,10253.625,,
73,18049,,8403.29296875,,
73,18099,,7577.70361328125,,
,4526,,,,7658.5126953125
,4527,,,,8718.654296875
,4528,,,,10222.662109375
,4529,,,,11729.146484375
,4530,,,,8711.8935546875
,4531,,,,8597.81640625
,4532,,,,9348.1337890625
,4533,,,,7783.26123046875
,4534,,,,9977.044921875
,4535,,,,11022.828125
,4536,,,,7976.55322265625
,4537,,,,7357.34716796875
,4538,,,,13465.8125
,4539,,,,9047.384765625
,4540,,,,9732.98046875
,4541,,,,10710.205078125
,4542,,,,9390.2578125
,4543,,,,12572.50390625
,4544,,,,9745.5234375
,4545,,,,11023.767578125
,4546,,,,11368.4501953125
,4547,,,,10012.8291015625
,4548,,,,11090.0986328125
,4549,,,,10891.1982421875
,4550,,,,11478.8759765625
,4551,,,,10958.92578125
,4552,,,,7210.884765625
,4553,,,,10265.484375
,4554,,,,8667.294921875
,4555,,,,11966.6455078125
,4556,,,,10662.3017578125
,4557,,,,9829.744140625
,4558,,,,9598.7080078125
,4559,,,,11188.3203125
,4560,,,,8856.529296875
,4561,,,,9973.23046875
,4562,,,,9704.173828125
,4563,,,,6839.353515625
,4564,,,,11310.578125
,4565,,,,10250.361328125
,4566,,,,9796.650390625
,4567,,,,9402.42578125
,4568,,,,9598.50390625
,4569,,,,11024.9560546875
,4570,,,,7183.2294921875
,4571,,,,10496.421875
,4572,,,,8133.58984375
,4573,,,,9058.7431640625
,4574,,,,8146.3046875
,4575,,,,12629.3818359375
,4576,,,,9385.78515625
,4577,,,,8284.783203125
,4578,,,,11540.0693359375
,4579,,,,10428.5263671875
,4580,,,,9844.859375
,4581,,,,10388.185546875
,4582,,,,11272.5185546875
,4583,,,,9709.470703125
,4584,,,,12237.73828125
,4585,,,,8462.111328125
,4586,,,,10824.83984375
,4587,,,,10120.7607421875
73,18129,,,9914.92578125,
73,18129,9947.1279296875,,,
74,18149,,7595.892578125,,
74,18199,,9607.7421875,,
74,18249,,11113.228515625,,
74,18299,,10759.4140625,,
74,18349,,11000.984375,,
,4588,,,,7622.38232421875
,4589,,,,8689.427734375
,4590,,,,10219.451171875
,4591,,,,11720.98828125
,4592,,,,8677.4833984375
,4593,,,,8590.259765625
,4594,,,,9337.046875
,4595,,,,7774.0517578125
,4596,,,,9936.451171875
,4597,,,,10990.4833984375
,4598,,,,7978.08447265625
,4599,,,,7360.1220703125
,4600,,,,13436.498046875
,4601,,,,9047.4697265625
,4602,,,,9690.8173828125
,4603,,,,10683.27734375
,4604,,,,9378.2060546875
,4605,,,,12584.3857421875
,4606,,,,9726.193359375
,4607,,,,11003.83203125
,4608,,,,11326.2255859375
,4609,,,,9999.314453125
,4610,,,,11056.892578125
,4611,,,,10859.3994140625
,4612,,,,11458.30859375
,4613,,,,10921.0361328125
,4614,,,,7189.7958984375
,4615,,,,10228.5986328125
,4616,,,,8649.8505859375
,4617,,,,11962.24609375
,4618,,,,10624.90625
,4619,,,,9791.0537109375
,4620,,,,9574.50390625
,4621,,,,11148.4013671875
,4622,,,,8850.9765625
,4623,,,,9977.373046875
,4624,,,,9685.615234375
,4625,,,,6810.98828125
,4626,,,,11276.0498046875
,4627,,,,10223.3984375
,4628,,,,9757.80859375
,4629,,,,9390.7451171875
,4630,,,,9593.4619140625
,4631,,,,11003.4853515625
,4632,,,,7162.72900390625
,4633,,,,10474.2265625
,4634,,,,8112.470703125
,4635,,,,9044.576171875
,4636,,,,8138.34765625
,4637,,,,12565.794921875
,4638,,,,9352.48046875
,4639,,,,8257.9755859375
,4640,,,,11541.431640625
,4641,,,,10399.896484375
,4642,,,,9795.5732421875
,4643,,,,10371.134765625
,4644,,,,11238.4052734375
,4645,,,,9714.146484375
,4646,,,,12206.7578125
,4647,,,,8452.17578125
,4648,,,,10819.3583984375
,4649,,,,10098.109375
74,18374,,,9893.4345703125,
74,18374,9931.759765625,,,
75,18399,,10453.3203125,,
75,18449,,11405.431640625,,
75,18499,,9950.4169921875,,
75,18549,,12075.349609375,,
75,18599,,10465.6865234375,,
,4650,,,,7610.6484375
,4651,,,,8688.5927734375
,4652,,,,10225.8994140625
,4653,,,,11709.1005859375
,4654,,,,8675.34375
,4655,,,,8588.86328125
,4656,,,,9340.78515625
,4657,,,,7760.84716796875
,4658,,,,9938.8447265625
,4659,,,,10977.203125
,4660,,,,7967.76806640625
,4661,,,,7349.57861328125
,4662,,,,13424.162109375
,4663,,,,9037.66796875
,4664,,,,9692.75390625
,4665,,,,10682.609375
,4666,,,,9365.8154296875
,4667,,,,12571.349609375
,4668,,,,9710.66796875
,4669,,,,10992.1572265625
,4670,,,,11335.384765625
,4671,,,,9992.791015625
,4672,,,,11061.287109375
,4673,,,,10856.4228515625
,4674,,,,11452.0166015625
,4675,,,,10903.0712890625
,4676,,,,7187.3603515625
,4677,,,,10202.216796875
,4678,,,,8649.64453125
,4679,,,,11952.306640625
,4680,,,,10602.607421875
,4681,,,,9770.310546875
,4682,,,,9560.5732421875
,4683,,,,11154.087890625
,4684,,,,8837.5888671875
,4685,,,,9963.6650390625
,4686,,,,9679.6953125
,4687,,,,6797.89306640625
,4688,,,,11287.296875
,4689,,,,10232.3095703125
,4690,,,,9769.01953125
,4691,,,,9394.7138671875
,4692,,,,9587.03515625
,4693,,,,10994.2275390625
,4694,,,,7167.783203125
,4695,,,,10462.671875
,4696,,,,8102.7587890625
,4697,,,,9042.05859375
,4698,,,,8126.09912109375
,4699,,,,12579.349609375
,4700,,,,9342.56640625
,4701,,,,8256.98046875
,4702,,,,11517.501953125
,4703,,,,10405.736328125
,4704,,,,9763.982421875
,4705,,,,10356.43359375
,4706,,,,11231.267578125
,4707,,,,9693.6708984375
,4708,,,,12195.7587890625
,4709,,,,8447.9580078125
,4710,,,,10815.0751953125
,4711,,,,10116.4482421875
75,18619,,,9886.7548828125,
75,18619,9915.2626953125,,,
76,18649,,9258.46484375,,
76,18699,,7246.6171875,,
76,18749,,10268.4453125,,
76,18799,,9600.708984375,,
76,18849,,8078.84765625,,
,4712,,,,7607.146484375
,4713,,,,8676.52734375
,4714,,,,10177.3310546875
,4715,,,,11687.015625
,4716,,,,8647.51171875
,4717,,,,8549.4296875
,4718,,,,9318.939453125
,4719,,,,7725.5185546875
,4720,,,,9913.3701171875
,4721,,,,10943.2880859375
,4722,,,,7935.75390625
,4723,,,,7314.1220703125
,4724,,,,13383.388671875
,4725,,,,9007.07421875
,4726,,,,9672.025390625
,4727,,,,10658.6962890625
,4728,,,,9327.2421875
,4729,,,,12531.6484375
,4730,,,,9684.7734375
,4731,,,,10965.310546875
,4732,,,,11331.1396484375
,4733,,,,9971.697265625
,4734,,,,11036.5498046875
,4735,,,,10806.5361328125
,4736,,,,11416.228515625
,4737,,,,10884.4990234375
,4738,,,,7170.07666015625
,4739,,,,10192.08203125
,4740,,,,8634.232421875
,4741,,,,11905.765625
,4742,,,,10579.318359375
,4743,,,,9744.96484375
,4744,,,,9520.1484375
,4745,,,,11099.421875
,4746,,,,8826.80859375
,4747,,,,9932.345703125
,4748,,,,9670.65625
,4749,,,,6764.5888671875
,4750,,,,11264.068359375
,4751,,,,10201.6435546875
,4752,,,,9736.5
,4753,,,,9362.2314453125
,4754,,,,9553.416015625
,4755,,,,10953.4453125
,4756,,,,7123.9384765625
,4757,,,,10434.490234375
,4758,,,,8083.18408203125
,4759,,,,9014.021484375
,4760,,,,8102.8896484375
,4761,,,,12547.23046875
,4762,,,,9328.845703125
,4763,,,,8211.1767578125
,4764,,,,11493.802734375
,4765,,,,10389.115234375
,4766,,,,9751.41796875
,4767,,,,10343.751953125
,4768,,,,11203.140625
,4769,,,,9687.84765625
,4770,,,,12179.169921875
,4771,,,,8414.982421875
,4772,,,,10788.1171875
,4773,,,,10085.0029296875
76,18864,,,9859.525390625,
76,18864,9906.73046875,,,
77,18899,,9121.8046875,,
77,18949,,12550.59765625,,
77,18999,,9019.4892578125,,
77,19049,,9826.244140625,,
77,19099,,8430.4716796875,,
,4774,,,,7583.376953125
,4775,,,,8637.8203125
,4776,,,,10152.7861328125
,4777,,,,11654.740234375
,4778,,,,8612.453125
,4779,,,,8521.7529296875
,4780,,,,9273.884765625
,4781,,,,7701.72265625
,4782,,,,9869.490234375
,4783,,,,10898.3359375
,4784,,,,7904.3837890625
,4785,,,,7280.46435546875
,4786,,,,13363.07421875
,4787,,,,8985.23046875
,4788,,,,9625.935546875
,4789,,,,10632.916015625
,4790,,,,9310.369140625
,4791,,,,12492.228515625
,4792,,,,9643.439453125
,4793,,,,10922.509765625
,4794,,,,11280.1630859375
,4795,,,,9936.380859375
,4796,,,,10995.623046875
,4797,,,,10769.751953125
,4798,,,,11385.03125
,4799,,,,10843.83984375
,4800,,,,7127.890625
,4801,,,,10154.763671875
,4802,,,,8609.51171875
,4803,,,,11867.5859375
,4804,,,,10550.263671875
,4805,,,,9725.0751953125
,4806,,,,9488.451171875
,4807,,,,11054.3125
,4808,,,,8793.9296875
,4809,,,,9897.134765625
,4810,,,,9637.2578125
,4811,,,,6728.09423828125
,4812,,,,11239.2744140625
,4813,,,,10173.8125
,4814,,,,9712.076171875
,4815,,,,9331.76171875
,4816,,,,9528.66796875
,4817,,,,10938.9443359375
,4818,,,,7100.6787109375
,4819,,,,10400.751953125
,4820,,,,8051.62060546875
,4821,,,,8986.3515625
,4822,,,,8077.08837890625
,4823,,,,12497.63671875
,4824,,,,9289.25390625
,4825,,,,8183.7705078125
,4826,,,,11458.9736328125
,4827,,,,10349.990234375
,4828,,,,9718.037109375
,4829,,,,10303.046875
,4830,,,,11181.4453125
,4831,,,,9649.7431640625
,4832,,,,12117.6484375
,4833,,,,8392.7080078125
,4834,,,,10757.849609375
,4835,,,,10050.0576171875
77,19109,,,9826.2626953125,
77,19109,9885.7705078125,,,
78,19149,,7855.4990234375,,
78,19199,,9195.83203125,,
78,19249,,9062.5908203125,,
78,19299,,9034.76171875,,
78,19349,,10003.37890625,,
,4836,,,,7615.7998046875
,4837,,,,8662.6416015625
,4838,,,,10157.130859375
,4839,,,,11656.291015625
,4840,,,,8647.09765625
,4841,,,,8543.2861328125
,4842,,,,9269.1728515625
,4843,,,,7716.1982421875
,4844,,,,9896.78515625
,4845,,,,10923.1767578125
,4846,,,,7918.37841796875
,4847,,,,7299.677734375
,4848,,,,13381.2421875
,4849,,,,8990.484375
,4850,,,,9667.6572265625
,4851,,,,10623.8671875
,4852,,,,9339.626953125
,4853,,,,12512.0
,4854,,,,9678.93359375
,4855,,,,10932.4130859375
,4856,,,,11270.69921875
,4857,,,,9943.15234375
,4858,,,,11016.365234375
,4859,,,,10817.3935546875
,4860,,,,11390.728515625
,4861,,,,10866.64453125
,4862,,,,7142.9443359375
,4863,,,,10179.95703125
,4864,,,,8616.720703125
,4865,,,,11882.146484375
,4866,,,,10582.560546875
,4867,,,,9758.8701171875
,4868,,,,9511.2255859375
,4869,,,,11090.576171875
,4870,,,,8789.677734375
,4871,,,,9888.0673828125
,4872,,,,9624.53125
,4873,,,,6762.33740234375
,4874,,,,11238.90234375
,4875,,,,10159.611328125
,4876,,,,9729.5654296875
,4877,,,,9337.701171875
,4878,,,,9542.177734375
,4879,,,,10967.9453125
,4880,,,,7121.4677734375
,4881,,,,10428.0048828125
,4882,,,,8053.72265625
,4883,,,,9002.3046875
,4884,,,,8082.68896484375
,4885,,,,12532.990234375
,4886,,,,9320.583984375
,4887,,,,8201.20703125
,4888,,,,11470.7041015625
,4889,,,,10366.84375
,4890,,,,9748.443359375
,4891,,,,10310.8212890625
,4892,,,,11185.5263671875
,4893,,,,9652.78515625
,4894,,,,12129.1328125
,4895,,,,8384.7294921875
,4896,,,,10761.111328125
,4897,,,,10059.908203125
78,19354,,,9841.693359375,
78,19354,9877.228515625,,,
79,19399,,10329.58984375,,
79,19449,,9126.21875,,
79,19499,,9874.82421875,,
79,19549,,12352.669921875,,
79,19599,,11023.9658203125,,
,4898,,,,7567.95068359375
,4899,,,,8623.94921875
,4900,,,,10145.990234375
,4901,,,,11654.9189453125
,4902,,,,8607.87890625
,4903,,,,8518.8984375
,4904,,,,9280.98828125
,4905,,,,7692.1767578125
,4906,,,,9863.349609375
,4907,,,,10892.455078125
,4908,,,,7894.04296875
,4909,,,,7302.5263671875
,4910,,,,13330.61328125
,4911,,,,8979.36328125
,4912,,,,9630.6552734375
,4913,,,,10614.7412109375
,4914,,,,9320.8291015625
,4915,,,,12504.5498046875
,4916,,,,9636.052734375
,4917,,,,10922.30859375
,4918,,,,11254.34765625
,4919,,,,9927.943359375
,4920,,,,10989.2509765625
,4921,,,,10784.3330078125
,4922,,,,11382.5908203125
,4923,,,,10814.875
,4924,,,,7121.642578125
,4925,,,,10144.7607421875
,4926,,,,8609.8349609375
,4927,,,,11853.837890625
,4928,,,,10548.9375
,4929,,,,9711.1611328125
,4930,,,,9467.9853515625
,4931,,,,11057.9326171875
,4932,,,,8780.673828125
,4933,,,,9884.701171875
,4934,,,,9626.1259765625
,4935,,,,6731.92529296875
,4936,,,,11207.0908203125
,4937,,,,10142.359375
,4938,,,,9688.27734375
,4939,,,,9325.6396484375
,4940,,,,9526.583984375
,4941,,,,10916.7578125
,4942,,,,7105.6123046875
,4943,,,,10383.177734375
,4944,,,,8026.8505859375
,4945,,,,8977.076171875
,4946,,,,8078.4736328125
,4947,,,,12482.6484375
,4948,,,,9262.6474609375
,4949,,,,8154.7822265625
,4950,,,,11458.447265625
,4951,,,,10340.5107421875
,4952,,,,9693.560546875
,4953,,,,10282.3369140625
,4954,,,,11156.21875
,4955,,,,9628.853515625
,4956,,,,12107.494140625
,4957,,,,8368.052734375
,4958,,,,10748.08984375
,4959,,,,10054.11328125
79,19599,,,9816.240234375,
79,19599,9855.712890625,,,
80,19649,,6962.24609375,,
80,19699,,9657.416015625,,
80,19749,,11234.359375,,
80,19799,,9181.7919921875,,
,4960,,,,7608.05810546875
,4961,,,,8660.05078125
,4962,,,,10164.0078125
,4963,,,,11669.4677734375
,4964,,,,8662.5283203125
,4965,,,,8544.6201171875
,4966,,,,9275.53515625
,4967,,,,7726.7529296875
,4968,,,,9897.91796875
,4969,,,,10915.3486328125
,4970,,,,7916.36279296875
,4971,,,,7317.0615234375
,4972,,,,13377.17578125
,4973,,,,8998.0751953125
,4974,,,,9678.8330078125
,4975,,,,10641.970703125
,4976,,,,9350.1669921875
,4977,,,,12509.453125
,4978,,,,9674.0693359375
,4979,,,,10936.369140625
,4980,,,,11289.07421875
,4981,,,,9960.2470703125
,4982,,,,10999.5126953125
,4983,,,,10799.2783203125
,4984,,,,11406.3544921875
,4985,,,,10851.0751953125
,4986,,,,7151.078125
,4987,,,,10200.796875
,4988,,,,8644.302734375
,4989,,,,11869.330078125
,4990,,,,10573.2041015625
,4991,,,,9750.255859375
,4992,,,,9509.927734375
,4993,,,,11074.0673828125
,4994,,,,8832.494140625
,4995,,,,9914.58203125
,4996,,,,9647.8203125
,4997,,,,6774.3564453125
,4998,,,,11260.5361328125
,4999,,,,10197.548828125
,5000,,,,9747.6640625
,5001,,,,9355.697265625
,5002,,,,9551.34765625
,5003,,,,10975.92578125
,5004,,,,7135.5380859375
,5005,,,,10436.8349609375
,5006,,,,8065.30615234375
,5007,,,,9023.8359375
,5008,,,,8091.6298828125
,5009,,,,12518.20703125
,5010,,,,9318.095703125
,5011,,,,8201.296875
,5012,,,,11491.328125
,5013,,,,10400.748046875
,5014,,,,9745.912109375
,5015,,,,10302.3544921875
,5016,,,,11195.1396484375
,5017,,,,9658.3876953125
,5018,,,,12140.861328125
,5019,,,,8399.974609375
,5020,,,,10764.578125
,5021,,,,10048.3896484375
80,19844,,,9849.08203125,
80,19844,9846.49609375,,,
81,19849,,9966.2158203125,,
81,19899,,9442.662109375,,
81,19949,,12872.455078125,,
81,19999,,9626.9453125,,
81,20049,,8754.591796875,,
,5022,,,,7575.97607421875
,5023,,,,8640.013671875
,5024,,,,10139.501953125
,5025,,,,11651.5234375
,5026,,,,8615.0498046875
,5027,,,,8512.1591796875
,5028,,,,9296.044921875
,5029,,,,7695.087890625
,5030,,,,9881.998046875
,5031,,,,10912.31640625
,5032,,,,7900.30859375
,5033,,,,7295.0615234375
,5034,,,,13351.9462890625
,5035,,,,8975.34375
,5036,,,,9651.8798828125
,5037,,,,10634.298828125
,5038,,,,9302.775390625
,5039,,,,12495.162109375
,5040,,,,9641.08203125
,5041,,,,10939.859375
,5042,,,,11282.587890625
,5043,,,,9958.486328125
,5044,,,,11000.017578125
,5045,,,,10765.552734375
,5046,,,,11381.9140625
,5047,,,,10819.04296875
,5048,,,,7148.3916015625
,5049,,,,10164.75
,5050,,,,8607.1650390625
,5051,,,,11839.775390625
,5052,,,,10563.8310546875
,5053,,,,9712.763671875
,5054,,,,9483.712890625
,5055,,,,11048.517578125
,5056,,,,8797.591796875
,5057,,,,9891.6162109375
,5058,,,,9647.5068359375
,5059,,,,6767.65283203125
,5060,,,,11227.3984375
,5061,,,,10163.283203125
,5062,,,,9688.7373046875
,5063,,,,9344.623046875
,5064,,,,9539.6875
,5065,,,,10921.015625
,5066,,,,7107.1015625
,5067,,,,10389.60546875
,5068,,,,8044.197265625
,5069,,,,8999.474609375
,5070,,,,8087.3056640625
,5071,,,,12487.8173828125
,5072,,,,9291.908203125
,5073,,,,8179.74462890625
,5074,,,,11440.7578125
,5075,,,,10360.830078125
,5076,,,,9696.16015625
,5077,,,,10292.185546875
,5078,,,,11133.37890625
,5079,,,,9660.8212890625
,5080,,,,12131.783203125
,5081,,,,8353.888671875
,5082,,,,10767.84375
,5083,,,,10073.0048828125
81,20089,,,9825.443359375,
81,20089,9836.09765625,,,
82,20099,,8938.9150390625,,
82,20149,,9211.2412109375,,
82,20199,,7969.6142578125,,
82,20249,,12571.451171875,,
82,20299,,10307.48828125,,
,5084,,,,7555.87548828125
,5085,,,,8624.8525390625
,5086,,,,10112.060546875
,5087,,,,11647.734375
,5088,,,,8591.6083984375
,5089,,,,8496.576171875
,5090,,,,9241.7373046875
,5091,,,,7673.97216796875
,5092,,,,9847.1044921875
,5093,,,,10871.849609375
,5094,,,,7874.30908203125
,5095,,,,7268.20458984375
,5096,,,,13336.61328125
,5097,,,,8958.658203125
,5098,,,,9624.5546875
,5099,,,,10596.66796875
,5100,,,,9282.73828125
,5101,,,,12498.8173828125
,5102,,,,9640.658203125
,5103,,,,10877.453125
,5104,,,,11236.357421875
,5105,,,,9913.25
,5106,,,,10947.74609375
,5107,,,,10764.00390625
,5108,,,,11342.5673828125
,5109,,,,10815.255859375
,5110,,,,7120.85205078125
,5111,,,,10118.2646484375
,5112,,,,8582.984375
,5113,,,,11841.123046875
,5114,,,,10551.7353515625
,5115,,,,9700.1748046875
,5116,,,,9446.142578125
,5117,,,,11046.5390625
,5118,,,,8764.984375
,5119,,,,9854.48046875
,5120,,,,9603.0859375
,5121,,,,6725.0107421875
,5122,,,,11205.91796875
,5123,,,,10121.0859375
,5124,,,,9659.4404296875
,5125,,,,9287.228515625
,5126,,,,9515.3671875
,5127,,,,10906.62109375
,5128,,,,7071.4013671875
,5129,,,,10364.212890625
,5130,,,,8005.39892578125
,5131,,,,8954.009765625
,5132,,,,8059.73388671875
,5133,,,,12459.732421875
,5134,,,,9276.80078125
,5135,,,,8155.48681640625
,5136,,,,11444.6279296875
,5137,,,,10326.4931640625
,5138,,,,9695.8212890625
,5139,,,,10262.603515625
,5140,,,,11113.6845703125
,5141,,,,9621.916015625
,5142,,,,12095.76171875
,5143,,,,8343.2353515625
,5144,,,,10730.048828125
,5145,,,,10017.4091796875
82,20334,,,9798.70703125,
82,20334,9823.4140625,,,
83,20349,,10289.7685546875,,
83,20399,,11457.8671875,,
83,20449,,8909.619140625,,
83,20499,,9977.310546875,,
83,20549,,11059.5478515625,,
,5146,,,,7574.943359375
,5147,,,,8651.125
,5148,,,,10139.015625
,5149,,,,11635.9580078125
,5150,,,,8611.8056640625
,5151,,,,8528.8046875
,5152,,,,9251.9765625
,5153,,,,7676.1103515625
,5154,,,,9869.5498046875
,5155,,,,10884.0576171875
,5156,,,,7882.2392578125
,5157,,,,7271.98046875
,5158,,,,13342.818359375
,5159,,,,8951.58203125
,5160,,,,9645.9951171875
,5161,,,,10611.4033203125
,5162,,,,9316.9296875
,5163,,,,12499.66015625
,5164,,,,9634.07421875
,5165,,,,10912.27734375
,5166,,,,11273.9990234375
,5167,,,,9921.2890625
,5168,,,,10955.171875
,5169,,,,10763.158203125
,5170,,,,11335.4228515625
,5171,,,,10848.173828125
,5172,,,,7129.46337890625
,5173,,,,10139.173828125
,5174,,,,8597.0703125
,5175,,,,11836.6640625
,5176,,,,10555.00390625
,5177,,,,9739.640625
,5178,,,,9475.1962890625
,5179,,,,11078.30859375
,5180,,,,8774.900390625
,5181,,,,9869.18359375
,5182,,,,9586.3828125
,5183,,,,6736.37451171875
,5184,,,,11219.26953125
,5185,,,,10132.396484375
,5186,,,,9686.31640625
,5187,,,,9314.693359375
,5188,,,,9522.3916015625
,5189,,,,10919.546875
,5190,,,,7102.81201171875
,5191,,,,10403.619140625
,5192,,,,8051.91015625
,5193,,,,8967.458984375
,5194,,,,8048.97216796875
,5195,,,,12485.6953125
,5196,,,,9292.4521484375
,5197,,,,8177.73828125
,5198,,,,11399.7763671875
,5199,,,,10336.0986328125
,5200,,,,9718.41015625
,5201,,,,10279.7890625
,5202,,,,11152.41796875
,5203,,,,9627.884765625
,5204,,,,12098.6240234375
,5205,,,,8379.8974609375
,5206,,,,10733.251953125
,5207,,,,10057.748046875
83,20579,,,9813.3095703125,
83,20579,9821.60546875,,,
84,20599,,11608.849609375,,
84,20649,,10518.361328125,,
84,20699,,9630.171875,,
84,20749,,9509.337890625,,
84,20799,,9048.390625,,
,5208,,,,7502.8349609375
,5209,,,,8585.5712890625
,5210,,,,10063.8173828125
,5211,,,,11576.375
,5212,,,,8532.015625
,5213,,,,8457.904296875
,5214,,,,9177.5341796875
,5215,,,,7630.77880859375
,5216,,,,9802.216796875
,5217,,,,10803.740234375
,5218,,,,7822.84375
,5219,,,,7229.8544921875
,5220,,,,13260.6103515625
,5221,,,,8918.7333984375
,5222,,,,9554.10546875
,5223,,,,10551.20703125
,5224,,,,9246.71484375
,5225,,,,12427.7734375
,5226,,,,9542.8427734375
,5227,,,,10825.62109375
,5228,,,,11180.8662109375
,5229,,,,9845.423828125
,5230,,,,10885.9599609375
,5231,,,,10715.6279296875
,5232,,,,11307.796875
,5233,,,,10743.6982421875
,5234,,,,7061.123046875
,5235,,,,10056.35546875
,5236,,,,8555.306640625
,5237,,,,11776.72265625
,5238,,,,10477.6474609375
,5239,,,,9646.7236328125
,5240,,,,9398.541015625
,5241,,,,10987.26171875
,5242,,,,8729.9033203125
,5243,,,,9784.439453125
,5244,,,,9557.806640625
,5245,,,,6670.25830078125
,5246,,,,11159.728515625
,5247,,,,10092.2734375
,5248,,,,9617.28125
,5249,,,,9218.517578125
,5250,,,,9464.103515625
,5251,,,,10869.5458984375
,5252,,,,7044.2412109375
,5253,,,,10315.7421875
,5254,,,,7946.0517578125
,5255,,,,8901.4873046875
,5256,,,,8028.77587890625
,5257,,,,12409.271484375
,5258,,,,9188.994140625
,5259,,,,8093.5849609375
,5260,,,,11364.810546875
,5261,,,,10265.85546875
,5262,,,,9615.357421875
,5263,,,,10175.021484375
,5264,,,,11063.171875
,5265,,,,9555.48828125
,5266,,,,12020.0537109375
,5267,,,,8300.9326171875
,5268,,,,10677.708984375
,5269,,,,9986.9267578125
84,20824,,,9743.2109375,
84,20824,9795.6435546875,,,
85,20849,,9528.4677734375,,
85,20899,,7279.2890625,,
85,20949,,11438.337890625,,
85,20999,,8879.8232421875,,
85,21049,,9306.609375,,
,5270,,,,7531.8515625
,5271,,,,8607.705078125
,5272,,,,10085.1796875
,5273,,,,11597.802734375
,5274,,,,8572.953125
,5275,,,,8484.2529296875
,5276,,,,9202.244140625
,5277,,,,7649.05615234375
,5278,,,,9828.408203125
,5279,,,,10836.0400390625
,5280,,,,7842.21826171875
,5281,,,,7238.2236328125
,5282,,,,13305.947265625
,5283,,,,8917.3017578125
,5284,,,,9599.462890625
,5285,,,,10569.21484375
,5286,,,,9275.11328125
,5287,,,,12444.21484375
,5288,,,,9585.1015625
,5289,,,,10855.703125
,5290,,,,11217.15234375
,5291,,,,9891.6025390625
,5292,,,,10909.478515625
,5293,,,,10712.5390625
,5294,,,,11327.94921875
,5295,,,,10802.28125
,5296,,,,7097.9658203125
,5297,,,,10103.7529296875
,5298,,,,8570.5
,5299,,,,11779.150390625
,5300,,,,10498.810546875
,5301,,,,9699.3935546875
,5302,,,,9424.673828125
,5303,,,,11018.9541015625
,5304,,,,8739.05078125
,5305,,,,9831.35546875
,5306,,,,9568.755859375
,5307,,,,6703.55908203125
,5308,,,,11189.5390625
,5309,,,,10104.583984375
,5310,,,,9664.3779296875
,5311,,,,9267.3681640625
,5312,,,,9488.283203125
,5313,,,,10880.78515625
,5314,,,,7057.13037109375
,5315,,,,10356.853515625
,5316,,,,8015.93798828125
,5317,,,,8929.306640625
,5318,,,,8016.4150390625
,5319,,,,12435.849609375
,5320,,,,9242.19921875
,5321,,,,8125.0146484375
,5322,,,,11385.9462890625
,5323,,,,10294.11328125
,5324,,,,9664.17578125
,5325,,,,10232.7392578125
,5326,,,,11118.0517578125
,5327,,,,9592.93359375
,5328,,,,12040.443359375
,5329,,,,8341.736328125
,5330,,,,10702.794921875
,5331,,,,10002.31640625
85,21069,,,9772.4892578125,
85,21069,9785.1328125,,,
86,21099,,10120.330078125,,
86,21149,,10720.611328125,,
86,21199,,10642.912109375,,
86,21249,,10554.876953125,,
86,21299,,10947.26171875,,
,5332,,,,7496.6513671875
,5333,,,,8576.23828125
,5334,,,,10049.630859375
,5335,,,,11574.703125
,5336,,,,8525.73828125
,5337,,,,8446.0400390625
,5338,,,,9169.828125
,5339,,,,7620.4609375
,5340,,,,9791.548828125
,5341,,,,10804.759765625
,5342,,,,7820.42626953125
,5343,,,,7221.66796875
,5344,,,,13250.6689453125
,5345,,,,8903.4462890625
,5346,,,,9557.771484375
,5347,,,,10536.87890625
,5348,,,,9241.828125
,5349,,,,12391.828125
,5350,,,,9547.470703125
,5351,,,,10817.30859375
,5352,,,,11180.95703125
,5353,,,,9846.23828125
,5354,,,,10875.3681640625
,5355,,,,10701.76171875
,5356,,,,11316.4150390625
,5357,,,,10754.681640625
,5358,,,,7063.181640625
,5359,,,,10055.2685546875
,5360,,,,8560.94140625
,5361,,,,11757.615234375
,5362,,,,10457.73828125
,5363,,,,9640.24609375
,5364,,,,9383.09765625
,5365,,,,10978.31640625
,5366,,,,8721.03515625
,5367,,,,9790.33203125
,5368,,,,9552.337890625
,5369,,,,6665.99462890625
,5370,,,,11160.1689453125
,5371,,,,10074.376953125
,5372,,,,9612.626953125
,5373,,,,9236.92578125
,5374,,,,9454.986328125
,5375,,,,10841.9873046875
,5376,,,,7031.8564453125
,5377,,,,10314.55859375
,5378,,,,7944.18359375
,5379,,,,8895.23046875
,5380,,,,8007.37548828125
,5381,,,,12396.625
,5382,,,,9191.546875
,5383,,,,8087.50634765625
,5384,,,,11360.02734375
,5385,,,,10259.1767578125
,5386,,,,9612.078125
,5387,,,,10185.1123046875
,5388,,,,11066.8359375
,5389,,,,9563.1484375
,5390,,,,12020.3828125
,5391,,,,8297.990234375
,5392,,,,10679.048828125
,5393,,,,9973.671875
86,21314,,,9737.572265625,
86,21314,9767.5263671875,,,
87,21349,,10904.302734375,,
87,21399,,8233.587890625,,
87,21449,,9213.5478515625,,
87,21499,,8611.66796875,,
87,21549,,10844.9931640625,,
,5394,,,,7528.888671875
,5395,,,,8591.29296875
,5396,,,,10056.6328125
,5397,,,,11580.6796875
,5398,,,,8543.341796875
,5399,,,,8450.1630859375
,5400,,,,9198.568359375
,5401,,,,7627.2431640625
,5402,,,,9801.931640625
,5403,,,,10814.638671875
,5404,,,,7835.21875
,5405,,,,7235.103515625
,5406,,,,13269.578125
,5407,,,,8912.1005859375
,5408,,,,9571.966796875
,5409,,,,10567.5771484375
,5410,,,,9253.5595703125
,5411,,,,12414.060546875
,5412,,,,9554.5517578125
,5413,,,,10786.314453125
,5414,,,,11190.521484375
,5415,,,,9875.822265625
,5416,,,,10892.3115234375
,5417,,,,10705.171875
,5418,,,,11336.001953125
,5419,,,,10754.810546875
,5420,,,,7068.40380859375
,5421,,,,10059.125
,5422,,,,8571.826171875
,5423,,,,11759.45703125
,5424,,,,10468.62890625
,5425,,,,9636.19921875
,5426,,,,9391.27734375
,5427,,,,10994.3955078125
,5428,,,,8783.0849609375
,5429,,,,9827.67578125
,5430,,,,9583.8173828125
,5431,,,,6674.0859375
,5432,,,,11172.5859375
,5433,,,,10074.0244140625
,5434,,,,9620.810546875
,5435,,,,9255.876953125
,5436,,,,9465.603515625
,5437,,,,10861.37890625
,5438,,,,7047.255859375
,5439,,,,10326.767578125
,5440,,,,7958.9150390625
,5441,,,,8921.0478515625
,5442,,,,8026.46533203125
,5443,,,,12400.626953125
,5444,,,,9196.0625
,5445,,,,8090.7529296875
,5446,,,,11385.201171875
,5447,,,,10291.671875
,5448,,,,9644.939453125
,5449,,,,10199.951171875
,5450,,,,11073.7392578125
,5451,,,,9581.2734375
,5452,,,,12048.431640625
,5453,,,,8300.52734375
,5454,,,,10684.2275390625
,5455,,,,9990.369140625
87,21559,,,9751.5791015625,
87,21559,9762.43359375,,,
88,21599,,7457.3662109375,,
88,21649,,7577.4140625,,
88,21699,,10505.6220703125,,
88,21749,,11443.4892578125,,
88,21799,,8313.123046875,,
,5456,,,,7548.7353515625
,5457,,,,8602.3017578125
,5458,,,,10055.28515625
,5459,,,,11579.8310546875
,5460,,,,8564.6376953125
,5461,,,,8460.05078125
,5462,,,,9216.2451171875
,5463,,,,7626.0810546875
,5464,,,,9821.689453125
,5465,,,,10827.3447265625
,5466,,,,7831.6279296875
,5467,,,,7212.296875
,5468,,,,13274.46484375
,5469,,,,8905.8203125
,5470,,,,9593.296875
,5471,,,,10557.6787109375
,5472,,,,9253.2021484375
,5473,,,,12401.1416015625
,5474,,,,9573.814453125
,5475,,,,10788.185546875
,5476,,,,11215.9560546875
,5477,,,,9874.72265625
,5478,,,,10903.3759765625
,5479,,,,10723.6181640625
,5480,,,,11319.908203125
,5481,,,,10778.7802734375
,5482,,,,7089.98046875
,5483,,,,10060.0478515625
,5484,,,,8566.166015625
,5485,,,,11760.7421875
,5486,,,,10487.7880859375
,5487,,,,9657.1484375
,5488,,,,9388.66796875
,5489,,,,11030.708984375
,5490,,,,8759.583984375
,5491,,,,9822.9033203125
,5492,,,,9575.3427734375
,5493,,,,6686.9775390625
,5494,,,,11187.2666015625
,5495,,,,10082.853515625
,5496,,,,9630.955078125
,5497,,,,9262.1455078125
,5498,,,,9464.3720703125
,5499,,,,10856.0146484375
,5500,,,,7057.755859375
,5501,,,,10344.353515625
,5502,,,,7993.52001953125
,5503,,,,8916.3984375
,5504,,,,8018.103515625
,5505,,,,12420.09375
,5506,,,,9217.4560546875
,5507,,,,8093.8271484375
,5508,,,,11369.048828125
,5509,,,,10296.7177734375
,5510,,,,9663.3828125
,5511,,,,10224.345703125
,5512,,,,11081.185546875
,5513,,,,9582.7705078125
,5514,,,,12053.173828125
,5515,,,,8308.978515625
,5516,,,,10684.359375
,5517,,,,9999.8798828125
88,21804,,,9758.3310546875,
88,21804,9749.1259765625,,,
89,21849,,9417.115234375,,
89,21899,,8177.625,,
89,21949,,11103.5029296875,,
89,21999,,10762.4091796875,,
89,22049,,8895.720703125,,
,5518,,,,7485.95654296875
,5519,,,,8559.529296875
,5520,,,,10013.0234375
,5521,,,,11546.0322265625
,5522,,,,8511.265625
,5523,,,,8431.296875
,5524,,,,9160.939453125
,5525,,,,7579.7958984375
,5526,,,,9768.06640625
,5527,,,,10778.47265625
,5528,,,,7798.29345703125
,5529,,,,7171.25146484375
,5530,,,,13223.12109375
,5531,,,,8866.8701171875
,5532,,,,9527.0576171875
,5533,,,,10510.75390625
,5534,,,,9218.9443359375
,5535,,,,12356.5234375
,5536,,,,9524.466796875
,5537,,,,10732.3623046875
,5538,,,,11171.3466796875
,5539,,,,9820.7470703125
,5540,,,,10842.923828125
,5541,,,,10674.8603515625
,5542,,,,11262.71484375
,5543,,,,10688.142578125
,5544,,,,7068.55419921875
,5545,,,,10025.728515625
,5546,,,,8538.751953125
,5547,,,,11717.3779296875
,5548,,,,10421.6484375
,5549,,,,9599.4453125
,5550,,,,9363.009765625
,5551,,,,10942.41015625
,5552,,,,8733.9326171875
,5553,,,,9754.1640625
,5554,,,,9513.6953125
,5555,,,,6646.78125
,5556,,,,11152.236328125
,5557,,,,10053.9951171875
,5558,,,,9568.9345703125
,5559,,,,9196.48046875
,5560,,,,9409.6953125
,5561,,,,10807.927734375
,5562,,,,7021.3916015625
,5563,,,,10306.3046875
,5564,,,,7933.06396484375
,5565,,,,8866.4501953125
,5566,,,,7977.08251953125
,5567,,,,12338.3310546875
,5568,,,,9169.1376953125
,5569,,,,8048.94189453125
,5570,,,,11316.8671875
,5571,,,,10234.9453125
,5572,,,,9606.0859375
,5573,,,,10159.5107421875
,5574,,,,11002.529296875
,5575,,,,9561.447265625
,5576,,,,11982.09375
,5577,,,,8269.55859375
,5578,,,,10650.96484375
,5579,,,,9968.826171875
89,22049,,,9708.869140625,
89,22049,9739.0205078125,,,
90,22099,,9655.7744140625,,
90,22149,,10223.212890625,,
90,22199,,11051.0869140625,,
90,22249,,9973.333984375,,
,5580,,,,7461.7919921875
,5581,,,,8531.11328125
,5582,,,,9991.080078125
,5583,,,,11518.5673828125
,5584,,,,8482.677734375
,5585,,,,8390.154296875
,5586,,,,9132.2890625
,5587,,,,7565.681640625
,5588,,,,9734.498046875
,5589,,,,10733.677734375
,5590,,,,7770.1474609375
,5591,,,,7167.8974609375
,5592,,,,13195.1611328125
,5593,,,,8830.9755859375
,5594,,,,9498.69140625
,5595,,,,10496.046875
,5596,,,,9199.47265625
,5597,,,,12371.669921875
,5598,,,,9495.673828125
,5599,,,,10719.5546875
,5600,,,,11119.2421875
,5601,,,,9781.357421875
,5602,,,,10824.8720703125
,5603,,,,10644.896484375
,5604,,,,11248.216796875
,5605,,,,10673.330078125
,5606,,,,7017.3291015625
,5607,,,,10017.4775390625
,5608,,,,8504.431640625
,5609,,,,11712.9033203125
,5610,,,,10410.59765625
,5611,,,,9602.72265625
,5612,,,,9320.369140625
,5613,,,,10901.0234375
,5614,,,,8696.076171875
,5615,,,,9734.97265625
,5616,,,,9506.181640625
,5617,,,,6629.716796875
,5618,,,,11110.1923828125
,5619,,,,9998.158203125
,5620,,,,9552.5068359375
,5621,,,,9155.46875
,5622,,,,9404.671875
,5623,,,,10766.693359375
,5624,,,,6972.34814453125
,5625,,,,10269.2998046875
,5626,,,,7905.1962890625
,5627,,,,8841.3759765625
,5628,,,,7960.9404296875
,5629,,,,12327.7578125
,5630,,,,9144.50390625
,5631,,,,8032.69140625
,5632,,,,11328.2587890625
,5633,,,,10214.5849609375
,5634,,,,9577.9150390625
,5635,,,,10127.17578125
,5636,,,,11015.431640625
,5637,,,,9508.97265625
,5638,,,,11969.109375
,5639,,,,8243.921875
,5640,,,,10639.708984375
,5641,,,,9935.8271484375
90,22294,,,9684.498046875,
90,22294,9725.4990234375,,,
91,22299,,8663.06640625,,
91,22349,,7989.69482421875,,
91,22399,,10846.802734375,,
91,22449,,9958.154296875,,
91,22499,,11874.0322265625,,
,5642,,,,7473.0400390625
,5643,,,,8531.1943359375
,5644,,,,9970.86328125
,5645,,,,11509.767578125
,5646,,,,8476.0966796875
,5647,,,,8376.96484375
,5648,,,,9108.2861328125
,5649,,,,7567.0791015625
,5650,,,,9721.943359375
,5651,,,,10738.8408203125
,5652,,,,7761.81884765625
,5653,,,,7154.91064453125
,5654,,,,13186.0966796875
,5655,,,,8838.537109375
,5656,,,,9493.904296875
,5657,,,,10492.755859375
,5658,,,,9190.677734375
,5659,,,,12344.484375
,5660,,,,9498.189453125
,5661,,,,10688.376953125
,5662,,,,11086.244140625
,5663,,,,9780.6005859375
,5664,,,,10809.970703125
,5665,,,,10644.4765625
,5666,,,,11230.1953125
,5667,,,,10672.3671875
,5668,,,,7003.7099609375
,5669,,,,9992.021484375
,5670,,,,8513.5546875
,5671,,,,11678.17578125
,5672,,,,10420.30859375
,5673,,,,9603.59375
,5674,,,,9309.333984375
,5675,,,,10905.9296875
,5676,,,,8686.97265625
,5677,,,,9716.763671875
,5678,,,,9492.265625
,5679,,,,6623.736328125
,5680,,,,11100.51171875
,5681,,,,9989.177734375
,5682,,,,9544.6650390625
,5683,,,,9143.0576171875
,5684,,,,9382.19921875
,5685,,,,10778.220703125
,5686,,,,6975.0927734375
,5687,,,,10266.375
,5688,,,,7900.1044921875
,5689,,,,8835.33203125
,5690,,,,7945.8486328125
,5691,,,,12313.62109375
,5692,,,,9135.7548828125
,5693,,,,7995.580078125
,5694,,,,11311.4794921875
,5695,,,,10214.728515625
,5696,,,,9592.236328125
,5697,,,,10128.5634765625
,5698,,,,11013.501953125
,5699,,,,9516.361328125
,5700,,,,11928.919921875
,5701,,,,8239.0244140625
,5702,,,,10617.73046875
,5703,,,,9921.1376953125
91,22539,,,9675.6689453125,
91,22539,9722.5048828125,,,
92,22549,,12518.8984375,,
92,22599,,8677.126953125,,
92,22649,,8071.658203125,,
92,22699,,8374.193359375,,
92,22749,,8812.6728515625,,
,5704,,,,7460.29296875
,5705,,,,8537.2421875
,5706,,,,9981.494140625
,5707,,,,11492.556640625
,5708,,,,8462.416015625
,5709,,,,8383.0224609375
,5710,,,,9121.599609375
,5711,,,,7555.7890625
,5712,,,,9717.802734375
,5713,,,,10746.228515625
,5714,,,,7764.3583984375
,5715,,,,7155.96044921875
,5716,,,,13172.923828125
,5717,,,,8830.912109375
,5718,,,,9474.283203125
,5719,,,,10474.994140625
,5720,,,,9176.09765625
,5721,,,,12333.0615234375
,5722,,,,9487.0859375
,5723,,,,10749.435546875
,5724,,,,11110.083984375
,5725,,,,9777.013671875
,5726,,,,10806.1044921875
,5727,,,,10630.5966796875
,5728,,,,11235.021484375
,5729,,,,10655.19140625
,5730,,,,7012.49365234375
,5731,,,,10005.1796875
,5732,,,,8495.7529296875
,5733,,,,11687.859375
,5734,,,,10406.5146484375
,5735,,,,9598.0400390625
,5736,,,,9320.361328125
,5737,,,,10889.7919921875
,5738,,,,8664.9921875
,5739,,,,9702.54296875
,5740,,,,9490.87109375
,5741,,,,6624.68017578125
,5742,,,,11081.478515625
,5743,,,,9982.85546875
,5744,,,,9536.890625
,5745,,,,9143.16015625
,5746,,,,9382.095703125
,5747,,,,10758.3896484375
,5748,,,,6979.03662109375
,5749,,,,10255.94140625
,5750,,,,7897.10009765625
,5751,,,,8835.048828125
,5752,,,,7944.51806640625
,5753,,,,12308.7509765625
,5754,,,,9136.41015625
,5755,,,,8031.689453125
,5756,,,,11308.29296875
,5757,,,,10201.515625
,5758,,,,9552.484375
,5759,,,,10105.4453125
,5760,,,,10988.146484375
,5761,,,,9503.814453125
,5762,,,,11943.443359375
,5763,,,,8230.5634765625
,5764,,,,10629.333984375
,5765,,,,9930.83203125
92,22784,,,9671.86328125,
92,22784,9713.0068359375,,,
93,22799,,9873.15234375,,
93,22849,,11902.509765625,,
93,22899,,8638.9228515625,,
93,22949,,9975.423828125,,
93,22999,,11061.08984375,,
,5766,,,,7454.1025390625
,5767,,,,8526.24609375
,5768,,,,9979.0869140625
,5769,,,,11493.2412109375
,5770,,,,8465.3095703125
,5771,,,,8383.3857421875
,5772,,,,9113.05859375
,5773,,,,7534.923828125
,5774,,,,9731.5419921875
,5775,,,,10714.447265625
,5776,,,,7750.3076171875
,5777,,,,7127.458984375
,5778,,,,13184.5
,5779,,,,8798.021484375
,5780,,,,9491.5078125
,5781,,,,10473.16796875
,5782,,,,9159.8203125
,5783,,,,12322.6435546875
,5784,,,,9473.958984375
,5785,,,,10737.142578125
,5786,,,,11109.7958984375
,5787,,,,9763.49609375
,5788,,,,10792.001953125
,5789,,,,10594.2734375
,5790,,,,11208.5771484375
,5791,,,,10679.509765625
,5792,,,,7028.6943359375
,5793,,,,9985.9931640625
,5794,,,,8485.99609375
,5795,,,,11660.208984375
,5796,,,,10400.056640625
,5797,,,,9598.654296875
,5798,,,,9306.171875
,5799,,,,10909.20703125
,5800,,,,8653.318359375
,5801,,,,9720.048828125
,5802,,,,9470.734375
,5803,,,,6618.32177734375
,5804,,,,11100.01171875
,5805,,,,9978.181640625
,5806,,,,9534.11328125
,5807,,,,9155.205078125
,5808,,,,9382.287109375
,5809,,,,10762.38671875
,5810,,,,6963.642578125
,5811,,,,10276.6513671875
,5812,,,,7915.080078125
,5813,,,,8819.869140625
,5814,,,,7924.51953125
,5815,,,,12314.484375
,5816,,,,9138.015625
,5817,,,,8023.6962890625
,5818,,,,11280.06640625
,5819,,,,10200.796875
,5820,,,,9575.0576171875
,5821,,,,10125.1826171875
,5822,,,,10995.021484375
,5823,,,,9504.533203125
,5824,,,,11922.2666015625
,5825,,,,8237.853515625
,5826,,,,10606.552734375
,5827,,,,9937.10546875
93,23029,,,9667.107421875,
93,23029,9695.63671875,,,
94,23049,,10623.966796875,,
94,23099,,10118.103515625,,
94,23149,,10898.8134765625,,
94,23199,,10753.75,,
94,23249,,10995.251953125,,
,5828,,,,7468.6162109375
,5829,,,,8537.451171875
,5830,,,,9990.6484375
,5831,,,,11498.6875
,5832,,,,8472.0458984375
,5833,,,,8386.4287109375
,5834,,,,9127.6728515625
,5835,,,,7558.84033203125
,5836,,,,9733.3701171875
,5837,,,,10731.970703125
,5838,,,,7763.341796875
,5839,,,,7152.81201171875
,5840,,,,13195.876953125
,5841,,,,8830.7568359375
,5842,,,,9497.01953125
,5843,,,,10491.384765625
,5844,,,,9167.1435546875
,5845,,,,12338.455078125
,5846,,,,9490.1083984375
,5847,,,,10763.4609375
,5848,,,,11124.4912109375
,5849,,,,9779.9501953125
,5850,,,,10815.201171875
,5851,,,,10630.791015625
,5852,,,,11226.384765625
,5853,,,,10687.26171875
,5854,,,,7029.1904296875
,5855,,,,9995.28515625
,5856,,,,8504.201171875
,5857,,,,11671.8359375
,5858,,,,10405.7177734375
,5859,,,,9605.7802734375
,5860,,,,9310.80078125
,5861,,,,10906.205078125
,5862,,,,8663.720703125
,5863,,,,9734.91015625
,5864,,,,9502.953125
,5865,,,,6629.1142578125
,5866,,,,11107.07421875
,5867,,,,9996.9560546875
,5868,,,,9546.0498046875
,5869,,,,9165.8603515625
,5870,,,,9400.2470703125
,5871,,,,10772.28125
,5872,,,,6984.8056640625
,5873,,,,10261.1787109375
,5874,,,,7910.1767578125
,5875,,,,8845.947265625
,5876,,,,7943.10693359375
,5877,,,,12310.8671875
,5878,,,,9135.416015625
,5879,,,,8035.56689453125
,5880,,,,11308.708984375
,5881,,,,10216.533203125
,5882,,,,9561.642578125
,5883,,,,10122.6826171875
,5884,,,,11002.810546875
,5885,,,,9517.978515625
,5886,,,,11929.40625
,5887,,,,8244.373046875
,5888,,,,10620.810546875
,5889,,,,9927.8193359375
94,23274,,,9678.931640625,
94,23274,9690.845703125,,,
95,23299,,7833.783203125,,
95,23349,,7645.07275390625,,
95,23399,,10107.630859375,,
95,23449,,12419.470703125,,
95,23499,,9124.6044921875,,
,5890,,,,7474.662109375
,5891,,,,8545.1650390625
,5892,,,,10005.5009765625
,5893,,,,11506.04296875
,5894,,,,8485.193359375
,5895,,,,8406.2958984375
,5896,,,,9151.978515625
,5897,,,,7567.22314453125
,5898,,,,9742.2607421875
,5899,,,,10726.650390625
,5900,,,,7781.2109375
,5901,,,,7157.31005859375
,5902,,,,13184.3984375
,5903,,,,8840.322265625
,5904,,,,9519.904296875
,5905,,,,10485.490234375
,5906,,,,9172.51171875
,5907,,,,12353.130859375
,5908,,,,9504.0224609375
,5909,,,,10751.837890625
,5910,,,,11119.353515625
,5911,,,,9808.6953125
,5912,,,,10825.7802734375
,5913,,,,10620.9375
,5914,,,,11243.849609375
,5915,,,,10681.8583984375
,5916,,,,7052.1181640625
,5917,,,,10004.501953125
,5918,,,,8502.9921875
,5919,,,,11674.646484375
,5920,,,,10418.73828125
,5921,,,,9591.7958984375
,5922,,,,9311.1962890625
,5923,,,,10902.1845703125
,5924,,,,8685.220703125
,5925,,,,9745.2763671875
,5926,,,,9512.7099609375
,5927,,,,6631.6689453125
,5928,,,,11118.009765625
,5929,,,,10006.7041015625
,5930,,,,9539.41796875
,5931,,,,9173.923828125
,5932,,,,9430.283203125
,5933,,,,10772.205078125
,5934,,,,6991.146484375
,5935,,,,10281.76171875
,5936,,,,7918.1611328125
,5937,,,,8846.59375
,5938,,,,7960.8310546875
,5939,,,,12304.841796875
,5940,,,,9153.888671875
,5941,,,,8035.69287109375
,5942,,,,11332.173828125
,5943,,,,10226.099609375
,5944,,,,9569.2373046875
,5945,,,,10128.03125
,5946,,,,11002.3046875
,5947,,,,9536.85546875
,5948,,,,11961.65234375
,5949,,,,8241.134765625
,5950,,,,10634.58984375
,5951,,,,9929.5537109375
95,23519,,,9687.1005859375,
95,23519,9674.45703125,,,
96,23549,,10738.423828125,,
96,23599,,12125.728515625,,
96,23649,,8692.798828125,,
96,23699,,11322.6943359375,,
96,23749,,8174.16650390625,,
,5952,,,,7431.1875
,5953,,,,8506.890625
,5954,,,,9951.6904296875
,5955,,,,11449.8076171875
,5956,,,,8435.32421875
,5957,,,,8357.92578125
,5958,,,,9089.8046875
,5959,,,,7527.8291015625
,5960,,,,9700.083984375
,5961,,,,10679.7314453125
,5962,,,,7730.2529296875
,5963,,,,7119.48046875
,5964,,,,13150.681640625
,5965,,,,8791.880859375
,5966,,,,9460.5205078125
,5967,,,,10444.34375
,5968,,,,9133.2421875
,5969,,,,12299.7587890625
,5970,,,,9444.56640625
,5971,,,,10710.58984375
,5972,,,,11058.041015625
,5973,,,,9739.28515625
,5974,,,,10775.927734375
,5975,,,,10580.5947265625
,5976,,,,11178.0087890625
,5977,,,,10648.75
,5978,,,,6996.8701171875
,5979,,,,9971.9599609375
,5980,,,,8466.673828125
,5981,,,,11630.9931640625
,5982,,,,10370.1005859375
,5983,,,,9562.7265625
,5984,,,,9267.783203125
,5985,,,,10858.03125
,5986,,,,8622.646484375
,5987,,,,9679.6953125
,5988,,,,9461.9296875
,5989,,,,6585.03515625
,5990,,,,11075.751953125
,5991,,,,9966.052734375
,5992,,,,9505.2392578125
,5993,,,,9112.009765625
,5994,,,,9375.1123046875
,5995,,,,10726.5
,5996,,,,6937.37060546875
,5997,,,,10238.505859375
,5998,,,,7868.9931640625
,5999,,,,8796.802734375
,6000,,,,7907.5322265625
,6001,,,,12285.1044921875
,6002,,,,9106.693359375
,6003,,,,7987.02685546875
,6004,,,,11271.263671875
,6005,,,,10177.345703125
,6006,,,,9528.501953125
,6007,,,,10077.361328125
,6008,,,,10970.89453125
,6009,,,,9478.876953125
,6010,,,,11900.517578125
,6011,,,,8204.6328125
,6012,,,,10580.9970703125
,6013,,,,9887.7412109375
96,23764,,,9639.4111328125,
96,23764,9670.732421875,,,
97,23799,,9464.330078125,,
97,23849,,9084.0625,,
97,23899,,9847.587890625,,
97,23949,,9205.21875,,
97,23999,,9104.4609375,,
,6014,,,,7407.36767578125
,6015,,,,8499.255859375
,6016,,,,9926.48046875
,6017,,,,11445.32421875
,6018,,,,8415.0556640625
,6019,,,,8339.171875
,6020,,,,9092.146484375
,6021,,,,7492.0009765625
,6022,,,,9690.6806640625
,6023,,,,10663.48828125
,6024,,,,7700.6357421875
,6025,,,,7086.22265625
,6026,,,,13140.322265625
,6027,,,,8771.53515625
,6028,,,,9445.783203125
,6029,,,,10423.7314453125
,6030,,,,9106.5849609375
,6031,,,,12241.31640625
,6032,,,,9423.9296875
,6033,,,,10704.1416015625
,6034,,,,11076.6201171875
,6035,,,,9715.3583984375
,6036,,,,10746.1328125
,6037,,,,10582.70703125
,6038,,,,11160.18359375
,6039,,,,10640.6328125
,6040,,,,6989.75
,6041,,,,9920.3017578125
,6042,,,,8468.337890625
,6043,,,,11607.2685546875
,6044,,,,10346.412109375
,6045,,,,9541.041015625
,6046,,,,9235.234375
,6047,,,,10863.57421875
,6048,,,,8603.1865234375
,6049,,,,9645.826171875
,6050,,,,9417.33203125
,6051,,,,6551.8955078125
,6052,,,,11073.044921875
,6053,,,,9969.990234375
,6054,,,,9500.5859375
,6055,,,,9104.2353515625
,6056,,,,9321.5654296875
,6057,,,,10715.251953125
,6058,,,,6941.0234375
,6059,,,,10225.220703125
,6060,,,,7856.34912109375
,6061,,,,8773.908203125
,6062,,,,7887.5634765625
,6063,,,,12241.14453125
,6064,,,,9079.5078125
,6065,,,,7953.18798828125
,6066,,,,11212.396484375
,6067,,,,10171.23046875
,6068,,,,9522.65625
,6069,,,,10077.4228515625
,6070,,,,10928.9404296875
,6071,,,,9473.166015625
,6072,,,,11853.650390625
,6073,,,,8209.462890625
,6074,,,,10552.666015625
,6075,,,,9884.2548828125
97,24009,,,9620.1474609375,
97,24009,9652.7275390625,,,
98,24049,,7565.92041015625,,
98,24099,,14206.26171875,,
98,24149,,10027.255859375,,
98,24199,,7482.81103515625,,
98,24249,,9378.623046875,,
,6076,,,,7397.40576171875
,6077,,,,8485.4482421875
,6078,,,,9924.951171875
,6079,,,,11436.361328125
,6080,,,,8406.701171875
,6081,,,,8328.7861328125
,6082,,,,9089.365234375
,6083,,,,7490.38427734375
,6084,,,,9686.884765625
,6085,,,,10660.349609375
,6086,,,,7701.7177734375
,6087,,,,7091.0966796875
,6088,,,,13127.31640625
,6089,,,,8775.599609375
,6090,,,,9430.685546875
,6091,,,,10412.47265625
,6092,,,,9112.927734375
,6093,,,,12262.431640625
,6094,,,,9406.861328125
,6095,,,,10689.0009765625
,6096,,,,11060.2900390625
,6097,,,,9707.576171875
,6098,,,,10738.5712890625
,6099,,,,10574.369140625
,6100,,,,11152.388671875
,6101,,,,10629.5322265625
,6102,,,,6974.53125
,6103,,,,9915.7919921875
,6104,,,,8462.5478515625
,6105,,,,11605.822265625
,6106,,,,10354.734375
,6107,,,,9532.8388671875
,6108,,,,9236.0234375
,6109,,,,10849.603515625
,6110,,,,8589.15625
,6111,,,,9645.2548828125
,6112,,,,9414.875
,6113,,,,6557.3798828125
,6114,,,,11053.12890625
,6115,,,,9946.3984375
,6116,,,,9482.109375
,6117,,,,9105.9677734375
,6118,,,,9331.642578125
,6119,,,,10707.615234375
,6120,,,,6928.6064453125
,6121,,,,10218.486328125
,6122,,,,7838.291015625
,6123,,,,8768.689453125
,6124,,,,7886.3486328125
,6125,,,,12233.0478515625
,6126,,,,9065.611328125
,6127,,,,7949.013671875
,6128,,,,11227.3662109375
,6129,,,,10155.794921875
,6130,,,,9496.0029296875
,6131,,,,10061.6630859375
,6132,,,,10929.646484375
,6133,,,,9463.306640625
,6134,,,,11847.8828125
,6135,,,,8195.1669921875
,6136,,,,10551.443359375
,6137,,,,9879.4453125
98,24254,,,9613.4345703125,
98,24254,9653.5009765625,,,
99,24299,,8863.0390625,,
99,24349,,10137.2734375,,
99,24399,,10875.431640625,,
99,24449,,9274.029296875,,
99,24499,,7619.87646484375,,
,6138,,,,7406.85546875
,6139,,,,8505.39453125
,6140,,,,9936.0419921875
,6141,,,,11444.73828125
,6142,,,,8410.8720703125
,6143,,,,8315.314453125
,6144,,,,9098.4833984375
,6145,,,,7498.1640625
,6146,,,,9697.9814453125
,6147,,,,10664.7109375
,6148,,,,7705.8486328125
,6149,,,,7103.587890625
,6150,,,,13138.7001953125
,6151,,,,8785.748046875
,6152,,,,9429.1513671875
,6153,,,,10420.0283203125
,6154,,,,9096.755859375
,6155,,,,12250.54296875
,6156,,,,9420.896484375
,6157,,,,10687.9765625
,6158,,,,11061.900390625
,6159,,,,9711.20703125
,6160,,,,10750.322265625
,6161,,,,10566.134765625
,6162,,,,11172.12890625
,6163,,,,10640.38671875
,6164,,,,6990.1494140625
,6165,,,,9925.671875
,6166,,,,8470.1328125
,6167,,,,11585.296875
,6168,,,,10377.9306640625
,6169,,,,9532.3125
,6170,,,,9229.3359375
,6171,,,,10841.57421875
,6172,,,,8597.4267578125
,6173,,,,9668.5908203125
,6174,,,,9448.9970703125
,6175,,,,6567.74560546875
,6176,,,,11048.666015625
,6177,,,,9922.3564453125
,6178,,,,9476.3828125
,6179,,,,9112.369140625
,6180,,,,9341.88671875
,6181,,,,10687.65234375
,6182,,,,6916.845703125
,6183,,,,10214.20703125
,6184,,,,7855.201171875
,6185,,,,8772.423828125
,6186,,,,7898.322265625
,6187,,,,12261.767578125
,6188,,,,9082.328125
,6189,,,,7960.50341796875
,6190,,,,11228.513671875
,6191,,,,10165.1015625
,6192,,,,9511.583984375
,6193,,,,10078.671875
,6194,,,,10938.158203125
,6195,,,,9483.2080078125
,6196,,,,11880.595703125
,6197,,,,8190.662109375
,6198,,,,10559.150390625
,6199,,,,9881.8125
99,24499,,,9619.65625,
99,24499,9646.53515625,,,
